true_labels,predicted_labels,scores
0,0.0,0.000210022
0,0.0,0.00021122192
1,1.0,0.99968415
0,0.0,0.0002596049
0,0.0,0.0007743846
0,0.0,0.0006962611
0,0.0,0.0009218121
0,0.0,0.00026492195
0,0.0,0.0004415405
1,1.0,0.9987499
1,1.0,0.9987239
0,0.0,0.00024010612
1,1.0,0.99364185
0,0.0,0.00023032898
0,0.0,0.00027253266
1,1.0,0.9996343
0,0.0,0.0002533377
0,0.0,0.00027951642
1,1.0,0.9987445
1,1.0,0.9209795
0,0.0,0.0007386109
0,0.0,0.1001562
0,0.0,0.00022651748
0,0.0,0.00013997682
0,0.0,0.0003099816
0,0.0,0.00023112228
0,0.0,0.00026286888
0,0.0,0.00030990888
1,1.0,0.9995051
0,0.0,0.00028816762
0,0.0,0.0002828106
0,0.0,0.00046180192
0,0.0,0.00026288367
0,0.0,0.00037297036
1,1.0,0.99954456
0,0.0,0.00023525086
0,0.0,0.0002961654
0,0.0,0.0002628784
0,0.0,0.0002726673
1,1.0,0.9996192
0,0.0,0.00081787515
0,0.0,0.0002563242
1,1.0,0.99962443
1,1.0,0.94497377
1,1.0,0.9987363
0,0.0,0.00026493813
1,1.0,0.93031883
0,0.0,0.00031032815
1,1.0,0.9996189
0,0.0,0.00029868344
0,0.0,0.00038604814
1,1.0,0.999618
0,0.0,0.0016767187
0,0.0,0.00027155818
1,1.0,0.99903524
0,0.0,0.00023751477
0,0.0,0.000522128
0,0.0,0.00021924607
0,0.0,0.0005402785
0,0.0,0.00046300833
0,0.0,0.00029970377
0,0.0,0.00018506599
0,0.0,0.00031166477
0,0.0,0.00031213908
1,1.0,0.9986966
0,0.0,0.00021127185
1,1.0,0.9996298
0,0.0,0.0008934469
0,0.0,0.00026151052
0,0.0,0.0005699796
0,0.0,0.0002421802
1,1.0,0.99906176
0,0.0,0.0005477893
0,0.0,0.00039642927
1,1.0,0.99962485
0,0.0,0.00038416663
0,0.0,0.00030539057
0,0.0,0.00095492776
0,0.0,0.0005293846
0,0.0,0.00029616794
0,0.0,0.000392684
0,0.0,0.00037312793
0,0.0,0.0002634216
1,1.0,0.9987499
0,0.0,0.00026541445
0,0.0,0.000774586
1,1.0,0.9986848
0,0.0,0.00014070894
0,0.0,0.00025797662
1,1.0,0.9996223
1,1.0,0.9996287
1,1.0,0.9987584
0,0.0,0.00077455805
0,0.0,0.00029614085
1,1.0,0.8986225
0,0.0,0.00028913
0,0.0,0.0004298666
1,1.0,0.99739945
1,1.0,0.99875295
0,0.0,0.0003080886
0,0.0,0.000261511
1,1.0,0.99875873
0,0.0,0.0007414897
0,0.0,0.0004581622
1,1.0,0.9996238
0,0.0,0.0002968017
0,0.0,0.00041581248
0,0.0,0.00026349645
0,0.0,0.000268046
0,0.0,0.00029971005
0,0.0,0.0025843366
0,0.0,0.0002136464
1,1.0,0.9642617
1,1.0,0.9997242
0,0.0,0.100172326
0,0.0,0.00029027095
0,0.0,0.00025318726
0,0.0,0.0002367269
1,1.0,0.9996272
1,1.0,0.98805034
0,0.0,0.0002779986
1,1.0,0.7737839
0,0.0,0.0024671264
1,1.0,0.9993098
1,1.0,0.9010136
0,0.0,0.0024494121
0,0.0,0.00023522573
0,0.0,0.00026151625
0,0.0,0.000261521
0,0.0,0.00077469304
1,1.0,0.9987218
0,0.0,0.00030993664
1,1.0,0.9997956
0,0.0,0.0004440302
0,0.0,0.002656188
1,1.0,0.99960494
0,0.0,0.00028816404
0,0.0,0.0002803619
1,1.0,0.99960667
0,0.0,0.00066369015
0,0.0,0.0024631151
0,0.0,0.00021121869
0,0.0,0.00029616285
0,0.0,0.00023629391
0,0.0,0.000289109
0,0.0,0.0002639679
0,0.0,0.00027482465
1,1.0,0.9620065
0,0.0,0.00027956278
1,1.0,0.9996311
0,0.0,0.00041559333
0,0.0,0.0003116517
1,1.0,0.99956626
1,1.0,0.99963033
1,1.0,0.96553016
1,1.0,0.99962234
0,0.0,0.00027303983
1,1.0,0.99968415
0,0.0,0.00052688643
0,0.0,0.0011265937
0,0.0,0.00025522
0,0.0,0.00029125062
0,0.0,0.00030436076
0,0.0,0.00026308952
0,0.0,0.00018504482
0,0.0,0.00028814535
0,0.0,0.00026305518
0,0.0,0.00021953705
0,0.0,0.00018334143
1,1.0,0.99875087
0,0.0,0.00049152225
0,0.0,0.00029125367
0,0.0,0.0002451186
0,0.0,0.00025901227
0,0.0,0.0002532358
0,0.0,0.0003893579
0,0.0,0.00043856844
1,1.0,0.9987579
0,0.0,0.0007386099
0,0.0,0.0009167158
0,0.0,0.0007461563
0,0.0,0.0024406733
0,0.0,0.0006439575
1,1.0,0.9996212
0,0.0,0.00031864052
0,0.0,0.0002390834
0,0.0,0.00026596437
0,0.0,0.00022423672
0,0.0,0.00042673005
0,0.0,0.00021616921
1,1.0,0.9996793
0,0.0,0.0002448264
0,0.0,0.000264926
0,0.0,0.002425835
1,1.0,0.98853713
0,0.0,0.00029614312
0,0.0,0.00076718087
0,0.0,0.0001730537
0,0.0,0.00026423432
0,0.0,0.00026250645
0,0.0,0.00026123342
1,1.0,0.99962634
0,0.0,0.0002795548
1,1.0,0.999633
0,0.0,0.00022544428
0,0.0,0.0003974123
1,1.0,0.9996203
1,1.0,0.99950093
0,0.0,0.00029892186
0,0.0,0.00028432783
1,1.0,0.9996202
1,1.0,0.99963284
0,0.0,0.0007745949
0,0.0,0.00015271561
1,1.0,0.99868387
0,0.0,0.00039209955
0,0.0,0.0002582264
0,0.0,0.031674996
1,1.0,0.99963266
1,1.0,0.93419373
0,0.0,0.00041598457
1,1.0,0.9995858
0,0.0,0.00023326927
0,0.0,0.0003116505
0,0.0,0.00022519036
0,0.0,0.00026534917
0,0.0,0.031676937
0,0.0,0.0004874778
0,0.0,0.0002615185
0,0.0,0.0005242687
0,0.0,0.00019933037
1,1.0,0.99936575
0,0.0,0.00029612277
0,0.0,0.000264227
0,0.0,0.0005101288
1,1.0,0.9996163
0,0.0,0.00027292295
1,1.0,0.9237609
0,0.0,0.00028911288
1,1.0,0.9996803
0,0.0,0.0024188338
0,0.0,0.00043392298
0,0.0,0.00026803729
0,0.0,0.00023013318
1,1.0,0.9997688
0,0.0,0.00022542474
1,1.0,0.99951446
1,1.0,0.9995342
0,0.0,0.0006939879
0,0.0,0.0003121575
0,0.0,0.00025535288
0,0.0,0.00048079586
0,0.0,0.00026803475
0,0.0,0.0007045658
1,1.0,0.9987234
0,0.0,0.0002043389
1,1.0,0.9996303
1,1.0,0.99962014
0,0.0,0.0002634058
0,0.0,0.0024732116
1,1.0,0.99966705
1,1.0,0.9986743
0,0.0,0.00026492248
1,1.0,0.9997227
1,1.0,0.9995176
1,1.0,0.9953411
0,0.0,0.00022433572
0,0.0,0.00020434667
0,0.0,0.0007748156
1,1.0,0.996787
0,0.0,0.0005632379
0,0.0,0.00025535093
0,0.0,0.00029714857
0,0.0,0.00021062161
0,0.0,0.000297146
1,1.0,0.81316936
0,0.0,0.0002596066
0,0.0,0.00024221161
0,0.0,0.00029125367
0,0.0,0.0002781192
1,1.0,0.9993656
0,0.0,0.00061920047
0,0.0,0.0001839785
0,0.0,0.00039032428
1,1.0,0.9987356
1,1.0,0.99963176
0,0.0,0.00029614425
0,0.0,0.00026422172
0,0.0,0.0024813206
0,0.0,0.00041592767
0,0.0,0.0007648315
0,0.0,0.0006774154
0,0.0,0.00039733373
1,1.0,0.9995014
0,0.0,0.0002891355
0,0.0,0.00021911213
1,1.0,0.9996511
0,0.0,0.0007385373
0,0.0,0.100156784
1,1.0,0.91605747
0,0.0,0.00056070084
0,0.0,0.0002422832
0,0.0,0.00030434362
1,1.0,0.9913958
0,0.0,0.00046285373
0,0.0,0.0004869247
0,0.0,0.0002452502
0,0.0,0.00026288143
0,0.0,0.0002902618
1,1.0,0.99951065
0,0.0,0.0011222626
1,1.0,0.9986903
1,1.0,0.9996311
1,1.0,0.99962276
0,0.0,0.00049149647
0,0.0,0.00078852766
0,0.0,0.00026492702
1,1.0,0.9996345
0,0.0,0.00022592822
0,0.0,0.0002694352
0,0.0,0.00041378973
0,0.0,0.00018819915
0,0.0,0.00021199384
1,1.0,0.9992174
1,1.0,0.99870425
0,0.0,0.00025843945
0,0.0,0.0002625523
0,0.0,0.00021789379
0,0.0,0.00028812033
1,1.0,0.9875927
1,1.0,0.99871016
0,0.0,0.0006197512
0,0.0,0.00043046963
0,0.0,0.0002881283
0,0.0,0.0023779746
0,0.0,0.00022472061
0,0.0,0.00021060895
0,0.0,0.0007746056
1,1.0,0.99874717
0,0.0,0.00041563934
0,0.0,0.0002912581
0,0.0,0.00026493688
1,1.0,0.9843633
0,0.0,0.031675678
0,0.0,0.0018485255
0,0.0,0.00029125198
0,0.0,0.00040933737
0,0.0,0.00024220422
0,0.0,0.0004743451
0,0.0,0.0009445651
0,0.0,0.00025824094
0,0.0,0.000415389
1,1.0,0.98880816
0,0.0,0.0002636354
1,1.0,0.99868804
1,1.0,0.9996195
0,0.0,0.00025960238
0,0.0,0.00025823232
0,0.0,0.0003120813
0,0.0,0.00029869226
0,0.0,0.00023104603
0,0.0,0.0004301532
0,0.0,0.00031105772
1,1.0,0.9996195
0,0.0,0.00025960538
0,0.0,0.0024337915
1,1.0,0.99876654
0,0.0,0.00026152423
0,0.0,0.0003109768
1,1.0,0.9996206
0,0.0,0.00046192916
1,1.0,0.9996025
0,0.0,0.00026422172
0,0.0,0.00020434432
0,0.0,0.00025823133
0,0.0,0.00030547212
0,0.0,0.0006230991
0,0.0,0.00091576995
1,1.0,0.9987619
0,0.0,0.00031057972
0,0.0,0.00043004434
0,0.0,0.000274023
0,0.0,0.0003926784
0,0.0,0.00077459746
1,1.0,0.99949825
0,0.0,0.00016735712
0,0.0,0.00022362926
1,1.0,0.99874413
0,0.0,0.00031060964
1,1.0,0.99875885
0,0.0,0.0003054127
1,1.0,0.9127865
0,0.0,0.00029715252
0,0.0,0.00029870166
0,0.0,0.00026286388
0,0.0,0.0002582257
0,0.0,0.0003121346
1,1.0,0.9987257
0,0.0,0.0002902707
0,0.0,0.00077454175
0,0.0,0.00018393974
1,1.0,0.9996319
0,0.0,0.00021675411
0,0.0,0.00046202802
0,0.0,0.00073859794
0,0.0,0.00073860283
0,0.0,0.00030998132
1,1.0,0.9986855
0,0.0,0.0003079183
0,0.0,0.00029124087
0,0.0,0.00025310737
1,1.0,0.9996195
1,1.0,0.9996272
0,0.0,0.0002628774
1,1.0,0.9996964
1,1.0,0.99873835
0,0.0,0.00031105208
0,0.0,0.00021682812
1,1.0,0.99867177
0,0.0,0.00031215363
0,0.0,0.00056319387
1,1.0,0.9987106
0,0.0,0.0002251004
1,1.0,0.999625
0,0.0,0.00038608475
0,0.0,0.00031172714
0,0.0,0.00029126255
0,0.0,0.00031102478
1,1.0,0.99866337
0,0.0,0.00029125478
0,0.0,0.00026288166
0,0.0,0.00027255734
0,0.0,0.00028736843
0,0.0,0.0002449128
0,0.0,0.00029870367
0,0.0,0.0005367773
1,1.0,0.99962
1,1.0,0.998751
1,1.0,0.9986986
1,1.0,0.9996206
0,0.0,0.00024238485
0,0.0,0.00038362428
0,0.0,0.00046194324
0,0.0,0.00031163057
0,0.0,0.100163765
1,1.0,0.9986769
1,1.0,0.99962264
0,0.0,0.0026203291
1,1.0,0.97348464
0,0.0,0.0007663899
0,0.0,0.00027397464
1,1.0,0.999634
1,1.0,0.9647621
0,0.0,0.00039280625
1,1.0,0.99949867
0,0.0,0.00046321712
1,1.0,0.99965304
0,0.0,0.031679463
0,0.0,0.0002730552
0,0.0,0.00046275815
0,0.0,0.000392521
0,0.0,0.00025704736
0,0.0,0.00049083354
1,1.0,0.9987327
0,0.0,0.00015272057
0,0.0,0.00031001412
0,0.0,0.0002642308
0,0.0,0.00023531391
0,0.0,0.0004624751
0,0.0,0.0002725311
1,1.0,0.99962705
0,0.0,0.0029415805
1,1.0,0.9987515
0,0.0,0.00021072365
0,0.0,0.0008514333
0,0.0,0.100058414
1,1.0,0.99972945
0,0.0,0.0004452657
1,1.0,0.9986865
1,1.0,0.99962014
0,0.0,0.10020762
0,0.0,0.00050072686
0,0.0,0.00029970234
1,1.0,0.99962413
0,0.0,0.000290279
1,1.0,0.9971323
0,0.0,0.0002808574
0,0.0,0.10011156
0,0.0,0.00030967878
0,0.0,0.00023006607
0,0.0,0.00029516584
1,1.0,0.999617
1,1.0,0.99871534
0,0.0,0.00051878736
0,0.0,0.100180104
0,0.0,0.00021368267
0,0.0,0.00028918785
0,0.0,0.00030999992
0,0.0,0.10011734
0,0.0,0.0007386042
1,1.0,0.99963164
0,0.0,0.00031060108
0,0.0,0.00031216434
0,0.0,0.0024387713
0,0.0,0.00027155457
0,0.0,0.00025960858
0,0.0,0.0004447893
1,1.0,0.99962294
1,1.0,0.9986706
0,0.0,0.00026777777
0,0.0,0.00041565896
1,1.0,0.99874985
0,0.0,0.00025960067
0,0.0,0.00025355615
1,1.0,0.9996296
0,0.0,0.00018580277
1,1.0,0.9987953
1,1.0,0.99920505
0,0.0,0.0025186196
1,1.0,0.9987244
1,1.0,0.999611
0,0.0,0.0002170335
0,0.0,0.0003622168
0,0.0,0.00039802902
0,0.0,0.00022931118
0,0.0,0.00025533512
0,0.0,0.0017951893
0,0.0,0.00021066518
0,0.0,0.0002148953
0,0.0,0.0004725458
0,0.0,0.00029813862
0,0.0,0.000250359
0,0.0,0.00039299743
0,0.0,0.0007746743
0,0.0,0.00022770782
0,0.0,0.00030429664
0,0.0,0.00046377565
1,1.0,0.99962676
0,0.0,0.00056744926
0,0.0,0.00031054538
0,0.0,0.0006726996
1,1.0,0.9989194
0,0.0,0.0005222577
0,0.0,0.00024520906
0,0.0,0.00018512495
0,0.0,0.0007747939
0,0.0,0.0005579537
0,0.0,0.00032308858
0,0.0,0.0060312725
1,1.0,0.99416167
1,1.0,0.9974627
0,0.0,0.0003043686
0,0.0,0.0007384926
1,1.0,0.9969223
0,0.0,0.00022837752
0,0.0,0.0006850733
0,0.0,0.00030804102
1,1.0,0.9987385
0,0.0,0.00020508998
1,1.0,0.9327274
0,0.0,0.00023527195
0,0.0,0.00048727362
1,1.0,0.999621
0,0.0,0.00027155405
0,0.0,0.03167502
0,0.0,0.00029125088
0,0.0,0.00027799778
0,0.0,0.0002582264
1,1.0,0.9986962
0,0.0,0.00029971093
0,0.0,0.00021341919
0,0.0,0.00025885276
0,0.0,0.0002735012
0,0.0,0.00039725038
1,1.0,0.99929714
1,1.0,0.9986713
1,1.0,0.99868286
1,1.0,0.9996287
0,0.0,0.00020500923
0,0.0,0.00028909082
0,0.0,0.0007386053
0,0.0,0.0024585521
0,0.0,0.00029961436
1,1.0,0.9987019
1,1.0,0.99867773
1,1.0,0.99962443
0,0.0,0.00020505888
1,1.0,0.9996361
0,0.0,0.0002938358
0,0.0,0.0005995136
0,0.0,0.00031214056
0,0.0,0.00041560066
0,0.0,0.00023180376
0,0.0,0.0034584568
0,0.0,0.00025822222
0,0.0,0.00027399557
1,1.0,0.9859935
1,1.0,0.9987325
0,0.0,0.00015441007
0,0.0,0.00039210884
0,0.0,0.00031101826
0,0.0,0.0007387436
0,0.0,0.0010290302
0,0.0,0.00014072009
0,0.0,0.00041982112
0,0.0,0.00023746521
0,0.0,0.0007386598
0,0.0,0.00018505452
0,0.0,0.00021613378
0,0.0,0.00020436812
0,0.0,0.00021397384
0,0.0,0.0024723634
0,0.0,0.00028810033
0,0.0,0.00021929646
0,0.0,0.00041317093
0,0.0,0.0007378515
0,0.0,0.0002642323
0,0.0,0.00022838863
0,0.0,0.031673297
0,0.0,0.00030439007
1,1.0,0.9152057
0,0.0,0.00024008921
0,0.0,0.00029870082
0,0.0,0.00013745828
0,0.0,0.0005048496
0,0.0,0.000522737
1,1.0,0.9987514
0,0.0,0.0002971672
0,0.0,0.00073859864
1,1.0,0.9636378
1,1.0,0.99869156
0,0.0,0.00022404201
0,0.0,0.00021074356
1,1.0,0.99953824
0,0.0,0.00058930233
1,1.0,0.82616425
0,0.0,0.00042970563
1,1.0,0.9987392
0,0.0,0.100143075
0,0.0,0.0005493377
1,1.0,0.9996249
0,0.0,0.0009035269
1,1.0,0.99962187
0,0.0,0.0024358265
0,0.0,0.0002881492
0,0.0,0.00025793092
0,0.0,0.0024344283
0,0.0,0.00028910956
0,0.0,0.0002680332
0,0.0,0.0005540926
1,1.0,0.998686
0,0.0,0.00046523463
1,1.0,0.9995083
0,0.0,0.0003120837
0,0.0,0.00029619393
1,1.0,0.99870634
0,0.0,0.0006758899
0,0.0,0.00078431424
0,0.0,0.00077484257
0,0.0,0.00073859864
0,0.0,0.0004304079
0,0.0,0.00016218386
1,1.0,0.99574137
0,0.0,0.00030998516
1,1.0,0.99963355
1,1.0,0.99961853
0,0.0,0.0015016613
0,0.0,0.002455329
0,0.0,0.00025960736
1,1.0,0.9872936
0,0.0,0.00022418455
0,0.0,0.0007070364
0,0.0,0.00018395817
1,1.0,0.92089623
1,1.0,0.9987002
0,0.0,0.00025622864
0,0.0,0.0005129214
1,1.0,0.9432173
0,0.0,0.0003097996
0,0.0,0.00031001144
0,0.0,0.00024481028
0,0.0,0.00021757364
1,1.0,0.9041882
0,0.0,0.00032305194
1,1.0,0.9996329
1,1.0,0.99963266
0,0.0,0.00026125682
0,0.0,0.0002943082
1,1.0,0.9996319
0,0.0,0.00022992001
0,0.0,0.00021371263
1,1.0,0.999494
0,0.0,0.00015250346
0,0.0,0.00034004208
0,0.0,0.00029869482
0,0.0,0.00031165764
0,0.0,0.00026491488
0,0.0,0.0003116279
0,0.0,0.00025313126
0,0.0,0.0002642182
0,0.0,0.00029125504
0,0.0,0.00029614312
0,0.0,0.00023871622
1,1.0,0.98125625
0,0.0,0.000280593
0,0.0,0.00028432024
0,0.0,0.000311693
1,1.0,0.9996177
0,0.0,0.0002626424
0,0.0,0.100105375
0,0.0,0.0004180695
0,0.0,0.00031102836
0,0.0,0.00027155716
1,1.0,0.9996302
0,0.0,0.0004637619
0,0.0,0.0002728543
0,0.0,0.00015248281
1,1.0,0.99946165
0,0.0,0.0001828901
0,0.0,0.0005121595
1,1.0,0.9995192
1,1.0,0.9996191
1,1.0,0.9996226
0,0.0,0.00019128097
0,0.0,0.03167782
0,0.0,0.0007748341
1,1.0,0.913385
0,0.0,0.00028914268
0,0.0,0.0002912545
0,0.0,0.0031189555
1,1.0,0.99962354
0,0.0,0.00046339468
0,0.0,0.00048673354
1,1.0,0.99961954
1,1.0,0.99875957
0,0.0,0.00031053677
0,0.0,0.00029125978
0,0.0,0.00031164754
0,0.0,0.00044824294
1,1.0,0.9987246
0,0.0,0.00014149645
0,0.0,0.00077462586
0,0.0,0.00026422474
1,1.0,0.9987095
1,1.0,0.9713818
0,0.0,0.00030803954
1,1.0,0.99961567
0,0.0,0.00044635724
0,0.0,0.00022353716
1,1.0,0.93028134
0,0.0,0.00025317832
0,0.0,0.10009962
1,1.0,0.99951637
0,0.0,0.00022774606
1,1.0,0.99934655
1,1.0,0.99951017
1,1.0,0.9996217
0,0.0,0.10015694
0,0.0,0.031676263
0,0.0,0.0002562494
0,0.0,0.00245766
0,0.0,0.00031097143
0,0.0,0.0002680345
0,0.0,0.0003105131
0,0.0,0.010919488
0,0.0,0.00031103723
0,0.0,0.0005200154
0,0.0,0.00027319475
1,1.0,0.9891056
0,0.0,0.00030546045
0,0.0,0.00060993066
1,1.0,0.99939007
0,0.0,0.0007745233
0,0.0,0.0002553171
1,1.0,0.920266
1,1.0,0.9996826
0,0.0,0.00043033468
1,1.0,0.99872994
0,0.0,0.0014648438
0,0.0,0.00026422777
0,0.0,0.0005379112
1,1.0,0.998692
0,0.0,0.00026152772
1,1.0,0.99954706
0,0.0,0.00041555674
0,0.0,0.000298927
1,1.0,0.99963886
1,1.0,0.9852384
0,0.0,0.00044350352
0,0.0,0.0003096189
0,0.0,0.00022833048
0,0.0,0.10007089
0,0.0,0.00023513516
0,0.0,0.00027156234
0,0.0,0.0002960621
0,0.0,0.0005702241
0,0.0,0.00045603674
0,0.0,0.00029017136
0,0.0,0.00041592846
0,0.0,0.0003120542
0,0.0,0.00058310037
0,0.0,0.00047681964
0,0.0,0.0007781179
1,1.0,0.99951214
0,0.0,0.0004626682
1,1.0,0.91375905
1,1.0,0.99868923
1,1.0,0.99873435
0,0.0,0.00031165822
1,1.0,0.99137074
0,0.0,0.00045723203
1,1.0,0.99963033
1,1.0,0.9996474
0,0.0,0.00040116633
1,1.0,0.99962735
1,1.0,0.9996259
0,0.0,0.0007386091
0,0.0,0.00023000047
0,0.0,0.10016633
0,0.0,0.0007748282
0,0.0,0.00028813325
1,1.0,0.8284572
0,0.0,0.00045275435
0,0.0,0.00026493106
1,1.0,0.5782558
1,1.0,0.99874026
0,0.0,0.00031097975
0,0.0,0.00023625564
0,0.0,0.00021195223
0,0.0,0.00029604035
0,0.0,0.00038888495
0,0.0,0.10007019
1,1.0,0.99874973
0,0.0,0.00029125783
1,1.0,0.9996162
0,0.0,0.00028912612
0,0.0,0.000244867
0,0.0,0.031675607
1,1.0,0.9987287
0,0.0,0.0024318127
0,0.0,0.00018504975
0,0.0,0.0003110435
0,0.0,0.0002303538
1,1.0,0.99962384
0,0.0,0.00022201696
1,1.0,0.9993596
1,1.0,0.9996281
1,1.0,0.99869704
0,0.0,0.00031211585
1,1.0,0.9987142
0,0.0,0.00018522453
0,0.0,0.00019945014
0,0.0,0.00025217567
1,1.0,0.96410346
0,0.0,0.0010330514
0,0.0,0.000273568
0,0.0,0.00041598518
0,0.0,0.10009958
0,0.0,0.00021061377
0,0.0,0.00030811978
0,0.0,0.00023039314
0,0.0,0.0024569365
0,0.0,0.0004005853
1,1.0,0.99736667
0,0.0,0.0002447384
0,0.0,0.00029710858
0,0.0,0.00026618128
0,0.0,0.00026803243
0,0.0,0.00025960835
1,1.0,0.9664882
0,0.0,0.00028913247
1,1.0,0.9986743
0,0.0,0.00029123758
0,0.0,0.00077455246
0,0.0,0.0007387439
0,0.0,0.00022167471
0,0.0,0.0002615661
0,0.0,0.00021758028
1,1.0,0.9987092
0,0.0,0.00025831186
0,0.0,0.00031212476
0,0.0,0.00038777638
0,0.0,0.00022057879
0,0.0,0.0005971162
1,1.0,0.99869514
0,0.0,0.00025823308
0,0.0,0.0005577461
0,0.0,0.00022817552
0,0.0,0.00046247043
0,0.0,0.00028909577
0,0.0,0.0004623404
0,0.0,0.00024241515
0,0.0,0.0002997135
0,0.0,0.0004890043
1,1.0,0.9986648
0,0.0,0.00029969262
0,0.0,0.0002277202
0,0.0,0.0024467118
1,1.0,0.99920595
0,0.0,0.0002747717
0,0.0,0.00031171762
1,1.0,0.9996195
1,1.0,0.9996251
0,0.0,0.0038206817
1,1.0,0.99963284
0,0.0,0.10023501
0,0.0,0.0002891493
0,0.0,0.0002235653
0,0.0,0.10019094
0,0.0,0.00015250433
0,0.0,0.00040650685
0,0.0,0.0006721527
0,0.0,0.00028813657
0,0.0,0.00026151526
1,1.0,0.9994928
1,1.0,0.92941064
0,0.0,0.100114435
0,0.0,0.0007385983
0,0.0,0.00025310618
0,0.0,0.00026610921
0,0.0,0.00010829267
0,0.0,0.00029616372
0,0.0,0.00026286786
0,0.0,0.00025960314
0,0.0,0.00024477715
0,0.0,0.002425153
0,0.0,0.00026423257
0,0.0,0.0005166895
0,0.0,0.00026288844
0,0.0,0.00044202057
0,0.0,0.00031163622
0,0.0,0.00053673965
0,0.0,0.00026152798
0,0.0,0.00077455805
0,0.0,0.00026492323
0,0.0,0.00030992247
0,0.0,0.0002688199
0,0.0,0.00027955027
1,1.0,0.99962085
1,1.0,0.9996335
0,0.0,0.10016304
0,0.0,0.0002563574
0,0.0,0.00049156975
0,0.0,0.00027257763
0,0.0,0.0002243263
0,0.0,0.0002881283
1,1.0,0.9996208
0,0.0,0.00026286938
0,0.0,0.00023665285
0,0.0,0.0002531245
1,1.0,0.9300527
1,1.0,0.99968445
0,0.0,0.0018087769
0,0.0,0.00018289407
0,0.0,0.00021077007
0,0.0,0.00026423382
1,1.0,0.99963063
0,0.0,0.00023097842
0,0.0,0.00022474205
0,0.0,0.00056067866
0,0.0,0.00041809617
0,0.0,0.0007746229
0,0.0,0.0002828624
0,0.0,0.0024408244
1,1.0,0.9928703
0,0.0,0.100071274
1,1.0,0.9986988
0,0.0,0.00023485463
0,0.0,0.00026492347
0,0.0,0.00025315807
0,0.0,0.00029971433
0,0.0,0.00029969148
1,1.0,0.9995156
0,0.0,0.00073854823
1,1.0,0.9986746
1,1.0,0.9951367
1,1.0,0.99868345
0,0.0,0.0004475293
0,0.0,0.00025629046
1,1.0,0.99950224
0,0.0,0.00020455409
0,0.0,0.00027155405
1,1.0,0.99962765
0,0.0,0.00021368246
1,1.0,0.99968797
0,0.0,0.100110374
0,0.0,0.00029969434
0,0.0,0.00029969006
0,0.0,0.00045454028
0,0.0,0.00027155457
0,0.0,0.0002971706
0,0.0,0.10013747
0,0.0,0.00045543138
1,1.0,0.99962765
1,1.0,0.9987129
0,0.0,0.0006708555
1,1.0,0.9997246
1,1.0,0.9987289
0,0.0,0.00021754629
0,0.0,0.0012143604
0,0.0,0.0007187196
0,0.0,0.00090772903
1,1.0,0.99871296
0,0.0,0.00046228728
1,1.0,0.99380785
0,0.0,0.0003875358
1,1.0,0.9986599
0,0.0,0.00031089614
0,0.0,0.00039663396
0,0.0,0.00023567182
1,1.0,0.9996259
1,1.0,0.9995157
0,0.0,0.00023108722
0,0.0,0.00028912004
1,1.0,0.9996602
0,0.0,0.00028910875
0,0.0,0.00021768075
1,1.0,0.9995402
0,0.0,0.00039258294
0,0.0,0.00016218836
0,0.0,0.00029614737
0,0.0,0.100169405
0,0.0,0.0007386106
0,0.0,0.00021000378
0,0.0,0.00025306613
0,0.0,0.0006368437
0,0.0,0.00018285555
1,1.0,0.99916685
0,0.0,0.0003043982
0,0.0,0.00025317157
1,1.0,0.9996208
1,1.0,0.9986864
0,0.0,0.00024209247
0,0.0,0.00077435427
0,0.0,0.00029125618
1,1.0,0.999316
0,0.0,0.00026619065
0,0.0,0.0003105587
0,0.0,0.0002581676
1,1.0,0.9996193
0,0.0,0.00026151724
0,0.0,0.0024388768
0,0.0,0.0002728215
1,1.0,0.99963063
0,0.0,0.00025217302
0,0.0,0.00077459856
0,0.0,0.0024396772
0,0.0,0.0002912581
0,0.0,0.00029717485
0,0.0,0.0024696868
1,1.0,0.9987485
0,0.0,0.00021702213
0,0.0,0.00023694683
0,0.0,0.00044249592
1,1.0,0.96473545
0,0.0,0.00026619193
0,0.0,0.0003098903
0,0.0,0.00031059457
0,0.0,0.0005898879
1,1.0,0.998698
0,0.0,0.0004905674
0,0.0,0.00025321695
1,1.0,0.9996256
0,0.0,0.0003109676
0,0.0,0.00046179182
1,1.0,0.9996292
0,0.0,0.00031864233
0,0.0,0.00040209983
0,0.0,0.00084561866
0,0.0,0.00027155405
0,0.0,0.00041568014
0,0.0,0.00042183656
0,0.0,0.00026519387
0,0.0,0.0024240839
0,0.0,0.00039354782
1,1.0,0.9987514
0,0.0,0.00026492498
0,0.0,0.00028816322
0,0.0,0.00022600731
0,0.0,0.0006830049
0,0.0,0.00027971048
0,0.0,0.00021401583
0,0.0,0.00038768895
0,0.0,0.00038776326
1,1.0,0.9996197
0,0.0,0.00028601757
1,1.0,0.999729
0,0.0,0.00027956866
1,1.0,0.99966073
0,0.0,0.00043609235
0,0.0,0.00027399504
0,0.0,0.00025822764
0,0.0,0.00027287923
0,0.0,0.000774613
0,0.0,0.00069537724
1,1.0,0.99949855
0,0.0,0.0002971443
0,0.0,0.00026422652
0,0.0,0.00050739996
0,0.0,0.0007386018
0,0.0,0.00015528429
1,1.0,0.9996183
1,1.0,0.9986838
0,0.0,0.0003697269
0,0.0,0.00039240764
0,0.0,0.00026492222
1,1.0,0.9996203
0,0.0,0.00027302498
0,0.0,0.00028491914
0,0.0,0.00022605062
1,1.0,0.9214474
0,0.0,0.00024205877
0,0.0,0.00025874397
0,0.0,0.0003973451
1,1.0,0.90408784
0,0.0,0.0002779761
1,1.0,0.9987338
0,0.0,0.0007386056
0,0.0,0.031675715
0,0.0,0.00040669384
0,0.0,0.00031060076
0,0.0,0.00024236036
0,0.0,0.00029869596
0,0.0,0.10014735
0,0.0,0.00015250462
0,0.0,0.0002588064
0,0.0,0.00027249526
0,0.0,0.00028913716
1,1.0,0.99962753
0,0.0,0.00023671018
0,0.0,0.00029607312
1,1.0,0.9996111
0,0.0,0.00041551434
0,0.0,0.00027955213
0,0.0,0.031674962
1,1.0,0.99962634
0,0.0,0.00023874242
0,0.0,0.0024272685
0,0.0,0.002653104
1,1.0,0.99869853
1,1.0,0.99969304
1,1.0,0.9986853
1,1.0,0.9672224
0,0.0,0.00018512283
1,1.0,0.9987308
0,0.0,0.0007386084
0,0.0,0.0005663974
0,0.0,0.00046456186
0,0.0,0.00031210692
0,0.0,0.00044223978
0,0.0,0.0004626338
1,1.0,0.992464
1,1.0,0.9996231
0,0.0,0.00027155274
1,1.0,0.9987247
1,1.0,0.99875903
0,0.0,0.00029967318
1,1.0,0.9996871
0,0.0,0.0005196572
0,0.0,0.0002334762
1,1.0,0.9996155
0,0.0,0.00023561832
0,0.0,0.0002445306
1,1.0,0.96798503
0,0.0,0.0002447907
0,0.0,0.00025960885
0,0.0,0.00022959689
0,0.0,0.00027306404
0,0.0,0.00058694236
0,0.0,0.0008098809
0,0.0,0.00036884187
0,0.0,0.00026492248
0,0.0,0.0006925064
0,0.0,0.0003096989
1,1.0,0.99883974
0,0.0,0.00020431883
0,0.0,0.00041607162
0,0.0,0.0003976137
1,1.0,0.9986851
0,0.0,0.00021003142
0,0.0,0.00021202458
0,0.0,0.0003120965
0,0.0,0.0001857815
0,0.0,0.00047614222
0,0.0,0.0003554019
0,0.0,0.00029432282
0,0.0,0.0007938936
0,0.0,0.00046208905
0,0.0,0.00026804523
0,0.0,0.00030998103
0,0.0,0.0002881602
0,0.0,0.00036175607
1,1.0,0.9893057
0,0.0,0.00031062443
1,1.0,0.99874157
0,0.0,0.00023662896
1,1.0,0.9996292
0,0.0,0.0001863416
0,0.0,0.00030961563
0,0.0,0.00028912778
0,0.0,0.00025528984
0,0.0,0.00028813683
0,0.0,0.00031152306
0,0.0,0.00032484473
0,0.0,0.0002996032
0,0.0,0.0001510415
0,0.0,0.0007746229
1,1.0,0.99950856
0,0.0,0.0024252546
1,1.0,0.99942434
0,0.0,0.00022066987
1,1.0,0.99876076
0,0.0,0.00077457604
0,0.0,0.00022421619
1,1.0,0.9996296
0,0.0,0.0007386053
0,0.0,0.10014868
0,0.0,0.03167879
0,0.0,0.00024477157
0,0.0,0.00031175805
1,1.0,0.99950147
1,1.0,0.99870706
0,0.0,0.00023561789
0,0.0,0.00031030714
1,1.0,0.99874985
0,0.0,0.00028910462
0,0.0,0.00024470294
1,1.0,0.9997977
1,1.0,0.93025756
1,1.0,0.96731764
0,0.0,0.00022540861
0,0.0,0.00077435834
0,0.0,0.00038605515
0,0.0,0.00018274401
0,0.0,0.00039737634
0,0.0,0.00038278918
0,0.0,0.00042229
0,0.0,0.00027155378
0,0.0,0.0002901708
0,0.0,0.0005047252
0,0.0,0.00022507914
1,1.0,0.9996264
0,0.0,0.0030446595
0,0.0,0.100075826
0,0.0,0.00077434315
1,1.0,0.998736
0,0.0,0.031681724
1,1.0,0.9996253
0,0.0,0.00026122993
0,0.0,0.00029025876
0,0.0,0.00022829717
0,0.0,0.00023555927
0,0.0,0.00026491843
0,0.0,0.00045038684
1,1.0,0.9987062
0,0.0,0.0003106425
1,1.0,0.99962306
0,0.0,0.00029713777
0,0.0,0.0002170066
0,0.0,0.00073860004
0,0.0,0.00023953518
0,0.0,0.00029026985
0,0.0,0.0024104652
0,0.0,0.0007746067
0,0.0,0.000279671
1,1.0,0.9987538
1,1.0,0.99599004
1,1.0,0.99962986
1,1.0,0.99972236
0,0.0,0.00026803807
1,1.0,0.9996277
1,1.0,0.9892158
0,0.0,0.00023672463
0,0.0,0.00047114183
1,1.0,0.99975765
0,0.0,0.00025989782
1,1.0,0.9987186
0,0.0,0.0002448131
1,1.0,0.9987404
1,1.0,0.9996192
0,0.0,0.0002139526
0,0.0,0.00043516382
0,0.0,0.00019940773
0,0.0,0.00026422046
0,0.0,0.0002971508
0,0.0,0.00073860324
1,1.0,0.9996218
0,0.0,0.00046249537
1,1.0,0.9996685
0,0.0,0.031677544
0,0.0,0.0002971893
0,0.0,0.00025543373
0,0.0,0.00031061468
0,0.0,0.00030996918
0,0.0,0.00031213698
0,0.0,0.00042370576
0,0.0,0.00026421467
0,0.0,0.0007386474
1,1.0,0.9164488
0,0.0,0.00046264613
0,0.0,0.00025884068
1,1.0,0.9639321
0,0.0,0.00021607608
0,0.0,0.00024014185
0,0.0,0.031673938
1,1.0,0.9987035
1,1.0,0.9048579
0,0.0,0.00027481912
0,0.0,0.00048722187
1,1.0,0.9408789
1,1.0,0.9986829
0,0.0,0.00021118042
0,0.0,0.000261521
0,0.0,0.00060571625
1,1.0,0.999493
0,0.0,0.00022413686
0,0.0,0.0002351818
0,0.0,0.00013600326
0,0.0,0.0002902679
0,0.0,0.00019883872
1,1.0,0.99754286
0,0.0,0.00031210424
0,0.0,0.00027929264
1,1.0,0.9961007
0,0.0,0.00020431161
1,1.0,0.99962956
0,0.0,0.00026302304
0,0.0,0.00073859864
0,0.0,0.00026421895
0,0.0,0.00030960707
0,0.0,0.00073854154
0,0.0,0.0007386088
0,0.0,0.00041814722
0,0.0,0.00027261558
0,0.0,0.00079928804
1,1.0,0.9987373
0,0.0,0.00031218785
0,0.0,0.00025308057
0,0.0,0.00023880933
0,0.0,0.00025823354
1,1.0,0.99563456
0,0.0,0.00039755198
0,0.0,0.03167627
0,0.0,0.00055780716
0,0.0,0.000242041
0,0.0,0.0004619534
1,1.0,0.9996803
0,0.0,0.00026152225
0,0.0,0.00030998042
0,0.0,0.031675354
0,0.0,0.00018403096
0,0.0,0.0004874583
0,0.0,0.00031170456
0,0.0,0.000288429
0,0.0,0.00031153194
1,1.0,0.9305422
1,1.0,0.99875337
1,1.0,0.9996175
0,0.0,0.00027155146
0,0.0,0.0005894402
1,1.0,0.99965686
0,0.0,0.00018516589
1,1.0,0.998674
0,0.0,0.00028914376
1,1.0,0.9986662
0,0.0,0.0006721575
0,0.0,0.00031706746
1,1.0,0.9994972
0,0.0,0.00021750729
0,0.0,0.000974924
0,0.0,0.00023449484
0,0.0,0.0002240401
0,0.0,0.00026287188
1,1.0,0.9997609
1,1.0,0.9995825
0,0.0,0.00031030446
1,1.0,0.9996188
1,1.0,0.9209884
0,0.0,0.00027156543
0,0.0,0.00038741445
0,0.0,0.0006831425
0,0.0,0.0002971825
1,1.0,0.9987244
0,0.0,0.00026538887
0,0.0,0.0007748023
1,1.0,0.9996346
0,0.0,0.00039671513
0,0.0,0.00024480492
0,0.0,0.0004622641
1,1.0,0.99962527
0,0.0,0.00025902904
1,1.0,0.99965495
0,0.0,0.0002748186
0,0.0,0.0004160984
0,0.0,0.0024466293
1,1.0,0.998706
0,0.0,0.00029973692
0,0.0,0.00037879264
0,0.0,0.00026393012
0,0.0,0.0004624583
0,0.0,0.00026133106
0,0.0,0.00023017226
0,0.0,0.03167796
0,0.0,0.100092
0,0.0,0.0032453865
0,0.0,0.00040554052
1,1.0,0.9986909
0,0.0,0.00026511878
0,0.0,0.0002960401
0,0.0,0.0003580315
1,1.0,0.99962026
0,0.0,0.00026288192
1,1.0,0.9996729
0,0.0,0.00025774454
0,0.0,0.00030966112
1,1.0,0.9987181
1,1.0,0.9996342
1,1.0,0.9996323
0,0.0,0.00023529462
1,1.0,0.96458197
0,0.0,0.00027929212
0,0.0,0.00026151226
0,0.0,0.00045669405
0,0.0,0.0007601913
1,1.0,0.75054514
1,1.0,0.99869835
0,0.0,0.00024016705
1,1.0,0.99964994
0,0.0,0.0005383882
1,1.0,0.9986982
0,0.0,0.00027154214
1,1.0,0.9996191
0,0.0,0.00026422853
0,0.0,0.0002596066
0,0.0,0.00015273018
0,0.0,0.0024810068
1,1.0,0.9987353
0,0.0,0.00026288343
0,0.0,0.00046393299
0,0.0,0.0003105673
0,0.0,0.00029712985
1,1.0,0.99962246
0,0.0,0.00046026486
0,0.0,0.00023669934
1,1.0,0.9994155
1,1.0,0.9996218
0,0.0,0.0002252058
0,0.0,0.0002582306
1,1.0,0.99874365
1,1.0,0.9986759
1,1.0,0.99962515
0,0.0,0.0039606183
1,1.0,0.9987252
0,0.0,0.0001850279
0,0.0,0.00025960238
1,1.0,0.9946821
0,0.0,0.00046255774
0,0.0,0.00021403134
0,0.0,0.00077460636
1,1.0,0.98544484
0,0.0,0.0003041754
0,0.0,0.00027360398
0,0.0,0.00021071782
1,1.0,0.99202746
0,0.0,0.00015529065
1,1.0,0.9995573
1,1.0,0.99971753
0,0.0,0.00028097042
0,0.0,0.00019804497
0,0.0,0.00024232594
0,0.0,0.0001837308
1,1.0,0.9996227
0,0.0,0.00047728844
0,0.0,0.0002615195
0,0.0,0.0003100147
0,0.0,0.00048099228
1,1.0,0.9996163
0,0.0,0.00026286786
0,0.0,0.000264926
0,0.0,0.00038416113
0,0.0,0.0002652687
1,1.0,0.99963444
0,0.0,0.00025043116
1,1.0,0.99963117
1,1.0,0.99296796
0,0.0,0.00026538357
1,1.0,0.9997592
0,0.0,0.00026422073
1,1.0,0.99961543
0,0.0,0.00039684275
0,0.0,0.00022045075
0,0.0,0.00039211987
0,0.0,0.00022418433
0,0.0,0.000264924
1,1.0,0.99962926
0,0.0,0.00038005793
0,0.0,0.0002678717
1,1.0,0.9986926
0,0.0,0.00015487352
0,0.0,0.00023564957
0,0.0,0.10016295
1,1.0,0.9986695
0,0.0,0.0002859489
0,0.0,0.00023517305
0,0.0,0.00024146268
0,0.0,0.0002582284
1,1.0,0.92875445
0,0.0,0.0002902812
0,0.0,0.00022495216
0,0.0,0.00031162464
0,0.0,0.0002361025
0,0.0,0.0007386513
0,0.0,0.00072186
0,0.0,0.00022773801
1,1.0,0.9991613
0,0.0,0.00015061752
0,0.0,0.00015249531
0,0.0,0.00028947255
0,0.0,0.0003105442
0,0.0,0.00031214618
1,1.0,0.99939
0,0.0,0.00023192048
1,1.0,0.91233146
0,0.0,0.00028903462
0,0.0,0.0004620736
1,1.0,0.9996282
0,0.0,0.00025879013
0,0.0,0.00077458785
1,1.0,0.9840287
0,0.0,0.0007387439
0,0.0,0.0002051019
0,0.0,0.00028908337
0,0.0,0.00029027648
1,1.0,0.9996843
0,0.0,0.002479978
0,0.0,0.00026421895
1,1.0,0.99960095
1,1.0,0.99973565
1,1.0,0.997425
0,0.0,0.00031101765
0,0.0,0.00077485107
0,0.0,0.0005481186
0,0.0,0.00029971407
0,0.0,0.00048846385
0,0.0,0.00027798722
0,0.0,0.0002680401
0,0.0,0.00021689903
1,1.0,0.94224876
0,0.0,0.00045113536
1,1.0,0.99961704
1,1.0,0.9996305
1,1.0,0.9987068
0,0.0,0.0002615265
0,0.0,0.00022818401
1,1.0,0.99942464
0,0.0,0.0003681981
0,0.0,0.0007745897
0,0.0,0.00024178451
0,0.0,0.00052427297
1,1.0,0.9996892
0,0.0,0.00046093357
1,1.0,0.9996258
1,1.0,0.99962765
1,1.0,0.91576004
0,0.0,0.0002730729
1,1.0,0.9987157
0,0.0,0.10007814
0,0.0,0.0011046595
0,0.0,0.0002243524
0,0.0,0.0004297722
0,0.0,0.00037669556
0,0.0,0.00025703583
0,0.0,0.00077459676
0,0.0,0.00025632026
0,0.0,0.00073860004
1,1.0,0.9996308
0,0.0,0.0002588829
0,0.0,0.0002986954
0,0.0,0.00026422777
1,1.0,0.9996661
1,1.0,0.9996338
0,0.0,0.00027315126
1,1.0,0.9996223
0,0.0,0.0004626131
0,0.0,0.00085694104
0,0.0,0.00021905196
1,1.0,0.99338126
1,1.0,0.9996318
0,0.0,0.100117855
0,0.0,0.0006569859
1,1.0,0.99954426
0,0.0,0.00041393135
0,0.0,0.0002971259
0,0.0,0.000264924
0,0.0,0.00025609945
1,1.0,0.99867946
0,0.0,0.0002971494
0,0.0,0.0002628684
0,0.0,0.00042750564
1,1.0,0.9943315
0,0.0,0.00022603746
0,0.0,0.0007386063
0,0.0,0.00039551844
0,0.0,0.00025532464
0,0.0,0.0003920313
0,0.0,0.00068290724
0,0.0,0.0012771606
0,0.0,0.00031755696
0,0.0,0.0007386053
1,1.0,0.99867195
0,0.0,0.00018284927
1,1.0,0.9088501
0,0.0,0.00018683207
1,1.0,0.99867755
0,0.0,0.10007914
0,0.0,0.0002600887
1,1.0,0.99963206
0,0.0,0.0002849224
0,0.0,0.00026422754
0,0.0,0.00013764111
1,1.0,0.99869895
1,1.0,0.99742436
1,1.0,0.9987569
0,0.0,0.0002563083
0,0.0,0.00023616935
0,0.0,0.0004163325
0,0.0,0.0005123678
0,0.0,0.00028492132
1,1.0,0.9820186
0,0.0,0.00015320277
0,0.0,0.031676605
1,1.0,0.9986772
1,1.0,0.9325457
0,0.0,0.00023970196
0,0.0,0.00073853205
1,1.0,0.99280244
0,0.0,0.00046250105
0,0.0,0.00026505283
1,1.0,0.99962044
0,0.0,0.00038781718
0,0.0,0.0007386091
1,1.0,0.99867195
0,0.0,0.00015032024
1,1.0,0.99962366
0,0.0,0.00070641004
1,1.0,0.99953115
0,0.0,0.001358711
1,1.0,0.999267
0,0.0,0.00023197755
0,0.0,0.00026287965
0,0.0,0.00029615613
0,0.0,0.10007116
0,0.0,0.00077459746
1,1.0,0.9993318
0,0.0,0.0005284985
0,0.0,0.00025542057
0,0.0,0.00023633809
0,0.0,0.00029106272
1,1.0,0.9997971
0,0.0,0.0007748082
0,0.0,0.0005676653
1,1.0,0.9996281
1,1.0,0.9987069
0,0.0,0.0003969489
0,0.0,0.00027486842
1,1.0,0.9996197
1,1.0,0.9965954
1,1.0,0.99870694
1,1.0,0.99973047
0,0.0,0.00039765847
1,1.0,0.99868596
0,0.0,0.00038583882
1,1.0,0.9996305
0,0.0,0.002389575
0,0.0,0.0003041348
0,0.0,0.00027302132
0,0.0,0.00027154887
0,0.0,0.002441074
1,1.0,0.9654465
0,0.0,0.0005025302
0,0.0,0.0003970772
0,0.0,0.0002319249
0,0.0,0.00021238108
0,0.0,0.00073860143
0,0.0,0.0007070795
0,0.0,0.00028914819
0,0.0,0.00022468292
0,0.0,0.00031162435
0,0.0,0.0002637304
0,0.0,0.00044849105
0,0.0,0.000309851
1,1.0,0.9667107
0,0.0,0.00027301247
1,1.0,0.99962467
0,0.0,0.000513015
1,1.0,0.9986649
1,1.0,0.9885841
1,1.0,0.99949086
0,0.0,0.00031211553
0,0.0,0.0002997092
1,1.0,0.91406184
0,0.0,0.00073955645
0,0.0,0.00031103013
1,1.0,0.99875593
0,0.0,0.0002562846
0,0.0,0.0002796081
1,1.0,0.9996239
0,0.0,0.00024481496
1,1.0,0.9993898
1,1.0,0.9997562
0,0.0,0.00043036687
0,0.0,0.0006048884
0,0.0,0.00025872298
0,0.0,0.00073860283
0,0.0,0.00073864113
0,0.0,0.00022591055
0,0.0,0.00086105237
0,0.0,0.00046202957
1,1.0,0.9996203
0,0.0,0.0007970318
1,1.0,0.9974075
0,0.0,0.0004159334
0,0.0,0.10002194
0,0.0,0.0008302874
0,0.0,0.00022773215
0,0.0,0.00013764137
0,0.0,0.00046243847
0,0.0,0.00023150294
0,0.0,0.00028911675
0,0.0,0.0002891242
0,0.0,0.031675685
0,0.0,0.00024206223
0,0.0,0.00020432506
1,1.0,0.99871075
1,1.0,0.99874604
0,0.0,0.00027294795
0,0.0,0.00023555568
0,0.0,0.00027155352
1,1.0,0.9995515
1,1.0,0.9996315
0,0.0,0.00046289183
0,0.0,0.0002168273
0,0.0,0.00048188993
0,0.0,0.0006560211
0,0.0,0.0005257943
0,0.0,0.0002535888
0,0.0,0.00029124977
0,0.0,0.00046234636
0,0.0,0.0004640606
1,1.0,0.96309936
0,0.0,0.0025187214
0,0.0,0.0024462498
1,1.0,0.9974465
0,0.0,0.0007386218
0,0.0,0.00029029255
0,0.0,0.100163214
0,0.0,0.10011309
0,0.0,0.1001202
1,1.0,0.9993752
1,1.0,0.99913913
1,1.0,0.9996949
0,0.0,0.00024472675
1,1.0,0.99961674
0,0.0,0.00028815333
0,0.0,0.00026512056
1,1.0,0.9996234
0,0.0,0.00024477902
0,0.0,0.00030437787
0,0.0,0.00022647
0,0.0,0.0003859265
1,1.0,0.9809736
0,0.0,0.00030540163
0,0.0,0.00046808153
0,0.0,0.00028948745
0,0.0,0.00028905502
0,0.0,0.0002109659
1,1.0,0.9201442
0,0.0,0.0002715494
1,1.0,0.99962014
1,1.0,0.9996249
0,0.0,0.0003105821
0,0.0,0.0003839182
1,1.0,0.999505
1,1.0,0.9987485
1,1.0,0.9037914
1,1.0,0.9997456
0,0.0,0.0002792905
0,0.0,0.00024216634
0,0.0,0.100140825
1,1.0,0.99872595
0,0.0,0.031681113
0,0.0,0.0002939961
0,0.0,0.00020509545
0,0.0,0.00039355495
0,0.0,0.0003121441
0,0.0,0.00046793473
0,0.0,0.00052077754
0,0.0,0.00029125783
1,1.0,0.9997305
0,0.0,0.0005693777
0,0.0,0.0007746056
1,1.0,0.999626
0,0.0,0.00041609028
1,1.0,0.92121613
1,1.0,0.99962336
1,1.0,0.98898333
1,1.0,0.99961597
0,0.0,0.0002639523
1,1.0,0.9995051
1,1.0,0.999627
1,1.0,0.99962467
1,1.0,0.9987525
0,0.0,0.00073860073
0,0.0,0.00028043948
0,0.0,0.0003117105
0,0.0,0.10011508
0,0.0,0.00027155844
0,0.0,0.00053188717
0,0.0,0.00022458698
0,0.0,0.0007745255
0,0.0,0.00027795145
0,0.0,0.0003942605
0,0.0,0.00022549502
0,0.0,0.03167641
0,0.0,0.00044284805
0,0.0,0.00028914597
1,1.0,0.9996214
0,0.0,0.0002588503
0,0.0,0.00021705047
0,0.0,0.031669542
0,0.0,0.00025822912
0,0.0,0.00026284807
0,0.0,0.0005097975
0,0.0,0.10013295
0,0.0,0.00036629263
0,0.0,0.00026422425
0,0.0,0.0002561578
0,0.0,0.0003875504
1,1.0,0.9996724
0,0.0,0.0002943189
0,0.0,0.0004353669
0,0.0,0.00018378932
0,0.0,0.0002660311
1,1.0,0.9996533
0,0.0,0.00015061867
0,0.0,0.0004307266
1,1.0,0.9996298
0,0.0,0.00026288343
0,0.0,0.0002679272
0,0.0,0.0003923607
0,0.0,0.002408238
1,1.0,0.9986841
0,0.0,0.00069168385
1,1.0,0.99963814
0,0.0,0.031675253
0,0.0,0.00031213043
0,0.0,0.00056414667
0,0.0,0.0002971652
0,0.0,0.00038636994
1,1.0,0.9994594
0,0.0,0.00043010988
0,0.0,0.00025828378
0,0.0,0.00023101145
1,1.0,0.9994212
0,0.0,0.00028811622
1,1.0,0.99966645
0,0.0,0.00069348817
0,0.0,0.00021757717
1,1.0,0.9987144
0,0.0,0.00029970892
1,1.0,0.9986866
0,0.0,0.00023515466
1,1.0,0.99962556
0,0.0,0.00022351864
0,0.0,0.0011650675
0,0.0,0.00047131203
0,0.0,0.0001838482
0,0.0,0.00021396975
0,0.0,0.000528879
1,1.0,0.99917394
0,0.0,0.00053182506
0,0.0,0.00025823404
0,0.0,0.00048721582
1,1.0,0.9598904
0,0.0,0.00022957676
0,0.0,0.00013995987
0,0.0,0.0002715701
0,0.0,0.00057891326
0,0.0,0.0002180775
0,0.0,0.0002563418
0,0.0,0.00023513
0,0.0,0.00031101113
0,0.0,0.0007746684
0,0.0,0.00029026903
0,0.0,0.0024803306
1,1.0,0.9995171
0,0.0,0.0004100515
0,0.0,0.00027156025
0,0.0,0.00029867547
0,0.0,0.00022051488
0,0.0,0.00028914018
0,0.0,0.000294327
0,0.0,0.10020924
0,0.0,0.00024018284
0,0.0,0.00022201167
0,0.0,0.0002636311
0,0.0,0.00043151694
0,0.0,0.00060321414
0,0.0,0.0024796382
0,0.0,0.00015444156
0,0.0,0.0005096282
0,0.0,0.00031060434
0,0.0,0.00021396832
0,0.0,0.000886015
1,1.0,0.9986837
0,0.0,0.000397713
0,0.0,0.00040278365
1,1.0,0.99963194
0,0.0,0.00023627118
1,1.0,0.9198917
0,0.0,0.00031096966
1,1.0,0.99962795
1,1.0,0.9655657
0,0.0,0.00030997657
0,0.0,0.00029616285
1,1.0,0.99963313
1,1.0,0.9991673
1,1.0,0.99871576
0,0.0,0.00026422928
0,0.0,0.00029967976
0,0.0,0.00025524918
1,1.0,0.984459
1,1.0,0.9096929
0,0.0,0.00026812623
0,0.0,0.00021396118
0,0.0,0.00013994251
0,0.0,0.00026422803
1,1.0,0.99962676
0,0.0,0.0024668833
0,0.0,0.00023154971
0,0.0,0.00027484534
0,0.0,0.0002615155
1,1.0,0.9996688
0,0.0,0.0002043605
0,0.0,0.00030441675
0,0.0,0.00025901844
1,1.0,0.99962664
0,0.0,0.00039777902
0,0.0,0.0002628887
1,1.0,0.998663
0,0.0,0.0002715432
0,0.0,0.0002885869
1,1.0,0.999735
0,0.0,0.0024080605
1,1.0,0.9951671
0,0.0,0.000463514
0,0.0,0.00031210037
1,1.0,0.79978967
0,0.0,0.00023614934
1,1.0,0.999612
0,0.0,0.00021626054
0,0.0,0.00046278554
0,0.0,0.00029869625
0,0.0,0.00031166922
0,0.0,0.00024011963
1,1.0,0.9996303
0,0.0,0.00029871048
0,0.0,0.00026286085
0,0.0,0.00021757199
1,1.0,0.9987351
0,0.0,0.00029431607
1,1.0,0.9986773
1,1.0,0.99875426
0,0.0,0.00027321247
1,1.0,0.9996338
0,0.0,0.00022403453
1,1.0,0.9996217
0,0.0,0.00024000632
0,0.0,0.00042987175
0,0.0,0.100191385
0,0.0,0.00023105461
1,1.0,0.8980282
0,0.0,0.031673506
0,0.0,0.00051291677
1,1.0,0.94269997
0,0.0,0.00029027014
1,1.0,0.99868053
1,1.0,0.9996334
0,0.0,0.00043149097
0,0.0,0.00025892432
1,1.0,0.99962294
0,0.0,0.0018555906
0,0.0,0.00027299995
0,0.0,0.00029717572
0,0.0,0.00042692857
0,0.0,0.00024009445
1,1.0,0.9996253
0,0.0,0.00064319326
0,0.0,0.00046371063
1,1.0,0.9996255
0,0.0,0.03167506
0,0.0,0.00026804293
0,0.0,0.00025830916
0,0.0,0.00025311895
0,0.0,0.0002353128
1,1.0,0.9996338
1,1.0,0.9995151
0,0.0,0.00031164783
0,0.0,0.0002532643
1,1.0,0.9996218
1,1.0,0.99966407
0,0.0,0.00077456865
0,0.0,0.0004612617
1,1.0,0.9996216
1,1.0,0.99961674
0,0.0,0.00028815772
0,0.0,0.00028909274
0,0.0,0.0023789834
0,0.0,0.00022466494
0,0.0,0.0002971344
1,1.0,0.99873257
1,1.0,0.9996171
0,0.0,0.00021143086
0,0.0,0.00022926198
0,0.0,0.00029715875
0,0.0,0.00041594074
0,0.0,0.00029869398
0,0.0,0.00027942128
0,0.0,0.00077466987
0,0.0,0.00028432917
1,1.0,0.99874276
0,0.0,0.00020436304
0,0.0,0.00029714883
1,1.0,0.835857
0,0.0,0.00024472535
0,0.0,0.0002628704
0,0.0,0.0004302026
1,1.0,0.9995874
1,1.0,0.9996756
0,0.0,0.00021754131
0,0.0,0.0002902726
0,0.0,0.00039222106
0,0.0,0.00038385147
1,1.0,0.9993566
0,0.0,0.002425985
0,0.0,0.0005436209
0,0.0,0.0003109652
0,0.0,0.00020436538
1,1.0,0.99361926
0,0.0,0.00022058636
1,1.0,0.9987241
1,1.0,0.9987544
1,1.0,0.9994033
0,0.0,0.002442549
1,1.0,0.9987573
1,1.0,0.9996145
0,0.0,0.0002251195
0,0.0,0.0001564744
0,0.0,0.0012285432
1,1.0,0.97030294
1,1.0,0.9996202
0,0.0,0.00025767626
0,0.0,0.00038791227
0,0.0,0.00015183643
0,0.0,0.00025993303
0,0.0,0.0002175755
0,0.0,0.0003928658
0,0.0,0.00029715055
0,0.0,0.0006195638
1,1.0,0.9994162
0,0.0,0.00029124867
0,0.0,0.00026288442
0,0.0,0.00016251035
0,0.0,0.0002236685
0,0.0,0.00018390956
1,1.0,0.9987358
1,1.0,0.99962395
0,0.0,0.00026151253
0,0.0,0.0002971069
1,1.0,0.9997589
0,0.0,0.00041562069
0,0.0,0.000316446
0,0.0,0.0002563193
1,1.0,0.99869406
0,0.0,0.00029714798
1,1.0,0.99966353
0,0.0,0.0003102873
0,0.0,0.0024497458
0,0.0,0.00077460526
0,0.0,0.00268137
0,0.0,0.00024493216
1,1.0,0.9987316
0,0.0,0.0002510685
1,1.0,0.8301092
1,1.0,0.9986762
0,0.0,0.0003080995
1,1.0,0.98981607
1,1.0,0.9997237
0,0.0,0.0002304085
0,0.0,0.00046222782
0,0.0,0.00073859864
0,0.0,0.00029125033
1,1.0,0.9996246
0,0.0,0.0002596185
0,0.0,0.0002582422
0,0.0,0.000245192
1,1.0,0.99945563
0,0.0,0.0007386063
0,0.0,0.0007746004
1,1.0,0.9989576
1,1.0,0.9996822
0,0.0,0.00029616655
1,1.0,0.99964917
1,1.0,0.9987232
0,0.0,0.00026356528
0,0.0,0.00031164932
0,0.0,0.00021912695
0,0.0,0.0005031696
1,1.0,0.9987268
0,0.0,0.00036796508
0,0.0,0.00030441966
0,0.0,0.00077435834
1,1.0,0.9996211
0,0.0,0.00027268755
0,0.0,0.00027156077
1,1.0,0.99871045
0,0.0,0.00028063258
1,1.0,0.9993915
0,0.0,0.00029123758
0,0.0,0.00046225887
0,0.0,0.00025322105
0,0.0,0.0003230649
1,1.0,0.99963236
0,0.0,0.00023532713
0,0.0,0.0004672082
0,0.0,0.0024444575
0,0.0,0.0002881536
1,1.0,0.99962115
0,0.0,0.0002281094
1,1.0,0.9996324
0,0.0,0.00025444783
1,1.0,0.9987235
0,0.0,0.10008922
0,0.0,0.0007386063
0,0.0,0.00026491084
0,0.0,0.00022051844
1,1.0,0.9081966
0,0.0,0.03167541
1,1.0,0.9996712
0,0.0,0.00022356701
0,0.0,0.0005889191
0,0.0,0.00077463326
1,1.0,0.9996274
1,1.0,0.9987097
0,0.0,0.0002971392
0,0.0,0.00042084648
1,1.0,0.9144297
0,0.0,0.0007384395
0,0.0,0.00026493435
0,0.0,0.00029636142
0,0.0,0.00023565181
1,1.0,0.99955314
0,0.0,0.00030806864
0,0.0,0.00024235505
0,0.0,0.00021053407
0,0.0,0.00023668197
1,1.0,0.9926233
0,0.0,0.00067307765
0,0.0,0.00022188132
0,0.0,0.00021203369
1,1.0,0.9996223
0,0.0,0.00026534032
1,1.0,0.9986701
0,0.0,0.0024737194
0,0.0,0.00025321817
1,1.0,0.9987468
0,0.0,0.0003116716
0,0.0,0.00025323385
1,1.0,0.99962926
0,0.0,0.00046224636
1,1.0,0.9996215
0,0.0,0.0002421121
0,0.0,0.00028913826
0,0.0,0.00031211285
0,0.0,0.00021682648
0,0.0,0.000250166
0,0.0,0.00030412027
0,0.0,0.00022771672
0,0.0,0.00027305336
1,1.0,0.9987591
1,1.0,0.9993536
1,1.0,0.9203056
0,0.0,0.006140004
0,0.0,0.0007387386
0,0.0,0.00028912805
0,0.0,0.002525695
0,0.0,0.00028816843
0,0.0,0.0003120959
0,0.0,0.0004655802
0,0.0,0.00026288143
0,0.0,0.00029416714
0,0.0,0.00030998397
0,0.0,0.0007845546
1,1.0,0.9986779
0,0.0,0.00046265012
0,0.0,0.00025774553
1,1.0,0.9987626
0,0.0,0.00031057617
0,0.0,0.00018510659
0,0.0,0.002452539
0,0.0,0.00025936414
0,0.0,0.00023187845
1,1.0,0.99963045
0,0.0,0.031674642
0,0.0,0.00026492222
0,0.0,0.00029612842
0,0.0,0.0002582375
1,1.0,0.99963194
0,0.0,0.0002447851
0,0.0,0.00039256853
1,1.0,0.9986967
0,0.0,0.00020434296
0,0.0,0.00030537776
0,0.0,0.100107096
1,1.0,0.9996007
0,0.0,0.0005064252
0,0.0,0.00073851197
1,1.0,0.9996193
1,1.0,0.99737316
0,0.0,0.000242304
0,0.0,0.00047743932
0,0.0,0.0002674522
0,0.0,0.000271553
0,0.0,0.00042207452
0,0.0,0.00022604133
0,0.0,0.0016976227
1,1.0,0.9986682
0,0.0,0.00039238555
0,0.0,0.00028816238
1,1.0,0.9996299
0,0.0,0.00029971747
0,0.0,0.00023744845
0,0.0,0.00046304832
0,0.0,0.00031102894
0,0.0,0.00026422527
0,0.0,0.10018856
0,0.0,0.0007386084
0,0.0,0.0002452093
0,0.0,0.00069823477
0,0.0,0.00016252056
1,1.0,0.9996168
1,1.0,0.99950784
0,0.0,0.00021758962
0,0.0,0.00019058952
1,1.0,0.9996212
0,0.0,0.00021061538
1,1.0,0.99962044
0,0.0,0.0004628742
0,0.0,0.00021200396
1,1.0,0.99875635
0,0.0,0.00025321599
0,0.0,0.0002997009
0,0.0,0.0002996826
0,0.0,0.00030437033
0,0.0,0.00029638206
1,1.0,0.99972445
1,1.0,0.99870986
1,1.0,0.9996292
0,0.0,0.00020504638
1,1.0,0.9997309
0,0.0,6.981808e-05
0,0.0,7.023933e-05
1,1.0,0.9996685
0,0.0,6.863538e-05
0,0.0,1.2062161e-05
0,0.0,0.00013923866
0,0.0,8.223248e-05
0,0.0,7.042874e-05
0,0.0,7.574063e-05
1,1.0,0.9993339
1,1.0,0.9993295
0,0.0,7.3916555e-05
1,1.0,0.99644846
0,0.0,6.5621265e-05
0,0.0,8.1925355e-05
1,1.0,0.9997198
0,0.0,7.015926e-05
0,0.0,7.981385e-05
1,1.0,0.99933153
1,1.0,0.8499806
0,0.0,1.6668642e-05
0,0.0,0.00020762101
0,0.0,6.914108e-05
0,0.0,6.267929e-05
0,0.0,0.0001119943
0,0.0,7.639558e-05
0,0.0,7.0697286e-05
0,0.0,0.00011202047
1,1.0,0.999344
0,0.0,7.008985e-05
0,0.0,8.505742e-05
0,0.0,6.3887965e-05
0,0.0,7.0701266e-05
0,0.0,0.00014298076
1,1.0,0.999055
0,0.0,7.370294e-05
0,0.0,6.964267e-05
0,0.0,7.0696544e-05
0,0.0,8.19277e-05
1,1.0,0.99915105
0,0.0,0.00014523513
0,0.0,7.060108e-05
1,1.0,0.9997204
1,0.0,0.45039973
1,1.0,0.9993322
0,0.0,7.043666e-05
1,1.0,0.6937035
0,0.0,0.00010813449
1,1.0,0.99915946
0,0.0,6.9515605e-05
0,0.0,0.000118480726
1,1.0,0.99972093
0,0.0,7.399998e-05
0,0.0,7.0163675e-05
1,1.0,0.9989671
0,0.0,6.5077795e-05
0,0.0,0.00011467513
0,0.0,6.26946e-05
0,0.0,8.270165e-05
0,0.0,6.500833e-05
0,0.0,7.003386e-05
0,0.0,6.6096e-05
0,0.0,6.961923e-05
0,0.0,6.960336e-05
1,1.0,0.9993376
0,0.0,7.019313e-05
1,1.0,0.9991587
0,0.0,0.00014203988
0,0.0,6.89057e-05
0,0.0,0.00010356671
0,0.0,6.57194e-05
1,1.0,0.9982732
0,0.0,0.00010965853
0,0.0,0.00011890039
1,1.0,0.9997208
0,0.0,0.00011578281
0,0.0,0.000109672124
0,0.0,7.255572e-05
0,0.0,0.00010209189
0,0.0,6.963975e-05
0,0.0,0.00011930197
0,0.0,0.00014299754
0,0.0,8.4407315e-05
1,1.0,0.9993312
0,0.0,6.864369e-05
0,0.0,1.2031602e-05
1,1.0,0.9993347
0,0.0,6.27126e-05
0,0.0,6.88084e-05
1,1.0,0.9997212
1,1.0,0.99972063
1,1.0,0.9993286
0,0.0,1.2035802e-05
0,0.0,6.963842e-05
1,1.0,0.6782873
0,0.0,7.062256e-05
0,0.0,0.000119094664
1,1.0,0.99739563
1,1.0,0.99932784
0,0.0,0.00010986996
0,0.0,6.890242e-05
1,1.0,0.9993292
0,0.0,0.000116271614
0,0.0,9.82891e-05
1,1.0,0.99972034
0,0.0,9.778709e-05
0,0.0,0.0001185118
0,0.0,8.443389e-05
0,0.0,6.866818e-05
0,0.0,7.003633e-05
0,0.0,8.765926e-05
0,0.0,7.20627e-05
1,1.0,0.9434944
1,1.0,0.9994276
0,0.0,0.00020723218
0,0.0,6.997405e-05
0,0.0,7.068036e-05
0,0.0,7.662533e-05
1,1.0,0.9997047
1,1.0,0.9841303
0,0.0,0.000115421455
1,0.0,0.015165223
0,0.0,0.00011328104
1,1.0,0.9985496
1,1.0,0.6668142
0,0.0,0.00010371704
0,0.0,6.46036e-05
0,0.0,6.890623e-05
0,0.0,6.890853e-05
0,0.0,1.2015295e-05
1,1.0,0.9993297
0,0.0,0.00011190676
1,1.0,0.9995991
0,0.0,9.498471e-05
0,0.0,9.513981e-05
1,1.0,0.996587
0,0.0,7.0094e-05
0,0.0,7.3674826e-05
1,1.0,0.99931264
0,0.0,0.00011116005
0,0.0,0.00010286525
0,0.0,7.01871e-05
0,0.0,6.963603e-05
0,0.0,6.549355e-05
0,0.0,7.062156e-05
0,0.0,7.799738e-05
0,0.0,0.000115205934
1,1.0,0.93192124
0,0.0,7.979878e-05
1,1.0,0.9997215
0,0.0,0.00011850265
0,0.0,6.963012e-05
1,1.0,0.9995296
1,1.0,0.99970347
1,1.0,0.92026126
1,1.0,0.9992826
0,0.0,8.023325e-05
1,1.0,0.99964124
0,0.0,0.00010364348
0,0.0,0.00014732566
0,0.0,7.027443e-05
0,0.0,7.0506016e-05
0,0.0,0.000110626155
0,0.0,7.703922e-05
0,0.0,6.6091714e-05
0,0.0,7.00948e-05
0,0.0,7.70357e-05
0,0.0,7.9258956e-05
0,0.0,6.71382e-05
1,1.0,0.9993298
0,0.0,9.930962e-05
0,0.0,7.050413e-05
0,0.0,6.592918e-05
0,0.0,6.912394e-05
0,0.0,7.0167356e-05
0,0.0,6.9629124e-05
0,0.0,9.497366e-05
1,1.0,0.9993287
0,0.0,1.6668833e-05
0,0.0,0.00014784171
0,0.0,0.00014041101
0,0.0,0.00010362155
0,0.0,7.460395e-05
1,1.0,0.9992311
0,0.0,8.391374e-05
0,0.0,8.1112164e-05
0,0.0,8.230372e-05
0,0.0,6.849056e-05
0,0.0,9.666841e-05
0,0.0,7.215436e-05
1,1.0,0.99937993
0,0.0,6.565876e-05
0,0.0,7.043115e-05
0,0.0,0.00011712578
1,1.0,0.98547184
0,0.0,6.963802e-05
0,0.0,7.2813906e-05
0,0.0,6.8013156e-05
0,0.0,7.064681e-05
0,0.0,8.290221e-05
0,0.0,7.7538185e-05
1,1.0,0.99972034
0,0.0,7.98309e-05
1,1.0,0.9997048
0,0.0,9.927193e-05
0,0.0,0.000116276926
1,1.0,0.9997205
1,1.0,0.9993443
0,0.0,6.956168e-05
0,0.0,8.175591e-05
1,1.0,0.9997201
1,1.0,0.9997204
0,0.0,1.2030201e-05
0,0.0,6.3069434e-05
1,1.0,0.99933857
0,0.0,0.0001192267
0,0.0,6.868803e-05
0,0.0,0.00013147033
1,1.0,0.9997207
1,1.0,0.85627353
0,0.0,0.000118519834
1,1.0,0.9997383
0,0.0,6.399052e-05
0,0.0,6.961358e-05
0,0.0,6.926119e-05
0,0.0,8.1339036e-05
0,0.0,0.00013151423
0,0.0,6.289244e-05
0,0.0,6.890563e-05
0,0.0,0.00010688551
0,0.0,6.521945e-05
1,1.0,0.99895936
0,0.0,6.963802e-05
0,0.0,7.06458e-05
0,0.0,7.494136e-05
1,1.0,0.999721
0,0.0,8.028406e-05
1,1.0,0.7487403
0,0.0,7.062533e-05
1,1.0,0.99967027
0,0.0,8.16776e-05
0,0.0,0.000100233796
0,0.0,6.866366e-05
0,0.0,6.4671956e-05
1,1.0,0.9997483
0,0.0,9.92689e-05
1,1.0,0.9993433
1,1.0,0.99901956
0,0.0,6.73701e-05
0,0.0,6.960449e-05
0,0.0,7.027088e-05
0,0.0,0.00036525057
0,0.0,6.866556e-05
0,0.0,0.00013473493
1,1.0,0.99933594
0,0.0,7.709536e-05
1,1.0,0.9998311
1,1.0,0.9997207
0,0.0,8.442873e-05
0,0.0,0.00011332122
1,1.0,0.9995785
1,1.0,0.99933696
0,0.0,7.0431626e-05
1,1.0,0.9994282
1,1.0,0.9993432
1,1.0,0.99527115
0,0.0,6.281602e-05
0,0.0,7.709154e-05
0,0.0,1.1996758e-05
1,1.0,0.9963027
0,0.0,0.00010699177
0,0.0,7.027463e-05
0,0.0,7.0163274e-05
0,0.0,6.85393e-05
0,0.0,7.0166956e-05
1,0.0,0.030185323
0,0.0,6.863721e-05
0,0.0,6.571796e-05
0,0.0,7.0506285e-05
0,0.0,9.6205295e-05
1,1.0,0.9989242
0,0.0,0.000106575106
0,0.0,6.466086e-05
0,0.0,0.00011869875
1,1.0,0.99932855
1,1.0,0.99972135
0,0.0,6.963981e-05
0,0.0,7.064324e-05
0,0.0,0.00010297045
0,0.0,9.5799194e-05
0,0.0,7.254852e-05
0,0.0,6.5226406e-05
0,0.0,9.582725e-05
1,1.0,0.9993365
0,0.0,7.061677e-05
0,0.0,6.40842e-05
1,1.0,0.9992306
0,0.0,1.6682605e-05
0,0.0,0.0002073836
1,1.0,0.64219606
0,0.0,0.00011315073
0,0.0,6.551953e-05
0,0.0,0.00011057321
1,1.0,0.99366283
0,0.0,6.4090615e-05
0,0.0,0.00011316034
0,0.0,7.608761e-05
0,0.0,7.070059e-05
0,0.0,6.997899e-05
1,1.0,0.9993436
0,0.0,7.724549e-05
1,1.0,0.99933434
1,1.0,0.99972063
1,1.0,0.9997201
0,0.0,9.931218e-05
0,0.0,0.00013363098
0,0.0,7.043303e-05
1,1.0,0.99972004
0,0.0,7.074241e-05
0,0.0,7.936575e-05
0,0.0,9.998321e-05
0,0.0,8.949507e-05
0,0.0,6.961896e-05
1,1.0,0.9953918
1,1.0,0.99933225
0,0.0,8.448042e-05
0,0.0,8.2910265e-05
0,0.0,6.293336e-05
0,0.0,7.009788e-05
1,1.0,0.9772125
1,1.0,0.99933296
0,0.0,0.00014108756
0,0.0,9.656117e-05
0,0.0,7.009092e-05
0,0.0,7.919112e-05
0,0.0,6.4475775e-05
0,0.0,6.853505e-05
0,0.0,1.2028572e-05
1,1.0,0.9993325
0,0.0,0.0001185005
0,0.0,7.050494e-05
0,0.0,7.043236e-05
1,1.0,0.9555916
0,0.0,0.00013152552
0,0.0,7.5233496e-05
0,0.0,7.050413e-05
0,0.0,7.6125776e-05
0,0.0,6.611453e-05
0,0.0,0.000100943595
0,0.0,8.26296e-05
0,0.0,6.869124e-05
0,0.0,0.0001185109
1,1.0,0.99207526
0,0.0,6.991642e-05
1,1.0,0.99933326
1,1.0,0.9997206
0,0.0,6.863479e-05
0,0.0,6.868934e-05
0,0.0,6.960243e-05
0,0.0,6.951633e-05
0,0.0,7.6416996e-05
0,0.0,0.000119110104
0,0.0,6.912539e-05
1,1.0,0.99972147
0,0.0,6.863623e-05
0,0.0,0.000103550716
1,1.0,0.9993326
0,0.0,6.890294e-05
0,0.0,6.9114314e-05
1,1.0,0.99972194
0,0.0,6.4083826e-05
1,1.0,0.9966119
0,0.0,7.064479e-05
0,0.0,7.704907e-05
0,0.0,6.868764e-05
0,0.0,0.00010967547
0,0.0,0.000115507995
0,0.0,0.00014378908
1,1.0,0.99933296
0,0.0,6.912915e-05
0,0.0,0.00011908535
0,0.0,0.00011514213
0,0.0,0.000119297765
0,0.0,1.2029892e-05
1,1.0,0.99933857
0,0.0,7.283954e-05
0,0.0,6.7583795e-05
1,1.0,0.9993338
0,0.0,6.913165e-05
1,1.0,0.99933016
0,0.0,0.00010967338
1,1.0,0.7584206
0,0.0,7.016361e-05
0,0.0,6.9517926e-05
0,0.0,7.068205e-05
0,0.0,6.868515e-05
0,0.0,6.960217e-05
1,1.0,0.9993358
0,0.0,6.997832e-05
0,0.0,1.20382465e-05
0,0.0,6.699117e-05
1,1.0,0.99936545
0,0.0,6.294086e-05
0,0.0,6.390832e-05
0,0.0,1.6671123e-05
0,0.0,1.6670201e-05
0,0.0,0.000111919144
1,1.0,0.99933404
0,0.0,6.912539e-05
0,0.0,7.0486654e-05
0,0.0,7.067699e-05
1,1.0,0.9991514
1,1.0,0.9997207
0,0.0,7.0699374e-05
1,1.0,0.99945575
1,1.0,0.99933076
0,0.0,6.912789e-05
0,0.0,6.29399e-05
1,1.0,0.99933934
0,0.0,6.960582e-05
0,0.0,7.944102e-05
1,1.0,0.99933296
0,0.0,6.9203605e-05
1,1.0,0.99972045
0,0.0,0.00011848253
0,0.0,6.9614915e-05
0,0.0,7.0507354e-05
0,0.0,6.9112866e-05
1,1.0,0.99933577
0,0.0,7.050816e-05
0,0.0,7.0701535e-05
0,0.0,8.194692e-05
0,0.0,9.322627e-05
0,0.0,6.604106e-05
0,0.0,6.951713e-05
0,0.0,7.556525e-05
1,1.0,0.9997205
1,1.0,0.99932975
1,1.0,0.999332
1,1.0,0.9997203
0,0.0,7.9485646e-05
0,0.0,7.211151e-05
0,0.0,6.390344e-05
0,0.0,6.961903e-05
0,0.0,0.00020791085
1,1.0,0.999339
1,1.0,0.9997206
0,0.0,8.788769e-05
1,1.0,0.91141176
0,0.0,0.00012752014
0,0.0,0.000115137846
1,1.0,0.9997198
1,1.0,0.85921204
0,0.0,0.00011923
1,1.0,0.99934155
0,0.0,6.370759e-05
1,1.0,0.9992527
0,0.0,0.00013146758
0,0.0,8.023478e-05
0,0.0,6.4054264e-05
0,0.0,0.00011916691
0,0.0,6.8582915e-05
0,0.0,0.000109454086
1,1.0,0.99933296
0,0.0,6.307328e-05
0,0.0,0.00011195715
0,0.0,7.064573e-05
0,0.0,7.366422e-05
0,0.0,6.409966e-05
0,0.0,8.194082e-05
1,1.0,0.999721
0,0.0,8.615627e-05
1,1.0,0.9993333
0,0.0,6.9443384e-05
0,0.0,7.680479e-05
0,0.0,0.00020685689
1,1.0,0.99942726
0,0.0,0.000105603634
1,1.0,0.9993321
1,1.0,0.99972105
0,0.0,0.00020766418
0,0.0,0.00010372643
0,0.0,7.003259e-05
1,1.0,0.9997204
0,0.0,6.9979455e-05
1,1.0,0.99777454
0,0.0,7.369169e-05
0,0.0,0.00020710062
0,0.0,0.00011092191
0,0.0,7.529824e-05
0,0.0,8.157619e-05
1,1.0,0.999724
1,1.0,0.9993326
0,0.0,0.000105110645
0,0.0,0.00020720747
0,0.0,7.206448e-05
0,0.0,7.062687e-05
0,0.0,0.00011199387
0,0.0,0.00020757389
0,0.0,1.6669946e-05
1,1.0,0.99972
0,0.0,6.913073e-05
0,0.0,6.960668e-05
0,0.0,0.000117108815
0,0.0,7.015926e-05
0,0.0,6.863669e-05
0,0.0,7.615148e-05
1,1.0,0.99972075
1,1.0,0.99933934
0,0.0,7.757746e-05
0,0.0,0.00011849971
1,1.0,0.99932986
0,0.0,6.863486e-05
0,0.0,7.546638e-05
1,1.0,0.9997208
0,0.0,6.742486e-05
1,1.0,0.9989511
1,1.0,0.9951595
0,0.0,0.00011175236
1,1.0,0.99933535
1,1.0,0.99915445
0,0.0,9.861733e-05
0,0.0,7.0358925e-05
0,0.0,9.603664e-05
0,0.0,6.494488e-05
0,0.0,7.027249e-05
0,0.0,0.000103375205
0,0.0,6.854963e-05
0,0.0,8.039807e-05
0,0.0,0.00010136203
0,0.0,8.359723e-05
0,0.0,7.456041e-05
0,0.0,0.00011932166
0,0.0,7.278183e-05
0,0.0,6.795805e-05
0,0.0,0.00011061181
0,0.0,9.7320015e-05
1,1.0,0.9991447
0,0.0,8.616293e-05
0,0.0,6.913159e-05
0,0.0,0.00013740952
1,1.0,0.99954975
0,0.0,0.00011468388
0,0.0,7.607513e-05
0,0.0,6.678017e-05
0,0.0,1.2000054e-05
0,0.0,6.865888e-05
0,0.0,8.3243955e-05
0,0.0,8.235961e-05
1,1.0,0.9952764
1,1.0,0.9986494
0,0.0,0.00011062658
0,0.0,1.6691089e-05
1,1.0,0.99730515
0,0.0,7.030372e-05
0,0.0,0.00012881708
0,0.0,0.00010986503
1,1.0,0.9993348
0,0.0,7.526134e-05
1,1.0,0.76487255
0,0.0,6.460021e-05
0,0.0,0.00010940337
1,1.0,0.9997205
0,0.0,7.015953e-05
0,0.0,0.00013150771
0,0.0,7.050427e-05
0,0.0,0.000115419694
0,0.0,6.868777e-05
1,1.0,0.9993357
0,0.0,7.003266e-05
0,0.0,6.890833e-05
0,0.0,8.174445e-05
0,0.0,8.711843e-05
0,0.0,0.00011627106
1,1.0,0.99852186
1,1.0,0.9993364
1,1.0,0.99933344
1,1.0,0.9997205
0,0.0,7.529579e-05
0,0.0,7.062189e-05
0,0.0,1.666974e-05
0,0.0,0.000102848964
0,0.0,7.000362e-05
1,1.0,0.99933755
1,1.0,0.999335
1,1.0,0.9997206
0,0.0,7.530154e-05
1,1.0,0.9992655
0,0.0,9.3271e-05
0,0.0,0.00012577548
0,0.0,6.96027e-05
0,0.0,0.000118525706
0,0.0,7.063057e-05
0,0.0,8.4442894e-05
0,0.0,6.868711e-05
0,0.0,0.000115143994
1,1.0,0.95956117
1,1.0,0.9993347
0,0.0,5.9180606e-05
0,0.0,0.00011922988
0,0.0,6.91126e-05
0,0.0,1.664337e-05
0,0.0,6.993055e-05
0,0.0,6.271565e-05
0,0.0,7.595986e-05
0,0.0,6.50809e-05
0,0.0,1.6659265e-05
0,0.0,6.609462e-05
0,0.0,7.21607e-05
0,0.0,7.7096025e-05
0,0.0,6.390454e-05
0,0.0,0.00011331862
0,0.0,7.009386e-05
0,0.0,6.267074e-05
0,0.0,7.180047e-05
0,0.0,0.00012589162
0,0.0,7.0646405e-05
0,0.0,7.0314985e-05
0,0.0,0.00013150155
0,0.0,0.000110582696
1,1.0,0.72572607
0,0.0,7.388639e-05
0,0.0,6.951965e-05
0,0.0,5.5330514e-05
0,0.0,0.000116960495
0,0.0,0.00011592929
1,1.0,0.9993297
0,0.0,7.016167e-05
0,0.0,1.6670996e-05
1,1.0,0.9149477
1,1.0,0.99933183
0,0.0,9.9163975e-05
0,0.0,6.944689e-05
1,1.0,0.9992398
0,0.0,0.00011539725
1,0.0,0.16953628
0,0.0,0.00011908535
1,1.0,0.99932843
0,0.0,0.0002074997
0,0.0,0.00011775886
1,1.0,0.9997202
0,0.0,0.00014234605
1,1.0,0.9991389
0,0.0,0.000103530474
0,0.0,7.008865e-05
0,0.0,8.2989136e-05
0,0.0,0.00011710435
0,0.0,7.062351e-05
0,0.0,6.8662746e-05
0,0.0,0.00010982398
1,1.0,0.99933285
0,0.0,6.40908e-05
1,1.0,0.9993437
0,0.0,6.960396e-05
0,0.0,6.963875e-05
1,1.0,0.99933183
0,0.0,0.00013427639
0,0.0,0.00012436202
0,0.0,1.1992686e-05
0,0.0,1.6670932e-05
0,0.0,7.747455e-05
0,0.0,5.8585792e-05
1,1.0,0.9945335
0,0.0,0.00011191893
1,1.0,0.99972034
1,1.0,0.9997203
0,0.0,8.196958e-05
0,0.0,0.00010280387
0,0.0,6.863499e-05
1,1.0,0.98255587
0,0.0,6.847717e-05
0,0.0,6.875106e-05
0,0.0,6.699538e-05
1,1.0,0.6581315
1,1.0,0.999333
0,0.0,7.059684e-05
0,0.0,0.000104993735
1,0.0,0.35234278
0,0.0,0.00011196783
0,0.0,0.00011203052
0,0.0,6.565212e-05
0,0.0,9.866059e-05
1,1.0,0.6056287
0,0.0,8.324935e-05
1,1.0,0.9991427
1,1.0,0.99972016
0,0.0,7.753412e-05
0,0.0,8.148001e-05
1,1.0,0.99936545
0,0.0,6.445936e-05
0,0.0,7.207734e-05
1,1.0,0.99934024
0,0.0,6.306041e-05
0,0.0,8.157556e-05
0,0.0,6.951799e-05
0,0.0,6.961305e-05
0,0.0,7.04288e-05
0,0.0,6.9628324e-05
0,0.0,7.0673086e-05
0,0.0,7.0640475e-05
0,0.0,7.050709e-05
0,0.0,6.964134e-05
0,0.0,8.103044e-05
1,1.0,0.92659324
0,0.0,0.00011556362
0,0.0,8.175756e-05
0,0.0,6.960827e-05
1,1.0,0.9997207
0,0.0,8.294546e-05
0,0.0,0.00020711859
0,0.0,0.00014109683
0,0.0,6.911082e-05
0,0.0,7.0162074e-05
1,1.0,0.99971986
0,0.0,6.4113294e-05
0,0.0,8.025874e-05
0,0.0,6.305596e-05
1,1.0,0.9987763
0,0.0,6.649104e-05
0,0.0,7.0646674e-05
1,1.0,0.999343
1,1.0,0.99972016
1,1.0,0.9997209
0,0.0,6.668402e-05
0,0.0,0.00013152476
0,0.0,1.1993921e-05
1,1.0,0.6416708
0,0.0,7.0625465e-05
0,0.0,7.0508024e-05
0,0.0,8.292655e-05
1,1.0,0.9997207
0,0.0,6.412528e-05
0,0.0,0.00010461537
1,1.0,0.99972063
1,1.0,0.9993331
0,0.0,6.9126705e-05
0,0.0,7.0507354e-05
0,0.0,6.961598e-05
0,0.0,7.777234e-05
1,1.0,0.9993307
0,0.0,6.274633e-05
0,0.0,1.2025475e-05
0,0.0,7.0643306e-05
1,1.0,0.9993342
1,1.0,0.9051305
0,0.0,0.00010986063
1,1.0,0.99972063
0,0.0,0.00010416791
0,0.0,6.7569104e-05
1,1.0,0.72662044
0,0.0,7.0679824e-05
0,0.0,0.00020714547
1,1.0,0.9993432
0,0.0,6.7965244e-05
1,1.0,0.9982574
1,1.0,0.9993435
1,1.0,0.9997208
0,0.0,0.00020732843
0,0.0,0.00013154857
0,0.0,7.06068e-05
0,0.0,0.00010284779
0,0.0,6.911418e-05
0,0.0,6.86634e-05
0,0.0,6.9128815e-05
0,0.0,0.00012676157
0,0.0,6.911378e-05
0,0.0,0.00010062434
0,0.0,7.3316965e-05
1,1.0,0.97836804
0,0.0,0.000109676104
0,0.0,0.000119666
1,1.0,0.99865925
0,0.0,1.20411405e-05
0,0.0,7.0273025e-05
1,1.0,0.7791909
1,1.0,0.9996571
0,0.0,0.00011912874
1,1.0,0.9993306
0,0.0,8.5269145e-05
0,0.0,7.0648224e-05
0,0.0,0.00011007172
1,1.0,0.99933654
0,0.0,6.890478e-05
1,1.0,0.99924207
0,0.0,0.000118512144
0,0.0,6.956023e-05
1,1.0,0.99926454
1,1.0,0.9988353
0,0.0,6.60381e-05
0,0.0,0.00011091736
0,0.0,7.0297756e-05
0,0.0,0.00020705108
0,0.0,6.4619555e-05
0,0.0,7.016475e-05
0,0.0,6.96112e-05
0,0.0,0.000110984234
0,0.0,7.948209e-05
0,0.0,6.994903e-05
0,0.0,0.00011852006
0,0.0,6.959739e-05
0,0.0,0.000116626274
0,0.0,0.00010553428
0,0.0,7.404474e-05
1,1.0,0.99890375
0,0.0,6.403631e-05
1,1.0,0.7953268
1,1.0,0.9993383
1,1.0,0.9993281
0,0.0,6.961744e-05
1,1.0,0.99351627
0,0.0,0.0001039867
1,1.0,0.99972063
1,1.0,0.9999088
0,0.0,7.3800555e-05
1,1.0,0.9992362
1,1.0,0.9997204
0,0.0,1.6668928e-05
0,0.0,7.53019e-05
0,0.0,0.00020758162
0,0.0,1.1994894e-05
0,0.0,7.009333e-05
1,0.0,0.198203
0,0.0,0.00010083305
0,0.0,7.043176e-05
1,1.0,0.99342453
1,1.0,0.99933183
0,0.0,6.911069e-05
0,0.0,7.484844e-05
0,0.0,6.961113e-05
0,0.0,6.9610396e-05
0,0.0,6.718251e-05
0,0.0,0.00020705108
1,1.0,0.9993274
0,0.0,7.0507485e-05
1,1.0,0.9991531
0,0.0,7.062425e-05
0,0.0,6.604383e-05
0,0.0,0.00013154469
1,1.0,0.99933
0,0.0,0.00010442421
0,0.0,6.609235e-05
0,0.0,6.911102e-05
0,0.0,6.56142e-05
1,1.0,0.9991522
0,0.0,6.30817e-05
1,1.0,0.9982525
1,1.0,0.99972034
1,1.0,0.99933785
0,0.0,6.960442e-05
1,1.0,0.9993326
0,0.0,6.736079e-05
0,0.0,6.516958e-05
0,0.0,7.034363e-05
1,1.0,0.78943604
0,0.0,0.0001535523
0,0.0,8.7174696e-05
0,0.0,7.569521e-05
0,0.0,0.00020710615
0,0.0,6.853596e-05
0,0.0,0.000109878754
0,0.0,6.560744e-05
0,0.0,0.000102769955
0,0.0,0.00011906059
1,1.0,0.99864674
0,0.0,6.5650056e-05
0,0.0,7.015946e-05
0,0.0,8.230873e-05
0,0.0,6.86653e-05
0,0.0,6.8634596e-05
1,1.0,0.8901785
0,0.0,7.062041e-05
1,1.0,0.99933344
0,0.0,7.051246e-05
0,0.0,1.2036617e-05
0,0.0,1.6643258e-05
0,0.0,6.290869e-05
0,0.0,7.0217095e-05
0,0.0,9.866285e-05
1,1.0,0.9993331
0,0.0,8.447978e-05
0,0.0,6.960143e-05
0,0.0,0.0001176308
0,0.0,8.247924e-05
0,0.0,0.000116766474
1,1.0,0.99933344
0,0.0,6.868888e-05
0,0.0,0.0001214015
0,0.0,6.2019506e-05
0,0.0,6.401909e-05
0,0.0,7.0621354e-05
0,0.0,6.408334e-05
0,0.0,6.551779e-05
0,0.0,7.00372e-05
0,0.0,8.0236234e-05
1,1.0,0.99933577
0,0.0,7.0039736e-05
0,0.0,6.795922e-05
0,0.0,0.000103651284
1,1.0,0.9950015
0,0.0,0.00011519814
0,0.0,6.961836e-05
1,1.0,0.9997205
1,1.0,0.9991511
0,0.0,6.623721e-05
1,1.0,0.99918747
0,0.0,0.00020775627
0,0.0,7.061724e-05
0,0.0,6.8857094e-05
0,0.0,0.00020755788
0,0.0,6.305945e-05
0,0.0,6.7972964e-05
0,0.0,6.449649e-05
0,0.0,7.0092596e-05
0,0.0,6.890399e-05
1,1.0,0.99927515
1,1.0,0.7769441
0,0.0,0.00020738062
0,0.0,1.6670996e-05
0,0.0,7.067383e-05
0,0.0,7.743067e-05
0,0.0,5.245026e-05
0,0.0,6.964002e-05
0,0.0,7.0696544e-05
0,0.0,6.863394e-05
0,0.0,6.5654625e-05
0,0.0,0.000117048075
0,0.0,7.06456e-05
0,0.0,0.00010715074
0,0.0,7.070275e-05
0,0.0,6.503666e-05
0,0.0,6.961617e-05
0,0.0,0.00010484676
0,0.0,6.8908266e-05
0,0.0,1.203579e-05
0,0.0,7.0430746e-05
0,0.0,0.00011190719
0,0.0,7.734028e-05
0,0.0,7.983357e-05
1,1.0,0.99972034
1,1.0,0.9992645
0,0.0,0.0002070416
0,0.0,7.060667e-05
0,0.0,9.9310564e-05
0,0.0,8.1930826e-05
0,0.0,6.2810206e-05
0,0.0,7.010195e-05
1,1.0,0.9997208
0,0.0,7.069864e-05
0,0.0,7.663593e-05
0,0.0,7.068252e-05
1,1.0,0.831818
1,1.0,0.99926215
0,0.0,8.8015506e-05
0,0.0,6.649339e-05
0,0.0,6.945365e-05
0,0.0,7.064681e-05
1,1.0,0.99924153
0,0.0,7.6401484e-05
0,0.0,6.4466854e-05
0,0.0,0.000108250555
0,0.0,0.00014106146
0,0.0,1.2025923e-05
0,0.0,8.507551e-05
0,0.0,0.00011707833
1,1.0,0.99574465
0,0.0,0.00020683403
1,1.0,0.9993378
0,0.0,6.513106e-05
0,0.0,7.0428396e-05
0,0.0,7.06778e-05
0,0.0,7.0034395e-05
0,0.0,7.001864e-05
1,1.0,0.998904
0,0.0,1.6680506e-05
1,1.0,0.9993352
1,1.0,0.9942984
1,1.0,0.9993347
0,0.0,7.681394e-05
0,0.0,7.060943e-05
1,1.0,0.99934113
0,0.0,6.543474e-05
0,0.0,7.0163005e-05
1,1.0,0.99972034
0,0.0,7.210181e-05
1,1.0,0.9993154
0,0.0,0.0002071261
0,0.0,7.001597e-05
0,0.0,7.004047e-05
0,0.0,0.0001007139
0,0.0,7.016274e-05
0,0.0,7.018208e-05
0,0.0,0.00020736163
0,0.0,9.460342e-05
1,1.0,0.99915767
1,1.0,0.99933124
0,0.0,0.00011723573
1,1.0,0.99942833
1,1.0,0.9993291
0,0.0,9.865833e-05
0,0.0,0.0001686962
0,0.0,6.285221e-05
0,0.0,8.178048e-05
1,1.0,0.9993351
0,0.0,6.3991436e-05
1,1.0,0.9919992
0,0.0,0.00011762138
1,1.0,0.99933434
0,0.0,6.9088805e-05
0,0.0,0.00011891275
0,0.0,7.553477e-05
1,1.0,0.99972016
1,1.0,0.9989041
0,0.0,7.63848e-05
0,0.0,7.062216e-05
1,1.0,0.99928814
0,0.0,7.0621085e-05
0,0.0,8.072804e-05
1,1.0,0.9992232
0,0.0,0.00011921965
0,0.0,5.858417e-05
0,0.0,6.9638954e-05
0,0.0,0.00020759823
0,0.0,1.6668642e-05
0,0.0,6.981369e-05
0,0.0,7.068252e-05
0,0.0,0.0001278541
0,0.0,6.6486544e-05
1,1.0,0.9994876
0,0.0,0.00011057869
0,0.0,7.0673625e-05
1,1.0,0.9997206
1,1.0,0.9993322
0,0.0,6.571689e-05
0,0.0,1.2066752e-05
0,0.0,7.050413e-05
1,1.0,0.9985307
0,0.0,7.742476e-05
0,0.0,6.912631e-05
0,0.0,8.4464395e-05
1,1.0,0.99923694
0,0.0,6.8904454e-05
0,0.0,0.000113241396
0,0.0,8.028414e-05
1,1.0,0.99972063
0,0.0,7.0349466e-05
0,0.0,1.20296045e-05
0,0.0,0.00011710992
0,0.0,7.0506685e-05
0,0.0,7.016568e-05
0,0.0,0.000113295304
1,1.0,0.99933404
0,0.0,9.861488e-05
0,0.0,7.776062e-05
0,0.0,6.5157896e-05
1,1.0,0.912619
0,0.0,7.742602e-05
0,0.0,0.00011198427
0,0.0,6.91238e-05
0,0.0,0.00011392613
1,1.0,0.99932986
0,0.0,6.3065105e-05
0,0.0,7.068684e-05
1,1.0,0.99972016
0,0.0,6.911438e-05
0,0.0,0.000102166676
1,1.0,0.9997203
0,0.0,8.3915584e-05
0,0.0,0.000119200886
0,0.0,7.6653174e-05
0,0.0,7.016501e-05
0,0.0,0.000118530006
0,0.0,7.151026e-05
0,0.0,7.918727e-05
0,0.0,0.00010344225
0,0.0,0.00011787974
1,1.0,0.99933386
0,0.0,7.043236e-05
0,0.0,7.0090726e-05
0,0.0,6.86541e-05
0,0.0,0.00011373249
0,0.0,7.980715e-05
0,0.0,6.3894666e-05
0,0.0,0.00011762856
0,0.0,0.000117632706
1,1.0,0.9997207
0,0.0,9.5996176e-05
1,1.0,0.99969846
0,0.0,7.98003e-05
1,1.0,0.9996909
0,0.0,9.702312e-05
0,0.0,0.000115144656
0,0.0,6.868842e-05
0,0.0,8.024121e-05
0,0.0,1.2027483e-05
0,0.0,7.218374e-05
1,1.0,0.9993444
0,0.0,7.0163274e-05
0,0.0,7.064533e-05
0,0.0,7.7617195e-05
0,0.0,1.6670328e-05
0,0.0,8.448696e-05
1,1.0,0.99972034
1,1.0,0.99933857
0,0.0,7.211199e-05
0,0.0,0.000119244774
0,0.0,7.0432565e-05
1,1.0,0.9997207
0,0.0,8.027918e-05
0,0.0,8.143884e-05
0,0.0,6.86579e-05
1,1.0,0.7906002
0,0.0,6.571878e-05
0,0.0,8.174445e-05
0,0.0,0.00011627405
1,1.0,0.64432025
0,0.0,0.00011541903
1,1.0,0.9993293
0,0.0,1.6669645e-05
0,0.0,0.00013153239
0,0.0,6.8893416e-05
0,0.0,6.9128815e-05
0,0.0,6.551979e-05
0,0.0,6.9516536e-05
0,0.0,0.00020749039
0,0.0,6.305861e-05
0,0.0,8.17404e-05
0,0.0,8.193723e-05
0,0.0,7.061987e-05
1,1.0,0.99972004
0,0.0,7.663505e-05
0,0.0,6.96112e-05
1,1.0,0.99915445
0,0.0,0.00011848536
0,0.0,7.9816586e-05
0,0.0,0.00013153076
1,1.0,0.9997203
0,0.0,6.413702e-05
0,0.0,0.000117130476
0,0.0,9.5157055e-05
1,1.0,0.9993361
1,1.0,0.9996495
1,1.0,0.99933255
1,1.0,0.8878919
0,0.0,6.678126e-05
1,1.0,0.9993332
0,0.0,1.6669055e-05
0,0.0,0.00010483048
0,0.0,6.409251e-05
0,0.0,6.960157e-05
0,0.0,6.503833e-05
0,0.0,6.403949e-05
1,1.0,0.9958032
1,1.0,0.9997205
0,0.0,7.0161404e-05
1,1.0,0.99933213
1,1.0,0.99933267
0,0.0,7.002358e-05
1,1.0,0.9992677
0,0.0,0.00011363005
0,0.0,7.8413745e-05
1,1.0,0.9997209
0,0.0,7.9202146e-05
0,0.0,6.569133e-05
1,1.0,0.9051441
0,0.0,6.56468e-05
0,0.0,6.864179e-05
0,0.0,6.477393e-05
0,0.0,8.023432e-05
0,0.0,0.000120975084
0,0.0,7.385279e-05
0,0.0,0.0005491326
0,0.0,7.04329e-05
0,0.0,0.00012886192
0,0.0,0.000110931855
1,1.0,0.99783903
0,0.0,7.703922e-05
0,0.0,0.000118533055
0,0.0,0.00011633027
1,1.0,0.9993333
0,0.0,6.981968e-05
0,0.0,6.963151e-05
0,0.0,6.9602036e-05
0,0.0,6.74201e-05
0,0.0,0.00010247031
0,0.0,8.541522e-05
0,0.0,8.1487e-05
0,0.0,7.723577e-05
0,0.0,6.40175e-05
0,0.0,6.866995e-05
0,0.0,0.00011191658
0,0.0,7.011025e-05
0,0.0,7.035584e-05
1,1.0,0.98781574
0,0.0,6.913996e-05
1,1.0,0.99933463
0,0.0,7.6647186e-05
1,1.0,0.99972075
0,0.0,6.748095e-05
0,0.0,0.00011091948
0,0.0,7.0628215e-05
0,0.0,7.027175e-05
0,0.0,7.009146e-05
0,0.0,6.959314e-05
0,0.0,8.395682e-05
0,0.0,7.000088e-05
0,0.0,8.4874155e-05
0,0.0,1.2025968e-05
1,1.0,0.9993442
0,0.0,0.00011703926
1,1.0,0.9998495
0,0.0,8.248931e-05
1,1.0,0.9996715
0,0.0,1.20330815e-05
0,0.0,6.848331e-05
1,1.0,0.9997201
0,0.0,1.6669755e-05
0,0.0,0.00020704002
0,0.0,0.00013150946
0,0.0,6.564442e-05
0,0.0,6.962932e-05
1,1.0,0.9986303
1,1.0,0.99933064
0,0.0,7.552354e-05
0,0.0,0.00010813439
1,1.0,0.99933344
0,0.0,7.0621485e-05
0,0.0,6.56498e-05
1,1.0,0.9995929
1,1.0,0.8285115
1,1.0,0.8707012
0,0.0,9.92689e-05
0,0.0,1.2066199e-05
0,0.0,0.000118519376
0,0.0,7.564621e-05
0,0.0,0.00011627383
0,0.0,7.373344e-05
0,0.0,9.749388e-05
0,0.0,7.0162e-05
0,0.0,6.9946895e-05
0,0.0,4.4093344e-05
0,0.0,6.924441e-05
1,1.0,0.99972063
0,0.0,0.00017738284
0,0.0,0.00020693344
0,0.0,1.2068432e-05
1,1.0,0.999331
0,0.0,0.00013133325
1,1.0,0.9997204
0,0.0,7.753685e-05
0,0.0,6.997859e-05
0,0.0,7.030794e-05
0,0.0,7.5565535e-05
0,0.0,7.043176e-05
0,0.0,7.427444e-05
1,1.0,0.999335
0,0.0,6.914385e-05
1,1.0,0.99972
0,0.0,7.016488e-05
0,0.0,9.861319e-05
0,0.0,1.6670709e-05
0,0.0,8.1110535e-05
0,0.0,6.997806e-05
0,0.0,0.00010339157
0,0.0,1.2028366e-05
0,0.0,7.981933e-05
1,1.0,0.999327
1,1.0,0.9961177
1,1.0,0.99972063
1,1.0,0.9994128
0,0.0,6.8665824e-05
1,1.0,0.9997203
1,1.0,0.98456633
0,0.0,6.3517284e-05
0,0.0,0.000100892605
1,1.0,0.9996286
0,0.0,7.449596e-05
1,1.0,0.9993324
0,0.0,6.565438e-05
1,1.0,0.9993341
1,1.0,0.99972034
0,0.0,6.389296e-05
0,0.0,0.0001024205
0,0.0,6.516119e-05
0,0.0,7.064216e-05
0,0.0,7.016769e-05
0,0.0,1.6670105e-05
1,1.0,0.99972016
0,0.0,6.406648e-05
1,1.0,0.9992718
0,0.0,0.0001314405
0,0.0,7.016917e-05
0,0.0,7.027088e-05
0,0.0,6.913112e-05
0,0.0,0.00011190996
0,0.0,6.960243e-05
0,0.0,6.606436e-05
0,0.0,7.0643844e-05
0,0.0,1.6661601e-05
1,1.0,0.7739607
0,0.0,6.392893e-05
0,0.0,8.175498e-05
1,1.0,0.9220141
0,0.0,7.2151546e-05
0,0.0,7.391119e-05
0,0.0,0.00013149655
1,1.0,0.9993335
1,1.0,0.6435824
0,0.0,0.00011520835
0,0.0,6.287787e-05
1,0.0,0.2536718
1,1.0,0.9993387
0,0.0,7.023022e-05
0,0.0,6.890524e-05
0,0.0,0.00012551213
1,1.0,0.99927545
0,0.0,6.458666e-05
0,0.0,7.861424e-05
0,0.0,5.5010845e-05
0,0.0,6.997539e-05
0,0.0,6.582352e-05
1,1.0,0.9986472
0,0.0,6.960157e-05
0,0.0,0.00011549235
1,1.0,0.99567026
0,0.0,7.7038196e-05
1,1.0,0.99972117
0,0.0,7.705178e-05
0,0.0,1.6670932e-05
0,0.0,7.0646005e-05
0,0.0,0.000110918845
0,0.0,1.668181e-05
0,0.0,1.6669024e-05
0,0.0,7.5445874e-05
0,0.0,8.193973e-05
0,0.0,0.00013584434
1,1.0,0.9993309
0,0.0,6.961757e-05
0,0.0,7.0669244e-05
0,0.0,6.415091e-05
0,0.0,6.868751e-05
1,1.0,0.9844328
0,0.0,0.00011628868
0,0.0,0.00013152765
0,0.0,0.00012141562
0,0.0,6.5724416e-05
0,0.0,6.394709e-05
1,1.0,0.99966955
0,0.0,6.890597e-05
0,0.0,0.00011191818
0,0.0,0.00013154418
0,0.0,6.6946144e-05
0,0.0,6.3007574e-05
0,0.0,6.961843e-05
0,0.0,8.550788e-05
0,0.0,6.959566e-05
1,1.0,0.749599
1,1.0,0.9993266
1,1.0,0.99972135
0,0.0,7.0163274e-05
0,0.0,0.00012602434
1,1.0,0.99928457
0,0.0,6.678068e-05
1,1.0,0.9993364
0,0.0,7.062337e-05
1,1.0,0.9993369
0,0.0,0.00011146607
0,0.0,8.354217e-05
1,1.0,0.99934447
0,0.0,9.865269e-05
0,0.0,8.292576e-05
0,0.0,7.936484e-05
0,0.0,9.916672e-05
0,0.0,7.0699105e-05
1,1.0,0.99963456
1,1.0,0.99974275
0,0.0,0.00010813459
1,1.0,0.9997206
1,1.0,0.72122973
0,0.0,7.0162336e-05
0,0.0,0.000117611395
0,0.0,6.590674e-05
0,0.0,7.016716e-05
1,1.0,0.99933076
0,0.0,8.127948e-05
0,0.0,1.1998795e-05
1,1.0,0.9991644
0,0.0,0.00011891933
0,0.0,6.56545e-05
0,0.0,6.397587e-05
1,1.0,0.9997201
0,0.0,6.912506e-05
1,1.0,0.9995648
0,0.0,0.00011520813
0,0.0,0.0001185343
0,0.0,0.00010356207
1,1.0,0.99933666
0,0.0,7.0038936e-05
0,0.0,7.073526e-05
0,0.0,7.7443816e-05
0,0.0,6.4011765e-05
0,0.0,7.753708e-05
0,0.0,6.464693e-05
0,0.0,0.00013148539
0,0.0,0.00020709369
0,0.0,8.8276734e-05
0,0.0,7.4779666e-05
1,1.0,0.9993342
0,0.0,7.9182515e-05
0,0.0,6.961292e-05
0,0.0,8.587494e-05
1,1.0,0.9997205
0,0.0,7.069668e-05
1,1.0,0.99925774
0,0.0,8.293968e-05
0,0.0,0.000110926354
1,1.0,0.99933124
1,1.0,0.9992498
1,1.0,0.99972034
0,0.0,7.3679534e-05
1,1.0,0.8970668
0,0.0,0.00011549445
0,0.0,6.8903726e-05
0,0.0,9.692399e-05
0,0.0,0.00014093965
1,0.0,0.0066501657
1,1.0,0.99933475
0,0.0,7.388702e-05
1,1.0,0.99970126
0,0.0,0.000112392074
1,1.0,0.99933165
0,0.0,7.014602e-05
1,1.0,0.9997213
0,0.0,7.064533e-05
0,0.0,6.863499e-05
0,0.0,6.3071595e-05
0,0.0,0.000113345646
1,1.0,0.99933285
0,0.0,7.0701535e-05
0,0.0,7.095482e-05
0,0.0,6.912829e-05
0,0.0,7.016488e-05
1,1.0,0.99972063
0,0.0,0.000103809056
0,0.0,7.6632714e-05
1,1.0,0.9993404
1,1.0,0.99972034
0,0.0,7.728985e-05
0,0.0,6.868862e-05
1,1.0,0.9993304
1,1.0,0.99933517
1,1.0,0.99972075
0,0.0,8.29851e-05
1,1.0,0.9993335
0,0.0,6.6089444e-05
0,0.0,6.86361e-05
1,1.0,0.99502516
0,0.0,6.4004314e-05
0,0.0,6.389589e-05
0,0.0,1.2028492e-05
1,1.0,0.98567414
0,0.0,0.00010770525
0,0.0,0.000115110284
0,0.0,6.9444046e-05
1,1.0,0.99396193
0,0.0,8.448784e-05
1,1.0,0.99907666
1,1.0,0.99967873
0,0.0,7.3702235e-05
0,0.0,7.6535434e-05
0,0.0,6.5518536e-05
0,0.0,7.510132e-05
1,1.0,0.9997202
0,0.0,9.947253e-05
0,0.0,6.890511e-05
0,0.0,0.00011203287
0,0.0,7.305581e-05
1,1.0,0.99972093
0,0.0,7.0697155e-05
0,0.0,7.0431015e-05
0,0.0,0.00011577916
0,0.0,7.916432e-05
1,1.0,0.99970686
0,0.0,7.3745534e-05
1,1.0,0.9997206
1,1.0,0.9955528
0,0.0,8.129514e-05
1,1.0,0.99963593
0,0.0,7.064297e-05
1,1.0,0.9997227
0,0.0,0.00011892919
0,0.0,8.250992e-05
0,0.0,0.000119145996
0,0.0,6.847554e-05
0,0.0,7.0432296e-05
1,1.0,0.9992517
0,0.0,7.037396e-05
0,0.0,7.757546e-05
1,1.0,0.9993342
0,0.0,6.317357e-05
0,0.0,7.553023e-05
0,0.0,0.00020742671
1,1.0,0.9993337
0,0.0,9.600203e-05
0,0.0,6.461426e-05
0,0.0,7.507053e-05
0,0.0,6.86862e-05
1,1.0,0.7289455
0,0.0,6.997832e-05
0,0.0,6.542339e-05
0,0.0,6.961332e-05
0,0.0,7.488414e-05
0,0.0,1.6660872e-05
0,0.0,0.00011454649
0,0.0,6.796155e-05
1,1.0,0.99962187
0,0.0,5.884273e-05
0,0.0,6.305782e-05
0,0.0,7.065045e-05
0,0.0,6.9124595e-05
0,0.0,6.960257e-05
1,1.0,0.9986592
0,0.0,7.0649236e-05
1,1.0,0.59874356
0,0.0,7.05967e-05
0,0.0,6.402092e-05
1,1.0,0.9991497
0,0.0,8.1762235e-05
0,0.0,1.2031269e-05
1,1.0,0.9572266
0,0.0,1.6643322e-05
0,0.0,7.526199e-05
0,0.0,7.061947e-05
0,0.0,6.998006e-05
1,1.0,0.9996415
0,0.0,0.00011334435
0,0.0,7.0643175e-05
1,1.0,0.99974024
1,1.0,0.99973136
1,1.0,0.99864835
0,0.0,6.9113e-05
0,0.0,1.1991428e-05
0,0.0,0.00011604564
0,0.0,7.003513e-05
0,0.0,9.9405406e-05
0,0.0,0.00011542168
0,0.0,6.8663925e-05
0,0.0,6.29567e-05
1,0.0,0.39007124
0,0.0,7.733379e-05
1,1.0,0.99972093
1,1.0,0.9997198
1,1.0,0.99933326
0,0.0,6.890563e-05
0,0.0,6.2024475e-05
1,1.0,0.9993968
0,0.0,0.00014227342
0,0.0,1.2031016e-05
0,0.0,7.670824e-05
0,0.0,0.00010763985
1,1.0,0.99966586
0,0.0,7.744049e-05
1,1.0,0.99914366
1,1.0,0.9997203
1,1.0,0.7259803
0,0.0,8.023845e-05
1,1.0,0.9993341
0,0.0,0.00020700191
0,0.0,8.196731e-05
0,0.0,6.2821775e-05
0,0.0,0.00011904878
0,0.0,8.75192e-05
0,0.0,6.857919e-05
0,0.0,1.2029937e-05
0,0.0,7.061246e-05
0,0.0,1.6670645e-05
1,1.0,0.9997204
0,0.0,7.336306e-05
0,0.0,6.95158e-05
0,0.0,7.064593e-05
1,1.0,0.9992785
1,1.0,0.99972004
0,0.0,8.0228885e-05
1,1.0,0.99972004
0,0.0,6.3961845e-05
0,0.0,7.297156e-05
0,0.0,8.0720725e-05
1,1.0,0.99378085
1,1.0,0.9997197
0,0.0,0.00020717231
0,0.0,0.00011412185
1,1.0,0.9990549
0,0.0,7.287713e-05
0,0.0,7.016388e-05
0,0.0,7.0430884e-05
0,0.0,7.4757634e-05
1,1.0,0.99933887
0,0.0,7.0162474e-05
0,0.0,7.069722e-05
0,0.0,7.5905555e-05
1,1.0,0.99592626
0,0.0,6.866078e-05
0,0.0,1.666942e-05
0,0.0,8.959942e-05
0,0.0,7.027457e-05
0,0.0,0.00011914452
0,0.0,7.5022304e-05
0,0.0,8.492046e-05
0,0.0,8.381898e-05
0,0.0,1.6669755e-05
1,1.0,0.9993354
0,0.0,6.648616e-05
1,1.0,0.72178245
0,0.0,6.5017375e-05
1,1.0,0.9993389
0,0.0,0.00020702698
0,0.0,7.449049e-05
1,1.0,0.99972034
0,0.0,8.144312e-05
0,0.0,7.0644855e-05
0,0.0,6.2557534e-05
1,1.0,0.9993321
1,1.0,0.9986483
1,1.0,0.99933106
0,0.0,7.0610105e-05
0,0.0,7.48735e-05
0,0.0,0.000118591044
0,0.0,0.000103434264
0,0.0,8.1441794e-05
1,1.0,0.9160056
0,0.0,6.3096144e-05
0,0.0,0.00013153879
1,1.0,0.9993333
1,1.0,0.7627563
0,0.0,6.559055e-05
0,0.0,1.6683656e-05
1,1.0,0.9914667
0,0.0,6.408346e-05
0,0.0,7.916621e-05
1,1.0,0.9997205
0,0.0,0.0001176326
0,0.0,1.6668944e-05
1,1.0,0.9993336
0,0.0,5.8816033e-05
1,1.0,0.9992426
0,0.0,0.00012096297
1,1.0,0.99901974
0,0.0,7.5075615e-05
1,1.0,0.9996641
0,0.0,7.065732e-05
0,0.0,7.070086e-05
0,0.0,6.9636364e-05
0,0.0,0.00020720925
0,0.0,1.2029904e-05
1,1.0,0.9998593
0,0.0,0.00012007739
0,0.0,7.027215e-05
0,0.0,7.4834235e-05
0,0.0,7.0445465e-05
1,1.0,0.9996005
0,0.0,1.1997834e-05
0,0.0,0.000119581135
1,1.0,0.99972034
1,1.0,0.99933106
0,0.0,0.000118935655
0,0.0,0.000115213734
1,1.0,0.9997206
1,1.0,0.99460644
1,1.0,0.99933076
1,1.0,0.9994949
0,0.0,0.00011629333
1,1.0,0.9993357
0,0.0,0.00011846537
1,1.0,0.9997204
0,0.0,0.000103376195
0,0.0,0.00010774562
0,0.0,8.0279024e-05
0,0.0,7.01608e-05
0,0.0,0.000104464256
1,1.0,0.9328511
0,0.0,0.00010878969
0,0.0,0.000116257535
0,0.0,7.067214e-05
0,0.0,7.011165e-05
0,0.0,1.6670407e-05
0,0.0,6.875933e-05
0,0.0,7.063657e-05
0,0.0,6.4477e-05
0,0.0,6.961637e-05
0,0.0,8.444515e-05
0,0.0,0.00010905174
0,0.0,0.00011197872
1,1.0,0.8838308
0,0.0,8.027764e-05
1,1.0,0.99972075
0,0.0,0.00011139986
1,1.0,0.99933743
1,1.0,0.980341
1,1.0,0.9993412
0,0.0,6.96009e-05
0,0.0,7.0035996e-05
1,1.0,0.76528513
0,0.0,0.00013849462
0,0.0,6.911227e-05
1,1.0,0.9993269
0,0.0,7.05965e-05
0,0.0,7.983943e-05
1,1.0,0.9997205
0,0.0,6.565725e-05
1,1.0,0.9986577
1,1.0,0.99962854
0,0.0,0.00011910942
0,0.0,0.00011134879
0,0.0,8.17383e-05
0,0.0,1.6670121e-05
0,0.0,1.6662842e-05
0,0.0,6.8639565e-05
0,0.0,7.3230745e-05
0,0.0,6.399571e-05
1,1.0,0.9997206
0,0.0,0.0001351325
1,1.0,0.99864805
0,0.0,0.000118523334
0,0.0,0.00020715613
0,0.0,0.00013642889
0,0.0,6.796654e-05
0,0.0,6.255741e-05
0,0.0,6.407448e-05
0,0.0,6.33745e-05
0,0.0,7.0626134e-05
0,0.0,7.062673e-05
0,0.0,0.00013151724
0,0.0,6.571765e-05
0,0.0,7.704282e-05
1,1.0,0.9993329
1,1.0,0.9993326
0,0.0,8.023371e-05
0,0.0,7.552922e-05
0,0.0,7.016026e-05
1,1.0,0.9993224
1,1.0,0.99972
0,0.0,6.4959495e-05
0,0.0,6.293522e-05
0,0.0,0.00010944688
0,0.0,0.00013348478
0,0.0,0.00011582255
0,0.0,6.983672e-05
0,0.0,7.0504e-05
0,0.0,6.397039e-05
0,0.0,6.411293e-05
1,1.0,0.8416653
0,0.0,0.00011176333
0,0.0,0.000103631035
1,1.0,0.99864894
0,0.0,1.6666432e-05
0,0.0,6.997892e-05
0,0.0,0.00020724462
0,0.0,0.00020736836
0,0.0,0.00020757825
1,1.0,0.99901277
1,1.0,0.9996168
1,1.0,0.999387
0,0.0,6.565193e-05
1,1.0,0.9997204
0,0.0,7.010162e-05
0,0.0,7.917391e-05
1,1.0,0.99972063
0,0.0,6.5653876e-05
0,0.0,0.0001106289
0,0.0,6.913336e-05
0,0.0,0.00011846898
1,1.0,0.93783146
0,0.0,0.00010967286
0,0.0,0.00010137228
0,0.0,7.065213e-05
0,0.0,7.0595896e-05
0,0.0,7.0128626e-05
1,1.0,0.7422583
0,0.0,7.01598e-05
1,1.0,0.9997207
1,1.0,0.9997204
0,0.0,6.913224e-05
0,0.0,0.000115764255
1,1.0,0.9993439
1,1.0,0.9993312
1,1.0,0.7416036
1,1.0,0.99945784
0,0.0,0.00011549125
0,0.0,6.572285e-05
0,0.0,0.0002073565
1,1.0,0.9993317
0,0.0,0.00013135393
0,0.0,9.320387e-05
0,0.0,7.5261276e-05
0,0.0,0.00011788075
0,0.0,6.9601636e-05
0,0.0,0.00010789656
0,0.0,0.00010453749
0,0.0,7.050789e-05
1,1.0,0.9996659
0,0.0,0.000115588206
0,0.0,1.2028619e-05
1,1.0,0.99972045
0,0.0,0.00011855554
1,1.0,0.79498816
1,1.0,0.9997201
1,1.0,0.9844978
1,1.0,0.9997211
0,0.0,7.744433e-05
1,1.0,0.999344
1,1.0,0.99972045
1,1.0,0.99972034
1,1.0,0.9993279
0,0.0,1.6670518e-05
0,0.0,7.3674826e-05
0,0.0,6.961637e-05
0,0.0,0.00020716363
0,0.0,7.0161535e-05
0,0.0,6.838607e-05
0,0.0,6.448548e-05
0,0.0,1.204075e-05
0,0.0,0.00011541244
0,0.0,0.00011796183
0,0.0,9.9276855e-05
0,0.0,0.00013152602
0,0.0,6.514733e-05
0,0.0,7.062344e-05
1,1.0,0.99972117
0,0.0,8.1749604e-05
0,0.0,9.861864e-05
0,0.0,0.0001313032
0,0.0,6.868777e-05
0,0.0,7.980274e-05
0,0.0,0.00010240272
0,0.0,0.00020710714
0,0.0,7.155959e-05
0,0.0,7.064593e-05
0,0.0,7.4766904e-05
0,0.0,0.00011762183
1,1.0,0.9994366
0,0.0,8.149073e-05
0,0.0,7.5378994e-05
0,0.0,6.71893e-05
0,0.0,8.230152e-05
1,1.0,0.9996942
0,0.0,5.884329e-05
0,0.0,0.00010724223
1,1.0,0.9991587
0,0.0,7.069931e-05
0,0.0,6.8762674e-05
0,0.0,0.000119241704
0,0.0,0.000103269296
1,1.0,0.99933803
0,0.0,6.186155e-05
1,1.0,0.999257
0,0.0,0.00013152715
0,0.0,6.961239e-05
0,0.0,0.00011663672
0,0.0,7.016568e-05
0,0.0,0.0001185413
1,1.0,0.9993505
0,0.0,0.00011909398
0,0.0,8.446222e-05
0,0.0,7.6408985e-05
1,1.0,0.99902445
0,0.0,7.009413e-05
1,1.0,0.9992787
0,0.0,6.3739964e-05
0,0.0,9.866125e-05
1,1.0,0.9993301
0,0.0,7.003539e-05
1,1.0,0.9993327
0,0.0,6.460378e-05
1,1.0,0.9997206
0,0.0,6.885315e-05
0,0.0,8.2491664e-05
0,0.0,0.00010706383
0,0.0,6.5938366e-05
0,0.0,6.388596e-05
0,0.0,0.000104989136
1,1.0,0.9945404
0,0.0,0.00010566589
0,0.0,6.8691304e-05
0,0.0,6.295022e-05
1,1.0,0.89991164
0,0.0,6.4768734e-05
0,0.0,6.2674866e-05
0,0.0,7.016528e-05
0,0.0,0.00012167931
0,0.0,8.216805e-05
0,0.0,7.061044e-05
0,0.0,7.371011e-05
0,0.0,6.9112204e-05
0,0.0,1.2019043e-05
0,0.0,6.997592e-05
0,0.0,0.00010294709
1,1.0,0.99877614
0,0.0,7.114059e-05
0,0.0,7.0161135e-05
0,0.0,6.9517664e-05
0,0.0,8.2513536e-05
0,0.0,7.062095e-05
0,0.0,8.1490805e-05
0,0.0,0.00020793264
0,0.0,7.389111e-05
0,0.0,6.308736e-05
0,0.0,8.4435254e-05
0,0.0,6.851094e-05
0,0.0,0.00011111247
0,0.0,0.00011334911
0,0.0,5.9185e-05
0,0.0,0.00010567152
0,0.0,6.9125585e-05
0,0.0,6.3907464e-05
0,0.0,7.868069e-05
1,1.0,0.999337
0,0.0,0.00011629333
0,0.0,7.161043e-05
1,1.0,0.99972034
0,0.0,6.291854e-05
1,1.0,0.7502522
0,0.0,6.91155e-05
1,1.0,0.9997205
1,1.0,0.92017215
0,0.0,0.00011191701
0,0.0,6.963789e-05
1,1.0,0.9997198
1,1.0,0.99477595
1,1.0,0.999332
0,0.0,7.064701e-05
0,0.0,7.003426e-05
0,0.0,7.027403e-05
1,1.0,0.9876241
1,1.0,0.61058164
0,0.0,8.669883e-05
0,0.0,6.389406e-05
0,0.0,6.267331e-05
0,0.0,7.06458e-05
1,1.0,0.9991446
0,0.0,0.000102859165
0,0.0,6.337311e-05
0,0.0,0.000115212526
0,0.0,6.8904454e-05
1,1.0,0.9993639
0,0.0,7.7092496e-05
0,0.0,0.00011058892
0,0.0,6.9120906e-05
1,1.0,0.99972045
0,0.0,0.00011634259
0,0.0,7.070329e-05
1,1.0,0.9993371
0,0.0,7.014495e-05
0,0.0,8.2362996e-05
1,1.0,0.9996625
0,0.0,0.00010335372
1,1.0,0.9954506
0,0.0,6.411354e-05
0,0.0,6.9600974e-05
1,0.0,0.020375837
0,0.0,7.486765e-05
1,1.0,0.9992911
0,0.0,8.0860555e-05
0,0.0,6.409984e-05
0,0.0,6.9517926e-05
0,0.0,6.961591e-05
0,0.0,6.500995e-05
1,1.0,0.99972016
0,0.0,6.952044e-05
0,0.0,7.068441e-05
0,0.0,9.866341e-05
1,1.0,0.9993303
0,0.0,8.1489256e-05
1,1.0,0.99933666
1,1.0,0.99933356
0,0.0,7.333494e-05
1,1.0,0.99972016
0,0.0,9.9167475e-05
1,1.0,0.9997208
0,0.0,6.500331e-05
0,0.0,0.0001190791
0,0.0,0.00020762913
0,0.0,7.640345e-05
1,1.0,0.61176187
0,0.0,0.0001314924
0,0.0,0.00010497712
1,0.0,0.39074883
0,0.0,6.997819e-05
1,1.0,0.9993388
1,1.0,0.9992431
0,0.0,7.506717e-05
0,0.0,8.174789e-05
1,1.0,0.9997205
0,0.0,7.728013e-05
0,0.0,7.332074e-05
0,0.0,7.016783e-05
0,0.0,9.2701106e-05
0,0.0,6.500995e-05
1,1.0,0.9997184
0,0.0,0.00012173734
0,0.0,6.3988206e-05
1,1.0,0.9997202
0,0.0,0.00013152476
0,0.0,6.866805e-05
0,0.0,8.446351e-05
0,0.0,7.0683935e-05
0,0.0,7.36841e-05
1,1.0,0.99972
1,1.0,0.9993432
0,0.0,6.961664e-05
0,0.0,7.017238e-05
1,1.0,0.9997203
1,1.0,0.9969707
0,0.0,1.2034137e-05
0,0.0,0.00010401208
1,1.0,0.9997203
1,1.0,0.9997204
0,0.0,7.009253e-05
0,0.0,7.062311e-05
0,0.0,7.281231e-05
0,0.0,6.446858e-05
0,0.0,7.016609e-05
1,1.0,0.999335
1,1.0,0.99972093
0,0.0,6.4045715e-05
0,0.0,6.493633e-05
0,0.0,7.0166556e-05
0,0.0,0.000118519376
0,0.0,6.9517395e-05
0,0.0,7.984879e-05
0,0.0,1.20187915e-05
0,0.0,8.175763e-05
1,1.0,0.99932927
0,0.0,7.705391e-05
0,0.0,7.016408e-05
1,0.0,0.19555706
0,0.0,6.565375e-05
0,0.0,7.069681e-05
0,0.0,0.00011911692
1,1.0,0.9993674
1,1.0,0.99929273
0,0.0,9.8657954e-05
0,0.0,6.997752e-05
0,0.0,0.00011915134
0,0.0,0.00011572055
1,1.0,0.99961555
0,0.0,0.00011712578
0,0.0,0.00010636809
0,0.0,6.9113325e-05
0,0.0,7.704893e-05
1,1.0,0.99454087
0,0.0,8.247813e-05
1,1.0,0.9993359
1,1.0,0.9993335
1,1.0,0.9987124
0,0.0,0.00011308105
1,1.0,0.99932873
1,1.0,0.99912745
0,0.0,6.920955e-05
0,0.0,6.323167e-05
0,0.0,7.153782e-05
1,1.0,0.90303683
1,1.0,0.9997207
0,0.0,8.294696e-05
0,0.0,0.000117676806
0,0.0,8.477886e-05
0,0.0,7.449759e-05
0,0.0,9.866181e-05
0,0.0,0.00011923442
0,0.0,7.0168695e-05
0,0.0,0.0001304241
1,1.0,0.9993404
0,0.0,7.0504e-05
0,0.0,7.0701535e-05
0,0.0,5.8618258e-05
0,0.0,6.7591274e-05
0,0.0,6.698599e-05
1,1.0,0.99932766
1,1.0,0.99972034
0,0.0,6.890419e-05
0,0.0,7.016408e-05
1,1.0,0.9996265
0,0.0,0.000118520285
0,0.0,8.413521e-05
0,0.0,7.059947e-05
1,1.0,0.99933535
0,0.0,7.0165755e-05
1,1.0,0.99947405
0,0.0,0.000108123044
0,0.0,0.00011320069
0,0.0,1.2028676e-05
0,0.0,9.526337e-05
0,0.0,7.349981e-05
1,1.0,0.9993324
0,0.0,7.632765e-05
1,0.0,0.1785271
1,1.0,0.99933547
0,0.0,0.000109873625
1,1.0,0.9821288
1,1.0,0.99964607
0,0.0,6.5612076e-05
0,0.0,6.408481e-05
0,0.0,1.6670963e-05
0,0.0,7.050447e-05
1,1.0,0.99972004
0,0.0,6.864114e-05
0,0.0,6.86934e-05
0,0.0,7.607317e-05
1,1.0,0.99888366
0,0.0,1.66695e-05
0,0.0,1.2029353e-05
1,1.0,0.9989876
1,1.0,0.9992897
0,0.0,6.9637754e-05
1,1.0,0.9997097
1,1.0,0.9993338
0,0.0,8.442793e-05
0,0.0,6.96112e-05
0,0.0,6.407185e-05
0,0.0,9.9639525e-05
1,1.0,0.99932986
0,0.0,0.00014224944
0,0.0,0.00011058396
0,0.0,1.2066142e-05
1,1.0,0.9991458
0,0.0,8.193567e-05
0,0.0,7.0162336e-05
1,1.0,0.9993334
0,0.0,0.0001155677
1,1.0,0.99871224
0,0.0,7.050178e-05
0,0.0,6.392435e-05
0,0.0,7.016308e-05
0,0.0,8.324856e-05
1,1.0,0.99972004
0,0.0,7.366597e-05
0,0.0,0.000103906015
0,0.0,0.00010365049
0,0.0,7.0094335e-05
1,1.0,0.9991459
0,0.0,6.199875e-05
1,1.0,0.99972075
0,0.0,6.8640744e-05
1,1.0,0.99933195
0,0.0,0.00020742453
0,0.0,1.66695e-05
0,0.0,7.041322e-05
0,0.0,8.2470426e-05
1,1.0,0.73398995
0,0.0,0.0001314988
1,1.0,0.9992689
0,0.0,6.885434e-05
0,0.0,0.00012621556
0,0.0,1.2024352e-05
1,1.0,0.99972045
1,1.0,0.99933475
0,0.0,7.016582e-05
0,0.0,7.5572745e-05
1,1.0,0.70505816
0,0.0,1.6701279e-05
0,0.0,7.043371e-05
0,0.0,6.969183e-05
0,0.0,7.552124e-05
1,1.0,0.99925697
0,0.0,0.00010991408
0,0.0,7.947799e-05
0,0.0,6.941379e-05
0,0.0,6.353643e-05
1,1.0,0.9954682
0,0.0,0.00013111254
0,0.0,8.178282e-05
0,0.0,6.9627466e-05
1,1.0,0.9997205
0,0.0,8.133608e-05
1,1.0,0.99933344
0,0.0,0.00011332219
0,0.0,7.0684815e-05
1,1.0,0.99933183
0,0.0,6.9614245e-05
0,0.0,7.06863e-05
1,1.0,0.99972075
0,0.0,6.3943065e-05
1,1.0,0.9997205
0,0.0,6.572034e-05
0,0.0,7.062001e-05
0,0.0,6.9601105e-05
0,0.0,6.293894e-05
0,0.0,7.024134e-05
0,0.0,0.00010774798
0,0.0,6.79622e-05
0,0.0,8.023302e-05
1,1.0,0.9993283
1,1.0,0.99962234
1,1.0,0.8098867
0,0.0,8.762299e-05
0,0.0,1.6644275e-05
0,0.0,7.06227e-05
0,0.0,0.00011179083
0,0.0,7.009253e-05
0,0.0,6.959845e-05
0,0.0,6.4066844e-05
0,0.0,7.070248e-05
0,0.0,9.318974e-05
0,0.0,0.000111987465
0,0.0,7.350556e-05
1,1.0,0.99933666
0,0.0,6.403405e-05
0,0.0,8.294205e-05
1,1.0,0.9993307
0,0.0,6.91387e-05
0,0.0,6.677744e-05
0,0.0,0.00011321678
0,0.0,6.875585e-05
0,0.0,7.064155e-05
1,1.0,0.99972034
0,0.0,0.00013150633
0,0.0,7.0430884e-05
0,0.0,6.9639485e-05
0,0.0,6.869248e-05
1,1.0,0.9991649
0,0.0,6.564893e-05
0,0.0,0.0001192118
1,1.0,0.9993349
0,0.0,7.708875e-05
0,0.0,0.0001096692
0,0.0,0.0002069796
1,1.0,0.9962714
0,0.0,0.00011281362
0,0.0,1.668749e-05
1,1.0,0.9997207
1,1.0,0.99864686
0,0.0,6.5519285e-05
0,0.0,0.00010015928
0,0.0,7.486143e-05
0,0.0,7.015993e-05
0,0.0,9.988668e-05
0,0.0,6.866196e-05
0,0.0,0.00020983805
1,1.0,0.9993345
0,0.0,0.000119167016
0,0.0,7.0089656e-05
1,1.0,0.9997201
0,0.0,7.003466e-05
0,0.0,6.5078726e-05
0,0.0,6.4130356e-05
0,0.0,6.910977e-05
0,0.0,7.064445e-05
0,0.0,0.00020694746
0,0.0,1.6669119e-05
0,0.0,7.608761e-05
0,0.0,6.784953e-05
0,0.0,5.861356e-05
1,1.0,0.9997211
1,1.0,0.99934375
0,0.0,9.866266e-05
0,0.0,6.6794e-05
1,1.0,0.9997271
0,0.0,6.853649e-05
1,1.0,0.99972075
0,0.0,6.410363e-05
0,0.0,6.962169e-05
1,1.0,0.9993334
0,0.0,7.067174e-05
0,0.0,7.0031456e-05
0,0.0,7.00376e-05
0,0.0,0.00011062309
0,0.0,6.9683185e-05
1,1.0,0.9994285
1,1.0,0.9993369
1,1.0,0.9997212
0,0.0,7.525287e-05
1,1.0,0.99942607
0,0.0,7.135522e-05
0,0.0,7.142773e-05
1,1.0,0.9995728
0,0.0,4.4502434e-05
0,0.0,1.982711e-05
0,0.0,5.4203025e-05
0,0.0,6.07669e-05
0,0.0,4.4812467e-05
0,0.0,6.5787244e-05
1,1.0,0.9995626
1,1.0,0.9995616
0,0.0,4.28892e-05
1,1.0,0.9982128
0,0.0,5.428942e-05
0,0.0,5.9365208e-05
1,1.0,0.99976
0,0.0,4.8097143e-05
0,0.0,5.7017427e-05
1,1.0,0.99956095
1,1.0,0.9958123
0,0.0,2.1023821e-05
0,0.0,0.0001078585
0,0.0,6.832539e-05
0,0.0,8.7434106e-05
0,0.0,8.271686e-05
0,0.0,4.428753e-05
0,0.0,4.522814e-05
0,0.0,8.265742e-05
1,1.0,0.99879867
0,0.0,4.512457e-05
0,0.0,5.724303e-05
0,0.0,1.0393799e-05
0,0.0,4.5229302e-05
0,0.0,7.344692e-05
1,1.0,0.9993429
0,0.0,4.270917e-05
0,0.0,4.5911704e-05
0,0.0,4.5226803e-05
0,0.0,5.934772e-05
1,1.0,0.9994034
0,0.0,5.6932717e-05
0,0.0,4.813371e-05
1,1.0,0.9997654
1,1.0,0.9988187
1,1.0,0.99956304
0,0.0,4.4816396e-05
1,1.0,0.99392265
0,0.0,8.154001e-05
1,1.0,0.9994106
0,0.0,4.6059355e-05
0,0.0,8.1498656e-05
1,1.0,0.99976856
0,0.0,1.149244e-05
0,0.0,4.5352528e-05
1,1.0,0.999678
0,0.0,4.5784036e-05
0,0.0,5.108563e-05
0,0.0,5.2641277e-05
0,0.0,7.1041344e-05
0,0.0,1.4490896e-05
0,0.0,4.6247376e-05
0,0.0,7.539272e-05
0,0.0,4.510005e-05
0,0.0,4.5135326e-05
1,1.0,0.99957275
0,0.0,7.133223e-05
1,1.0,0.99939114
0,0.0,5.7500336e-05
0,0.0,4.4222543e-05
0,0.0,4.9849456e-05
0,0.0,4.5882727e-05
1,1.0,0.9968978
0,0.0,5.1218605e-05
0,0.0,8.175202e-05
1,1.0,0.9997647
0,0.0,7.9510515e-05
0,0.0,8.252117e-05
0,0.0,7.529982e-05
0,0.0,4.803801e-05
0,0.0,4.5909426e-05
0,0.0,8.1908634e-05
0,0.0,7.3446216e-05
0,0.0,5.3253127e-05
1,1.0,0.9995594
0,0.0,4.470691e-05
0,0.0,1.9800524e-05
1,1.0,0.99957085
0,0.0,8.742911e-05
0,0.0,4.437255e-05
1,1.0,0.9997657
1,1.0,0.9997625
1,1.0,0.99955523
0,0.0,1.9804189e-05
0,0.0,4.5910037e-05
1,1.0,0.99355286
0,0.0,4.5310077e-05
0,0.0,7.971648e-05
1,1.0,0.9991243
1,1.0,0.9995554
0,0.0,8.266711e-05
0,0.0,4.422022e-05
1,1.0,0.99955577
0,0.0,5.4914923e-05
0,0.0,4.8441267e-05
1,1.0,0.9997658
0,0.0,5.1349773e-05
0,0.0,7.9817044e-05
0,0.0,5.3261356e-05
0,0.0,4.4769065e-05
0,0.0,4.624839e-05
0,0.0,5.8100915e-05
0,0.0,7.1490555e-05
1,1.0,0.9995147
1,1.0,0.9995274
0,0.0,0.000107839056
0,0.0,4.523737e-05
0,0.0,4.784535e-05
0,0.0,4.448016e-05
1,1.0,0.9996283
1,1.0,0.9993722
0,0.0,8.816788e-05
1,1.0,0.98571557
0,0.0,4.913786e-05
1,1.0,0.99385023
1,1.0,0.9959039
0,0.0,4.6375764e-05
0,0.0,5.2164836e-05
0,0.0,4.4221993e-05
0,0.0,4.422389e-05
0,0.0,1.9786328e-05
1,1.0,0.999562
0,0.0,8.2650484e-05
1,1.0,0.99961567
0,0.0,4.61733e-05
0,0.0,6.219718e-05
1,1.0,0.9936557
0,0.0,4.5127752e-05
0,0.0,6.539768e-05
1,1.0,0.99930775
0,0.0,5.1086216e-05
0,0.0,4.710532e-05
0,0.0,7.137176e-05
0,0.0,4.5907193e-05
0,0.0,4.5215285e-05
0,0.0,4.531029e-05
0,0.0,3.8971786e-05
0,0.0,8.814854e-05
1,1.0,0.9995206
0,0.0,5.7007204e-05
1,1.0,0.99975985
0,0.0,7.982039e-05
0,0.0,4.5125515e-05
1,1.0,0.9994096
1,1.0,0.99962926
1,1.0,0.9992806
1,1.0,0.9993959
0,0.0,5.695509e-05
1,1.0,0.9995845
0,0.0,4.9860722e-05
0,0.0,6.091183e-05
0,0.0,4.786506e-05
0,0.0,4.5421173e-05
0,0.0,8.330907e-05
0,0.0,3.9332874e-05
0,0.0,7.539122e-05
0,0.0,4.51287e-05
0,0.0,3.9332535e-05
0,0.0,6.375522e-05
0,0.0,7.5760276e-05
1,1.0,0.9995579
0,0.0,4.696354e-05
0,0.0,4.5420828e-05
0,0.0,4.5955327e-05
0,0.0,4.4661225e-05
0,0.0,4.8109432e-05
0,0.0,6.201051e-05
0,0.0,4.558433e-05
1,1.0,0.9995553
0,0.0,2.1023961e-05
0,0.0,5.657546e-05
0,0.0,4.4379703e-05
0,0.0,4.630537e-05
0,0.0,5.9347607e-05
1,1.0,0.9994126
0,0.0,3.904652e-05
0,0.0,5.568894e-05
0,0.0,5.8966365e-05
0,0.0,6.765053e-05
0,0.0,4.6586665e-05
0,0.0,6.953337e-05
1,1.0,0.9994993
0,0.0,4.6157544e-05
0,0.0,4.4813834e-05
0,0.0,0.00012650943
1,1.0,0.9993866
0,0.0,4.5910037e-05
0,0.0,7.259275e-05
0,0.0,8.6350476e-05
0,0.0,4.5286877e-05
0,0.0,5.280503e-05
0,0.0,3.8996473e-05
1,1.0,0.99976426
0,0.0,5.7042547e-05
1,1.0,0.99962795
0,0.0,0.000120026554
0,0.0,7.977155e-05
1,1.0,0.99976766
1,1.0,0.99880624
0,0.0,4.609244e-05
0,0.0,3.822554e-05
1,1.0,0.99976826
1,1.0,0.9997602
0,0.0,1.9799316e-05
0,0.0,7.85749e-05
1,1.0,0.9995748
0,0.0,8.196114e-05
0,0.0,4.443077e-05
0,0.0,8.508817e-05
1,1.0,0.99976
1,1.0,0.9954362
0,0.0,7.9817044e-05
1,1.0,0.99976367
0,0.0,5.076729e-05
0,0.0,4.50936e-05
0,0.0,6.8485075e-05
0,0.0,5.9422076e-05
0,0.0,8.509418e-05
0,0.0,1.0175684e-05
0,0.0,4.4221444e-05
0,0.0,5.047707e-05
0,0.0,7.164145e-05
1,1.0,0.9986511
0,0.0,4.590934e-05
0,0.0,4.528718e-05
0,0.0,6.575613e-05
1,1.0,0.99976945
0,0.0,5.7005247e-05
1,1.0,0.9961697
0,0.0,4.5311546e-05
1,1.0,0.9995727
0,0.0,8.576617e-05
0,0.0,4.7153047e-05
0,0.0,4.4766715e-05
0,0.0,5.397185e-05
1,1.0,0.9996442
0,0.0,0.00012002816
1,1.0,0.9987733
1,1.0,0.99932677
0,0.0,6.593654e-05
0,0.0,4.5139503e-05
0,0.0,4.7851285e-05
0,0.0,7.17828e-05
0,0.0,4.4768465e-05
0,0.0,5.256653e-05
1,1.0,0.9995681
0,0.0,5.6584955e-05
1,1.0,0.9997432
1,1.0,0.9997676
0,0.0,5.3274158e-05
0,0.0,4.916279e-05
1,1.0,0.9995946
1,1.0,0.9995741
0,0.0,4.481409e-05
1,1.0,0.99952894
1,1.0,0.99876326
1,1.0,0.9980567
0,0.0,5.3038748e-05
0,0.0,5.655524e-05
0,0.0,1.9770183e-05
1,1.0,0.99912775
0,0.0,5.0459454e-05
0,0.0,4.785229e-05
0,0.0,4.6093668e-05
0,0.0,6.946841e-05
0,0.0,4.6097008e-05
1,1.0,0.99423194
0,0.0,4.4503453e-05
0,0.0,4.5879882e-05
0,0.0,4.542152e-05
0,0.0,4.789351e-05
1,1.0,0.998319
0,0.0,5.089308e-05
0,0.0,7.414804e-05
0,0.0,8.174968e-05
1,1.0,0.9995593
1,1.0,0.9997597
0,0.0,4.591017e-05
0,0.0,4.528545e-05
0,0.0,4.716483e-05
0,0.0,4.628431e-05
0,0.0,7.268571e-05
0,0.0,6.403173e-05
0,0.0,4.6135185e-05
1,1.0,0.99876904
0,0.0,4.5307395e-05
0,0.0,5.5353787e-05
1,1.0,0.9994003
0,0.0,2.1032844e-05
0,0.0,0.00010780657
1,1.0,0.99445456
0,0.0,5.0630806e-05
0,0.0,4.6557216e-05
0,0.0,8.3366365e-05
1,1.0,0.99930763
0,0.0,1.038409e-05
0,0.0,3.8952465e-05
0,0.0,4.528139e-05
0,0.0,4.5228957e-05
0,0.0,4.5239005e-05
1,1.0,0.9987838
0,0.0,6.556003e-05
1,1.0,0.9995701
1,1.0,0.9997609
1,1.0,0.9997667
0,0.0,4.6962912e-05
0,0.0,5.5048993e-05
0,0.0,4.481486e-05
1,1.0,0.99975955
0,0.0,6.8659145e-05
0,0.0,5.9252885e-05
0,0.0,4.7070924e-05
0,0.0,5.5194498e-05
0,0.0,7.0447946e-05
1,1.0,0.99329203
1,1.0,0.9995674
0,0.0,5.3364307e-05
0,0.0,5.280347e-05
0,0.0,4.945569e-05
0,0.0,4.5110544e-05
1,1.0,0.9979169
1,1.0,0.9995667
0,0.0,4.2625838e-05
0,0.0,4.6795398e-05
0,0.0,4.5125948e-05
0,0.0,6.431199e-05
0,0.0,5.349974e-05
0,0.0,6.946292e-05
0,0.0,1.9797899e-05
1,1.0,0.9995615
0,0.0,7.981788e-05
0,0.0,4.5421042e-05
0,0.0,4.4813834e-05
1,1.0,0.99776536
0,0.0,8.509045e-05
0,0.0,7.5009298e-06
0,0.0,4.542074e-05
0,0.0,6.6897e-05
0,0.0,4.5979e-05
0,0.0,4.7567384e-05
0,0.0,6.0884246e-05
0,0.0,4.4432e-05
0,0.0,7.9832804e-05
1,1.0,0.99712604
0,0.0,4.462436e-05
1,1.0,0.9995693
1,1.0,0.9997681
0,0.0,4.45018e-05
0,0.0,4.4431446e-05
0,0.0,4.51389e-05
0,0.0,4.6059577e-05
0,0.0,4.4299697e-05
0,0.0,7.971937e-05
0,0.0,4.498296e-05
1,1.0,0.99976707
0,0.0,4.4502776e-05
0,0.0,4.6266658e-05
1,1.0,0.99955803
0,0.0,4.4219927e-05
0,0.0,4.4959674e-05
1,1.0,0.9997658
0,0.0,1.0388181e-05
1,1.0,0.99371743
0,0.0,4.5286313e-05
0,0.0,5.652822e-05
0,0.0,4.442988e-05
0,0.0,8.2517545e-05
0,0.0,5.0732782e-05
0,0.0,5.531653e-05
1,1.0,0.9995594
0,0.0,4.4918957e-05
0,0.0,7.9804115e-05
0,0.0,8.822204e-05
0,0.0,8.191707e-05
0,0.0,1.9799014e-05
1,1.0,0.99962556
0,0.0,6.2433806e-05
0,0.0,6.661474e-05
1,1.0,0.99956346
0,0.0,4.491913e-05
1,1.0,0.9995572
0,0.0,8.2520455e-05
1,1.0,0.9945458
0,0.0,4.609424e-05
0,0.0,4.606142e-05
0,0.0,4.522305e-05
0,0.0,4.4429074e-05
0,0.0,4.513765e-05
1,1.0,0.9995676
0,0.0,4.5239267e-05
0,0.0,1.9806304e-05
0,0.0,7.679249e-05
1,1.0,0.99935085
0,0.0,5.3340755e-05
0,0.0,1.0392115e-05
0,0.0,2.1025444e-05
0,0.0,2.1024842e-05
0,0.0,8.26523e-05
1,1.0,0.99957025
0,0.0,4.490392e-05
0,0.0,4.54158e-05
0,0.0,4.7850554e-05
1,1.0,0.99940354
1,1.0,0.99976337
0,0.0,4.522883e-05
1,1.0,0.9994757
1,1.0,0.9995612
0,0.0,4.498442e-05
0,0.0,5.3333228e-05
1,1.0,0.9995765
0,0.0,4.513989e-05
0,0.0,7.122171e-05
1,1.0,0.99956656
0,0.0,6.84258e-05
1,1.0,0.999765
0,0.0,8.1497106e-05
0,0.0,4.5096265e-05
0,0.0,4.5423163e-05
0,0.0,4.49571e-05
1,1.0,0.9995741
0,0.0,4.542273e-05
0,0.0,4.5229906e-05
0,0.0,5.936549e-05
0,0.0,4.945065e-05
0,0.0,4.6243895e-05
0,0.0,4.6059882e-05
0,0.0,5.083187e-05
1,1.0,0.9997679
1,1.0,0.999558
1,1.0,0.99956715
1,1.0,0.99976784
0,0.0,5.399172e-05
0,0.0,6.749589e-05
0,0.0,1.0392779e-05
0,0.0,4.510039e-05
0,0.0,0.00010780482
1,1.0,0.99957585
1,1.0,0.99976623
0,0.0,5.829149e-05
1,1.0,0.99933386
0,0.0,5.624978e-05
0,0.0,8.822541e-05
1,1.0,0.9997602
1,1.0,0.9991002
0,0.0,8.184742e-05
1,1.0,0.99878913
0,0.0,9.647051e-05
1,1.0,0.9994536
0,0.0,8.5114545e-05
0,0.0,5.6953733e-05
0,0.0,1.0385982e-05
0,0.0,8.190176e-05
0,0.0,4.443467e-05
0,0.0,4.8047677e-05
1,1.0,0.9995641
0,0.0,7.857993e-05
0,0.0,8.259627e-05
0,0.0,4.5285928e-05
0,0.0,4.2683598e-05
0,0.0,1.0385002e-05
0,0.0,5.9365095e-05
1,1.0,0.9997631
0,0.0,6.6578345e-05
1,1.0,0.9995615
0,0.0,7.0586604e-05
0,0.0,5.548867e-05
0,0.0,0.000107675274
1,1.0,0.99953103
0,0.0,4.7265057e-05
1,1.0,0.99956846
1,1.0,0.99976724
0,0.0,0.000107938744
0,0.0,4.8981874e-05
0,0.0,4.6246805e-05
1,1.0,0.9997656
0,0.0,4.5238274e-05
1,1.0,0.9989371
0,0.0,6.543773e-05
0,0.0,0.00010770586
0,0.0,8.363382e-05
0,0.0,4.4083972e-05
0,0.0,3.858048e-05
1,1.0,0.9997655
1,1.0,0.99956566
0,0.0,4.8605623e-05
0,0.0,0.00010789018
0,0.0,7.148101e-05
0,0.0,4.5311634e-05
0,0.0,8.271489e-05
0,0.0,0.00010781141
0,0.0,2.1024682e-05
1,1.0,0.9997615
0,0.0,4.491857e-05
0,0.0,4.514118e-05
0,0.0,0.00012643852
0,0.0,4.534924e-05
0,0.0,4.450269e-05
0,0.0,6.5813285e-05
1,1.0,0.9997659
1,1.0,0.99957675
0,0.0,3.949747e-05
0,0.0,7.981636e-05
1,1.0,0.9995582
0,0.0,4.450197e-05
0,0.0,4.5364508e-05
1,1.0,0.99976176
0,0.0,7.56994e-05
1,1.0,0.99832624
1,1.0,0.99311745
0,0.0,4.9987888e-05
1,1.0,0.99956733
1,1.0,0.9993976
0,0.0,0.00012023389
0,0.0,6.293498e-05
0,0.0,4.6101668e-05
0,0.0,5.2792395e-05
0,0.0,4.7853337e-05
0,0.0,6.625237e-05
0,0.0,6.9475704e-05
0,0.0,6.4856744e-05
0,0.0,4.784736e-05
0,0.0,3.905639e-05
0,0.0,4.3875527e-05
0,0.0,8.1918006e-05
0,0.0,7.30246e-05
0,0.0,6.6713656e-05
0,0.0,8.331105e-05
0,0.0,4.8263784e-05
1,1.0,0.99938387
0,0.0,5.8556245e-05
0,0.0,4.492067e-05
0,0.0,5.2920575e-05
1,1.0,0.9996721
0,0.0,5.107876e-05
0,0.0,4.5278888e-05
0,0.0,7.637431e-05
0,0.0,1.9773068e-05
0,0.0,0.000103512124
0,0.0,3.943988e-05
0,0.0,7.5382636e-06
1,1.0,0.99837524
1,1.0,0.9989332
0,0.0,8.330931e-05
0,0.0,2.10383e-05
1,1.0,0.99873644
0,0.0,6.653704e-05
0,0.0,5.2122476e-05
0,0.0,8.26627e-05
1,1.0,0.9995651
0,0.0,5.598296e-05
1,1.0,0.99585253
0,0.0,5.2157324e-05
0,0.0,4.831868e-05
1,1.0,0.9997673
0,0.0,4.5350105e-05
0,0.0,8.509182e-05
0,0.0,4.5420566e-05
0,0.0,8.816552e-05
0,0.0,4.4430813e-05
1,1.0,0.99957085
0,0.0,4.6244953e-05
0,0.0,6.9499765e-05
0,0.0,5.8914095e-05
0,0.0,6.032153e-05
0,0.0,7.977003e-05
1,1.0,0.9936189
1,1.0,0.9995741
1,1.0,0.9995703
1,1.0,0.9997626
0,0.0,5.6024564e-05
0,0.0,4.530982e-05
0,0.0,2.1024562e-05
0,0.0,4.7057412e-05
0,0.0,4.623737e-05
1,1.0,0.9995721
1,1.0,0.999572
1,1.0,0.9997652
0,0.0,5.6031673e-05
1,1.0,0.9994124
0,0.0,5.009765e-05
0,0.0,5.2731717e-05
0,0.0,4.5138167e-05
0,0.0,7.9828766e-05
0,0.0,6.6637615e-05
0,0.0,7.166201e-05
0,0.0,4.44306e-05
0,0.0,8.822566e-05
1,1.0,0.9981828
1,1.0,0.9995664
0,0.0,9.9229626e-05
0,0.0,8.1962695e-05
0,0.0,4.4957316e-05
0,0.0,2.1007547e-05
0,0.0,5.3462005e-05
0,0.0,8.743352e-05
0,0.0,6.715286e-05
0,0.0,4.5788795e-05
0,0.0,2.1017788e-05
0,0.0,7.540473e-05
0,0.0,6.955744e-05
0,0.0,5.655718e-05
0,0.0,5.489121e-05
0,0.0,4.9150603e-05
0,0.0,4.51287e-05
0,0.0,5.2601936e-05
0,0.0,6.626285e-05
0,0.0,5.463276e-05
0,0.0,4.5286662e-05
0,0.0,6.652974e-05
0,0.0,8.508225e-05
0,0.0,8.336438e-05
1,1.0,0.99582523
0,0.0,4.2870266e-05
0,0.0,4.606098e-05
0,0.0,9.150753e-05
0,0.0,4.9418966e-05
0,0.0,5.057623e-05
1,1.0,0.9995579
0,0.0,4.6093843e-05
0,0.0,2.1025344e-05
1,1.0,0.99938345
1,1.0,0.9995677
0,0.0,0.00012005964
0,0.0,7.058277e-05
1,1.0,0.9993806
0,0.0,5.1252515e-05
1,1.0,0.95642567
0,0.0,7.971291e-05
1,1.0,0.9995583
0,0.0,0.000107742024
0,0.0,4.9398142e-05
1,1.0,0.99976534
0,0.0,5.798457e-05
1,1.0,0.99938273
0,0.0,4.626582e-05
0,0.0,4.5123536e-05
0,0.0,5.292527e-05
0,0.0,0.00012645854
0,0.0,4.5310593e-05
0,0.0,4.47665e-05
0,0.0,4.9415947e-05
1,1.0,0.999569
0,0.0,1.0373005e-05
1,1.0,0.99879026
0,0.0,4.514058e-05
0,0.0,4.5907764e-05
1,1.0,0.9995665
0,0.0,5.325028e-05
0,0.0,5.468733e-05
0,0.0,1.9766638e-05
0,0.0,2.1025324e-05
0,0.0,6.862307e-05
0,0.0,9.350307e-05
1,1.0,0.9990547
0,0.0,8.265182e-05
1,1.0,0.9997598
1,1.0,0.99976903
0,0.0,8.167838e-05
0,0.0,4.705773e-05
0,0.0,4.450163e-05
1,1.0,0.99825716
0,0.0,6.766647e-05
0,0.0,6.756968e-05
0,0.0,7.679483e-05
1,1.0,0.9944349
1,1.0,0.99956816
0,0.0,4.813945e-05
0,0.0,4.8341353e-05
1,1.0,0.9971802
0,0.0,8.27145e-05
0,0.0,8.2660255e-05
0,0.0,4.6160625e-05
0,0.0,0.000120220364
1,1.0,0.9946033
0,0.0,3.944244e-05
1,1.0,0.9993748
1,1.0,0.99976057
0,0.0,3.8991937e-05
0,0.0,3.8477607e-05
1,1.0,0.99935085
0,0.0,5.1745585e-05
0,0.0,7.145478e-05
1,1.0,0.99878997
0,0.0,7.8577825e-05
0,0.0,3.830831e-05
0,0.0,4.6060715e-05
0,0.0,4.5095705e-05
0,0.0,4.4813405e-05
0,0.0,4.5123794e-05
0,0.0,4.7846857e-05
0,0.0,4.528381e-05
0,0.0,4.5422817e-05
0,0.0,4.591188e-05
0,0.0,5.5656707e-05
1,1.0,0.9985433
0,0.0,8.856004e-05
0,0.0,3.8226488e-05
0,0.0,4.5093424e-05
1,1.0,0.99976903
0,0.0,5.280287e-05
0,0.0,0.00010767476
0,0.0,7.020384e-05
0,0.0,4.495556e-05
0,0.0,4.535214e-05
1,1.0,0.9997625
0,0.0,1.0379437e-05
0,0.0,5.697742e-05
0,0.0,7.857715e-05
1,1.0,0.9992051
0,0.0,7.6612545e-05
0,0.0,6.3409076e-05
1,1.0,0.9987597
1,1.0,0.99976873
1,1.0,0.99976593
0,0.0,6.4577915e-05
0,0.0,8.509864e-05
0,0.0,1.9767713e-05
1,1.0,0.99429005
0,0.0,4.5311805e-05
0,0.0,4.5423596e-05
0,0.0,6.9547306e-05
1,1.0,0.9997656
0,0.0,1.0380734e-05
0,0.0,4.8024358e-05
1,1.0,0.999768
1,1.0,0.99956006
0,0.0,4.491823e-05
0,0.0,4.5422687e-05
0,0.0,4.5097426e-05
0,0.0,6.6570035e-05
1,1.0,0.9995626
0,0.0,8.742485e-05
0,0.0,1.97952e-05
0,0.0,4.5284974e-05
1,1.0,0.999568
1,1.0,0.9993524
0,0.0,8.2663646e-05
1,1.0,0.9997702
0,0.0,4.779856e-05
0,0.0,6.662274e-05
1,1.0,0.99467736
0,0.0,4.784517e-05
0,0.0,0.00010765524
1,1.0,0.99876726
0,0.0,6.67127e-05
1,1.0,0.9992036
1,1.0,0.99878544
1,1.0,0.9997666
0,0.0,0.00010778499
0,0.0,8.5093365e-05
0,0.0,4.814271e-05
0,0.0,4.7016823e-05
0,0.0,4.494141e-05
0,0.0,4.4767014e-05
0,0.0,4.492037e-05
0,0.0,1.794124e-05
0,0.0,4.4958517e-05
0,0.0,4.830661e-05
0,0.0,6.495317e-05
1,1.0,0.999114
0,0.0,8.252125e-05
0,0.0,5.1069903e-05
1,1.0,0.9992028
0,0.0,1.9808816e-05
0,0.0,4.7855847e-05
1,1.0,0.9937835
1,1.0,0.99953663
0,0.0,7.969095e-05
1,1.0,0.9995624
0,0.0,6.516293e-05
0,0.0,4.5287954e-05
0,0.0,5.0592003e-05
1,1.0,0.999572
0,0.0,4.422119e-05
1,1.0,0.99937165
0,0.0,7.9829835e-05
0,0.0,4.609143e-05
1,1.0,0.9994159
1,1.0,0.99997836
0,0.0,1.4744549e-05
0,0.0,8.363199e-05
0,0.0,6.6544526e-05
0,0.0,0.00010765987
0,0.0,5.220908e-05
0,0.0,4.5352874e-05
0,0.0,4.590321e-05
0,0.0,4.984874e-05
0,0.0,6.776908e-05
0,0.0,4.5233057e-05
0,0.0,7.9819176e-05
0,0.0,4.5136963e-05
0,0.0,5.1520077e-05
0,0.0,4.8518425e-05
0,0.0,7.347213e-05
1,1.0,0.9992542
0,0.0,1.0386012e-05
1,1.0,0.99490374
1,1.0,0.99957395
1,1.0,0.9995593
0,0.0,4.5099834e-05
1,1.0,0.9992647
0,0.0,4.8668244e-05
1,1.0,0.99976146
1,1.0,0.9998099
0,0.0,6.555966e-05
1,1.0,0.9993754
1,1.0,0.9997645
0,0.0,2.1024041e-05
0,0.0,4.4093722e-05
0,0.0,0.000107798034
0,0.0,1.976856e-05
0,0.0,4.5127752e-05
1,1.0,0.95966756
0,0.0,4.6748126e-05
0,0.0,4.4813834e-05
1,1.0,0.9999816
1,1.0,0.9995619
0,0.0,4.4956672e-05
0,0.0,4.289333e-05
0,0.0,7.0443646e-05
0,0.0,4.5902816e-05
0,0.0,6.492636e-05
0,0.0,0.000107693246
1,1.0,0.9995557
0,0.0,4.5422385e-05
1,1.0,0.99940753
0,0.0,4.5310335e-05
0,0.0,4.6248922e-05
0,0.0,8.508752e-05
1,1.0,0.99956244
0,0.0,4.6464917e-05
0,0.0,7.539243e-05
0,0.0,4.495637e-05
0,0.0,5.42845e-05
1,1.0,0.99940044
0,0.0,5.3796626e-05
1,1.0,0.9991914
1,1.0,0.99976325
1,1.0,0.9995728
0,0.0,4.513976e-05
1,1.0,0.9995659
0,0.0,7.558428e-05
0,0.0,7.158879e-05
0,0.0,4.7566293e-05
1,1.0,0.9972414
0,0.0,5.82727e-05
0,0.0,6.0367453e-05
0,0.0,6.711784e-05
0,0.0,0.00010765976
0,0.0,6.946041e-05
0,0.0,8.26627e-05
0,0.0,5.427741e-05
0,0.0,4.7053556e-05
0,0.0,8.205264e-05
1,1.0,0.99894047
0,0.0,4.616221e-05
0,0.0,4.6094636e-05
0,0.0,5.894674e-05
0,0.0,4.4768123e-05
0,0.0,4.4500906e-05
1,1.0,0.99952465
0,0.0,4.5308952e-05
1,1.0,0.99957085
0,0.0,4.5407007e-05
0,0.0,1.9804906e-05
0,0.0,2.1007487e-05
0,0.0,5.3512194e-05
0,0.0,4.5040433e-05
0,0.0,0.00012021887
1,1.0,0.9995668
0,0.0,5.336965e-05
0,0.0,4.5137393e-05
0,0.0,8.074228e-05
0,0.0,5.9370985e-05
0,0.0,4.9620707e-05
1,1.0,0.9995688
0,0.0,4.443153e-05
0,0.0,5.1006384e-05
0,0.0,5.152902e-05
0,0.0,1.03877255e-05
0,0.0,4.530973e-05
0,0.0,1.0386429e-05
0,0.0,4.6544348e-05
0,0.0,4.6248482e-05
0,0.0,7.349939e-05
1,1.0,0.9995738
0,0.0,4.6230005e-05
0,0.0,6.671461e-05
0,0.0,4.6345478e-05
1,1.0,0.9930754
0,0.0,8.813855e-05
0,0.0,4.50982e-05
1,1.0,0.99976814
1,1.0,0.9993975
0,0.0,6.633633e-06
1,1.0,0.99940675
0,0.0,0.00010797787
0,0.0,4.5305755e-05
0,0.0,6.839357e-05
0,0.0,0.00010800238
0,0.0,7.857655e-05
0,0.0,6.350408e-05
0,0.0,6.23749e-05
0,0.0,4.5126762e-05
0,0.0,4.4220855e-05
1,1.0,0.9994816
1,1.0,0.99587506
0,0.0,0.000107697444
0,0.0,2.1025364e-05
0,0.0,4.784809e-05
0,0.0,3.9280203e-05
0,0.0,4.5035194e-05
0,0.0,4.591013e-05
0,0.0,4.5227793e-05
0,0.0,4.4501077e-05
0,0.0,4.6161946e-05
0,0.0,0.00012648678
0,0.0,4.528601e-05
0,0.0,5.0568367e-05
0,0.0,4.522995e-05
0,0.0,1.0597431e-05
0,0.0,4.5099532e-05
0,0.0,4.9670743e-05
0,0.0,4.4223638e-05
0,0.0,1.9804169e-05
0,0.0,4.4813234e-05
0,0.0,8.265214e-05
0,0.0,3.9754283e-05
0,0.0,5.7045378e-05
1,1.0,0.9997676
1,1.0,0.99941605
0,0.0,0.00010785602
0,0.0,4.8133847e-05
0,0.0,4.696081e-05
0,0.0,5.9359096e-05
0,0.0,5.3031163e-05
0,0.0,4.5113215e-05
1,1.0,0.99976707
0,0.0,4.5228917e-05
0,0.0,4.448966e-05
0,0.0,4.7852107e-05
1,1.0,0.99470913
1,1.0,0.9994148
0,0.0,6.662415e-05
0,0.0,7.662117e-05
0,0.0,7.058075e-05
0,0.0,4.5286488e-05
1,1.0,0.9994007
0,0.0,4.4307642e-05
0,0.0,5.349362e-05
0,0.0,4.9575392e-05
0,0.0,7.024898e-05
0,0.0,1.9795596e-05
0,0.0,5.725837e-05
0,0.0,0.00012644347
1,1.0,0.9978996
0,0.0,0.00010759059
1,1.0,0.9995726
0,0.0,5.323972e-05
0,0.0,4.4812125e-05
0,0.0,4.7849822e-05
0,0.0,4.624654e-05
0,0.0,4.62431e-05
1,1.0,0.99925107
0,0.0,2.10315e-05
1,1.0,0.9995724
1,1.0,0.99776083
1,1.0,0.99957114
0,0.0,6.661423e-05
0,0.0,4.8140915e-05
1,1.0,0.9987823
0,0.0,6.1197476e-05
0,0.0,4.5352008e-05
1,1.0,0.9997635
0,0.0,7.15398e-05
1,1.0,0.9994272
0,0.0,0.0001077929
0,0.0,4.6241337e-05
0,0.0,4.623031e-05
0,0.0,4.6656467e-05
0,0.0,4.5351662e-05
0,0.0,4.6123045e-05
0,0.0,0.00010780647
0,0.0,4.6559926e-05
1,1.0,0.9994007
1,1.0,0.99956506
0,0.0,5.2277534e-05
1,1.0,0.99952525
1,1.0,0.9995607
0,0.0,0.00012022335
0,0.0,5.9031467e-05
0,0.0,6.6826484e-05
0,0.0,6.058626e-05
1,1.0,0.99956846
0,0.0,1.038944e-05
1,1.0,0.9992712
0,0.0,8.074582e-05
1,1.0,0.9995729
0,0.0,4.495324e-05
0,0.0,8.175404e-05
0,0.0,4.4276305e-05
1,1.0,0.99976474
1,1.0,0.9992512
0,0.0,4.428998e-05
0,0.0,4.5309644e-05
1,1.0,0.99942046
0,0.0,4.530947e-05
0,0.0,6.5387765e-05
1,1.0,0.9993562
0,0.0,8.185e-05
0,0.0,9.349781e-05
0,0.0,4.5910085e-05
0,0.0,0.00010780688
0,0.0,2.1023841e-05
0,0.0,7.1349845e-05
0,0.0,4.7856396e-05
0,0.0,5.1824594e-05
0,0.0,7.661415e-05
1,1.0,0.99899274
0,0.0,8.3370025e-05
0,0.0,4.784517e-05
1,1.0,0.99976736
1,1.0,0.9995684
0,0.0,4.5888326e-05
0,0.0,1.9831099e-05
0,0.0,4.5420307e-05
1,1.0,0.9935642
0,0.0,3.927594e-05
0,0.0,4.4917502e-05
0,0.0,5.337382e-05
1,1.0,0.99939567
0,0.0,4.422157e-05
0,0.0,4.90302e-05
0,0.0,5.7009434e-05
1,1.0,0.9997613
0,0.0,4.7569018e-05
0,0.0,1.9798787e-05
0,0.0,0.0001264419
0,0.0,4.542126e-05
0,0.0,4.6095207e-05
0,0.0,4.9137296e-05
1,1.0,0.99956304
0,0.0,0.00012023871
0,0.0,5.9674883e-05
0,0.0,1.0590015e-05
1,1.0,0.9993875
0,0.0,3.927504e-05
0,0.0,8.271442e-05
0,0.0,4.4914716e-05
0,0.0,5.1460316e-05
1,1.0,0.999566
0,0.0,1.0157408e-05
0,0.0,4.784722e-05
1,1.0,0.999765
0,0.0,4.495989e-05
0,0.0,4.6635472e-05
1,1.0,0.9997626
0,0.0,3.9045513e-05
0,0.0,8.200539e-05
0,0.0,5.5504217e-05
0,0.0,4.535404e-05
0,0.0,7.983128e-05
0,0.0,6.2913015e-05
0,0.0,5.680213e-05
0,0.0,4.622445e-05
0,0.0,8.094919e-05
1,1.0,0.9995622
0,0.0,4.4814304e-05
0,0.0,4.512513e-05
0,0.0,6.761584e-05
0,0.0,5.3676613e-05
0,0.0,5.6996985e-05
0,0.0,5.487509e-05
0,0.0,8.0741964e-05
0,0.0,8.0745434e-05
1,1.0,0.9997678
0,0.0,5.178419e-05
1,1.0,0.9996161
0,0.0,5.7004865e-05
1,1.0,0.9996376
0,0.0,4.7482456e-05
0,0.0,8.822608e-05
0,0.0,4.4431235e-05
0,0.0,5.69734e-05
0,0.0,1.9796957e-05
0,0.0,6.3709595e-05
1,1.0,0.9988112
0,0.0,4.609437e-05
0,0.0,4.528623e-05
0,0.0,5.0151608e-05
0,0.0,2.1024922e-05
0,0.0,5.791162e-05
1,1.0,0.99976903
1,1.0,0.99957484
0,0.0,6.536015e-05
0,0.0,8.196778e-05
0,0.0,4.4814773e-05
1,1.0,0.9997675
0,0.0,5.6996876e-05
0,0.0,3.824049e-05
0,0.0,6.760707e-05
1,1.0,0.9944296
0,0.0,4.5891567e-05
0,0.0,5.8935282e-05
0,0.0,7.9773985e-05
1,1.0,0.9952389
0,0.0,8.816888e-05
1,1.0,0.9995603
0,0.0,2.1024482e-05
0,0.0,8.508809e-05
0,0.0,6.5660075e-05
0,0.0,4.49181e-05
0,0.0,4.6550427e-05
0,0.0,4.605997e-05
0,0.0,0.00010775652
0,0.0,7.8574005e-05
0,0.0,5.8922695e-05
0,0.0,5.9366906e-05
0,0.0,4.5308476e-05
1,1.0,0.9997639
0,0.0,4.4483215e-05
0,0.0,4.5901546e-05
1,1.0,0.9993976
0,0.0,7.981339e-05
0,0.0,5.7018842e-05
0,0.0,8.508736e-05
1,1.0,0.9997644
0,0.0,5.1197025e-05
0,0.0,0.00012649884
0,0.0,6.219172e-05
1,1.0,0.999571
1,1.0,0.9990628
1,1.0,0.9995691
1,1.0,0.9995169
0,0.0,7.636848e-05
1,1.0,0.99956435
0,0.0,2.1024121e-05
0,0.0,4.8919886e-05
0,0.0,1.0374548e-05
0,0.0,4.5138426e-05
0,0.0,1.0596451e-05
0,0.0,1.0385339e-05
1,1.0,0.99802417
1,1.0,0.99976605
0,0.0,4.5351317e-05
1,1.0,0.9995645
1,1.0,0.9995595
0,0.0,4.622555e-05
1,1.0,0.9994154
0,0.0,4.8648475e-05
0,0.0,6.0255876e-05
1,1.0,0.9997701
0,0.0,6.1187086e-05
0,0.0,4.615794e-05
1,1.0,0.9994189
0,0.0,4.615587e-05
0,0.0,4.4506254e-05
0,0.0,5.4024684e-05
0,0.0,5.695178e-05
0,0.0,5.1102103e-05
0,0.0,6.25431e-05
0,0.0,0.00020084612
0,0.0,4.4814988e-05
0,0.0,5.1828156e-05
0,0.0,8.3629835e-05
1,1.0,0.99961317
0,0.0,5.6523262e-05
0,0.0,7.982123e-05
0,0.0,7.971405e-05
1,1.0,0.9995696
0,0.0,7.135189e-05
0,0.0,7.042471e-05
0,0.0,4.513864e-05
0,0.0,7.569175e-05
0,0.0,4.766601e-05
0,0.0,4.434357e-05
0,0.0,3.847966e-05
0,0.0,5.780403e-05
0,0.0,1.03894e-05
0,0.0,4.477026e-05
0,0.0,8.265159e-05
0,0.0,4.515358e-05
0,0.0,6.356207e-05
1,1.0,0.9993701
0,0.0,4.4943168e-05
1,1.0,0.99956447
0,0.0,4.448419e-05
1,1.0,0.99976206
0,0.0,7.583227e-05
0,0.0,8.363239e-05
0,0.0,4.531293e-05
0,0.0,4.7856942e-05
0,0.0,4.5125515e-05
0,0.0,4.509407e-05
0,0.0,3.9681785e-05
0,0.0,4.6238558e-05
0,0.0,5.7849473e-05
0,0.0,1.9795634e-05
1,1.0,0.9987898
0,0.0,0.00012651486
1,1.0,0.99976236
0,0.0,5.9372684e-05
1,1.0,0.99970853
0,0.0,1.9801828e-05
0,0.0,6.768105e-05
1,1.0,0.9997626
0,0.0,2.1024562e-05
0,0.0,0.00010781161
0,0.0,8.510918e-05
0,0.0,4.6153273e-05
0,0.0,4.5122633e-05
1,1.0,0.99823684
1,1.0,0.99956477
0,0.0,4.428116e-05
0,0.0,8.1536746e-05
1,1.0,0.99956197
0,0.0,4.531029e-05
0,0.0,4.616318e-05
1,1.0,0.99961656
1,1.0,0.9968214
1,1.0,0.9994103
0,0.0,0.00012002747
0,0.0,1.9830628e-05
0,0.0,8.1445214e-05
0,0.0,6.114858e-05
0,0.0,7.9773374e-05
0,0.0,6.6978326e-05
0,0.0,4.6587375e-05
0,0.0,4.5351317e-05
0,0.0,4.523073e-05
0,0.0,9.557719e-05
0,0.0,6.847966e-05
1,1.0,0.9997639
0,0.0,8.2776765e-05
0,0.0,0.00010760147
0,0.0,1.9832538e-05
1,1.0,0.9995616
0,0.0,8.5139385e-05
1,1.0,0.99976486
0,0.0,3.8995506e-05
0,0.0,4.5239784e-05
0,0.0,6.655005e-05
0,0.0,4.4309923e-05
0,0.0,4.4814176e-05
0,0.0,6.870349e-05
1,1.0,0.9995692
0,0.0,4.4944027e-05
1,1.0,0.99976665
0,0.0,4.6095076e-05
0,0.0,0.00012023251
0,0.0,2.1025182e-05
0,0.0,5.5653047e-05
0,0.0,4.5239784e-05
0,0.0,4.615631e-05
0,0.0,1.9797712e-05
0,0.0,5.7004596e-05
1,1.0,0.9995543
1,1.0,0.99849886
1,1.0,0.99976176
1,1.0,0.9995279
0,0.0,4.4768425e-05
1,1.0,0.99976355
1,1.0,0.9992848
0,0.0,5.171303e-05
0,0.0,4.7597696e-05
1,1.0,0.9995618
0,0.0,6.698203e-05
1,1.0,0.9995662
0,0.0,4.6156485e-05
1,1.0,0.99956423
1,1.0,0.9997685
0,0.0,5.4882992e-05
0,0.0,4.7741978e-05
0,0.0,7.1575276e-05
0,0.0,4.528459e-05
0,0.0,4.6097008e-05
0,0.0,2.1024782e-05
1,1.0,0.99976724
0,0.0,1.038617e-05
1,1.0,0.9994535
0,0.0,8.510594e-05
0,0.0,4.6097186e-05
0,0.0,4.7848727e-05
0,0.0,4.49196e-05
0,0.0,8.265214e-05
0,0.0,4.5138382e-05
0,0.0,1.0782521e-05
0,0.0,4.5286142e-05
0,0.0,2.101931e-05
1,1.0,0.99456877
0,0.0,1.0388072e-05
0,0.0,5.8930953e-05
1,1.0,0.9994489
0,0.0,6.956023e-05
0,0.0,4.288482e-05
0,0.0,8.507924e-05
1,1.0,0.9995679
1,1.0,0.9950379
0,0.0,8.814065e-05
0,0.0,1.0177519e-05
1,1.0,0.99772656
1,1.0,0.9995749
0,0.0,7.141322e-05
0,0.0,4.4221782e-05
0,0.0,5.2660704e-05
1,1.0,0.99948156
0,0.0,5.356652e-05
0,0.0,6.053116e-05
0,0.0,9.107913e-05
0,0.0,4.523724e-05
0,0.0,7.0875285e-05
1,1.0,0.99892366
0,0.0,4.513834e-05
0,0.0,8.836501e-05
1,1.0,0.99916345
0,0.0,5.652402e-05
1,1.0,0.99976134
0,0.0,3.9338764e-05
0,0.0,2.1025324e-05
0,0.0,4.5287394e-05
0,0.0,8.363079e-05
0,0.0,2.1032323e-05
0,0.0,2.1024081e-05
0,0.0,6.698088e-05
0,0.0,5.9354905e-05
0,0.0,5.7329995e-05
1,1.0,0.99956137
0,0.0,4.5165038e-05
0,0.0,4.784955e-05
0,0.0,5.1220362e-05
0,0.0,4.4430006e-05
1,1.0,0.9982583
0,0.0,7.9773374e-05
0,0.0,8.50919e-05
0,0.0,5.1011102e-05
0,0.0,4.5895944e-05
0,0.0,1.0391501e-05
1,1.0,0.99957204
0,0.0,4.4222455e-05
0,0.0,8.265222e-05
0,0.0,8.5084925e-05
0,0.0,7.672366e-05
0,0.0,1.0173598e-05
0,0.0,4.5098586e-05
0,0.0,5.7760717e-05
0,0.0,4.5076573e-05
1,1.0,0.9952027
1,1.0,0.99955416
1,1.0,0.99976844
0,0.0,4.5352615e-05
0,0.0,4.8918486e-05
1,1.0,0.99941987
0,0.0,7.630763e-05
1,1.0,0.9995736
0,0.0,4.5309644e-05
1,1.0,0.99957466
0,0.0,5.4237873e-05
0,0.0,3.861538e-05
1,1.0,0.9988134
0,0.0,0.0001202128
0,0.0,6.0838804e-05
0,0.0,6.1279636e-05
0,0.0,0.000120064564
0,0.0,4.5228917e-05
1,1.0,0.99957234
1,1.0,0.99979985
0,0.0,8.153869e-05
1,1.0,0.99976844
1,1.0,0.9957614
0,0.0,4.5351448e-05
0,0.0,8.074474e-05
0,0.0,6.299388e-05
0,0.0,4.6096175e-05
1,1.0,0.9995626
0,0.0,5.9394148e-05
0,0.0,1.9771955e-05
1,1.0,0.99939233
0,0.0,8.1756225e-05
0,0.0,4.6158686e-05
0,0.0,1.0389232e-05
1,1.0,0.9997652
0,0.0,4.4660843e-05
1,1.0,0.99956656
0,0.0,8.813981e-05
0,0.0,7.9821075e-05
0,0.0,4.6314904e-05
1,1.0,0.99957097
0,0.0,4.624932e-05
0,0.0,6.705846e-05
0,0.0,3.945854e-05
0,0.0,1.0387092e-05
0,0.0,3.898926e-05
0,0.0,5.3955893e-05
0,0.0,8.510464e-05
0,0.0,0.00010766377
0,0.0,9.0684196e-05
0,0.0,6.682445e-05
1,1.0,0.99957
0,0.0,5.6797966e-05
0,0.0,4.5904086e-05
0,0.0,4.400891e-05
1,1.0,0.9997677
0,0.0,4.5227105e-05
1,1.0,0.99940485
0,0.0,5.291144e-05
0,0.0,8.363239e-05
1,1.0,0.99956393
1,1.0,0.9993833
1,1.0,0.9997606
0,0.0,4.2687952e-05
1,1.0,0.99959
0,0.0,8.836543e-05
0,0.0,4.4221022e-05
0,0.0,4.6638674e-05
0,0.0,5.562153e-05
1,1.0,0.9817295
1,1.0,0.99957013
0,0.0,4.2862415e-05
1,1.0,0.99962956
0,0.0,4.970842e-05
1,1.0,0.99956644
0,0.0,4.5346384e-05
1,1.0,0.9997675
0,0.0,4.528571e-05
0,0.0,4.4501758e-05
0,0.0,7.857371e-05
0,0.0,4.9186514e-05
1,1.0,0.99956346
0,0.0,4.522952e-05
0,0.0,6.582164e-05
0,0.0,4.491883e-05
0,0.0,4.6095294e-05
1,1.0,0.9997663
0,0.0,4.8274418e-05
0,0.0,4.4483764e-05
1,1.0,0.9992342
1,1.0,0.99976695
0,0.0,5.694526e-05
0,0.0,4.4431235e-05
1,1.0,0.9995599
1,1.0,0.9995722
1,1.0,0.99976456
0,0.0,9.030484e-05
1,1.0,0.9995656
0,0.0,7.538992e-05
0,0.0,4.4502733e-05
1,1.0,0.9993457
0,0.0,1.0386666e-05
0,0.0,5.4873675e-05
0,0.0,1.9797824e-05
1,1.0,0.99925226
0,0.0,8.108943e-05
0,0.0,8.826295e-05
0,0.0,7.058741e-05
1,1.0,0.99708
0,0.0,5.7910074e-05
1,1.0,0.99933094
1,1.0,0.99964714
0,0.0,6.539881e-05
0,0.0,5.7624064e-05
0,0.0,4.6553578e-05
0,0.0,6.0575054e-05
1,1.0,0.99976665
0,0.0,4.848919e-05
0,0.0,4.4221822e-05
0,0.0,8.2660015e-05
0,0.0,6.8149755e-05
1,1.0,0.9997695
0,0.0,4.5227967e-05
0,0.0,4.481315e-05
0,0.0,7.95112e-05
0,0.0,5.6777168e-05
1,1.0,0.99962586
0,0.0,4.522167e-05
1,1.0,0.999761
1,1.0,0.997707
0,0.0,5.9394544e-05
1,1.0,0.9995769
0,0.0,4.528506e-05
1,1.0,0.99976796
0,0.0,8.175693e-05
0,0.0,5.9431197e-05
0,0.0,8.189661e-05
0,0.0,6.7664856e-05
0,0.0,4.4814646e-05
1,1.0,0.9993894
0,0.0,6.7114255e-05
0,0.0,3.9492876e-05
1,1.0,0.9995697
0,0.0,7.85707e-05
0,0.0,4.4278164e-05
0,0.0,0.00010782188
1,1.0,0.99957156
0,0.0,5.1802363e-05
0,0.0,5.2172698e-05
0,0.0,4.306096e-05
0,0.0,4.442933e-05
1,1.0,0.99482256
0,0.0,4.5240387e-05
0,0.0,5.379211e-05
0,0.0,4.509781e-05
0,0.0,4.2927422e-05
0,0.0,2.101883e-05
0,0.0,5.5259166e-05
0,0.0,6.6710985e-05
1,1.0,0.99971026
0,0.0,9.939564e-05
0,0.0,7.85746e-05
0,0.0,4.5329612e-05
0,0.0,4.4917542e-05
0,0.0,4.5138167e-05
1,1.0,0.9992028
0,0.0,6.6619315e-05
1,1.0,0.9937635
0,0.0,4.530463e-05
0,0.0,1.0385516e-05
1,1.0,0.9993936
0,0.0,5.893787e-05
0,0.0,1.9800242e-05
1,1.0,0.9968028
0,0.0,2.1007527e-05
0,0.0,5.598253e-05
0,0.0,4.530878e-05
0,0.0,4.5239525e-05
1,1.0,0.9995847
0,0.0,4.918009e-05
0,0.0,4.528528e-05
1,1.0,0.9997948
1,1.0,0.9997777
1,1.0,0.998936
0,0.0,4.4958088e-05
0,0.0,1.9765544e-05
0,0.0,5.1338313e-05
0,0.0,4.624751e-05
0,0.0,4.760405e-05
0,0.0,8.8168716e-05
0,0.0,4.476667e-05
0,0.0,5.3334345e-05
1,1.0,0.99834514
0,0.0,6.6372006e-05
1,1.0,0.9997691
1,1.0,0.99976236
1,1.0,0.9995673
0,0.0,4.4221822e-05
0,0.0,5.151344e-05
1,1.0,0.99942917
0,0.0,7.272648e-05
0,0.0,1.9800014e-05
0,0.0,4.6334517e-05
0,0.0,4.8717506e-05
1,1.0,0.9995755
0,0.0,6.916826e-05
1,1.0,0.9993909
1,1.0,0.9997636
1,1.0,0.995897
0,0.0,5.695433e-05
1,1.0,0.99956715
0,0.0,0.000107598695
0,0.0,6.42572e-05
0,0.0,5.303905e-05
0,0.0,7.979574e-05
0,0.0,4.4585864e-05
0,0.0,4.4432505e-05
0,0.0,1.9799088e-05
0,0.0,4.814101e-05
0,0.0,2.1025124e-05
1,1.0,0.9997615
0,0.0,6.6651475e-05
0,0.0,4.605931e-05
0,0.0,4.528623e-05
1,1.0,0.9994311
1,1.0,0.99976003
0,0.0,5.6940917e-05
1,1.0,0.999767
0,0.0,1.0388013e-05
0,0.0,5.9362603e-05
0,0.0,5.7713154e-05
1,1.0,0.9981471
1,1.0,0.9997617
0,0.0,0.00010770648
0,0.0,5.293274e-05
1,1.0,0.9993431
0,0.0,6.6779474e-05
0,0.0,4.609455e-05
0,0.0,4.4813918e-05
0,0.0,4.4429158e-05
1,1.0,0.99957544
0,0.0,4.6093977e-05
0,0.0,4.5228655e-05
0,0.0,6.794386e-05
1,1.0,0.9986193
0,0.0,6.759044e-05
0,0.0,2.1024362e-05
0,0.0,4.5536795e-05
0,0.0,4.785475e-05
0,0.0,8.1900274e-05
0,0.0,6.1499515e-05
0,0.0,6.296956e-05
0,0.0,3.8942067e-05
0,0.0,2.1024562e-05
1,1.0,0.9995728
0,0.0,7.6639e-05
1,1.0,0.99607164
0,0.0,7.3758194e-05
1,1.0,0.99957573
0,0.0,0.00010777255
0,0.0,6.695948e-05
1,1.0,0.99976075
0,0.0,3.8242677e-05
0,0.0,4.528554e-05
0,0.0,8.743818e-05
1,1.0,0.99956703
1,1.0,0.99893606
1,1.0,0.99955827
0,0.0,4.8139173e-05
0,0.0,4.2907977e-05
0,0.0,7.972576e-05
0,0.0,4.8868358e-05
0,0.0,3.8241767e-05
1,1.0,0.9983295
0,0.0,7.857363e-05
0,0.0,8.5093285e-05
1,1.0,0.9995703
1,1.0,0.9952163
0,0.0,4.627875e-05
0,0.0,2.1033506e-05
1,1.0,0.9993336
0,0.0,1.038621e-05
0,0.0,5.6802834e-05
1,1.0,0.9997676
0,0.0,8.074397e-05
0,0.0,2.1024041e-05
1,1.0,0.9995711
0,0.0,9.946088e-05
1,1.0,0.99939513
0,0.0,5.3354637e-05
1,1.0,0.99933034
0,0.0,5.8753973e-05
1,1.0,0.99973387
0,0.0,6.661722e-05
0,0.0,4.5229866e-05
0,0.0,4.590794e-05
0,0.0,0.00010777913
0,0.0,1.9799052e-05
1,1.0,0.9997702
0,0.0,4.029897e-05
0,0.0,4.7845944e-05
0,0.0,4.288376e-05
0,0.0,4.5407054e-05
1,1.0,0.999621
0,0.0,1.9771125e-05
0,0.0,4.9636987e-05
1,1.0,0.99976325
1,1.0,0.99956626
0,0.0,8.17609e-05
0,0.0,8.813846e-05
1,1.0,0.99976796
1,1.0,0.9989595
1,1.0,0.99956495
1,1.0,0.9995501
0,0.0,7.977535e-05
1,1.0,0.9995718
0,0.0,8.149741e-05
1,1.0,0.9997617
0,0.0,4.60594e-05
0,0.0,8.103338e-05
0,0.0,5.699329e-05
0,0.0,4.5351142e-05
0,0.0,4.6467576e-05
1,1.0,0.99938613
0,0.0,4.905512e-05
0,0.0,7.976584e-05
0,0.0,6.660483e-05
0,0.0,7.120501e-05
0,0.0,2.1024962e-05
0,0.0,6.7575485e-05
0,0.0,4.5333934e-05
0,0.0,5.350898e-05
0,0.0,4.509992e-05
0,0.0,5.323591e-05
0,0.0,3.81618e-05
0,0.0,8.271505e-05
1,1.0,0.9994382
0,0.0,5.69847e-05
1,1.0,0.99976486
0,0.0,4.948801e-05
1,1.0,0.99957556
1,1.0,0.9992079
1,1.0,0.9988007
0,0.0,4.5133733e-05
0,0.0,4.624769e-05
1,1.0,0.9941616
0,0.0,4.4887394e-05
0,0.0,4.4957917e-05
1,1.0,0.999554
0,0.0,4.813449e-05
0,0.0,5.7044235e-05
1,1.0,0.9997656
0,0.0,4.6157762e-05
1,1.0,0.99920166
1,1.0,0.9996413
0,0.0,7.980761e-05
0,0.0,5.059707e-05
0,0.0,5.8933427e-05
0,0.0,2.1024782e-05
0,0.0,2.1020072e-05
0,0.0,6.7614164e-05
0,0.0,5.9617214e-05
0,0.0,1.0390371e-05
1,1.0,0.99976766
0,0.0,5.6316283e-05
1,1.0,0.99893785
0,0.0,7.981735e-05
0,0.0,0.000107867134
0,0.0,5.4719574e-05
0,0.0,6.669267e-05
0,0.0,8.74386e-05
0,0.0,1.0386468e-05
0,0.0,5.128136e-05
0,0.0,4.531232e-05
0,0.0,4.531215e-05
0,0.0,8.508987e-05
0,0.0,4.589034e-05
0,0.0,5.65272e-05
1,1.0,0.99956656
1,1.0,0.9995618
0,0.0,5.6963512e-05
0,0.0,4.4293825e-05
0,0.0,4.5350018e-05
1,1.0,0.9995892
1,1.0,0.9997615
0,0.0,1.4492251e-05
0,0.0,5.332997e-05
0,0.0,4.818924e-05
0,0.0,5.390334e-05
0,0.0,5.0906965e-05
0,0.0,4.7985443e-05
0,0.0,4.5420522e-05
0,0.0,1.03891425e-05
0,0.0,1.0395891e-05
1,1.0,0.9976586
0,0.0,4.9995135e-05
0,0.0,4.634486e-05
1,1.0,0.9989342
0,0.0,2.1022417e-05
0,0.0,4.5240216e-05
0,0.0,0.000107810374
0,0.0,0.00010768811
0,0.0,0.00010771131
1,1.0,0.998717
1,1.0,0.9995154
1,1.0,0.9995009
0,0.0,4.616318e-05
1,1.0,0.99976987
0,0.0,4.5111407e-05
0,0.0,5.6808145e-05
1,1.0,0.9997657
0,0.0,4.616102e-05
0,0.0,8.3308514e-05
0,0.0,6.833119e-05
0,0.0,8.1497026e-05
1,1.0,0.99815035
0,0.0,8.25192e-05
0,0.0,4.833785e-05
0,0.0,4.532987e-05
0,0.0,4.5304158e-05
0,0.0,7.131937e-05
1,1.0,0.99599767
0,0.0,4.5350105e-05
1,1.0,0.9997676
1,1.0,0.9997651
0,0.0,4.490328e-05
0,0.0,7.951037e-05
1,1.0,0.99879944
1,1.0,0.99955994
1,1.0,0.99458283
1,1.0,0.999546
0,0.0,8.836956e-05
0,0.0,4.588675e-05
0,0.0,0.00010776063
1,1.0,0.99956363
0,0.0,8.513386e-05
0,0.0,5.0056813e-05
0,0.0,5.598424e-05
0,0.0,8.0949656e-05
0,0.0,4.513709e-05
0,0.0,3.7564838e-05
0,0.0,4.9432445e-05
0,0.0,4.542308e-05
1,1.0,0.999623
0,0.0,5.0304072e-05
0,0.0,1.9797919e-05
1,1.0,0.9997644
0,0.0,7.983128e-05
1,1.0,0.99432176
1,1.0,0.99976635
1,1.0,0.9992968
1,1.0,0.9997695
0,0.0,3.9458693e-05
1,1.0,0.99879867
1,1.0,0.9997637
1,1.0,0.99976534
1,1.0,0.9995555
0,0.0,2.1025042e-05
0,0.0,6.5443346e-05
0,0.0,4.509807e-05
0,0.0,0.00010774737
0,0.0,4.5350884e-05
0,0.0,9.9655015e-05
0,0.0,5.3524393e-05
0,0.0,1.9808494e-05
0,0.0,8.816973e-05
0,0.0,8.089479e-05
0,0.0,0.00012003114
0,0.0,8.509207e-05
0,0.0,1.0586715e-05
0,0.0,4.5310335e-05
1,1.0,0.9997663
0,0.0,5.8926402e-05
0,0.0,0.00012023446
0,0.0,8.510156e-05
0,0.0,4.4430515e-05
0,0.0,5.890505e-05
0,0.0,4.936998e-05
0,0.0,0.00010777491
0,0.0,6.3911124e-05
0,0.0,4.528679e-05
0,0.0,4.442395e-05
0,0.0,8.074289e-05
1,1.0,0.9994684
0,0.0,3.8480615e-05
0,0.0,6.929474e-05
0,0.0,7.565061e-05
0,0.0,5.8958998e-05
1,1.0,0.9996354
0,0.0,9.939896e-05
0,0.0,3.765939e-05
1,1.0,0.99939114
0,0.0,4.522805e-05
0,0.0,4.473497e-05
0,0.0,8.196317e-05
0,0.0,4.6153935e-05
1,1.0,0.99957424
0,0.0,6.256266e-05
1,1.0,0.99938667
0,0.0,8.508631e-05
0,0.0,4.5162193e-05
0,0.0,4.9637176e-05
0,0.0,4.6095516e-05
0,0.0,8.144739e-05
1,1.0,0.999261
0,0.0,7.980761e-05
0,0.0,5.3363237e-05
0,0.0,4.4302993e-05
1,1.0,0.9985248
0,0.0,4.512767e-05
1,1.0,0.9994308
0,0.0,6.2167645e-05
0,0.0,0.000120217155
1,1.0,0.9995636
0,0.0,4.6247245e-05
1,1.0,0.99956894
0,0.0,5.2176725e-05
1,1.0,0.9997645
0,0.0,6.837668e-05
0,0.0,0.0005534389
0,0.0,4.7770212e-05
0,0.0,7.556957e-05
0,0.0,5.4880376e-05
0,0.0,5.0096598e-05
1,1.0,0.9916546
0,0.0,5.02053e-05
0,0.0,4.4432254e-05
0,0.0,1.0175587e-05
1,1.0,0.99944663
0,0.0,5.4016957e-05
0,0.0,8.742911e-05
0,0.0,4.535244e-05
0,0.0,5.012899e-05
0,0.0,5.9209167e-05
0,0.0,4.8134214e-05
0,0.0,4.2721513e-05
0,0.0,4.495723e-05
0,0.0,1.9789612e-05
0,0.0,4.5238143e-05
0,0.0,4.7151832e-05
1,1.0,0.99895144
0,0.0,6.2879364e-05
0,0.0,4.5350796e-05
0,0.0,4.6042012e-05
0,0.0,5.942921e-05
0,0.0,4.530882e-05
0,0.0,3.848021e-05
0,0.0,0.000107955115
0,0.0,4.2861517e-05
0,0.0,5.3796575e-05
0,0.0,5.325018e-05
0,0.0,6.450652e-05
0,0.0,5.1653045e-05
0,0.0,4.918192e-05
0,0.0,9.923521e-05
0,0.0,4.9113587e-05
0,0.0,4.4916e-05
0,0.0,5.489351e-05
0,0.0,5.7343066e-05
1,1.0,0.99957323
0,0.0,7.977406e-05
0,0.0,6.724995e-05
1,1.0,0.99976087
0,0.0,5.1151637e-05
1,1.0,0.9931682
0,0.0,4.4959932e-05
1,1.0,0.9997631
1,1.0,0.9993983
0,0.0,8.2653794e-05
0,0.0,4.5909514e-05
1,1.0,0.99976075
1,1.0,0.99157876
1,1.0,0.99956495
0,0.0,4.5287266e-05
0,0.0,4.62278e-05
0,0.0,4.7861733e-05
1,1.0,0.99816805
1,1.0,0.99426556
0,0.0,5.977844e-05
0,0.0,5.488273e-05
0,0.0,8.7433684e-05
0,0.0,4.5286444e-05
1,1.0,0.99938387
0,0.0,4.709975e-05
0,0.0,5.1275838e-05
0,0.0,8.814065e-05
0,0.0,4.4221233e-05
1,1.0,0.99947274
0,0.0,5.657265e-05
0,0.0,8.3366285e-05
0,0.0,4.4658285e-05
1,1.0,0.99976397
0,0.0,7.971557e-05
0,0.0,4.5231074e-05
1,1.0,0.9995752
0,0.0,4.534522e-05
0,0.0,3.803105e-05
1,1.0,0.99962574
0,0.0,4.6151115e-05
1,1.0,0.9988152
0,0.0,1.03795755e-05
0,0.0,4.513778e-05
1,1.0,0.9925428
0,0.0,4.289407e-05
1,1.0,0.9994125
0,0.0,6.54863e-05
0,0.0,1.0384071e-05
0,0.0,4.6060806e-05
0,0.0,4.509781e-05
0,0.0,4.605075e-05
1,1.0,0.9997621
0,0.0,4.6063706e-05
0,0.0,4.5224388e-05
0,0.0,0.00012021302
1,1.0,0.999562
0,0.0,3.8480834e-05
1,1.0,0.99957347
1,1.0,0.9995615
0,0.0,6.495962e-05
1,1.0,0.9997599
0,0.0,0.00012005689
1,1.0,0.9997665
0,0.0,4.6058478e-05
0,0.0,7.980267e-05
0,0.0,0.00010787022
0,0.0,4.429518e-05
1,1.0,0.9950258
0,0.0,8.508874e-05
0,0.0,4.834163e-05
1,1.0,0.9989008
0,0.0,4.523987e-05
1,1.0,0.99957526
1,1.0,0.99940366
0,0.0,6.51896e-05
0,0.0,5.8913367e-05
1,1.0,0.9997662
0,0.0,6.0334187e-05
0,0.0,6.495968e-05
0,0.0,4.6096833e-05
0,0.0,4.564845e-05
0,0.0,4.605404e-05
1,1.0,0.9997652
0,0.0,5.1632014e-05
0,0.0,1.03815755e-05
1,1.0,0.9997649
0,0.0,8.5085005e-05
0,0.0,4.4770302e-05
0,0.0,5.3348125e-05
0,0.0,4.7853475e-05
0,0.0,4.2686977e-05
1,1.0,0.9997601
1,1.0,0.9987716
0,0.0,4.509936e-05
0,0.0,4.8108606e-05
1,1.0,0.9997671
1,1.0,0.99975914
0,0.0,1.9802716e-05
0,0.0,4.892763e-05
1,1.0,0.9997672
1,1.0,0.99976987
0,0.0,4.5126762e-05
0,0.0,4.5310593e-05
0,0.0,7.0647097e-06
0,0.0,5.3506123e-05
0,0.0,4.609569e-05
1,1.0,0.99956614
1,1.0,0.99976903
0,0.0,5.132314e-05
0,0.0,5.2792748e-05
0,0.0,4.6096437e-05
0,0.0,7.9817044e-05
0,0.0,4.606019e-05
0,0.0,5.706246e-05
0,0.0,1.9789386e-05
0,0.0,3.8226488e-05
1,1.0,0.99955887
0,0.0,5.654138e-05
0,0.0,4.6094723e-05
1,1.0,0.9624572
0,0.0,4.6165907e-05
0,0.0,4.5227447e-05
0,0.0,7.971945e-05
1,1.0,0.99958706
1,1.0,0.9994548
0,0.0,0.000120216464
0,0.0,4.5238747e-05
0,0.0,8.189981e-05
0,0.0,7.956218e-05
1,1.0,0.9990213
0,0.0,0.00012650389
0,0.0,4.942528e-05
0,0.0,4.495783e-05
0,0.0,5.6530163e-05
1,1.0,0.9981868
0,0.0,5.9386955e-05
1,1.0,0.999568
1,1.0,0.9995615
1,1.0,0.9991785
0,0.0,4.9024544e-05
1,1.0,0.99955547
1,1.0,0.9993882
0,0.0,6.84425e-05
0,0.0,7.856688e-05
0,0.0,5.4879383e-05
1,1.0,0.9994655
1,1.0,0.99976754
0,0.0,5.292855e-05
0,0.0,8.0693935e-05
0,0.0,5.7880094e-05
0,0.0,6.6978835e-05
0,0.0,0.000120219906
0,0.0,8.185e-05
0,0.0,4.6097535e-05
0,0.0,5.1818024e-05
1,1.0,0.99923444
0,0.0,4.5421e-05
0,0.0,4.5229346e-05
0,0.0,9.3493705e-05
0,0.0,6.658666e-05
0,0.0,7.682939e-05
1,1.0,0.99955916
1,1.0,0.99976575
0,0.0,4.4221444e-05
0,0.0,4.6092173e-05
1,1.0,0.99956924
0,0.0,7.98309e-05
0,0.0,3.896948e-05
0,0.0,4.813247e-05
1,1.0,0.9995709
0,0.0,4.6095865e-05
1,1.0,0.99965185
0,0.0,8.1540325e-05
0,0.0,4.9065464e-05
0,0.0,1.9797975e-05
0,0.0,6.228265e-05
0,0.0,4.4676945e-05
1,1.0,0.99956363
0,0.0,4.591871e-05
1,1.0,0.96584034
1,1.0,0.9995728
0,0.0,8.2663726e-05
1,1.0,0.99919456
1,1.0,0.99963516
0,0.0,5.4277876e-05
0,0.0,1.0387517e-05
0,0.0,2.1025344e-05
0,0.0,4.5420653e-05
1,1.0,0.9997657
0,0.0,4.4504304e-05
0,0.0,4.443255e-05
0,0.0,4.5273922e-05
1,1.0,0.99923474
0,0.0,2.1024382e-05
0,0.0,1.9798561e-05
1,1.0,0.9992286
1,1.0,0.9994463
0,0.0,4.5909426e-05
1,1.0,0.9996535
1,1.0,0.99956584
0,0.0,5.3254702e-05
0,0.0,4.5096695e-05
0,0.0,5.5344604e-05
0,0.0,4.773406e-05
1,1.0,0.99956167
0,0.0,7.2728275e-05
0,0.0,8.3366765e-05
0,0.0,1.9830552e-05
1,1.0,0.9993977
0,0.0,5.9347665e-05
0,0.0,4.534963e-05
1,1.0,0.9995676
0,0.0,8.855954e-05
1,1.0,0.9991883
0,0.0,4.5421e-05
0,0.0,1.039045e-05
0,0.0,4.810824e-05
0,0.0,3.9432736e-05
1,1.0,0.9997609
0,0.0,4.2682826e-05
0,0.0,4.8504684e-05
0,0.0,4.6311856e-05
0,0.0,4.512827e-05
1,1.0,0.99939775
0,0.0,5.152091e-05
1,1.0,0.99976
0,0.0,4.4162913e-05
1,1.0,0.99956405
0,0.0,0.00010774726
0,0.0,2.1024402e-05
0,0.0,4.4807937e-05
0,0.0,5.9365833e-05
1,1.0,0.9935222
0,0.0,8.508655e-05
1,1.0,0.999449
0,0.0,6.838581e-05
0,0.0,4.998765e-05
0,0.0,1.9794217e-05
1,1.0,0.9997635
1,1.0,0.9995685
0,0.0,4.6095778e-05
0,0.0,6.674051e-05
1,1.0,0.99575627
0,0.0,2.1044862e-05
0,0.0,4.481503e-05
0,0.0,4.5936882e-05
0,0.0,4.427027e-05
1,1.0,0.99938273
0,0.0,8.259942e-05
0,0.0,5.399306e-05
0,0.0,7.0624585e-05
0,0.0,5.1710067e-05
1,1.0,0.9987736
0,0.0,5.497099e-05
0,0.0,5.8592097e-05
0,0.0,7.044936e-05
1,1.0,0.9997665
0,0.0,5.941981e-05
1,1.0,0.99957156
0,0.0,4.915576e-05
0,0.0,4.7846628e-05
1,1.0,0.9995611
0,0.0,4.5096607e-05
0,0.0,4.7845762e-05
1,1.0,0.999762
0,0.0,1.0390015e-05
1,1.0,0.999767
0,0.0,4.5887977e-05
0,0.0,4.5307657e-05
0,0.0,4.5138426e-05
0,0.0,5.333333e-05
0,0.0,4.781826e-05
0,0.0,8.103601e-05
0,0.0,6.672206e-05
0,0.0,5.6951234e-05
1,1.0,0.9995552
1,1.0,0.9990446
1,1.0,0.99482125
0,0.0,8.006342e-06
0,0.0,2.1008127e-05
0,0.0,4.530947e-05
0,0.0,5.0030038e-05
0,0.0,4.512685e-05
0,0.0,4.5136745e-05
0,0.0,1.0386626e-05
0,0.0,4.523051e-05
0,0.0,5.0030038e-05
0,0.0,8.271829e-05
0,0.0,6.270919e-05
1,1.0,0.99957365
0,0.0,1.0386002e-05
0,0.0,5.2916384e-05
1,1.0,0.9995566
0,0.0,4.4942055e-05
0,0.0,7.636812e-05
0,0.0,4.9095044e-05
0,0.0,4.444679e-05
0,0.0,6.661702e-05
1,1.0,0.99976176
0,0.0,8.508615e-05
0,0.0,4.4813747e-05
0,0.0,4.5909863e-05
0,0.0,4.443255e-05
1,1.0,0.99939454
0,0.0,4.615807e-05
0,0.0,8.184586e-05
1,1.0,0.99957097
0,0.0,5.6566667e-05
0,0.0,8.252006e-05
0,0.0,0.000107751584
1,1.0,0.9960851
0,0.0,4.988108e-05
0,0.0,2.1035994e-05
1,1.0,0.9997681
1,1.0,0.9989393
0,0.0,4.6555488e-05
0,0.0,4.863702e-05
0,0.0,6.75179e-05
0,0.0,4.534993e-05
0,0.0,4.6978905e-05
0,0.0,6.758857e-05
0,0.0,6.668198e-05
1,1.0,0.99957216
0,0.0,8.190301e-05
0,0.0,4.512487e-05
1,1.0,0.99976236
0,0.0,4.62476e-05
0,0.0,4.578827e-05
0,0.0,1.038209e-05
0,0.0,4.49556e-05
0,0.0,4.528554e-05
0,0.0,0.00010795357
0,0.0,2.1024161e-05
0,0.0,4.528303e-05
0,0.0,6.642229e-05
0,0.0,9.348836e-05
1,1.0,0.9997691
1,1.0,0.99879146
0,0.0,0.00012021738
0,0.0,6.480666e-05
1,1.0,0.999759
0,0.0,6.9464506e-05
1,1.0,0.99976736
0,0.0,1.0383239e-05
0,0.0,7.045326e-05
1,1.0,0.99956095
0,0.0,4.783933e-05
0,0.0,4.6246187e-05
0,0.0,4.6229783e-05
0,0.0,8.330605e-05
0,0.0,4.5939556e-05
1,1.0,0.9995358
1,1.0,0.9995708
1,1.0,0.99976146
0,0.0,5.599177e-05
1,1.0,0.99952894
0,0.0,5.752013e-05
0,0.0,5.81782e-05
1,1.0,0.9997398
0,0.0,6.73204e-05
0,0.0,1.9523168e-05
0,0.0,7.568886e-05
0,0.0,8.495002e-05
0,0.0,6.791471e-05
0,0.0,5.505288e-05
1,1.0,0.99964345
1,1.0,0.99963903
0,0.0,5.704663e-05
1,1.0,0.9985298
0,0.0,5.982668e-05
0,0.0,6.553065e-05
1,1.0,0.9998901
0,0.0,6.591711e-05
0,0.0,6.3096806e-05
1,1.0,0.99964213
1,1.0,0.9546376
0,0.0,3.477222e-05
0,0.0,0.0002488379
0,0.0,5.9700502e-05
0,0.0,5.0760802e-05
0,0.0,7.8681594e-05
0,0.0,5.9147715e-05
0,0.0,6.8129615e-05
0,0.0,7.872528e-05
1,1.0,0.9996446
0,0.0,6.948193e-05
0,0.0,6.324228e-05
0,0.0,4.8065045e-05
0,0.0,6.813247e-05
0,0.0,7.9706144e-05
1,1.0,0.99943084
0,0.0,5.6506553e-05
0,0.0,7.0648224e-05
0,0.0,6.812981e-05
0,0.0,6.551891e-05
1,1.0,0.9995927
0,0.0,7.499884e-05
0,0.0,6.586281e-05
1,1.0,0.9998876
1,0.0,0.39771298
1,1.0,0.9996411
0,0.0,6.791724e-05
1,1.0,0.9171594
0,0.0,7.7636e-05
1,1.0,0.99959344
0,0.0,7.091329e-05
0,0.0,7.979239e-05
1,1.0,0.99988604
0,0.0,4.7118305e-05
0,0.0,6.9445305e-05
1,1.0,0.99926406
0,0.0,6.268706e-05
0,0.0,7.1752824e-05
0,0.0,5.4867294e-05
0,0.0,5.8602716e-05
0,0.0,6.022807e-05
0,0.0,7.118837e-05
0,0.0,5.3455427e-05
0,0.0,6.946497e-05
0,0.0,6.954233e-05
1,1.0,0.99963766
0,0.0,5.8131667e-05
1,1.0,0.9995725
0,0.0,7.384701e-05
0,0.0,6.7065885e-05
0,0.0,7.02461e-05
0,0.0,6.284705e-05
1,1.0,0.9991844
0,0.0,7.051045e-05
0,0.0,8.056246e-05
1,1.0,0.9998879
0,0.0,7.837771e-05
0,0.0,7.708757e-05
0,0.0,7.461612e-05
0,0.0,6.8150795e-05
0,0.0,7.064526e-05
0,0.0,8.050717e-05
0,0.0,7.970751e-05
0,0.0,6.120903e-05
1,1.0,0.9996428
0,0.0,6.840186e-05
0,0.0,1.9497973e-05
1,1.0,0.9996357
0,0.0,5.088119e-05
0,0.0,6.716304e-05
1,1.0,0.9998874
1,1.0,0.99988896
1,1.0,0.99964327
0,0.0,1.9501433e-05
0,0.0,7.064681e-05
1,1.0,0.9163595
0,0.0,6.9763504e-05
0,0.0,8.4278785e-05
1,1.0,0.9987201
1,1.0,0.9996424
0,0.0,7.778747e-05
0,0.0,6.706447e-05
1,1.0,0.99964345
0,0.0,7.100701e-05
0,0.0,6.907979e-05
1,1.0,0.99988735
0,0.0,6.868338e-05
0,0.0,8.296658e-05
0,0.0,6.12263e-05
0,0.0,6.857716e-05
0,0.0,7.1188646e-05
0,0.0,8.3845596e-05
0,0.0,5.949176e-05
1,1.0,0.88717526
1,1.0,0.99968296
0,0.0,0.00024853536
0,0.0,6.96351e-05
0,0.0,6.515796e-05
0,0.0,5.9857954e-05
1,1.0,0.9998044
1,1.0,0.97785956
0,0.0,7.4848154e-05
1,0.0,0.06563619
0,0.0,9.226211e-05
1,1.0,0.99921227
1,1.0,0.92286956
0,0.0,8.737834e-05
0,0.0,5.7839436e-05
0,0.0,6.706665e-05
0,0.0,6.706761e-05
0,0.0,1.9484518e-05
1,1.0,0.9996388
0,0.0,7.8651516e-05
1,1.0,0.99977654
0,0.0,6.8616464e-05
0,0.0,8.885221e-05
1,1.0,0.9905616
0,0.0,6.948611e-05
0,0.0,6.507643e-05
1,1.0,0.99951434
0,0.0,6.943497e-05
0,0.0,8.746479e-05
0,0.0,5.812917e-05
0,0.0,7.064587e-05
0,0.0,6.229488e-05
0,0.0,6.9763904e-05
0,0.0,6.678928e-05
0,0.0,7.4451855e-05
1,1.0,0.8610523
0,0.0,6.308375e-05
1,1.0,0.99989015
0,0.0,8.296405e-05
0,0.0,6.947378e-05
1,1.0,0.99962294
1,1.0,0.99980545
1,1.0,0.87612915
1,1.0,0.99951524
0,0.0,6.196676e-05
1,1.0,0.99982345
0,0.0,7.0641014e-05
0,0.0,7.475293e-05
0,0.0,6.5723914e-05
0,0.0,6.991302e-05
0,0.0,7.734809e-05
0,0.0,6.710082e-05
0,0.0,5.345599e-05
0,0.0,6.948591e-05
0,0.0,6.710427e-05
0,0.0,5.5159868e-05
0,0.0,5.4303808e-05
1,1.0,0.99964255
0,0.0,6.767905e-05
0,0.0,6.991449e-05
0,0.0,6.377499e-05
0,0.0,6.724129e-05
0,0.0,6.5941385e-05
0,0.0,5.4389013e-05
0,0.0,6.6976085e-05
1,1.0,0.9996432
0,0.0,3.4772453e-05
0,0.0,7.3455674e-05
0,0.0,7.91099e-05
0,0.0,8.7361266e-05
0,0.0,8.575359e-05
1,1.0,0.99952465
0,0.0,7.460352e-05
0,0.0,5.679905e-05
0,0.0,6.431261e-05
0,0.0,5.876445e-05
0,0.0,6.835635e-05
0,0.0,5.8849688e-05
1,1.0,0.99960285
0,0.0,6.34516e-05
0,0.0,6.791556e-05
0,0.0,0.0002004281
1,1.0,0.981064
0,0.0,7.0647955e-05
0,0.0,7.415709e-05
0,0.0,6.0973776e-05
0,0.0,6.8465815e-05
0,0.0,6.0204984e-05
0,0.0,6.682094e-05
1,1.0,0.99988806
0,0.0,6.3108426e-05
1,1.0,0.99980754
0,0.0,7.986989e-05
0,0.0,7.967804e-05
1,1.0,0.99988645
1,1.0,0.99964225
0,0.0,7.095414e-05
0,0.0,7.2162555e-05
1,1.0,0.99988616
1,1.0,0.99988997
0,0.0,1.949682e-05
0,0.0,5.334787e-05
1,1.0,0.9996367
0,0.0,8.0427366e-05
0,0.0,6.699059e-05
0,0.0,0.00017063603
1,1.0,0.9998901
1,1.0,0.9575457
0,0.0,8.296619e-05
1,1.0,0.9998851
0,0.0,5.6961286e-05
0,0.0,6.94567e-05
0,0.0,5.9576745e-05
0,0.0,6.569409e-05
0,0.0,0.0001706694
0,0.0,4.717986e-05
0,0.0,6.7066525e-05
0,0.0,7.0168964e-05
0,0.0,5.560186e-05
1,1.0,0.99874175
0,0.0,7.065193e-05
0,0.0,6.846634e-05
0,0.0,5.6501973e-05
1,1.0,0.9998856
0,0.0,6.201666e-05
1,1.0,0.93861675
0,0.0,6.97675e-05
1,1.0,0.99973774
0,0.0,8.0888385e-05
0,0.0,7.0650385e-05
0,0.0,6.8575064e-05
0,0.0,5.900912e-05
1,1.0,0.99986935
0,0.0,7.986836e-05
1,1.0,0.9996501
1,1.0,0.9994201
0,0.0,7.287963e-05
0,0.0,6.954565e-05
0,0.0,6.570211e-05
0,0.0,0.00012571001
0,0.0,6.8575326e-05
0,0.0,7.2018454e-05
1,1.0,0.9996405
0,0.0,5.6308927e-05
1,1.0,0.9999236
1,1.0,0.9998865
0,0.0,6.122513e-05
0,0.0,9.229696e-05
1,1.0,0.9997942
1,1.0,0.9996353
0,0.0,6.791581e-05
1,1.0,0.9996817
1,1.0,0.99965227
1,1.0,0.9978758
0,0.0,5.5891476e-05
0,0.0,5.6328365e-05
0,0.0,1.9469213e-05
1,1.0,0.99808526
0,0.0,7.092533e-05
0,0.0,6.570587e-05
0,0.0,7.093155e-05
0,0.0,5.6445693e-05
0,0.0,7.0932496e-05
1,0.0,0.104135826
0,0.0,6.732008e-05
0,0.0,6.284154e-05
0,0.0,6.991442e-05
0,0.0,6.4528176e-05
1,1.0,0.9988961
0,0.0,6.9274996e-05
0,0.0,5.177323e-05
0,0.0,7.965122e-05
1,1.0,0.9996403
1,1.0,0.9998902
0,0.0,7.064998e-05
0,0.0,6.846411e-05
0,0.0,8.759149e-05
0,0.0,6.7491e-05
0,0.0,7.417308e-05
0,0.0,7.2335344e-05
0,0.0,6.803975e-05
1,1.0,0.9996463
0,0.0,6.975832e-05
0,0.0,5.8340873e-05
1,1.0,0.99949765
0,0.0,3.4788307e-05
0,0.0,0.0002487511
1,1.0,0.911002
0,0.0,7.034389e-05
0,0.0,6.357049e-05
0,0.0,7.7286015e-05
1,1.0,0.9928332
0,0.0,4.7958274e-05
0,0.0,7.561961e-05
0,0.0,6.010345e-05
0,0.0,6.8131754e-05
0,0.0,6.96341e-05
1,1.0,0.99964786
0,0.0,7.812445e-05
1,1.0,0.9996362
1,1.0,0.9998897
1,1.0,0.99988693
0,0.0,6.7680216e-05
0,0.0,7.29237e-05
0,0.0,6.7916335e-05
1,1.0,0.99989027
0,0.0,6.08605e-05
0,0.0,6.403607e-05
0,0.0,6.9227965e-05
0,0.0,5.2205447e-05
0,0.0,5.776248e-05
1,1.0,0.9992925
1,1.0,0.9996368
0,0.0,6.0546463e-05
0,0.0,6.0206767e-05
0,0.0,5.4025506e-05
0,0.0,6.950188e-05
1,1.0,0.95977813
1,1.0,0.9996381
0,0.0,7.7315206e-05
0,0.0,6.9283975e-05
0,0.0,6.948425e-05
0,0.0,8.215975e-05
0,0.0,5.78037e-05
0,0.0,5.644499e-05
0,0.0,1.9495481e-05
1,1.0,0.9996427
0,0.0,8.296405e-05
0,0.0,6.991482e-05
0,0.0,6.791607e-05
1,1.0,0.93282944
0,0.0,0.00017069236
0,0.0,3.621262e-05
0,0.0,6.9914684e-05
0,0.0,5.553196e-05
0,0.0,6.31537e-05
0,0.0,6.830656e-05
0,0.0,8.433755e-05
0,0.0,6.6992e-05
0,0.0,8.298098e-05
1,1.0,0.99660033
0,0.0,6.765498e-05
1,1.0,0.99963564
1,1.0,0.9998863
0,0.0,6.731937e-05
0,0.0,6.699085e-05
0,0.0,6.954836e-05
0,0.0,7.091275e-05
0,0.0,5.917767e-05
0,0.0,8.428257e-05
0,0.0,6.929104e-05
1,1.0,0.99988675
0,0.0,6.731995e-05
0,0.0,8.729232e-05
1,1.0,0.9996453
0,0.0,6.706473e-05
0,0.0,6.9283975e-05
1,1.0,0.9998874
0,0.0,4.7948488e-05
1,1.0,0.99075997
0,0.0,6.846529e-05
0,0.0,5.6272533e-05
0,0.0,6.699059e-05
0,0.0,7.708794e-05
0,0.0,6.981582e-05
0,0.0,7.2308925e-05
1,1.0,0.99964476
0,0.0,6.9196416e-05
0,0.0,8.421628e-05
0,0.0,7.4312906e-05
0,0.0,8.0511934e-05
0,0.0,1.949656e-05
1,1.0,0.9997
0,0.0,4.9032536e-05
0,0.0,5.785179e-05
1,1.0,0.9996426
0,0.0,6.919635e-05
1,1.0,0.9996436
0,0.0,7.7088014e-05
1,1.0,0.9342332
0,0.0,7.0931615e-05
0,0.0,7.091552e-05
0,0.0,6.812273e-05
0,0.0,6.698995e-05
0,0.0,6.954525e-05
1,1.0,0.99964076
0,0.0,6.96359e-05
0,0.0,1.950344e-05
0,0.0,5.4198423e-05
1,1.0,0.9996013
0,0.0,5.701074e-05
0,0.0,4.805835e-05
0,0.0,3.4775072e-05
0,0.0,3.477401e-05
0,0.0,7.865481e-05
1,1.0,0.9996356
0,0.0,6.926423e-05
0,0.0,6.9906426e-05
0,0.0,6.516884e-05
1,1.0,0.99959284
1,1.0,0.99988854
0,0.0,6.8130656e-05
1,1.0,0.9996342
1,1.0,0.9996411
0,0.0,6.929118e-05
0,0.0,5.6992852e-05
1,1.0,0.9996357
0,0.0,6.954618e-05
0,0.0,5.6055083e-05
1,1.0,0.99963814
0,0.0,5.953773e-05
1,1.0,0.99988776
0,0.0,7.979277e-05
0,0.0,6.9455375e-05
0,0.0,6.9916685e-05
0,0.0,6.927995e-05
1,1.0,0.99963385
0,0.0,6.991535e-05
0,0.0,6.8132205e-05
0,0.0,6.554522e-05
0,0.0,6.283051e-05
0,0.0,6.373522e-05
0,0.0,7.0915725e-05
0,0.0,7.261372e-05
1,1.0,0.99988633
1,1.0,0.99964255
1,1.0,0.9996364
1,1.0,0.9998864
0,0.0,5.5963428e-05
0,0.0,5.5545523e-05
0,0.0,4.806147e-05
0,0.0,6.946544e-05
0,0.0,0.00024927006
1,1.0,0.9996361
1,1.0,0.99988717
0,0.0,8.397794e-05
1,1.0,0.89764565
0,0.0,7.3175666e-05
0,0.0,7.431071e-05
1,1.0,0.99988997
1,1.0,0.804893
0,0.0,8.047155e-05
1,1.0,0.9996454
0,0.0,5.8690526e-05
1,1.0,0.99962294
0,0.0,0.00017060906
0,0.0,6.196735e-05
0,0.0,4.796486e-05
0,0.0,8.038864e-05
0,0.0,6.713231e-05
0,0.0,6.937686e-05
1,1.0,0.99964094
0,0.0,5.3350464e-05
0,0.0,7.871394e-05
0,0.0,6.846608e-05
0,0.0,5.64724e-05
0,0.0,4.7953792e-05
0,0.0,6.554553e-05
1,1.0,0.99988866
0,0.0,8.792423e-05
1,1.0,0.9996435
0,0.0,5.733322e-05
0,0.0,8.524646e-05
0,0.0,0.0002483049
1,1.0,0.99969906
0,0.0,6.939321e-05
1,1.0,0.99963516
1,1.0,0.9998867
0,0.0,0.00024888891
0,0.0,6.937494e-05
0,0.0,7.118633e-05
1,1.0,0.99988747
0,0.0,6.963683e-05
1,1.0,0.9989298
0,0.0,6.50464e-05
0,0.0,0.00024849578
0,0.0,7.8462435e-05
0,0.0,5.8456153e-05
0,0.0,7.482802e-05
1,1.0,0.9998876
1,1.0,0.9996387
0,0.0,6.8755915e-05
0,0.0,0.00024848466
0,0.0,5.9502596e-05
0,0.0,6.976164e-05
0,0.0,7.868047e-05
0,0.0,0.00024887233
0,0.0,3.477371e-05
1,1.0,0.9998894
0,0.0,6.9197136e-05
0,0.0,6.954605e-05
0,0.0,0.00020029476
0,0.0,6.944424e-05
0,0.0,6.732078e-05
0,0.0,5.6272533e-05
1,1.0,0.99988735
1,1.0,0.9996356
0,0.0,6.6796674e-05
0,0.0,8.2963576e-05
1,1.0,0.99964243
0,0.0,6.731963e-05
0,0.0,5.8534246e-05
1,1.0,0.9998893
0,0.0,5.501514e-05
1,1.0,0.99928325
1,1.0,0.9992759
0,0.0,9.303807e-05
1,1.0,0.99964046
1,1.0,0.9995447
0,0.0,7.781855e-05
0,0.0,5.509926e-05
0,0.0,6.8022244e-05
0,0.0,5.8795278e-05
0,0.0,6.57053e-05
0,0.0,8.818234e-05
0,0.0,5.6443863e-05
0,0.0,5.571539e-05
0,0.0,6.8504145e-05
0,0.0,7.612926e-05
0,0.0,5.819218e-05
0,0.0,8.0517384e-05
0,0.0,7.420392e-05
0,0.0,5.884576e-05
0,0.0,7.73433e-05
0,0.0,6.8573754e-05
1,1.0,0.99956846
0,0.0,7.862932e-05
0,0.0,6.9201495e-05
0,0.0,7.341799e-05
1,1.0,0.99973434
0,0.0,7.174803e-05
0,0.0,6.010018e-05
0,0.0,5.4178785e-05
0,0.0,1.9471923e-05
0,0.0,5.9110156e-05
0,0.0,7.6807715e-05
0,0.0,2.6561092e-05
1,1.0,0.9980253
1,1.0,0.99918634
0,0.0,7.734809e-05
0,0.0,3.4798064e-05
1,1.0,0.99863905
0,0.0,5.979183e-05
0,0.0,7.1974515e-05
0,0.0,7.778747e-05
1,1.0,0.9996422
0,0.0,5.460562e-05
1,1.0,0.9385418
0,0.0,5.7831603e-05
0,0.0,7.016756e-05
1,1.0,0.99988663
0,0.0,6.944358e-05
0,0.0,0.00017067592
0,0.0,6.9915084e-05
0,0.0,7.484823e-05
0,0.0,6.699046e-05
1,1.0,0.9996371
0,0.0,7.11862e-05
0,0.0,5.7413265e-05
0,0.0,6.4434214e-05
0,0.0,6.2592146e-05
0,0.0,7.9676516e-05
1,1.0,0.9991938
1,1.0,0.9996346
1,1.0,0.99963474
1,1.0,0.9998889
0,0.0,5.462854e-05
0,0.0,6.976377e-05
0,0.0,3.477348e-05
0,0.0,8.745745e-05
0,0.0,7.116733e-05
1,1.0,0.99963826
1,1.0,0.99963504
1,1.0,0.99988765
0,0.0,5.463375e-05
1,1.0,0.99954814
0,0.0,6.38555e-05
0,0.0,7.2342176e-05
0,0.0,6.954346e-05
0,0.0,8.298304e-05
0,0.0,6.0700186e-05
0,0.0,8.518925e-05
0,0.0,6.699008e-05
0,0.0,7.4312695e-05
1,1.0,0.91767067
1,1.0,0.9996413
0,0.0,5.7549045e-05
0,0.0,8.042705e-05
0,0.0,6.928054e-05
0,0.0,3.474309e-05
0,0.0,7.8104036e-05
0,0.0,5.0882307e-05
0,0.0,5.4304637e-05
0,0.0,6.2704225e-05
0,0.0,3.476141e-05
0,0.0,5.3456755e-05
0,0.0,5.884789e-05
0,0.0,5.6329383e-05
0,0.0,5.7182795e-05
0,0.0,9.228728e-05
0,0.0,6.948929e-05
0,0.0,5.4836062e-05
0,0.0,5.2474927e-05
0,0.0,7.183758e-05
0,0.0,6.846621e-05
0,0.0,5.9809852e-05
0,0.0,0.00017066908
0,0.0,7.728955e-05
1,1.0,0.93355674
0,0.0,5.7021018e-05
0,0.0,7.091511e-05
0,0.0,5.089235e-05
0,0.0,7.179444e-05
0,0.0,7.120725e-05
1,1.0,0.9996426
0,0.0,7.092553e-05
0,0.0,3.4774905e-05
1,1.0,0.8495892
1,1.0,0.99963564
0,0.0,7.9532896e-05
0,0.0,5.733552e-05
1,1.0,0.9994138
0,0.0,7.0611786e-05
1,1.0,0.6730361
0,0.0,8.427557e-05
1,1.0,0.99964076
0,0.0,0.0002488863
0,0.0,7.0938644e-05
1,1.0,0.9998876
0,0.0,7.562609e-05
1,1.0,0.9995647
0,0.0,8.732828e-05
0,0.0,6.948167e-05
0,0.0,5.9619488e-05
0,0.0,0.00020032722
0,0.0,6.976623e-05
0,0.0,6.857441e-05
0,0.0,6.925273e-05
1,1.0,0.99963534
0,0.0,4.8026235e-05
1,1.0,0.9996465
0,0.0,6.955102e-05
0,0.0,7.064607e-05
1,1.0,0.9996369
0,0.0,7.4605516e-05
0,0.0,7.116882e-05
0,0.0,1.9465833e-05
0,0.0,3.4774872e-05
0,0.0,5.5616914e-05
0,0.0,5.880762e-05
1,1.0,0.9967337
0,0.0,7.865473e-05
1,1.0,0.99989015
1,1.0,0.9998858
0,0.0,7.93072e-05
0,0.0,8.747772e-05
0,0.0,6.732014e-05
1,1.0,0.98963267
0,0.0,5.8745398e-05
0,0.0,7.328663e-05
0,0.0,5.4197804e-05
1,1.0,0.91124344
1,1.0,0.9996368
0,0.0,6.5872366e-05
0,0.0,6.866091e-05
1,0.0,0.39128527
0,0.0,7.866291e-05
0,0.0,7.873976e-05
0,0.0,6.344428e-05
0,0.0,7.7966295e-05
1,1.0,0.9034873
0,0.0,7.6814606e-05
1,1.0,0.9995657
1,1.0,0.9998898
0,0.0,6.681431e-05
0,0.0,7.4694995e-05
1,1.0,0.9996012
0,0.0,5.671185e-05
0,0.0,5.951548e-05
1,1.0,0.99964267
0,0.0,5.329453e-05
0,0.0,7.4386706e-05
0,0.0,7.091376e-05
0,0.0,6.945988e-05
0,0.0,6.791387e-05
0,0.0,6.9474314e-05
0,0.0,6.515765e-05
0,0.0,6.84632e-05
0,0.0,6.9915084e-05
0,0.0,7.065126e-05
0,0.0,5.6730838e-05
1,1.0,0.8706623
0,0.0,7.521585e-05
0,0.0,7.21629e-05
0,0.0,6.9453316e-05
1,1.0,0.9998858
0,0.0,6.0248865e-05
0,0.0,0.00024861263
0,0.0,8.4582956e-05
0,0.0,6.927955e-05
0,0.0,6.944411e-05
1,1.0,0.99988896
0,0.0,4.7982012e-05
0,0.0,6.200484e-05
0,0.0,5.3291533e-05
1,1.0,0.9992598
0,0.0,5.347847e-05
0,0.0,5.3022006e-05
1,1.0,0.999653
1,1.0,0.9998859
1,1.0,0.9998873
0,0.0,5.3912434e-05
0,0.0,0.00017067869
0,0.0,1.9466874e-05
1,1.0,0.91037005
0,0.0,6.9764304e-05
0,0.0,6.991635e-05
0,0.0,8.431673e-05
1,1.0,0.99988747
0,0.0,4.7964677e-05
0,0.0,6.863342e-05
1,1.0,0.9998863
1,1.0,0.99964446
0,0.0,6.9197406e-05
0,0.0,6.991676e-05
0,0.0,6.946253e-05
0,0.0,5.7218524e-05
1,1.0,0.9996394
0,0.0,5.1001327e-05
0,0.0,1.9492916e-05
0,0.0,6.846516e-05
1,1.0,0.9996383
1,1.0,0.88390386
0,0.0,7.778561e-05
1,1.0,0.99988514
0,0.0,6.961637e-05
0,0.0,5.7850248e-05
1,1.0,0.92813295
0,0.0,6.515796e-05
0,0.0,0.00024865245
1,1.0,0.99965143
0,0.0,5.8844747e-05
1,1.0,0.9991626
1,1.0,0.99964756
1,1.0,0.999887
0,0.0,0.000248669
0,0.0,0.00017070684
0,0.0,6.588204e-05
0,0.0,8.748523e-05
0,0.0,6.9297654e-05
0,0.0,6.85748e-05
0,0.0,6.920176e-05
0,0.0,3.347622e-05
0,0.0,6.9282185e-05
0,0.0,6.8020556e-05
0,0.0,6.408474e-05
1,1.0,0.9754883
0,0.0,7.708728e-05
0,0.0,7.246313e-05
1,1.0,0.9991561
0,0.0,1.9505822e-05
0,0.0,6.570938e-05
1,1.0,0.9364582
1,1.0,0.9997275
0,0.0,8.431303e-05
1,1.0,0.99964
0,0.0,8.215599e-05
0,0.0,6.846692e-05
0,0.0,7.176856e-05
1,1.0,0.99963695
0,0.0,6.7065244e-05
1,1.0,0.99941957
0,0.0,8.298059e-05
0,0.0,7.095455e-05
1,1.0,0.999482
1,1.0,0.99930394
0,0.0,6.155157e-05
0,0.0,7.846236e-05
0,0.0,5.9790233e-05
0,0.0,0.00024852567
0,0.0,5.7863155e-05
0,0.0,6.944603e-05
0,0.0,7.062956e-05
0,0.0,6.9442125e-05
0,0.0,5.5408604e-05
0,0.0,6.961757e-05
0,0.0,8.296848e-05
0,0.0,6.954823e-05
0,0.0,7.157719e-05
0,0.0,7.091565e-05
0,0.0,7.4353164e-05
1,1.0,0.9993619
0,0.0,4.8000915e-05
1,1.0,0.94301
1,1.0,0.9996372
1,1.0,0.9996396
0,0.0,6.946358e-05
1,1.0,0.9926521
0,0.0,6.994363e-05
1,1.0,0.9998894
1,1.0,0.9999702
0,0.0,5.454639e-05
1,1.0,0.9995071
1,1.0,0.999888
0,0.0,3.477255e-05
0,0.0,5.846602e-05
0,0.0,0.00024890434
0,0.0,1.9467672e-05
0,0.0,6.948624e-05
1,1.0,0.70423794
0,0.0,6.8050846e-05
0,0.0,6.791646e-05
1,1.0,0.5251501
1,1.0,0.99964166
0,0.0,6.9280606e-05
0,0.0,5.724789e-05
0,0.0,5.7760884e-05
0,0.0,7.0630034e-05
0,0.0,5.4365162e-05
0,0.0,0.00024848466
1,1.0,0.99964184
0,0.0,6.9916154e-05
1,1.0,0.99959135
0,0.0,6.976377e-05
0,0.0,6.374507e-05
0,0.0,0.00017070945
1,1.0,0.99963933
0,0.0,8.7490655e-05
0,0.0,5.3456857e-05
0,0.0,6.92773e-05
0,0.0,5.981584e-05
1,1.0,0.9995966
0,0.0,5.8168436e-05
1,1.0,0.9991697
1,1.0,0.9998886
1,1.0,0.99963784
0,0.0,6.954591e-05
1,1.0,0.9996385
0,0.0,5.4859338e-05
0,0.0,5.5548593e-05
0,0.0,6.5003806e-05
1,1.0,0.8115259
0,0.0,7.385237e-05
0,0.0,6.265144e-05
0,0.0,5.580781e-05
0,0.0,0.0002486143
0,0.0,5.644623e-05
0,0.0,7.7791694e-05
0,0.0,5.9805916e-05
0,0.0,8.749633e-05
0,0.0,8.044853e-05
1,1.0,0.99916464
0,0.0,6.3460255e-05
0,0.0,7.0931615e-05
0,0.0,6.428987e-05
0,0.0,6.8575195e-05
0,0.0,6.731988e-05
1,1.0,0.8326272
0,0.0,6.975978e-05
1,1.0,0.9996343
0,0.0,6.9932285e-05
0,0.0,1.9502102e-05
0,0.0,3.4742956e-05
0,0.0,5.684635e-05
0,0.0,6.787567e-05
0,0.0,7.796719e-05
1,1.0,0.999638
0,0.0,6.0554663e-05
0,0.0,6.9546506e-05
0,0.0,7.943572e-05
0,0.0,5.500539e-05
0,0.0,6.9990805e-05
1,1.0,0.9996364
0,0.0,6.699059e-05
0,0.0,7.173585e-05
0,0.0,5.5787747e-05
0,0.0,4.800856e-05
0,0.0,6.976404e-05
0,0.0,4.796184e-05
0,0.0,6.353945e-05
0,0.0,7.1189184e-05
0,0.0,5.7842633e-05
1,1.0,0.99963397
0,0.0,7.120603e-05
0,0.0,5.8845308e-05
0,0.0,8.738393e-05
1,1.0,0.99927837
0,0.0,7.445143e-05
0,0.0,6.9459216e-05
1,1.0,0.9998862
1,1.0,0.9995967
0,0.0,3.0279763e-05
1,1.0,0.9995635
0,0.0,0.00024884456
0,0.0,6.975619e-05
0,0.0,5.89273e-05
0,0.0,0.0002485678
0,0.0,5.329448e-05
0,0.0,5.5077926e-05
0,0.0,7.2140465e-05
0,0.0,6.948624e-05
0,0.0,6.7065244e-05
1,1.0,0.9997186
1,1.0,0.9417139
0,0.0,0.0002488061
0,0.0,3.4774974e-05
0,0.0,6.5165725e-05
0,0.0,6.685428e-05
0,0.0,3.4561304e-05
0,0.0,7.064762e-05
0,0.0,6.81291e-05
0,0.0,6.731924e-05
0,0.0,6.345668e-05
0,0.0,0.00020033028
0,0.0,6.846601e-05
0,0.0,7.002439e-05
0,0.0,6.813305e-05
0,0.0,4.8798276e-05
0,0.0,6.946305e-05
0,0.0,6.918119e-05
0,0.0,6.706626e-05
0,0.0,1.9501433e-05
0,0.0,6.791581e-05
0,0.0,7.865233e-05
0,0.0,6.730717e-05
0,0.0,6.311059e-05
1,1.0,0.9998865
1,1.0,0.9995459
0,0.0,0.00024835768
0,0.0,6.58669e-05
0,0.0,6.7676796e-05
0,0.0,6.553165e-05
0,0.0,5.5879165e-05
0,0.0,6.950639e-05
1,1.0,0.99988675
0,0.0,6.812994e-05
0,0.0,5.9879138e-05
0,0.0,6.516834e-05
1,1.0,0.9494997
1,1.0,0.9994832
0,0.0,8.403185e-05
0,0.0,5.3478318e-05
0,0.0,5.7334808e-05
0,0.0,6.8466856e-05
1,1.0,0.9995465
0,0.0,5.917519e-05
0,0.0,5.779367e-05
0,0.0,6.9186724e-05
0,0.0,8.451088e-05
0,0.0,1.9493287e-05
0,0.0,6.326279e-05
0,0.0,0.00020023175
1,1.0,0.9982105
0,0.0,0.00024839726
1,1.0,0.99963796
0,0.0,5.9988928e-05
0,0.0,6.7914516e-05
0,0.0,6.515597e-05
0,0.0,7.1189184e-05
0,0.0,7.1180766e-05
1,1.0,0.99936414
0,0.0,3.4785884e-05
1,1.0,0.9996348
1,1.0,0.9972925
1,1.0,0.9996356
0,0.0,5.5693985e-05
0,0.0,6.5877706e-05
1,1.0,0.9996474
0,0.0,5.5094948e-05
0,0.0,6.9445705e-05
1,1.0,0.9998885
0,0.0,5.9532624e-05
1,1.0,0.9995912
0,0.0,0.00024841528
0,0.0,7.118023e-05
0,0.0,7.120521e-05
0,0.0,6.786668e-05
0,0.0,6.9445836e-05
0,0.0,7.094656e-05
0,0.0,0.00024878286
0,0.0,6.7299145e-05
1,1.0,0.999599
1,1.0,0.9996377
0,0.0,7.058055e-05
1,1.0,0.9996805
1,1.0,0.9996395
0,0.0,7.796541e-05
0,0.0,7.492278e-05
0,0.0,6.980936e-05
0,0.0,8.569178e-05
1,1.0,0.999639
0,0.0,4.8021884e-05
1,1.0,0.9931897
0,0.0,7.943292e-05
1,1.0,0.99963313
0,0.0,6.926383e-05
0,0.0,8.05663e-05
0,0.0,5.9131075e-05
1,1.0,0.9998879
1,1.0,0.9993642
0,0.0,5.9147882e-05
0,0.0,6.9764836e-05
1,1.0,0.99953914
0,0.0,6.976244e-05
0,0.0,5.6429337e-05
1,1.0,0.99941975
0,0.0,8.046963e-05
0,0.0,5.8808513e-05
0,0.0,7.064917e-05
0,0.0,0.00024890387
0,0.0,3.477222e-05
0,0.0,5.7518537e-05
0,0.0,6.518046e-05
0,0.0,7.1677394e-05
0,0.0,5.347704e-05
1,1.0,0.9999299
0,0.0,7.728609e-05
0,0.0,6.515516e-05
1,1.0,0.99988663
1,1.0,0.9996352
0,0.0,6.286084e-05
0,0.0,1.952693e-05
0,0.0,6.9915084e-05
1,1.0,0.9992128
0,0.0,6.68407e-05
0,0.0,6.919655e-05
0,0.0,6.05501e-05
1,1.0,0.99947447
0,0.0,6.706511e-05
0,0.0,9.2052964e-05
0,0.0,6.202909e-05
1,1.0,0.9998895
0,0.0,6.500715e-05
0,0.0,1.9496336e-05
0,0.0,0.00020028753
0,0.0,6.9914284e-05
0,0.0,7.092979e-05
0,0.0,9.227919e-05
1,1.0,0.99964327
0,0.0,7.7817735e-05
0,0.0,5.685855e-05
0,0.0,4.8727685e-05
1,1.0,0.84875077
0,0.0,6.6841334e-05
0,0.0,7.866644e-05
0,0.0,6.919332e-05
0,0.0,7.0621085e-05
1,1.0,0.99963534
0,0.0,4.7154306e-05
0,0.0,6.5164735e-05
1,1.0,0.99988776
0,0.0,6.928576e-05
0,0.0,6.825609e-05
1,1.0,0.9998889
0,0.0,7.4604446e-05
0,0.0,8.052474e-05
0,0.0,8.517714e-05
0,0.0,6.944577e-05
0,0.0,8.298573e-05
0,0.0,5.463229e-05
0,0.0,6.167419e-05
0,0.0,8.729648e-05
0,0.0,7.9872625e-05
1,1.0,0.9996436
0,0.0,6.7916204e-05
0,0.0,6.948293e-05
0,0.0,5.9183825e-05
0,0.0,7.218532e-05
0,0.0,6.3071115e-05
0,0.0,5.7160603e-05
0,0.0,7.943398e-05
0,0.0,7.94358e-05
1,1.0,0.9998864
0,0.0,6.663298e-05
1,1.0,0.99984753
0,0.0,6.3082545e-05
1,1.0,0.99981654
0,0.0,6.8656525e-05
0,0.0,7.431283e-05
0,0.0,6.699046e-05
0,0.0,6.198935e-05
0,0.0,1.949457e-05
0,0.0,7.884691e-05
1,1.0,0.9996407
0,0.0,7.0930735e-05
0,0.0,6.846608e-05
0,0.0,7.481939e-05
0,0.0,3.4774144e-05
0,0.0,4.5647143e-05
1,1.0,0.99988574
1,1.0,0.9996367
0,0.0,5.623122e-05
0,0.0,8.043196e-05
0,0.0,6.791588e-05
1,1.0,0.9998866
0,0.0,6.200312e-05
0,0.0,7.2557865e-05
0,0.0,5.918388e-05
1,1.0,0.9391301
0,0.0,6.286935e-05
0,0.0,6.4444976e-05
0,0.0,7.967713e-05
1,1.0,0.91354126
0,0.0,7.484716e-05
1,1.0,0.9996402
0,0.0,3.477338e-05
0,0.0,0.00017069839
0,0.0,5.5032877e-05
0,0.0,6.919609e-05
0,0.0,6.3551095e-05
0,0.0,7.091349e-05
0,0.0,0.00024887067
0,0.0,5.329423e-05
0,0.0,6.4434156e-05
0,0.0,6.554515e-05
0,0.0,6.976011e-05
1,1.0,0.99988824
0,0.0,5.986903e-05
0,0.0,7.06299e-05
1,1.0,0.9995447
0,0.0,8.295796e-05
0,0.0,6.309464e-05
0,0.0,0.00017069481
1,1.0,0.99988806
0,0.0,5.8106678e-05
0,0.0,0.00020041797
0,0.0,8.880579e-05
1,1.0,0.9996375
1,1.0,0.99994946
1,1.0,0.9996351
1,1.0,0.8331251
0,0.0,5.41793e-05
1,1.0,0.99964076
0,0.0,3.477272e-05
0,0.0,6.855179e-05
0,0.0,4.8006958e-05
0,0.0,6.9546506e-05
0,0.0,4.8807866e-05
0,0.0,4.79924e-05
1,1.0,0.99824387
1,1.0,0.9998873
0,0.0,6.944477e-05
1,1.0,0.99963933
1,1.0,0.99964434
0,0.0,7.1195704e-05
1,1.0,0.999488
0,0.0,7.0571536e-05
0,0.0,5.693364e-05
1,1.0,0.9998852
0,0.0,5.801327e-05
0,0.0,6.355461e-05
1,1.0,0.87070537
0,0.0,6.344434e-05
0,0.0,6.732258e-05
0,0.0,5.9227576e-05
0,0.0,6.196676e-05
0,0.0,7.1580595e-05
0,0.0,7.79428e-05
0,0.0,0.00030500157
0,0.0,6.791614e-05
0,0.0,7.104663e-05
0,0.0,7.846708e-05
1,1.0,0.9989279
0,0.0,5.626931e-05
0,0.0,8.297204e-05
0,0.0,7.9739984e-05
1,1.0,0.9996353
0,0.0,5.7520843e-05
0,0.0,5.7781766e-05
0,0.0,6.954757e-05
0,0.0,5.5013148e-05
0,0.0,6.845139e-05
0,0.0,6.617249e-05
0,0.0,7.469877e-05
0,0.0,8.4611354e-05
0,0.0,4.7995694e-05
0,0.0,6.8577945e-05
0,0.0,7.865346e-05
0,0.0,6.950148e-05
0,0.0,5.470778e-05
1,1.0,0.9865016
0,0.0,6.92042e-05
1,1.0,0.99964255
0,0.0,5.990992e-05
1,1.0,0.99988914
0,0.0,5.5165867e-05
0,0.0,7.846289e-05
0,0.0,6.9767964e-05
0,0.0,6.571257e-05
0,0.0,6.948485e-05
0,0.0,6.9447226e-05
0,0.0,7.736727e-05
0,0.0,7.1165974e-05
0,0.0,4.4983302e-05
0,0.0,1.9493325e-05
1,1.0,0.99964696
0,0.0,0.00020031368
1,1.0,0.9999495
0,0.0,5.500864e-05
1,1.0,0.999718
0,0.0,1.9499183e-05
0,0.0,5.874635e-05
1,1.0,0.9998889
0,0.0,3.477348e-05
0,0.0,0.00024840247
0,0.0,0.00017066176
0,0.0,6.344561e-05
0,0.0,6.946742e-05
1,1.0,0.99860877
1,1.0,0.99963707
0,0.0,5.9130452e-05
0,0.0,7.763718e-05
1,1.0,0.9996433
0,0.0,6.976404e-05
0,0.0,6.346413e-05
1,1.0,0.9997755
1,1.0,0.9535628
1,1.0,0.8270542
0,0.0,7.986859e-05
0,0.0,1.9526482e-05
0,0.0,7.98644e-05
0,0.0,5.253566e-05
0,0.0,7.967606e-05
0,0.0,5.7736328e-05
0,0.0,6.8207366e-05
0,0.0,6.944537e-05
0,0.0,6.961677e-05
0,0.0,4.174692e-05
0,0.0,5.9569873e-05
1,1.0,0.99988824
0,0.0,8.44049e-05
0,0.0,0.00024849462
0,0.0,1.9528306e-05
1,1.0,0.99964094
0,0.0,0.0001704531
1,1.0,0.9998878
0,0.0,6.681922e-05
0,0.0,6.9634436e-05
0,0.0,5.9803577e-05
0,0.0,5.9181282e-05
0,0.0,6.791556e-05
0,0.0,5.335749e-05
1,1.0,0.9996381
0,0.0,6.920493e-05
1,1.0,0.99988693
0,0.0,7.093425e-05
0,0.0,7.781714e-05
0,0.0,3.4774606e-05
0,0.0,5.6786106e-05
0,0.0,6.963516e-05
0,0.0,8.7161476e-05
0,0.0,1.9495295e-05
0,0.0,6.308573e-05
1,1.0,0.9996422
1,1.0,0.99831796
1,1.0,0.99988925
1,1.0,0.999693
0,0.0,6.857585e-05
1,1.0,0.9998884
1,1.0,0.9822012
0,0.0,5.6521967e-05
0,0.0,6.808753e-05
1,1.0,0.9998031
0,0.0,6.312587e-05
1,1.0,0.9996386
0,0.0,6.34513e-05
1,1.0,0.99964225
1,1.0,0.99988604
0,0.0,5.7168672e-05
0,0.0,6.953722e-05
0,0.0,5.5539484e-05
0,0.0,6.846431e-05
0,0.0,7.093399e-05
0,0.0,3.477391e-05
1,1.0,0.9998867
0,0.0,4.7974103e-05
1,1.0,0.999639
0,0.0,0.00017059197
0,0.0,7.093128e-05
0,0.0,6.569396e-05
0,0.0,6.9197275e-05
0,0.0,7.865226e-05
0,0.0,6.954439e-05
0,0.0,4.9492446e-05
0,0.0,6.84647e-05
0,0.0,3.4764096e-05
1,1.0,0.93704927
0,0.0,4.8057893e-05
0,0.0,6.445149e-05
1,1.0,0.8565252
0,0.0,5.8844915e-05
0,0.0,5.7037767e-05
0,0.0,0.0001706681
1,1.0,0.99963737
1,1.0,0.9136641
0,0.0,7.44547e-05
0,0.0,4.718841e-05
1,0.0,0.2951441
1,1.0,0.99963665
0,0.0,5.8171212e-05
0,0.0,6.7065565e-05
0,0.0,7.252964e-05
1,1.0,0.99971884
0,0.0,5.8037895e-05
0,0.0,5.7363686e-05
0,0.0,5.0431598e-05
0,0.0,6.963583e-05
0,0.0,5.607171e-05
1,1.0,0.99920726
0,0.0,6.954618e-05
0,0.0,7.501286e-05
1,1.0,0.9975496
0,0.0,5.626899e-05
1,1.0,0.9998895
0,0.0,6.71213e-05
0,0.0,3.477484e-05
0,0.0,6.846542e-05
0,0.0,7.846341e-05
0,0.0,3.478738e-05
0,0.0,3.477265e-05
0,0.0,5.4833235e-05
0,0.0,6.55339e-05
0,0.0,7.4075535e-05
1,1.0,0.99964106
0,0.0,6.955406e-05
0,0.0,6.516523e-05
0,0.0,5.8113434e-05
0,0.0,6.699046e-05
1,1.0,0.9916758
0,0.0,7.967819e-05
0,0.0,0.00017069122
0,0.0,7.173804e-05
0,0.0,6.288146e-05
0,0.0,4.8034894e-05
1,1.0,0.99973774
0,0.0,6.70655e-05
0,0.0,7.8654055e-05
0,0.0,0.00017071221
0,0.0,5.4155855e-05
0,0.0,4.7109363e-05
0,0.0,6.946001e-05
0,0.0,6.3991254e-05
0,0.0,6.946253e-05
1,1.0,0.9333749
1,1.0,0.9996417
1,1.0,0.9998861
0,0.0,6.9445305e-05
0,0.0,7.128565e-05
1,1.0,0.9995381
0,0.0,5.41823e-05
1,1.0,0.9996351
0,0.0,6.976244e-05
1,1.0,0.99963444
0,0.0,7.2304996e-05
0,0.0,7.359387e-05
1,1.0,0.99963987
0,0.0,7.796347e-05
0,0.0,8.4199666e-05
0,0.0,5.7996895e-05
0,0.0,7.953259e-05
0,0.0,6.8130656e-05
1,1.0,0.99980366
1,1.0,0.99990857
0,0.0,7.763718e-05
1,1.0,0.9998861
1,1.0,0.92667556
0,0.0,6.944464e-05
0,0.0,7.94308e-05
0,0.0,7.2118586e-05
0,0.0,7.093128e-05
1,1.0,0.9996394
0,0.0,6.563835e-05
0,0.0,1.9470885e-05
1,1.0,0.99957615
0,0.0,8.056815e-05
0,0.0,6.34513e-05
0,0.0,4.8024544e-05
1,1.0,0.99988765
0,0.0,6.724187e-05
1,1.0,0.99978316
0,0.0,7.44547e-05
0,0.0,8.2971885e-05
0,0.0,8.736443e-05
1,1.0,0.99963844
0,0.0,7.119061e-05
0,0.0,5.5043638e-05
0,0.0,6.738611e-05
0,0.0,4.8002836e-05
0,0.0,6.6808265e-05
0,0.0,5.8976657e-05
0,0.0,0.00017063571
0,0.0,0.0002485524
0,0.0,8.407362e-05
0,0.0,5.377529e-05
1,1.0,0.9996362
0,0.0,6.166954e-05
0,0.0,7.0632865e-05
0,0.0,6.596345e-05
1,1.0,0.99988645
0,0.0,6.812935e-05
1,1.0,0.9994812
0,0.0,5.959425e-05
0,0.0,7.846483e-05
1,1.0,0.9996387
1,1.0,0.9995077
1,1.0,0.9998898
0,0.0,5.6484467e-05
1,1.0,0.82165617
0,0.0,7.501343e-05
0,0.0,6.706486e-05
0,0.0,6.798956e-05
0,0.0,7.345778e-05
1,0.0,0.032632828
1,1.0,0.99963707
0,0.0,5.701161e-05
1,1.0,0.999815
0,0.0,6.997512e-05
1,1.0,0.9996363
0,0.0,6.943696e-05
1,1.0,0.9998866
0,0.0,6.846601e-05
0,0.0,6.731963e-05
0,0.0,5.335016e-05
0,0.0,9.232724e-05
1,1.0,0.9996413
0,0.0,6.813247e-05
0,0.0,5.3210082e-05
0,0.0,6.919793e-05
0,0.0,7.0934926e-05
1,1.0,0.9998871
0,0.0,6.905766e-05
0,0.0,5.9867372e-05
1,1.0,0.9994967
1,1.0,0.9998868
0,0.0,5.22169e-05
0,0.0,6.699059e-05
1,1.0,0.9996418
1,1.0,0.9996349
1,1.0,0.99988794
0,0.0,8.1794366e-05
1,1.0,0.9996401
0,0.0,5.3454052e-05
0,0.0,6.731995e-05
1,1.0,0.9969962
0,0.0,4.8006408e-05
0,0.0,5.7160167e-05
0,0.0,1.9495408e-05
1,1.0,0.9719623
0,0.0,7.5991746e-05
0,0.0,7.4247735e-05
0,0.0,5.73312e-05
1,1.0,0.99729383
0,0.0,4.56481e-05
1,1.0,0.99946064
1,1.0,0.99985594
0,0.0,6.509071e-05
0,0.0,5.1498802e-05
0,0.0,6.35557e-05
0,0.0,5.2427607e-05
1,1.0,0.99988693
0,0.0,7.0051494e-05
0,0.0,6.7065244e-05
0,0.0,7.874036e-05
0,0.0,5.4963177e-05
1,1.0,0.99988556
0,0.0,6.8129484e-05
0,0.0,6.791491e-05
0,0.0,7.837748e-05
0,0.0,6.164908e-05
1,1.0,0.99980927
0,0.0,5.768052e-05
1,1.0,0.9998896
1,1.0,0.99809885
0,0.0,6.565312e-05
1,1.0,0.99980253
0,0.0,6.846464e-05
1,1.0,0.99988633
0,0.0,8.056869e-05
0,0.0,5.5008903e-05
0,0.0,8.038412e-05
0,0.0,5.8745678e-05
0,0.0,6.791601e-05
1,1.0,0.999505
0,0.0,5.5530054e-05
0,0.0,6.678355e-05
1,1.0,0.99963635
0,0.0,5.3812844e-05
0,0.0,5.91313e-05
0,0.0,0.00024878143
1,1.0,0.9996339
0,0.0,6.6627064e-05
0,0.0,5.7855876e-05
0,0.0,5.7791574e-05
0,0.0,6.698995e-05
1,1.0,0.92881536
0,0.0,6.963616e-05
0,0.0,5.8606125e-05
0,0.0,6.9461465e-05
0,0.0,5.7289442e-05
0,0.0,3.4763267e-05
0,0.0,7.2642746e-05
0,0.0,5.8847218e-05
1,1.0,0.9997928
0,0.0,5.6627065e-05
0,0.0,5.3293465e-05
0,0.0,6.980809e-05
0,0.0,6.9196416e-05
0,0.0,6.9544454e-05
1,1.0,0.9991561
0,0.0,6.069984e-05
1,1.0,0.8991481
0,0.0,6.97486e-05
0,0.0,4.795114e-05
1,1.0,0.99959904
0,0.0,6.446237e-05
0,0.0,1.9497713e-05
1,1.0,0.9506428
0,0.0,3.474302e-05
0,0.0,5.4605727e-05
0,0.0,6.9764974e-05
0,0.0,6.9638154e-05
1,1.0,0.9998236
0,0.0,9.232433e-05
0,0.0,6.8464506e-05
1,1.0,0.9999121
1,1.0,0.9998643
1,1.0,0.9991799
0,0.0,6.9280875e-05
0,0.0,1.9464813e-05
0,0.0,7.290006e-05
0,0.0,7.118946e-05
0,0.0,6.842495e-05
0,0.0,7.484808e-05
0,0.0,6.857546e-05
0,0.0,5.700813e-05
1,0.0,0.3791222
0,0.0,5.6748806e-05
1,1.0,0.9998858
1,1.0,0.99988896
1,1.0,0.9996377
0,0.0,6.7065244e-05
0,0.0,5.580669e-05
1,1.0,0.99954087
0,0.0,7.89265e-05
0,0.0,1.949749e-05
0,0.0,5.9806942e-05
0,0.0,6.8638845e-05
1,1.0,0.999744
0,0.0,5.5550925e-05
1,1.0,0.9995969
1,1.0,0.9998884
1,1.0,0.93297464
0,0.0,6.196676e-05
1,1.0,0.999639
0,0.0,0.00024855288
0,0.0,7.920668e-05
0,0.0,5.5891745e-05
0,0.0,8.41942e-05
0,0.0,6.619528e-05
0,0.0,6.713064e-05
0,0.0,1.9496598e-05
0,0.0,6.587588e-05
0,0.0,3.477454e-05
1,1.0,0.9998894
0,0.0,6.224655e-05
0,0.0,7.0914706e-05
0,0.0,6.846634e-05
1,1.0,0.99953693
1,1.0,0.9998901
0,0.0,6.195565e-05
1,1.0,0.99988675
0,0.0,4.8042042e-05
0,0.0,7.8519166e-05
0,0.0,5.3596716e-05
1,1.0,0.9972893
1,1.0,0.99988925
0,0.0,0.0002486195
0,0.0,7.070585e-05
1,1.0,0.9994307
0,0.0,5.2886924e-05
0,0.0,7.0931485e-05
0,0.0,6.791516e-05
0,0.0,5.872865e-05
1,1.0,0.99963635
0,0.0,7.093053e-05
0,0.0,6.812884e-05
0,0.0,5.6075718e-05
1,1.0,0.99833184
0,0.0,5.9201993e-05
0,0.0,3.4773115e-05
0,0.0,6.8203466e-05
0,0.0,6.5708875e-05
0,0.0,8.038305e-05
0,0.0,8.383952e-05
0,0.0,8.351994e-05
0,0.0,7.44466e-05
0,0.0,3.4773515e-05
1,1.0,0.9996346
0,0.0,5.3475615e-05
1,1.0,0.9340035
0,0.0,5.2663618e-05
1,1.0,0.9996362
0,0.0,0.00024835486
0,0.0,6.311577e-05
1,1.0,0.99988973
0,0.0,7.255897e-05
0,0.0,6.846588e-05
0,0.0,5.03236e-05
1,1.0,0.9996365
1,1.0,0.9991798
1,1.0,0.9996436
0,0.0,6.5875254e-05
0,0.0,5.7294415e-05
0,0.0,8.3084145e-05
0,0.0,6.884777e-05
0,0.0,7.2558694e-05
1,1.0,0.86366504
0,0.0,5.347332e-05
0,0.0,0.00017070163
1,1.0,0.99963456
1,1.0,0.9371873
0,0.0,6.296781e-05
0,0.0,3.4789537e-05
1,1.0,0.991029
0,0.0,4.796207e-05
0,0.0,6.166801e-05
1,1.0,0.9998865
0,0.0,7.9436555e-05
0,0.0,3.4772584e-05
1,1.0,0.99963415
0,0.0,5.6567045e-05
1,1.0,0.9994804
0,0.0,7.15458e-05
1,1.0,0.99941677
0,0.0,8.025651e-05
1,1.0,0.9998217
0,0.0,6.070117e-05
0,0.0,6.813156e-05
0,0.0,7.0646136e-05
0,0.0,0.00024854954
0,0.0,1.949656e-05
1,1.0,0.9999573
0,0.0,7.500656e-05
0,0.0,6.569434e-05
0,0.0,5.7226654e-05
0,0.0,6.987903e-05
1,1.0,0.9997762
0,0.0,1.9470104e-05
0,0.0,7.088786e-05
1,1.0,0.9998886
1,1.0,0.9996367
0,0.0,8.0567996e-05
0,0.0,7.445683e-05
1,1.0,0.99988633
1,1.0,0.9969579
1,1.0,0.9996371
1,1.0,0.99968493
0,0.0,7.9676596e-05
1,1.0,0.9996361
0,0.0,7.9789046e-05
1,1.0,0.9998893
0,0.0,8.705814e-05
0,0.0,7.605046e-05
0,0.0,6.200389e-05
0,0.0,6.9444446e-05
0,0.0,8.7514185e-05
1,1.0,0.88540745
0,0.0,6.977096e-05
0,0.0,7.967576e-05
0,0.0,6.073492e-05
0,0.0,5.8271147e-05
0,0.0,3.4774243e-05
0,0.0,7.328831e-05
0,0.0,6.977522e-05
0,0.0,5.7814836e-05
0,0.0,6.946404e-05
0,0.0,6.123489e-05
0,0.0,7.338663e-05
0,0.0,7.8665464e-05
1,1.0,0.8393675
0,0.0,6.200614e-05
1,1.0,0.9998878
0,0.0,7.0731614e-05
1,1.0,0.99963444
1,1.0,0.9753455
1,1.0,0.9996405
0,0.0,6.954259e-05
0,0.0,7.118742e-05
1,1.0,0.9352818
0,0.0,7.922405e-05
0,0.0,6.9280344e-05
1,1.0,0.99964255
0,0.0,6.586552e-05
0,0.0,6.310818e-05
1,1.0,0.99988747
0,0.0,6.345312e-05
1,1.0,0.99915624
1,1.0,0.99977046
0,0.0,8.4221254e-05
0,0.0,6.964081e-05
0,0.0,6.4444175e-05
0,0.0,3.477391e-05
0,0.0,3.4765522e-05
0,0.0,5.9184946e-05
0,0.0,7.851407e-05
0,0.0,4.800302e-05
1,1.0,0.9998865
0,0.0,7.339139e-05
1,1.0,0.9991751
0,0.0,8.296817e-05
0,0.0,0.00024841737
0,0.0,7.409771e-05
0,0.0,5.886417e-05
0,0.0,5.0323746e-05
0,0.0,4.7971997e-05
0,0.0,5.545814e-05
0,0.0,6.976856e-05
0,0.0,6.9766036e-05
0,0.0,0.00017068356
0,0.0,6.286942e-05
0,0.0,5.6270597e-05
1,1.0,0.99963814
1,1.0,0.9996426
0,0.0,6.197811e-05
0,0.0,5.913897e-05
0,0.0,6.944471e-05
1,1.0,0.99939543
1,1.0,0.9998894
0,0.0,6.0252773e-05
0,0.0,5.6991874e-05
0,0.0,7.016241e-05
0,0.0,7.368839e-05
0,0.0,7.1693736e-05
0,0.0,6.5506414e-05
0,0.0,6.991476e-05
0,0.0,4.8028298e-05
0,0.0,4.7975107e-05
1,1.0,0.84268165
0,0.0,9.3038514e-05
0,0.0,8.7387016e-05
1,1.0,0.9991841
0,0.0,3.4769666e-05
0,0.0,6.963736e-05
0,0.0,0.00024857183
0,0.0,0.00024880515
0,0.0,0.0002489988
1,1.0,0.9988715
1,1.0,0.9997892
1,1.0,0.9996437
0,0.0,6.345923e-05
1,1.0,0.9998853
0,0.0,6.950135e-05
0,0.0,6.1673956e-05
1,1.0,0.9998874
0,0.0,6.3455474e-05
0,0.0,7.734913e-05
0,0.0,5.9698566e-05
0,0.0,7.979117e-05
1,1.0,0.8973666
0,0.0,7.708853e-05
0,0.0,6.913475e-05
0,0.0,6.980856e-05
0,0.0,6.974382e-05
0,0.0,5.8107067e-05
1,1.0,0.9357968
0,0.0,6.944411e-05
1,1.0,0.9998865
1,1.0,0.9998877
0,0.0,6.921265e-05
0,0.0,7.837419e-05
1,1.0,0.99964446
1,1.0,0.99964255
1,1.0,0.9282554
1,1.0,0.99944437
0,0.0,7.501114e-05
0,0.0,6.285736e-05
0,0.0,0.00024876342
1,1.0,0.9996398
0,0.0,0.0001704827
0,0.0,6.379512e-05
0,0.0,5.460531e-05
0,0.0,7.987316e-05
0,0.0,6.954213e-05
0,0.0,7.230851e-05
0,0.0,7.083854e-05
0,0.0,6.991575e-05
1,1.0,0.9998462
0,0.0,7.185018e-05
0,0.0,1.949552e-05
1,1.0,0.999888
0,0.0,8.299048e-05
1,1.0,0.9400818
1,1.0,0.9998871
1,1.0,0.9817408
1,1.0,0.99988556
0,0.0,6.7379355e-05
1,1.0,0.9996446
1,1.0,0.99988836
1,1.0,0.9998876
1,1.0,0.9996423
0,0.0,3.4774373e-05
0,0.0,6.5036904e-05
0,0.0,6.945835e-05
0,0.0,0.00024850882
0,0.0,6.944511e-05
0,0.0,5.8420486e-05
0,0.0,5.7833255e-05
0,0.0,1.9505524e-05
0,0.0,7.484458e-05
0,0.0,7.995005e-05
0,0.0,7.9871104e-05
0,0.0,0.00017068732
0,0.0,4.8738188e-05
0,0.0,6.976324e-05
1,1.0,0.99988717
0,0.0,6.4433174e-05
0,0.0,7.781907e-05
0,0.0,0.00017048432
0,0.0,6.699059e-05
0,0.0,6.2814106e-05
0,0.0,7.044869e-05
0,0.0,0.00024854817
0,0.0,5.6638404e-05
0,0.0,6.8465815e-05
0,0.0,5.8730722e-05
0,0.0,7.943269e-05
1,1.0,0.9996092
0,0.0,7.470233e-05
0,0.0,5.4738783e-05
0,0.0,5.4451495e-05
0,0.0,6.430164e-05
1,1.0,0.99981385
0,0.0,5.662712e-05
0,0.0,7.370997e-05
1,1.0,0.9995725
0,0.0,6.813143e-05
0,0.0,6.871686e-05
0,0.0,8.0430356e-05
0,0.0,8.721351e-05
1,1.0,0.9996366
0,0.0,7.050413e-05
1,1.0,0.9995083
0,0.0,0.00017069545
0,0.0,6.955511e-05
0,0.0,7.032793e-05
0,0.0,7.093169e-05
0,0.0,7.9869125e-05
1,1.0,0.99949825
0,0.0,8.4219006e-05
0,0.0,6.0540744e-05
0,0.0,5.9176768e-05
1,1.0,0.9990261
0,0.0,6.9488226e-05
1,1.0,0.9995373
0,0.0,6.949651e-05
0,0.0,7.796689e-05
1,1.0,0.9996379
0,0.0,7.1188035e-05
1,1.0,0.99963534
0,0.0,5.7845944e-05
1,1.0,0.999888
0,0.0,5.8946574e-05
0,0.0,4.6216028e-05
0,0.0,6.8905436e-05
0,0.0,5.3065156e-05
0,0.0,5.7157766e-05
0,0.0,6.984192e-05
1,1.0,0.99924505
0,0.0,7.118023e-05
0,0.0,6.699257e-05
0,0.0,4.714024e-05
1,1.0,0.8103336
0,0.0,5.9228423e-05
0,0.0,5.075945e-05
0,0.0,6.944663e-05
0,0.0,7.135869e-05
0,0.0,5.4562937e-05
0,0.0,6.587104e-05
0,0.0,5.6525958e-05
0,0.0,6.9281465e-05
0,0.0,1.9487603e-05
0,0.0,6.963563e-05
0,0.0,8.760302e-05
1,1.0,0.9978736
0,0.0,5.467628e-05
0,0.0,6.9445174e-05
0,0.0,7.092986e-05
0,0.0,5.5010216e-05
0,0.0,6.976085e-05
0,0.0,7.470276e-05
0,0.0,0.00024920047
0,0.0,5.7012803e-05
0,0.0,5.8179423e-05
0,0.0,6.1214276e-05
0,0.0,5.2324864e-05
0,0.0,7.002879e-05
0,0.0,9.23201e-05
0,0.0,5.755261e-05
0,0.0,6.981102e-05
0,0.0,6.9193185e-05
0,0.0,5.7183723e-05
0,0.0,8.410906e-05
1,1.0,0.99963623
0,0.0,7.967758e-05
0,0.0,5.423901e-05
1,1.0,0.9998897
0,0.0,5.712965e-05
1,1.0,0.9279152
0,0.0,6.928642e-05
1,1.0,0.99988866
1,1.0,0.8615458
0,0.0,7.865421e-05
0,0.0,7.064492e-05
1,1.0,0.99988973
1,1.0,0.9992327
1,1.0,0.99963856
0,0.0,6.846621e-05
0,0.0,7.120311e-05
0,0.0,6.572028e-05
1,1.0,0.99153674
1,1.0,0.90349066
0,0.0,6.1656014e-05
0,0.0,5.7168996e-05
0,0.0,5.0757462e-05
0,0.0,6.846614e-05
1,1.0,0.99956846
0,0.0,8.753121e-05
0,0.0,5.5452638e-05
0,0.0,7.445612e-05
0,0.0,6.70655e-05
1,1.0,0.99960095
0,0.0,5.6307745e-05
0,0.0,7.7290955e-05
0,0.0,6.724084e-05
1,1.0,0.99988824
0,0.0,7.974097e-05
0,0.0,6.8132074e-05
1,1.0,0.99963415
0,0.0,6.9436894e-05
0,0.0,7.224235e-05
1,1.0,0.9998505
0,0.0,8.71766e-05
1,1.0,0.99740636
0,0.0,4.7966234e-05
0,0.0,6.95471e-05
1,0.0,0.07737574
0,0.0,5.729376e-05
1,1.0,0.9994044
0,0.0,5.6389636e-05
0,0.0,4.7967424e-05
0,0.0,7.09139e-05
0,0.0,6.946206e-05
0,0.0,6.325139e-05
1,1.0,0.9998891
0,0.0,7.09164e-05
0,0.0,6.812332e-05
0,0.0,7.796712e-05
1,1.0,0.99964017
0,0.0,7.470133e-05
1,1.0,0.9996354
1,1.0,0.9996439
0,0.0,6.409935e-05
1,1.0,0.9998901
0,0.0,7.95335e-05
1,1.0,0.999887
0,0.0,6.3268286e-05
0,0.0,8.421475e-05
0,0.0,0.00024889508
0,0.0,5.9166498e-05
1,1.0,0.9013397
0,0.0,0.00017065134
0,0.0,6.86524e-05
1,0.0,0.34634343
0,0.0,6.963457e-05
1,1.0,0.9996364
1,1.0,0.9994744
0,0.0,5.514509e-05
0,0.0,6.442366e-05
1,1.0,0.9998872
0,0.0,8.172325e-05
0,0.0,6.409513e-05
0,0.0,7.093182e-05
0,0.0,6.6736946e-05
0,0.0,6.326189e-05
1,1.0,0.99988526
0,0.0,7.2354655e-05
0,0.0,4.8053127e-05
1,1.0,0.99988776
0,0.0,0.00017069008
0,0.0,6.857572e-05
0,0.0,6.0564886e-05
0,0.0,6.517157e-05
0,0.0,5.6484358e-05
1,1.0,0.99989
1,1.0,0.99965054
0,0.0,6.946153e-05
0,0.0,6.593673e-05
1,1.0,0.99988675
1,1.0,0.99935156
0,0.0,1.9500056e-05
0,0.0,7.0048955e-05
1,1.0,0.9998867
1,1.0,0.9998853
0,0.0,6.9483656e-05
0,0.0,6.976737e-05
0,0.0,3.2677548e-05
0,0.0,5.780249e-05
0,0.0,7.093399e-05
1,1.0,0.99964136
1,1.0,0.9998858
0,0.0,5.580078e-05
0,0.0,5.8793317e-05
0,0.0,7.093108e-05
0,0.0,8.296705e-05
0,0.0,7.0913964e-05
0,0.0,6.31349e-05
0,0.0,1.9487417e-05
0,0.0,7.216317e-05
1,1.0,0.99964136
0,0.0,5.6278433e-05
0,0.0,7.092938e-05
1,1.0,0.70598376
0,0.0,6.3465035e-05
0,0.0,6.8129746e-05
0,0.0,8.428345e-05
1,1.0,0.9995039
1,1.0,0.99962384
0,0.0,7.7965335e-05
0,0.0,6.963563e-05
0,0.0,8.038596e-05
0,0.0,7.830203e-05
1,1.0,0.99995273
0,0.0,0.00020042351
0,0.0,6.91035e-05
0,0.0,6.9284695e-05
0,0.0,5.6277575e-05
1,1.0,0.9976657
0,0.0,5.498394e-05
1,1.0,0.9996406
1,1.0,0.9996439
1,1.0,0.9991921
0,0.0,9.2103095e-05
1,1.0,0.99964315
1,1.0,0.9995794
0,0.0,5.953847e-05
0,0.0,5.4071017e-05
0,0.0,7.8598205e-05
1,1.0,0.86645067
1,1.0,0.9998865
0,0.0,5.960664e-05
0,0.0,7.950839e-05
0,0.0,4.512659e-05
0,0.0,6.3126354e-05
0,0.0,7.796682e-05
0,0.0,8.047247e-05
0,0.0,7.0935195e-05
0,0.0,7.2382194e-05
1,1.0,0.9994967
0,0.0,6.991369e-05
0,0.0,6.813247e-05
0,0.0,5.8870064e-05
0,0.0,5.7871322e-05
0,0.0,5.419403e-05
1,1.0,0.99963963
1,1.0,0.9998874
0,0.0,6.7065244e-05
0,0.0,7.093324e-05
1,1.0,0.9998045
0,0.0,8.298304e-05
0,0.0,7.421559e-05
0,0.0,6.586307e-05
1,1.0,0.99963665
0,0.0,7.093425e-05
1,1.0,0.9996002
0,0.0,7.7632445e-05
0,0.0,9.21341e-05
0,0.0,1.9495556e-05
0,0.0,8.898771e-05
0,0.0,5.6940644e-05
1,1.0,0.9996405
0,0.0,6.0979535e-05
1,1.0,0.6972585
1,1.0,0.9996346
0,0.0,7.778962e-05
1,1.0,0.9808017
1,1.0,0.9997297
0,0.0,5.9806258e-05
0,0.0,4.7953792e-05
0,0.0,3.4774905e-05
0,0.0,6.991436e-05
1,1.0,0.9998874
0,0.0,6.7323286e-05
0,0.0,6.699379e-05
0,0.0,6.0100927e-05
1,1.0,0.99926704
0,0.0,3.477318e-05
0,0.0,1.9496114e-05
1,1.0,0.9993847
1,1.0,0.9996284
0,0.0,7.0646005e-05
1,1.0,0.99997973
1,1.0,0.9996399
0,0.0,6.1212355e-05
0,0.0,6.945875e-05
0,0.0,5.8330304e-05
0,0.0,6.940929e-05
1,1.0,0.99963945
0,0.0,7.892552e-05
0,0.0,7.728867e-05
0,0.0,1.9526426e-05
1,1.0,0.99959433
0,0.0,6.552054e-05
0,0.0,6.9444446e-05
1,1.0,0.9996379
0,0.0,7.521743e-05
1,1.0,0.99918437
0,0.0,6.991096e-05
0,0.0,4.8054593e-05
0,0.0,6.593497e-05
0,0.0,7.6825214e-05
1,1.0,0.9998897
0,0.0,5.6472883e-05
0,0.0,6.937078e-05
0,0.0,8.7414934e-05
0,0.0,6.9484784e-05
1,1.0,0.9995944
0,0.0,5.5777164e-05
1,1.0,0.9998901
0,0.0,6.669254e-05
1,1.0,0.9996396
0,0.0,0.00024880943
0,0.0,3.4773213e-05
0,0.0,6.790778e-05
0,0.0,5.5003187e-05
1,1.0,0.9257107
0,0.0,0.00017066127
1,1.0,0.9996416
0,0.0,5.8927584e-05
0,0.0,7.24753e-05
0,0.0,1.9491988e-05
1,1.0,0.9998885
1,1.0,0.99963844
0,0.0,7.093317e-05
0,0.0,5.4907174e-05
1,1.0,0.92864347
0,0.0,3.480978e-05
0,0.0,6.791581e-05
0,0.0,7.071334e-05
0,0.0,5.9128706e-05
1,1.0,0.9994203
0,0.0,7.784587e-05
0,0.0,5.5960012e-05
0,0.0,5.733049e-05
0,0.0,5.656947e-05
1,1.0,0.99814135
0,0.0,7.336453e-05
0,0.0,5.462427e-05
0,0.0,5.776193e-05
1,1.0,0.99988705
0,0.0,6.569453e-05
1,1.0,0.99963385
0,0.0,9.2301714e-05
0,0.0,6.516337e-05
1,1.0,0.9996425
0,0.0,6.9458816e-05
0,0.0,6.5164175e-05
1,1.0,0.9998892
0,0.0,4.8038513e-05
1,1.0,0.9998868
0,0.0,6.286168e-05
0,0.0,6.9758054e-05
0,0.0,6.954339e-05
0,0.0,5.6992634e-05
0,0.0,6.5227774e-05
0,0.0,7.6051045e-05
0,0.0,5.8845086e-05
0,0.0,6.196682e-05
1,1.0,0.9996432
1,1.0,0.99995416
1,1.0,0.9444024
0,0.0,2.8603574e-05
0,0.0,3.474415e-05
0,0.0,6.976311e-05
0,0.0,9.307908e-05
0,0.0,6.9480804e-05
0,0.0,6.954611e-05
0,0.0,4.8016114e-05
0,0.0,6.8131754e-05
0,0.0,6.378643e-05
0,0.0,7.867867e-05
0,0.0,7.8083554e-05
1,1.0,0.9996356
0,0.0,4.7999998e-05
0,0.0,5.959476e-05
1,1.0,0.9996443
0,0.0,6.92077e-05
0,0.0,5.4176882e-05
0,0.0,9.214517e-05
0,0.0,6.749318e-05
0,0.0,6.0697756e-05
1,1.0,0.99988925
0,0.0,0.00017067658
0,0.0,6.791569e-05
0,0.0,7.06518e-05
0,0.0,6.699264e-05
1,1.0,0.9995747
0,0.0,6.3446096e-05
0,0.0,8.0468635e-05
1,1.0,0.9996366
0,0.0,5.6301677e-05
0,0.0,7.7086836e-05
0,0.0,0.0002484702
1,1.0,0.9897416
0,0.0,7.22961e-05
0,0.0,3.479395e-05
1,1.0,0.9998863
1,1.0,0.999168
0,0.0,6.3561274e-05
0,0.0,7.016676e-05
0,0.0,6.407454e-05
0,0.0,6.944437e-05
0,0.0,7.019179e-05
0,0.0,5.920115e-05
0,0.0,8.123965e-05
1,1.0,0.99963397
0,0.0,8.0388025e-05
0,0.0,6.9483256e-05
1,1.0,0.99988896
0,0.0,7.118926e-05
0,0.0,6.269776e-05
0,0.0,4.7954156e-05
0,0.0,6.9278096e-05
0,0.0,6.8465684e-05
0,0.0,0.00024826537
0,0.0,3.477275e-05
0,0.0,6.011073e-05
0,0.0,7.300372e-05
0,0.0,5.8871803e-05
1,1.0,0.9998858
1,1.0,0.9996462
0,0.0,7.7967336e-05
0,0.0,5.415322e-05
1,1.0,0.9998904
0,0.0,5.6446446e-05
1,1.0,0.99988663
0,0.0,4.7962847e-05
0,0.0,5.7761157e-05
1,1.0,0.9996441
0,0.0,6.514907e-05
0,0.0,7.118715e-05
0,0.0,7.120399e-05
0,0.0,7.7347875e-05
0,0.0,7.0698974e-05
1,1.0,0.999695
1,1.0,0.999639
1,1.0,0.99988943
0,0.0,5.460302e-05
1,1.0,0.9997003
0,0.0,5.5720226e-05
0,0.0,5.614747e-05
1,1.0,0.9998919
0,0.0,4.982303e-05
0,0.0,2.816687e-05
0,0.0,5.9822345e-05
0,0.0,5.2690746e-05
0,0.0,5.0581726e-05
0,0.0,4.5687342e-05
1,1.0,0.99987185
1,1.0,0.9998713
0,0.0,4.563935e-05
1,1.0,0.998955
0,0.0,4.726979e-05
0,0.0,5.218464e-05
1,1.0,0.9999117
0,0.0,4.839292e-05
0,0.0,5.136285e-05
1,1.0,0.99987143
1,1.0,0.9714579
0,0.0,2.9800527e-05
0,0.0,0.00019453434
0,0.0,5.5407072e-05
0,0.0,5.5794662e-05
0,0.0,6.60551e-05
0,0.0,4.653427e-05
0,0.0,5.081476e-05
0,0.0,6.602595e-05
1,1.0,0.9997894
0,0.0,5.146851e-05
0,0.0,5.445321e-05
0,0.0,2.451094e-05
0,0.0,5.0817525e-05
0,0.0,6.9228096e-05
1,1.0,0.9996992
0,0.0,4.5135497e-05
0,0.0,5.262557e-05
0,0.0,5.081389e-05
0,0.0,5.2182e-05
1,1.0,0.9998226
0,0.0,5.925023e-05
0,0.0,4.8454018e-05
1,1.0,0.99991286
1,1.0,0.99829644
1,1.0,0.99987173
0,0.0,5.058308e-05
1,1.0,0.93843156
0,0.0,6.632399e-05
1,1.0,0.99982363
0,0.0,5.2928044e-05
0,0.0,6.716093e-05
1,1.0,0.9999136
0,0.0,4.517559e-05
0,0.0,5.1621137e-05
1,1.0,0.99980146
0,0.0,4.599224e-05
0,0.0,5.233799e-05
0,0.0,4.5778663e-05
0,0.0,4.723987e-05
0,0.0,3.0898053e-05
0,0.0,5.315789e-05
0,0.0,5.6143832e-05
0,0.0,5.2433006e-05
0,0.0,5.2508367e-05
1,1.0,0.9998734
0,0.0,5.6117067e-05
1,1.0,0.99981457
0,0.0,5.751574e-05
0,0.0,4.9708797e-05
0,0.0,5.1748546e-05
0,0.0,4.575745e-05
1,1.0,0.99957097
0,0.0,5.127818e-05
0,0.0,6.769242e-05
1,1.0,0.9999128
0,0.0,6.598868e-05
0,0.0,6.657137e-05
0,0.0,5.271839e-05
0,0.0,5.016725e-05
0,0.0,5.2624466e-05
0,0.0,6.766853e-05
0,0.0,6.9230606e-05
0,0.0,5.2693962e-05
1,1.0,0.99987125
0,0.0,5.1387247e-05
0,0.0,2.8138036e-05
1,1.0,0.9998729
0,0.0,5.5947152e-05
0,0.0,4.9687565e-05
1,1.0,0.99991304
1,1.0,0.9999123
1,1.0,0.99987066
0,0.0,2.8142009e-05
0,0.0,5.262462e-05
1,1.0,0.9350828
0,0.0,5.171633e-05
0,0.0,6.512454e-05
1,1.0,0.9996778
1,1.0,0.99987054
0,0.0,6.6878056e-05
0,0.0,4.9706665e-05
1,1.0,0.9998707
0,0.0,5.3243733e-05
0,0.0,5.021598e-05
1,1.0,0.999913
0,0.0,5.272151e-05
0,0.0,6.455175e-05
0,0.0,5.2701853e-05
0,0.0,5.0766128e-05
0,0.0,5.3157437e-05
0,0.0,5.2242453e-05
0,0.0,5.5550132e-05
1,1.0,0.99935496
1,1.0,0.99985206
0,0.0,0.0001942463
0,0.0,5.1645362e-05
0,0.0,4.8023398e-05
0,0.0,4.705037e-05
1,1.0,0.99989504
1,1.0,0.9993007
0,0.0,6.935881e-05
1,1.0,0.940152
0,0.0,5.52647e-05
1,1.0,0.9996248
1,1.0,0.9506215
0,0.0,5.2586987e-05
0,0.0,4.659275e-05
0,0.0,4.970932e-05
0,0.0,4.9710223e-05
0,0.0,2.8122637e-05
1,1.0,0.9998714
0,0.0,6.6018896e-05
1,1.0,0.99988526
0,0.0,5.006622e-05
0,0.0,5.4725315e-05
1,1.0,0.99933153
0,0.0,5.146885e-05
0,0.0,5.4402346e-05
1,1.0,0.99984485
0,0.0,5.167743e-05
0,0.0,5.2575055e-05
0,0.0,5.6123703e-05
0,0.0,5.262286e-05
0,0.0,4.6104353e-05
0,0.0,5.1716725e-05
0,0.0,4.8001235e-05
0,0.0,6.9037975e-05
1,1.0,0.9993386
0,0.0,5.1360206e-05
1,1.0,0.99991196
0,0.0,6.4550266e-05
0,0.0,5.2450814e-05
1,1.0,0.99983555
1,1.0,0.99989486
1,1.0,0.99915457
1,1.0,0.99958473
0,0.0,5.0767823e-05
1,1.0,0.99991524
0,0.0,5.2136093e-05
0,0.0,5.7928355e-05
0,0.0,4.8263555e-05
0,0.0,5.1891213e-05
0,0.0,6.684503e-05
0,0.0,4.8515558e-05
0,0.0,5.6142282e-05
0,0.0,5.14716e-05
0,0.0,4.8515325e-05
0,0.0,5.5707158e-05
0,0.0,5.6665474e-05
1,1.0,0.99987096
0,0.0,4.9665818e-05
0,0.0,5.1892202e-05
0,0.0,4.6313402e-05
0,0.0,4.995434e-05
0,0.0,4.84076e-05
0,0.0,4.402793e-05
0,0.0,4.897538e-05
1,1.0,0.9998706
0,0.0,2.9800642e-05
0,0.0,5.940899e-05
0,0.0,5.583629e-05
0,0.0,5.2558407e-05
0,0.0,5.2156178e-05
1,1.0,0.99974394
0,0.0,5.446536e-05
0,0.0,5.3873067e-05
0,0.0,5.1580588e-05
0,0.0,5.475126e-05
0,0.0,4.883943e-05
0,0.0,5.458563e-05
1,1.0,0.9997751
0,0.0,4.621669e-05
0,0.0,5.0582403e-05
0,0.0,6.69789e-05
1,1.0,0.9993578
0,0.0,5.262572e-05
0,0.0,5.2774525e-05
0,0.0,5.726771e-05
0,0.0,5.0998067e-05
0,0.0,5.2812382e-05
0,0.0,4.7973735e-05
1,1.0,0.9999126
0,0.0,5.1376122e-05
1,1.0,0.9998943
0,0.0,6.5646425e-05
0,0.0,6.669654e-05
1,1.0,0.99991333
1,1.0,0.99979055
0,0.0,5.295728e-05
0,0.0,5.210205e-05
1,1.0,0.9999134
1,1.0,0.99991184
0,0.0,2.8136721e-05
0,0.0,5.3235202e-05
1,1.0,0.99987376
0,0.0,6.768047e-05
0,0.0,4.9643e-05
0,0.0,0.00012156785
1,1.0,0.99991184
1,1.0,0.972401
0,0.0,6.455335e-05
1,1.0,0.99991524
0,0.0,4.5755354e-05
0,0.0,5.242961e-05
0,0.0,5.5397668e-05
0,0.0,5.2049407e-05
0,0.0,0.000121593366
0,0.0,2.4379275e-05
0,0.0,4.9708942e-05
0,0.0,5.0815102e-05
0,0.0,5.5448832e-05
1,1.0,0.99972266
0,0.0,5.2626372e-05
0,0.0,5.1000403e-05
0,0.0,4.344659e-05
1,1.0,0.99991375
0,0.0,5.0789084e-05
1,1.0,0.9618557
0,0.0,5.1718944e-05
1,1.0,0.99989194
0,0.0,5.6554105e-05
0,0.0,5.0057723e-05
0,0.0,5.0764145e-05
0,0.0,4.7086414e-05
1,1.0,0.9999328
0,0.0,6.5645734e-05
1,1.0,0.9997868
1,1.0,0.999693
0,0.0,5.0773488e-05
0,0.0,5.2506966e-05
0,0.0,4.8249887e-05
0,0.0,0.00012530334
0,0.0,5.0764676e-05
0,0.0,5.7010577e-05
1,1.0,0.9998727
0,0.0,5.2934152e-05
1,1.0,0.999946
1,1.0,0.99991333
0,0.0,5.2704218e-05
0,0.0,5.52783e-05
1,1.0,0.9999038
1,1.0,0.9998735
0,0.0,5.058332e-05
1,1.0,0.99985206
1,1.0,0.9997859
1,1.0,0.9988183
0,0.0,4.6332927e-05
0,0.0,5.2920423e-05
0,0.0,2.8105154e-05
1,1.0,0.99966836
0,0.0,5.267869e-05
0,0.0,4.8251914e-05
0,0.0,5.287497e-05
0,0.0,5.4802604e-05
0,0.0,5.2876534e-05
1,1.0,0.97188604
0,0.0,4.98217e-05
0,0.0,4.575457e-05
0,0.0,5.18926e-05
0,0.0,5.1223586e-05
1,1.0,0.9997365
0,0.0,5.1039424e-05
0,0.0,5.4796907e-05
0,0.0,6.8775524e-05
1,1.0,0.99987096
1,1.0,0.99991184
0,0.0,5.262547e-05
0,0.0,5.099729e-05
0,0.0,5.2616488e-05
0,0.0,4.913003e-05
0,0.0,5.2755804e-05
0,0.0,4.9916525e-05
0,0.0,4.8793714e-05
1,1.0,0.9997845
0,0.0,5.171278e-05
0,0.0,4.728625e-05
1,1.0,0.99980843
0,0.0,2.9809169e-05
0,0.0,0.00019439639
1,1.0,0.93438035
0,0.0,5.177535e-05
0,0.0,4.6415982e-05
0,0.0,6.686479e-05
1,1.0,0.9994834
0,0.0,2.4514775e-05
0,0.0,5.327873e-05
0,0.0,4.6521094e-05
0,0.0,5.0816507e-05
0,0.0,5.1646002e-05
1,1.0,0.99978787
0,0.0,5.31284e-05
1,1.0,0.9998728
1,1.0,0.999912
1,1.0,0.9999131
0,0.0,4.966648e-05
0,0.0,5.5984186e-05
0,0.0,5.0583272e-05
1,1.0,0.99991167
0,0.0,5.5225875e-05
0,0.0,5.2669446e-05
0,0.0,5.0019215e-05
0,0.0,4.9705814e-05
0,0.0,5.5765566e-05
1,1.0,0.998414
1,1.0,0.9998723
0,0.0,5.2213563e-05
0,0.0,5.281319e-05
0,0.0,4.5410907e-05
0,0.0,5.1462375e-05
1,1.0,0.9983999
1,1.0,0.99987227
0,0.0,5.333033e-05
0,0.0,5.0591858e-05
0,0.0,5.146993e-05
0,0.0,5.3248405e-05
0,0.0,4.648318e-05
0,0.0,5.4800512e-05
0,0.0,2.8135191e-05
1,1.0,0.99987155
0,0.0,6.454984e-05
0,0.0,5.189225e-05
0,0.0,5.058168e-05
1,1.0,0.9971848
0,0.0,0.00012160542
0,0.0,3.3960176e-05
0,0.0,5.1892996e-05
0,0.0,4.550749e-05
0,0.0,4.591407e-05
0,0.0,5.018448e-05
0,0.0,5.2719497e-05
0,0.0,4.9642906e-05
0,0.0,6.455563e-05
1,1.0,0.9976837
0,0.0,5.0316066e-05
1,1.0,0.99987257
1,1.0,0.99991345
0,0.0,4.9821414e-05
0,0.0,4.9642433e-05
0,0.0,5.2505813e-05
0,0.0,5.2925723e-05
0,0.0,4.654661e-05
0,0.0,6.512827e-05
0,0.0,5.2295683e-05
1,1.0,0.9999134
0,0.0,4.982189e-05
0,0.0,5.254097e-05
1,1.0,0.9998713
0,0.0,4.9705337e-05
0,0.0,5.2275536e-05
1,1.0,0.9999132
0,0.0,2.4502668e-05
1,1.0,0.99933547
0,0.0,5.0999184e-05
0,0.0,5.2897765e-05
0,0.0,4.9642338e-05
0,0.0,6.657213e-05
0,0.0,5.1652652e-05
0,0.0,5.8505393e-05
1,1.0,0.9998715
0,0.0,5.220191e-05
0,0.0,6.516548e-05
0,0.0,6.891661e-05
0,0.0,6.767447e-05
0,0.0,2.8136426e-05
1,1.0,0.99982125
0,0.0,4.8033107e-05
0,0.0,5.4055763e-05
1,1.0,0.9998719
0,0.0,5.2203806e-05
1,1.0,0.999871
0,0.0,6.657162e-05
1,1.0,0.95291996
0,0.0,5.2875726e-05
0,0.0,5.2928346e-05
0,0.0,5.0806717e-05
0,0.0,4.9642433e-05
0,0.0,5.250446e-05
1,1.0,0.9998726
0,0.0,5.1647035e-05
0,0.0,2.8144317e-05
0,0.0,5.6840716e-05
1,1.0,0.999802
0,0.0,4.663774e-05
0,0.0,2.4512905e-05
0,0.0,2.9802062e-05
0,0.0,2.9801495e-05
0,0.0,6.602204e-05
1,1.0,0.9998728
0,0.0,5.2908363e-05
0,0.0,5.188443e-05
0,0.0,4.802706e-05
1,1.0,0.9998227
1,1.0,0.9999125
0,0.0,5.0815197e-05
1,1.0,0.99986595
1,1.0,0.9998714
0,0.0,5.229598e-05
0,0.0,4.6636582e-05
1,1.0,0.999874
0,0.0,5.2507166e-05
0,0.0,4.6076486e-05
1,1.0,0.9998722
0,0.0,5.536023e-05
1,1.0,0.9999128
0,0.0,6.71608e-05
0,0.0,5.2430405e-05
0,0.0,5.1893836e-05
0,0.0,5.227584e-05
1,1.0,0.99987346
0,0.0,5.1893636e-05
0,0.0,5.0817333e-05
0,0.0,5.2185584e-05
0,0.0,5.044935e-05
0,0.0,4.636369e-05
0,0.0,5.292865e-05
0,0.0,4.9467293e-05
1,1.0,0.9999134
1,1.0,0.999871
1,1.0,0.9998722
1,1.0,0.99991333
0,0.0,5.307275e-05
0,0.0,4.4865446e-05
0,0.0,2.4511875e-05
0,0.0,5.2430805e-05
0,0.0,0.00019479309
1,1.0,0.99987394
1,1.0,0.9999131
0,0.0,5.230945e-05
1,1.0,0.99920815
0,0.0,5.3912332e-05
0,0.0,6.891549e-05
1,1.0,0.9999117
1,1.0,0.9988649
0,0.0,6.7639514e-05
1,1.0,0.9997869
0,0.0,4.6585286e-05
1,1.0,0.9998337
0,0.0,0.00012155684
0,0.0,5.0767725e-05
0,0.0,2.4516787e-05
0,0.0,6.765285e-05
0,0.0,5.0323266e-05
0,0.0,5.071117e-05
1,1.0,0.99987197
0,0.0,5.323784e-05
0,0.0,6.6000954e-05
0,0.0,5.0999184e-05
0,0.0,4.5110846e-05
0,0.0,2.4507623e-05
0,0.0,5.218489e-05
1,1.0,0.9999125
0,0.0,5.5204706e-05
1,1.0,0.9998717
0,0.0,5.550972e-05
0,0.0,5.1957562e-05
0,0.0,0.00019409042
1,1.0,0.9998572
0,0.0,5.140357e-05
1,1.0,0.99987245
1,1.0,0.99991333
0,0.0,0.00019451763
0,0.0,5.1026185e-05
0,0.0,5.3155156e-05
1,1.0,0.9999129
0,0.0,5.1647334e-05
1,1.0,0.9996797
0,0.0,5.443104e-05
0,0.0,0.00019422833
0,0.0,6.740648e-05
0,0.0,4.6361172e-05
0,0.0,5.347842e-05
1,1.0,0.99991345
1,1.0,0.9998721
0,0.0,5.090041e-05
0,0.0,0.00019420705
0,0.0,5.555437e-05
0,0.0,5.1712977e-05
0,0.0,6.60546e-05
0,0.0,0.00019454102
0,0.0,2.9801324e-05
1,1.0,0.999912
0,0.0,5.2203504e-05
0,0.0,5.2505413e-05
0,0.0,6.69533e-05
0,0.0,5.1620547e-05
0,0.0,4.9822745e-05
0,0.0,4.6392754e-05
1,1.0,0.99991304
1,1.0,0.99987406
0,0.0,4.743814e-05
0,0.0,6.4549466e-05
1,1.0,0.999871
0,0.0,4.9822174e-05
0,0.0,4.5691177e-05
1,1.0,0.9999122
0,0.0,5.7120717e-05
1,1.0,0.99972415
1,1.0,0.9983114
0,0.0,5.4407796e-05
1,1.0,0.99987257
1,1.0,0.9997046
0,0.0,6.484815e-05
0,0.0,4.485492e-05
0,0.0,4.885345e-05
0,0.0,4.6422756e-05
0,0.0,4.8251914e-05
0,0.0,5.746059e-05
0,0.0,5.4805583e-05
0,0.0,5.6082295e-05
0,0.0,4.9350445e-05
0,0.0,5.429196e-05
0,0.0,4.525691e-05
0,0.0,6.767796e-05
0,0.0,5.2644038e-05
0,0.0,5.4622342e-05
0,0.0,6.684395e-05
0,0.0,4.9787024e-05
1,1.0,0.9998132
0,0.0,5.2681702e-05
0,0.0,5.2203806e-05
0,0.0,5.9181453e-05
1,1.0,0.9997213
0,0.0,5.2337295e-05
0,0.0,4.6518257e-05
0,0.0,5.675254e-05
0,0.0,2.8108265e-05
0,0.0,4.9239505e-05
0,0.0,5.549591e-05
0,0.0,4.0405062e-05
1,1.0,0.99883014
1,1.0,0.999769
0,0.0,6.684535e-05
0,0.0,2.9814371e-05
1,1.0,0.9996132
0,0.0,5.4003303e-05
0,0.0,5.554727e-05
0,0.0,6.6875e-05
1,1.0,0.9998722
0,0.0,5.3721724e-05
1,1.0,0.9634937
0,0.0,4.6591773e-05
0,0.0,5.0743285e-05
1,1.0,0.9999133
0,0.0,5.1619365e-05
0,0.0,0.00012159603
0,0.0,5.1893836e-05
0,0.0,6.935788e-05
0,0.0,4.964286e-05
1,1.0,0.999873
0,0.0,5.3154192e-05
0,0.0,5.5373843e-05
0,0.0,5.143706e-05
0,0.0,5.531595e-05
0,0.0,6.669413e-05
1,1.0,0.99962115
1,1.0,0.99987346
1,1.0,0.99987274
1,1.0,0.9999123
0,0.0,5.3743246e-05
0,0.0,5.1714556e-05
0,0.0,2.980121e-05
0,0.0,5.2554453e-05
0,0.0,5.312708e-05
1,1.0,0.99987334
1,1.0,0.9998731
1,1.0,0.99991286
0,0.0,5.3752578e-05
1,1.0,0.9997421
0,0.0,5.1036794e-05
0,0.0,5.4619424e-05
0,0.0,5.2506213e-05
0,0.0,6.455655e-05
0,0.0,5.4507764e-05
0,0.0,5.5316057e-05
0,0.0,4.964286e-05
0,0.0,6.891635e-05
1,1.0,0.9986868
1,1.0,0.99987245
0,0.0,5.6283156e-05
0,0.0,6.768105e-05
0,0.0,5.2276337e-05
0,0.0,2.9784956e-05
0,0.0,4.9782753e-05
0,0.0,5.595014e-05
0,0.0,4.593426e-05
0,0.0,4.599922e-05
0,0.0,2.9794786e-05
0,0.0,5.614592e-05
0,0.0,5.4598284e-05
0,0.0,5.292229e-05
0,0.0,4.669452e-05
0,0.0,5.5274555e-05
0,0.0,5.1471845e-05
0,0.0,4.5756926e-05
0,0.0,4.485475e-05
0,0.0,5.412199e-05
0,0.0,5.0999235e-05
0,0.0,5.3998465e-05
0,0.0,0.00012159058
0,0.0,6.686575e-05
1,1.0,0.9563104
0,0.0,4.5619767e-05
0,0.0,5.2928248e-05
0,0.0,5.3853033e-05
0,0.0,5.3968604e-05
0,0.0,5.3367155e-05
1,1.0,0.999871
0,0.0,5.2873813e-05
0,0.0,2.9802006e-05
1,1.0,0.9991687
1,1.0,0.99987227
0,0.0,6.5510285e-05
0,0.0,5.5510518e-05
1,1.0,0.99955803
0,0.0,5.21822e-05
1,1.0,0.674253
0,0.0,6.512181e-05
1,1.0,0.9998708
0,0.0,0.00019449576
0,0.0,5.2837575e-05
1,1.0,0.99991286
0,0.0,5.8568363e-05
1,1.0,0.999812
0,0.0,5.254583e-05
0,0.0,5.1467676e-05
0,0.0,5.2336145e-05
0,0.0,6.695744e-05
0,0.0,5.1718598e-05
0,0.0,5.076371e-05
0,0.0,5.0657516e-05
1,1.0,0.9998725
0,0.0,2.4540272e-05
1,1.0,0.9997885
0,0.0,5.2506664e-05
0,0.0,5.262276e-05
1,1.0,0.99987215
0,0.0,5.842188e-05
0,0.0,5.3037787e-05
0,0.0,2.8101269e-05
0,0.0,2.980195e-05
0,0.0,4.635317e-05
0,0.0,5.4449833e-05
1,1.0,0.99959177
0,0.0,6.602185e-05
1,1.0,0.9999117
1,1.0,0.9999136
0,0.0,5.616161e-05
0,0.0,5.255881e-05
0,0.0,4.982208e-05
1,1.0,0.9965322
0,0.0,5.4757576e-05
0,0.0,5.1434123e-05
0,0.0,5.684218e-05
1,1.0,0.9355771
1,1.0,0.99987245
0,0.0,4.8459606e-05
0,0.0,5.0861392e-05
1,1.0,0.99707174
0,0.0,6.604421e-05
0,0.0,6.603344e-05
0,0.0,4.6214045e-05
0,0.0,6.490371e-05
1,1.0,0.9306692
0,0.0,5.549935e-05
1,1.0,0.99981165
1,1.0,0.99991184
0,0.0,4.7969206e-05
0,0.0,5.344243e-05
1,1.0,0.99980205
0,0.0,4.602072e-05
0,0.0,5.5541124e-05
1,1.0,0.99978745
0,0.0,5.3169657e-05
0,0.0,5.405401e-05
0,0.0,5.2927135e-05
0,0.0,5.242941e-05
0,0.0,5.0580955e-05
0,0.0,5.2450014e-05
0,0.0,4.802248e-05
0,0.0,5.099651e-05
0,0.0,5.1892894e-05
0,0.0,5.262577e-05
0,0.0,5.3838143e-05
1,1.0,0.9981009
0,0.0,6.960051e-05
0,0.0,5.210334e-05
0,0.0,5.2427706e-05
1,1.0,0.99991363
0,0.0,5.2816817e-05
0,0.0,0.00019427335
0,0.0,6.6822344e-05
0,0.0,5.2275387e-05
0,0.0,5.1619365e-05
1,1.0,0.9999122
0,0.0,2.452434e-05
0,0.0,5.077354e-05
0,0.0,5.316697e-05
1,1.0,0.99940646
0,0.0,5.6298777e-05
0,0.0,4.3129465e-05
1,1.0,0.9997854
1,1.0,0.9999135
1,1.0,0.99991304
0,0.0,5.3362477e-05
0,0.0,0.00012159893
0,0.0,2.8102475e-05
1,1.0,0.93273443
0,0.0,5.1716725e-05
0,0.0,5.1894775e-05
0,0.0,5.473967e-05
1,1.0,0.999913
0,0.0,2.451938e-05
0,0.0,4.995024e-05
1,1.0,0.99991345
1,1.0,0.99987155
0,0.0,5.219987e-05
0,0.0,5.1894625e-05
0,0.0,5.2429656e-05
0,0.0,4.6288897e-05
1,1.0,0.99987155
0,0.0,5.6098605e-05
0,0.0,2.8132241e-05
0,0.0,5.0998944e-05
1,1.0,0.9998725
1,1.0,0.9991802
0,0.0,6.6874294e-05
1,1.0,0.9999139
0,0.0,5.069231e-05
0,0.0,5.405411e-05
1,1.0,0.95019925
0,0.0,4.8023212e-05
0,0.0,0.00019429968
1,1.0,0.99978626
0,0.0,5.4623175e-05
1,1.0,0.99946404
1,1.0,0.99978805
1,1.0,0.99991316
0,0.0,0.00019434484
0,0.0,0.00012161737
0,0.0,4.8465707e-05
0,0.0,5.254804e-05
0,0.0,5.226692e-05
0,0.0,5.0764193e-05
0,0.0,5.2202213e-05
0,0.0,6.656642e-05
0,0.0,5.2276137e-05
0,0.0,4.977696e-05
0,0.0,5.392663e-05
1,1.0,0.9990863
0,0.0,6.6572386e-05
0,0.0,5.3791857e-05
1,1.0,0.99940217
0,0.0,2.8147055e-05
0,0.0,4.8254537e-05
1,1.0,0.95117265
1,1.0,0.9998901
0,0.0,6.51187e-05
1,1.0,0.99987155
0,0.0,5.304315e-05
0,0.0,5.1000938e-05
0,0.0,5.254493e-05
1,1.0,0.9998732
0,0.0,4.970548e-05
1,1.0,0.999558
0,0.0,6.455618e-05
0,0.0,5.2957028e-05
1,1.0,0.9998107
1,1.0,0.99998724
0,0.0,3.104529e-05
0,0.0,6.740436e-05
0,0.0,5.4003718e-05
0,0.0,0.0001942337
0,0.0,4.6609195e-05
0,0.0,5.1621777e-05
0,0.0,5.2595566e-05
0,0.0,5.084874e-05
0,0.0,4.6500605e-05
0,0.0,5.1617542e-05
0,0.0,6.455396e-05
0,0.0,5.250396e-05
0,0.0,5.2227457e-05
0,0.0,5.169651e-05
0,0.0,5.3230735e-05
1,1.0,0.99942315
0,0.0,2.4514307e-05
1,1.0,0.96164775
1,1.0,0.99987364
1,1.0,0.9998709
0,0.0,5.2432006e-05
1,1.0,0.9994366
0,0.0,5.0583367e-05
1,1.0,0.99991214
1,1.0,0.9999705
0,0.0,4.5622637e-05
1,1.0,0.99956065
1,1.0,0.9999127
0,0.0,2.9800727e-05
0,0.0,4.6366786e-05
0,0.0,0.00019452265
0,0.0,2.8103386e-05
0,0.0,5.1472336e-05
1,1.0,0.71412766
0,0.0,4.925397e-05
0,0.0,5.058356e-05
1,1.0,0.9999788
1,1.0,0.99987155
0,0.0,5.227424e-05
0,0.0,4.533709e-05
0,0.0,5.5762375e-05
0,0.0,5.2595216e-05
0,0.0,4.2432584e-05
0,0.0,0.00019422204
1,1.0,0.99987054
0,0.0,5.189418e-05
1,1.0,0.99982256
0,0.0,5.1716626e-05
0,0.0,4.636776e-05
0,0.0,0.00012161621
1,1.0,0.9998715
0,0.0,5.3344156e-05
0,0.0,5.6142817e-05
0,0.0,5.227454e-05
0,0.0,4.7269248e-05
1,1.0,0.99982363
0,0.0,4.723469e-05
1,1.0,0.99946284
1,1.0,0.99991244
1,1.0,0.99987346
0,0.0,5.2506315e-05
1,1.0,0.99987215
0,0.0,5.702031e-05
0,0.0,5.5410244e-05
0,0.0,4.7794732e-05
1,1.0,0.995341
0,0.0,6.1510545e-05
0,0.0,5.5348137e-05
0,0.0,4.6544304e-05
0,0.0,0.00019427297
0,0.0,5.4800355e-05
0,0.0,6.687895e-05
0,0.0,4.7268346e-05
0,0.0,5.2560663e-05
0,0.0,6.933758e-05
1,1.0,0.99977225
0,0.0,4.622154e-05
0,0.0,5.2875424e-05
0,0.0,5.157788e-05
0,0.0,5.0764967e-05
0,0.0,4.982175e-05
1,1.0,0.9992544
0,0.0,5.171406e-05
1,1.0,0.9998728
0,0.0,5.1886364e-05
0,0.0,2.814276e-05
0,0.0,2.97849e-05
0,0.0,4.6924768e-05
0,0.0,5.055429e-05
0,0.0,6.490402e-05
1,1.0,0.99987227
0,0.0,5.2213913e-05
0,0.0,5.2506013e-05
0,0.0,6.689184e-05
0,0.0,5.494866e-05
0,0.0,5.2410258e-05
1,1.0,0.99987257
0,0.0,4.9642007e-05
0,0.0,5.382351e-05
0,0.0,4.6207704e-05
0,0.0,2.451239e-05
0,0.0,5.1715837e-05
0,0.0,2.4508276e-05
0,0.0,4.6402267e-05
0,0.0,5.3158095e-05
0,0.0,4.7286023e-05
1,1.0,0.9998734
0,0.0,5.314917e-05
0,0.0,5.4622968e-05
0,0.0,5.2576055e-05
1,1.0,0.9982316
0,0.0,6.9030466e-05
0,0.0,5.2432457e-05
1,1.0,0.99991345
1,1.0,0.9998233
0,0.0,3.8245886e-05
1,1.0,0.9998003
0,0.0,0.00019454566
0,0.0,5.1710707e-05
0,0.0,5.496921e-05
0,0.0,0.0001944127
0,0.0,5.3169148e-05
0,0.0,4.278389e-05
0,0.0,4.9513314e-05
0,0.0,5.1471307e-05
0,0.0,4.9707236e-05
1,1.0,0.99978465
1,1.0,0.9647198
0,0.0,0.0001944394
0,0.0,2.9802006e-05
0,0.0,4.8025275e-05
0,0.0,4.777477e-05
0,0.0,4.1210827e-05
0,0.0,5.262552e-05
0,0.0,5.081413e-05
0,0.0,4.9821225e-05
0,0.0,4.6220834e-05
0,0.0,6.6953675e-05
0,0.0,5.099904e-05
0,0.0,5.068433e-05
0,0.0,5.081767e-05
0,0.0,2.457498e-05
0,0.0,5.2431256e-05
0,0.0,5.103285e-05
0,0.0,4.9706665e-05
0,0.0,2.8141982e-05
0,0.0,5.0583272e-05
0,0.0,6.6019464e-05
0,0.0,4.8391812e-05
0,0.0,5.137735e-05
1,1.0,0.9999133
1,1.0,0.99974203
0,0.0,0.00019410596
0,0.0,4.8456277e-05
0,0.0,4.9664966e-05
0,0.0,5.2183743e-05
0,0.0,4.6326208e-05
0,0.0,5.1465024e-05
1,1.0,0.9999133
0,0.0,5.0815102e-05
0,0.0,4.705867e-05
0,0.0,4.8028207e-05
1,1.0,0.9644034
1,1.0,0.99981046
0,0.0,5.4079264e-05
0,0.0,5.6301138e-05
0,0.0,5.551073e-05
0,0.0,5.100011e-05
1,1.0,0.99974066
0,0.0,4.6548656e-05
0,0.0,4.648096e-05
0,0.0,5.1446183e-05
0,0.0,6.683757e-05
0,0.0,2.8132696e-05
0,0.0,5.4462762e-05
0,0.0,6.6934845e-05
1,1.0,0.99877053
0,0.0,0.00019409707
1,1.0,0.9998734
0,0.0,4.7016016e-05
0,0.0,5.0581293e-05
0,0.0,4.802303e-05
0,0.0,5.3157943e-05
0,0.0,5.314993e-05
1,1.0,0.99942243
0,0.0,2.9807861e-05
1,1.0,0.99987316
1,1.0,0.9986128
1,1.0,0.999873
0,0.0,4.5649274e-05
0,0.0,4.8463626e-05
1,1.0,0.99978596
0,0.0,5.2373693e-05
0,0.0,5.1622614e-05
1,1.0,0.9999125
0,0.0,5.558007e-05
1,1.0,0.9996077
0,0.0,0.00019421667
0,0.0,5.314892e-05
0,0.0,5.3148768e-05
0,0.0,5.0447426e-05
0,0.0,5.1622912e-05
0,0.0,5.2900592e-05
0,0.0,0.000194442
0,0.0,4.9687136e-05
1,1.0,0.99982435
1,1.0,0.9998719
0,0.0,5.2040272e-05
1,1.0,0.99985087
1,1.0,0.9998712
0,0.0,6.490316e-05
0,0.0,6.444325e-05
0,0.0,4.8366117e-05
0,0.0,5.271789e-05
1,1.0,0.9998726
0,0.0,2.4512015e-05
1,1.0,0.99946135
0,0.0,6.6890054e-05
1,1.0,0.9998731
0,0.0,5.2246734e-05
0,0.0,6.7695255e-05
0,0.0,4.6879777e-05
1,1.0,0.9999127
1,1.0,0.9994226
0,0.0,4.653316e-05
0,0.0,5.1715393e-05
1,1.0,0.99958766
0,0.0,5.1715837e-05
0,0.0,5.6542944e-05
1,1.0,0.9995527
0,0.0,6.7637644e-05
0,0.0,5.4448537e-05
0,0.0,5.2625972e-05
0,0.0,0.0001945297
0,0.0,2.9800585e-05
0,0.0,5.5717726e-05
0,0.0,4.803338e-05
0,0.0,5.506448e-05
0,0.0,5.629722e-05
1,1.0,0.9998433
0,0.0,6.686811e-05
0,0.0,4.8020924e-05
1,1.0,0.9999133
1,1.0,0.9998724
0,0.0,4.5762776e-05
0,0.0,2.817117e-05
0,0.0,5.1892996e-05
1,1.0,0.9996155
0,0.0,4.776762e-05
0,0.0,5.219992e-05
0,0.0,5.2211322e-05
1,1.0,0.9998066
0,0.0,4.9706618e-05
0,0.0,5.519734e-05
0,0.0,5.078918e-05
1,1.0,0.9999121
0,0.0,4.7796602e-05
0,0.0,2.8136157e-05
0,0.0,6.695215e-05
0,0.0,5.1891806e-05
0,0.0,5.2875275e-05
0,0.0,5.526918e-05
1,1.0,0.9998719
0,0.0,6.4848085e-05
0,0.0,5.4579592e-05
0,0.0,2.4569448e-05
1,1.0,0.99920064
0,0.0,4.7767116e-05
0,0.0,6.6048175e-05
0,0.0,5.219992e-05
0,0.0,5.184872e-05
1,1.0,0.99987197
0,0.0,2.4401092e-05
0,0.0,4.802697e-05
1,1.0,0.99991274
0,0.0,5.227818e-05
0,0.0,4.9709604e-05
1,1.0,0.9999123
0,0.0,5.4465774e-05
0,0.0,6.933526e-05
0,0.0,5.1936953e-05
0,0.0,5.1622515e-05
0,0.0,6.4558764e-05
0,0.0,4.4355795e-05
0,0.0,5.0409046e-05
0,0.0,5.2528747e-05
0,0.0,6.719539e-05
1,1.0,0.9998718
0,0.0,5.058356e-05
0,0.0,5.146841e-05
0,0.0,5.5012e-05
0,0.0,5.4151205e-05
0,0.0,5.1359664e-05
0,0.0,4.668695e-05
0,0.0,6.689063e-05
0,0.0,6.6892986e-05
1,1.0,0.9999134
0,0.0,5.244341e-05
1,1.0,0.9999246
0,0.0,5.1359126e-05
1,1.0,0.999893
0,0.0,4.9871232e-05
0,0.0,6.8916415e-05
0,0.0,4.9642575e-05
0,0.0,5.0771552e-05
0,0.0,2.8134173e-05
0,0.0,5.1149687e-05
1,1.0,0.9997912
0,0.0,5.2875475e-05
0,0.0,5.0999963e-05
0,0.0,4.9643473e-05
0,0.0,2.9801608e-05
0,0.0,5.0176535e-05
1,1.0,0.9999136
1,1.0,0.99987376
0,0.0,4.5785215e-05
0,0.0,6.7686284e-05
0,0.0,5.0583272e-05
1,1.0,0.99991333
0,0.0,5.0787243e-05
0,0.0,5.2329407e-05
0,0.0,5.5010845e-05
1,1.0,0.95573354
0,0.0,4.5766745e-05
0,0.0,5.144098e-05
0,0.0,6.669667e-05
1,1.0,0.9430329
0,0.0,6.935834e-05
1,1.0,0.99987113
0,0.0,2.9801153e-05
0,0.0,0.00012160821
0,0.0,4.2919357e-05
0,0.0,5.220281e-05
0,0.0,4.6408633e-05
0,0.0,5.292643e-05
0,0.0,0.00019448166
0,0.0,5.3167983e-05
0,0.0,5.1438627e-05
0,0.0,5.218469e-05
0,0.0,5.1713174e-05
1,1.0,0.9999125
0,0.0,4.705436e-05
0,0.0,5.259637e-05
1,1.0,0.9997046
0,0.0,6.454621e-05
0,0.0,5.1363877e-05
0,0.0,0.00012160774
1,1.0,0.9999127
0,0.0,4.6326917e-05
0,0.0,6.6978195e-05
0,0.0,5.4713782e-05
1,1.0,0.99987304
1,1.0,0.9999044
1,1.0,0.99987257
1,1.0,0.99925905
0,0.0,5.675113e-05
1,1.0,0.99987197
0,0.0,2.9800813e-05
0,0.0,5.06423e-05
0,0.0,2.4529345e-05
0,0.0,5.2506064e-05
0,0.0,2.4577745e-05
0,0.0,2.4511783e-05
1,1.0,0.99873537
1,1.0,0.99991304
0,0.0,5.162143e-05
1,1.0,0.9998719
1,1.0,0.99987143
0,0.0,5.313848e-05
1,1.0,0.999811
0,0.0,5.1747065e-05
0,0.0,5.474019e-05
1,1.0,0.9999139
0,0.0,5.540665e-05
0,0.0,4.6282457e-05
1,1.0,0.99919134
0,0.0,4.6212986e-05
0,0.0,4.9825263e-05
0,0.0,4.7170546e-05
0,0.0,5.076724e-05
0,0.0,5.319933e-05
0,0.0,5.178681e-05
0,0.0,0.00021852087
0,0.0,5.0583752e-05
0,0.0,5.5187917e-05
0,0.0,6.740564e-05
1,1.0,0.9997606
0,0.0,5.2894335e-05
0,0.0,6.455655e-05
0,0.0,6.667823e-05
1,1.0,0.9998726
0,0.0,5.572012e-05
0,0.0,5.5757962e-05
0,0.0,5.2506464e-05
0,0.0,5.7117068e-05
0,0.0,4.9499104e-05
0,0.0,4.7173064e-05
0,0.0,5.344386e-05
0,0.0,5.2586034e-05
0,0.0,2.4509165e-05
0,0.0,5.0767485e-05
0,0.0,6.6021414e-05
0,0.0,5.149468e-05
0,0.0,4.484128e-05
1,1.0,0.9994039
0,0.0,5.2221978e-05
1,1.0,0.9998721
0,0.0,4.7062353e-05
1,1.0,0.99991226
0,0.0,5.7215304e-05
0,0.0,6.7403205e-05
0,0.0,5.1718496e-05
0,0.0,4.8256286e-05
0,0.0,5.1469244e-05
0,0.0,5.240401e-05
0,0.0,5.5787e-05
0,0.0,5.3125765e-05
0,0.0,4.970823e-05
0,0.0,2.8132723e-05
1,1.0,0.99978864
0,0.0,6.694506e-05
1,1.0,0.99995047
0,0.0,5.495212e-05
1,1.0,0.9997886
0,0.0,2.8139431e-05
0,0.0,5.4762433e-05
1,1.0,0.99991226
0,0.0,2.980121e-05
0,0.0,0.00019413335
0,0.0,0.000121589655
0,0.0,4.621237e-05
0,0.0,5.2451014e-05
1,1.0,0.99973875
1,1.0,0.9998718
0,0.0,4.6880134e-05
0,0.0,6.6322034e-05
1,1.0,0.99987173
0,0.0,5.1716677e-05
0,0.0,4.6221714e-05
1,1.0,0.99988455
1,1.0,0.9748423
1,1.0,0.9991295
0,0.0,6.5645174e-05
0,0.0,2.8170658e-05
0,0.0,6.713967e-05
0,0.0,4.7519457e-05
0,0.0,6.669692e-05
0,0.0,4.5526158e-05
0,0.0,5.01332e-05
0,0.0,5.162222e-05
0,0.0,5.1616906e-05
0,0.0,6.605157e-05
0,0.0,5.5388264e-05
1,1.0,0.9999126
0,0.0,6.4121e-05
0,0.0,0.00019417318
0,0.0,2.8172726e-05
1,1.0,0.99987143
0,0.0,0.000121461366
1,1.0,0.99991274
0,0.0,4.7972226e-05
0,0.0,5.1646643e-05
0,0.0,5.4009022e-05
0,0.0,4.690866e-05
0,0.0,5.0583367e-05
0,0.0,4.5737466e-05
1,1.0,0.99987274
0,0.0,5.2222425e-05
1,1.0,0.99991304
0,0.0,5.2877847e-05
0,0.0,6.484704e-05
0,0.0,2.9801806e-05
0,0.0,5.385894e-05
0,0.0,5.1645853e-05
0,0.0,5.248243e-05
0,0.0,2.8134977e-05
0,0.0,5.136177e-05
1,1.0,0.99987036
1,1.0,0.99909705
1,1.0,0.9999122
1,1.0,0.9998541
0,0.0,5.076526e-05
1,1.0,0.9999125
1,1.0,0.9993017
0,0.0,4.6110683e-05
0,0.0,5.0040253e-05
1,1.0,0.9998802
0,0.0,5.456148e-05
1,1.0,0.9998722
0,0.0,4.621638e-05
1,1.0,0.999872
1,1.0,0.9999135
0,0.0,4.6687397e-05
0,0.0,5.0363116e-05
0,0.0,5.5399887e-05
0,0.0,5.0998016e-05
0,0.0,5.2877996e-05
0,0.0,2.9801466e-05
1,1.0,0.9999132
0,0.0,2.451094e-05
1,1.0,0.999837
0,0.0,0.00012154351
0,0.0,5.2877593e-05
0,0.0,4.824446e-05
0,0.0,5.2203704e-05
0,0.0,6.602166e-05
0,0.0,5.2505064e-05
0,0.0,2.4730854e-05
0,0.0,5.0999235e-05
0,0.0,2.9796209e-05
1,1.0,0.9545503
0,0.0,2.4516832e-05
0,0.0,5.144638e-05
1,1.0,0.9992747
0,0.0,5.4596356e-05
0,0.0,4.563526e-05
0,0.0,0.00012158687
1,1.0,0.99987245
1,1.0,0.93992937
0,0.0,6.9033624e-05
0,0.0,2.4377603e-05
1,1.0,0.9967428
1,1.0,0.99987376
0,0.0,5.6137356e-05
0,0.0,4.970695e-05
0,0.0,5.4637763e-05
1,1.0,0.9997847
0,0.0,4.657325e-05
0,0.0,5.499553e-05
0,0.0,5.353358e-05
0,0.0,5.164738e-05
0,0.0,5.5538796e-05
1,1.0,0.999766
0,0.0,5.2505864e-05
0,0.0,6.948061e-05
1,1.0,0.99964446
0,0.0,5.2894135e-05
1,1.0,0.99991214
0,0.0,4.852347e-05
0,0.0,2.980195e-05
0,0.0,5.0999624e-05
0,0.0,6.740269e-05
0,0.0,2.9808658e-05
0,0.0,2.9800784e-05
0,0.0,4.6274996e-05
0,0.0,5.2183594e-05
0,0.0,5.6460714e-05
1,1.0,0.99987143
0,0.0,5.2526993e-05
0,0.0,4.8025046e-05
0,0.0,4.634026e-05
0,0.0,4.964186e-05
1,1.0,0.9583175
0,0.0,6.66987e-05
0,0.0,0.0001216045
0,0.0,5.3828593e-05
0,0.0,4.5772988e-05
0,0.0,2.4509913e-05
1,1.0,0.99989176
0,0.0,4.9706476e-05
0,0.0,6.602185e-05
0,0.0,0.00012161656
0,0.0,5.6804514e-05
0,0.0,2.4375278e-05
0,0.0,5.2431307e-05
0,0.0,5.4970467e-05
0,0.0,5.239462e-05
1,1.0,0.9576159
1,1.0,0.9998703
1,1.0,0.99991363
0,0.0,5.162232e-05
0,0.0,5.6821962e-05
1,1.0,0.99958724
0,0.0,5.6740148e-05
1,1.0,0.9998734
0,0.0,5.1716528e-05
1,1.0,0.9998736
0,0.0,5.3957592e-05
0,0.0,5.3253483e-05
1,1.0,0.99979156
0,0.0,6.4900865e-05
0,0.0,5.2796975e-05
0,0.0,5.539545e-05
0,0.0,6.5510976e-05
0,0.0,5.0816023e-05
1,1.0,0.99988216
1,1.0,0.99991906
0,0.0,6.632292e-05
1,1.0,0.9999135
1,1.0,0.95713705
0,0.0,5.1619118e-05
0,0.0,6.688801e-05
0,0.0,5.0060586e-05
0,0.0,5.2876283e-05
1,1.0,0.99987155
0,0.0,5.2034913e-05
0,0.0,2.8107086e-05
1,1.0,0.9998158
0,0.0,6.7696936e-05
0,0.0,4.6217352e-05
0,0.0,2.4511923e-05
1,1.0,0.9999128
0,0.0,4.9953003e-05
1,1.0,0.99990284
0,0.0,6.90331e-05
0,0.0,6.455698e-05
0,0.0,5.2560914e-05
1,1.0,0.9998731
0,0.0,5.3156524e-05
0,0.0,4.5021967e-05
0,0.0,4.8588336e-05
0,0.0,2.4511526e-05
0,0.0,4.7965867e-05
0,0.0,4.7077254e-05
0,0.0,0.00012157168
0,0.0,0.00019425093
0,0.0,5.8957034e-05
0,0.0,4.558385e-05
1,1.0,0.9998728
0,0.0,5.040217e-05
0,0.0,5.2597272e-05
0,0.0,4.7300142e-05
1,1.0,0.99991333
0,0.0,5.081258e-05
1,1.0,0.99981076
0,0.0,5.2321073e-05
0,0.0,6.740423e-05
1,1.0,0.99987173
1,1.0,0.9995632
1,1.0,0.9999119
0,0.0,4.511532e-05
1,1.0,0.99927694
0,0.0,6.948041e-05
0,0.0,4.970695e-05
0,0.0,4.9559698e-05
0,0.0,5.8373873e-05
1,1.0,0.882623
1,1.0,0.99987286
0,0.0,4.561507e-05
1,1.0,0.9998928
0,0.0,5.1754567e-05
1,1.0,0.999872
0,0.0,5.1612424e-05
1,1.0,0.99991345
0,0.0,5.0999624e-05
0,0.0,4.982132e-05
0,0.0,5.3236115e-05
0,0.0,5.5291424e-05
1,1.0,0.99987185
0,0.0,5.0817427e-05
0,0.0,4.3474603e-05
0,0.0,5.2203457e-05
0,0.0,5.2876483e-05
1,1.0,0.9999131
0,0.0,5.002775e-05
0,0.0,4.7054138e-05
1,1.0,0.99979025
1,1.0,0.99991316
0,0.0,5.454145e-05
0,0.0,4.9642433e-05
1,1.0,0.9998712
1,1.0,0.9998731
1,1.0,0.99991274
0,0.0,5.725886e-05
1,1.0,0.9998722
0,0.0,5.614105e-05
0,0.0,4.982227e-05
1,1.0,0.99966794
0,0.0,2.4512765e-05
0,0.0,4.6686906e-05
0,0.0,2.8135111e-05
1,1.0,0.99915296
0,0.0,6.563302e-05
0,0.0,6.8862544e-05
0,0.0,5.55093e-05
1,1.0,0.998314
0,0.0,5.017644e-05
1,1.0,0.99969506
1,1.0,0.99988526
0,0.0,5.4414904e-05
0,0.0,5.4011547e-05
0,0.0,4.6410227e-05
0,0.0,4.7402056e-05
1,1.0,0.9999131
0,0.0,5.130709e-05
0,0.0,4.9706665e-05
0,0.0,6.6033506e-05
0,0.0,4.3780234e-05
1,1.0,0.9999138
0,0.0,5.0814666e-05
0,0.0,5.058163e-05
0,0.0,6.598899e-05
0,0.0,5.0396884e-05
1,1.0,0.99989384
0,0.0,4.5759283e-05
1,1.0,0.999912
1,1.0,0.99869376
0,0.0,5.20366e-05
1,1.0,0.9998828
0,0.0,5.0998504e-05
1,1.0,0.99991375
0,0.0,6.769874e-05
0,0.0,5.4983884e-05
0,0.0,6.764635e-05
0,0.0,5.475742e-05
0,0.0,5.0583414e-05
1,1.0,0.99956316
0,0.0,4.53652e-05
0,0.0,4.7431444e-05
1,1.0,0.99987274
0,0.0,5.3794884e-05
0,0.0,4.68796e-05
0,0.0,0.00019442178
1,1.0,0.9998729
0,0.0,5.2450712e-05
0,0.0,4.659622e-05
0,0.0,4.58334e-05
0,0.0,4.964196e-05
1,1.0,0.9503207
0,0.0,5.1645213e-05
0,0.0,4.6669506e-05
0,0.0,5.2429357e-05
0,0.0,4.5365457e-05
0,0.0,2.9795754e-05
0,0.0,5.448292e-05
0,0.0,5.462255e-05
1,1.0,0.99979115
0,0.0,5.5809458e-05
0,0.0,5.3167172e-05
0,0.0,5.1732804e-05
0,0.0,5.2200816e-05
0,0.0,5.2506515e-05
1,1.0,0.99940217
0,0.0,5.4505683e-05
1,1.0,0.92180425
0,0.0,5.1688916e-05
0,0.0,2.4503252e-05
1,1.0,0.99982333
0,0.0,5.1448045e-05
0,0.0,2.8137742e-05
1,1.0,0.9973995
0,0.0,2.978493e-05
0,0.0,5.3722084e-05
0,0.0,5.1716725e-05
0,0.0,5.1649353e-05
1,1.0,0.9999153
0,0.0,5.528868e-05
0,0.0,5.099836e-05
1,1.0,0.99991924
1,1.0,0.9999418
1,1.0,0.99977046
0,0.0,5.2276882e-05
0,0.0,2.8100116e-05
0,0.0,5.3379983e-05
0,0.0,5.3158095e-05
0,0.0,5.0033e-05
0,0.0,6.935868e-05
0,0.0,5.0764484e-05
0,0.0,4.6643345e-05
1,1.0,0.99785733
0,0.0,4.642528e-05
1,1.0,0.9999137
1,1.0,0.9999122
1,1.0,0.9998723
0,0.0,4.970543e-05
0,0.0,4.6202593e-05
1,1.0,0.9998015
0,0.0,6.868482e-05
0,0.0,2.81375e-05
0,0.0,4.661604e-05
0,0.0,5.1043025e-05
1,1.0,0.99989134
0,0.0,4.666497e-05
1,1.0,0.99982256
1,1.0,0.9999125
1,1.0,0.95741415
0,0.0,5.076821e-05
1,1.0,0.9998724
0,0.0,0.00019421519
0,0.0,5.161784e-05
0,0.0,4.6334164e-05
0,0.0,6.515684e-05
0,0.0,4.741874e-05
0,0.0,5.0322786e-05
0,0.0,2.813648e-05
0,0.0,4.846275e-05
0,0.0,2.9801779e-05
1,1.0,0.9999121
0,0.0,5.4601718e-05
0,0.0,5.2928248e-05
0,0.0,5.100016e-05
1,1.0,0.99958694
1,1.0,0.9999117
0,0.0,5.0764967e-05
1,1.0,0.99991316
0,0.0,2.4516225e-05
0,0.0,5.127041e-05
0,0.0,5.3598298e-05
1,1.0,0.9985729
1,1.0,0.999912
0,0.0,0.00019428114
0,0.0,5.1656545e-05
1,1.0,0.99969923
0,0.0,4.4592965e-05
0,0.0,5.2874617e-05
0,0.0,5.0582017e-05
0,0.0,4.5750294e-05
1,1.0,0.9998739
0,0.0,5.287391e-05
0,0.0,5.0813407e-05
0,0.0,4.5742963e-05
1,1.0,0.9989831
0,0.0,5.500266e-05
0,0.0,2.980104e-05
0,0.0,5.0023507e-05
0,0.0,4.8253663e-05
0,0.0,6.7646724e-05
0,0.0,5.2246538e-05
0,0.0,5.341028e-05
0,0.0,5.438201e-05
0,0.0,2.980121e-05
1,1.0,0.9998732
0,0.0,5.630286e-05
1,1.0,0.9578893
0,0.0,5.5365825e-05
1,1.0,0.9998739
0,0.0,0.00019416965
0,0.0,5.455758e-05
1,1.0,0.9999119
0,0.0,5.2330106e-05
0,0.0,5.0999526e-05
0,0.0,5.5238306e-05
1,1.0,0.9998722
1,1.0,0.9997705
1,1.0,0.9998712
0,0.0,4.8461177e-05
0,0.0,4.535681e-05
0,0.0,6.451587e-05
0,0.0,5.0690956e-05
0,0.0,5.2330004e-05
1,1.0,0.9978815
0,0.0,5.3384767e-05
0,0.0,0.00012161169
1,1.0,0.99987274
1,1.0,0.95968604
0,0.0,4.59566e-05
0,0.0,2.9809795e-05
1,1.0,0.99944085
0,0.0,2.4511643e-05
0,0.0,5.0401257e-05
1,1.0,0.99991333
0,0.0,6.689311e-05
0,0.0,2.9800754e-05
1,1.0,0.99987286
0,0.0,5.577232e-05
1,1.0,0.999807
0,0.0,5.306966e-05
1,1.0,0.9996938
0,0.0,5.178691e-05
1,1.0,0.9998274
0,0.0,5.450745e-05
0,0.0,5.081641e-05
0,0.0,5.2623815e-05
0,0.0,0.0001943091
0,0.0,2.8136426e-05
1,1.0,0.9999516
0,0.0,5.295637e-05
0,0.0,4.8245103e-05
0,0.0,4.532836e-05
0,0.0,5.1834384e-05
1,1.0,0.9998871
0,0.0,2.8106148e-05
0,0.0,5.381967e-05
1,1.0,0.99991244
1,1.0,0.9998721
0,0.0,6.7701585e-05
0,0.0,6.9035006e-05
1,1.0,0.9999134
1,1.0,0.9996018
1,1.0,0.99987185
1,1.0,0.999795
0,0.0,6.670087e-05
1,1.0,0.9998731
0,0.0,6.715773e-05
1,1.0,0.99991214
0,0.0,5.244026e-05
0,0.0,6.5611384e-05
0,0.0,5.078637e-05
0,0.0,5.1621482e-05
0,0.0,5.33468e-05
1,1.0,0.9992539
0,0.0,5.094149e-05
0,0.0,6.669076e-05
0,0.0,5.4504384e-05
0,0.0,5.6165198e-05
0,0.0,2.9801608e-05
0,0.0,5.1437695e-05
0,0.0,5.173616e-05
0,0.0,4.648872e-05
0,0.0,5.2431707e-05
0,0.0,5.269306e-05
0,0.0,5.1068393e-05
0,0.0,6.604679e-05
1,1.0,0.9991718
0,0.0,5.0784336e-05
1,1.0,0.9999128
0,0.0,5.1373576e-05
1,1.0,0.99987376
1,1.0,0.9991385
1,1.0,0.999789
0,0.0,5.2505413e-05
0,0.0,5.3155967e-05
1,1.0,0.95201206
0,0.0,5.5800836e-05
0,0.0,5.2276933e-05
1,1.0,0.99987036
0,0.0,4.8455542e-05
0,0.0,5.137774e-05
1,1.0,0.9999129
0,0.0,4.621775e-05
1,1.0,0.99940187
1,1.0,0.9998864
0,0.0,6.517101e-05
0,0.0,5.2009767e-05
0,0.0,5.143951e-05
0,0.0,2.9801466e-05
0,0.0,2.9796947e-05
0,0.0,5.5008222e-05
0,0.0,5.139048e-05
0,0.0,2.4509445e-05
1,1.0,0.99991333
0,0.0,5.5855566e-05
1,1.0,0.999771
0,0.0,6.455359e-05
0,0.0,0.0001942689
0,0.0,5.767007e-05
0,0.0,5.4614007e-05
0,0.0,5.5238466e-05
0,0.0,2.4510451e-05
0,0.0,4.5542223e-05
0,0.0,5.171648e-05
0,0.0,5.1717612e-05
0,0.0,0.00012159939
0,0.0,4.5766395e-05
0,0.0,5.2895797e-05
1,1.0,0.9998722
1,1.0,0.9998716
0,0.0,5.0769326e-05
0,0.0,4.6887915e-05
0,0.0,5.1621333e-05
1,1.0,0.9997926
1,1.0,0.999912
0,0.0,3.089042e-05
0,0.0,4.663498e-05
0,0.0,5.1225885e-05
0,0.0,5.7199482e-05
0,0.0,5.2682757e-05
0,0.0,4.864676e-05
0,0.0,5.189359e-05
0,0.0,2.4513653e-05
0,0.0,2.446041e-05
1,1.0,0.99614143
0,0.0,5.4410128e-05
0,0.0,5.2576408e-05
1,1.0,0.9997697
0,0.0,2.9799163e-05
0,0.0,5.1645315e-05
0,0.0,0.00019427057
0,0.0,0.00019443421
0,0.0,0.00019457866
1,1.0,0.999738
1,1.0,0.99985474
1,1.0,0.99982846
0,0.0,4.6219953e-05
1,1.0,0.99991375
0,0.0,5.146473e-05
0,0.0,5.0408853e-05
1,1.0,0.999913
0,0.0,4.6219422e-05
0,0.0,6.684529e-05
0,0.0,5.540686e-05
0,0.0,6.7158435e-05
1,1.0,0.9982176
0,0.0,6.657124e-05
0,0.0,5.0654762e-05
0,0.0,5.1733397e-05
0,0.0,5.168645e-05
0,0.0,5.6097215e-05
1,1.0,0.9592602
0,0.0,5.162094e-05
1,1.0,0.99991333
1,1.0,0.9999128
0,0.0,5.2194944e-05
0,0.0,6.5985216e-05
1,1.0,0.9997895
1,1.0,0.9998713
1,1.0,0.9491117
1,1.0,0.9998365
0,0.0,6.948286e-05
0,0.0,4.5762863e-05
0,0.0,0.00019439861
1,1.0,0.9998718
0,0.0,0.000121479214
0,0.0,5.1004197e-05
0,0.0,5.3722695e-05
0,0.0,6.7195644e-05
0,0.0,5.2505162e-05
0,0.0,5.1240004e-05
0,0.0,5.1347324e-05
0,0.0,5.1893636e-05
1,1.0,0.99988407
0,0.0,5.350199e-05
0,0.0,2.8135246e-05
1,1.0,0.9999127
0,0.0,6.456369e-05
1,1.0,0.9554914
1,1.0,0.99991304
1,1.0,0.999302
1,1.0,0.9999138
0,0.0,4.858653e-05
1,1.0,0.9997894
1,1.0,0.99991256
1,1.0,0.99991286
1,1.0,0.99987054
0,0.0,2.9801693e-05
0,0.0,5.4424447e-05
0,0.0,5.2431606e-05
0,0.0,0.00019425816
0,0.0,5.1621137e-05
0,0.0,5.0435974e-05
0,0.0,4.64916e-05
0,0.0,2.8146678e-05
0,0.0,6.935821e-05
0,0.0,6.718424e-05
0,0.0,6.564893e-05
0,0.0,0.00012160218
0,0.0,2.4568184e-05
0,0.0,5.1715935e-05
1,1.0,0.99991316
0,0.0,5.1440245e-05
0,0.0,6.4848646e-05
0,0.0,0.000121480836
0,0.0,4.9642575e-05
0,0.0,5.205844e-05
0,0.0,5.1877854e-05
0,0.0,0.0001942487
0,0.0,4.5555433e-05
0,0.0,5.0999817e-05
0,0.0,4.574916e-05
0,0.0,6.688903e-05
1,1.0,0.99986094
0,0.0,5.3448242e-05
0,0.0,4.562129e-05
0,0.0,5.6757683e-05
0,0.0,5.1579307e-05
1,1.0,0.9998935
0,0.0,5.5810364e-05
0,0.0,5.104108e-05
1,1.0,0.99981457
0,0.0,5.081578e-05
0,0.0,5.0820094e-05
0,0.0,6.768422e-05
0,0.0,5.2492745e-05
1,1.0,0.99987364
0,0.0,4.80179e-05
1,1.0,0.99956447
0,0.0,0.00012160612
0,0.0,5.252529e-05
0,0.0,5.2303865e-05
0,0.0,5.2876032e-05
0,0.0,6.714479e-05
1,1.0,0.9997971
0,0.0,6.5168024e-05
0,0.0,5.2208434e-05
0,0.0,4.6546702e-05
1,1.0,0.9997462
0,0.0,5.1472583e-05
1,1.0,0.99958664
0,0.0,4.8780686e-05
0,0.0,6.490359e-05
1,1.0,0.9998717
0,0.0,5.315688e-05
1,1.0,0.9998725
0,0.0,4.659444e-05
1,1.0,0.99991274
0,0.0,5.4959877e-05
0,0.0,7.178855e-05
0,0.0,5.1044826e-05
0,0.0,5.5876873e-05
0,0.0,4.6686328e-05
0,0.0,5.1420095e-05
1,1.0,0.9981537
0,0.0,5.1695817e-05
0,0.0,4.964494e-05
0,0.0,2.4373698e-05
1,1.0,0.9991895
0,0.0,4.7167712e-05
0,0.0,5.5790886e-05
0,0.0,5.162173e-05
0,0.0,5.472589e-05
0,0.0,5.4543063e-05
0,0.0,4.8457943e-05
0,0.0,4.5144196e-05
0,0.0,5.227514e-05
0,0.0,2.8126178e-05
0,0.0,5.1646544e-05
0,0.0,5.2611922e-05
1,1.0,0.9997145
0,0.0,4.4260094e-05
0,0.0,5.1621286e-05
0,0.0,5.2918353e-05
0,0.0,5.4984932e-05
0,0.0,5.1714556e-05
0,0.0,5.3447526e-05
0,0.0,0.00019477266
0,0.0,4.5615332e-05
0,0.0,4.723577e-05
0,0.0,5.269919e-05
0,0.0,4.2829855e-05
0,0.0,5.0968454e-05
0,0.0,5.5288892e-05
0,0.0,5.6285677e-05
0,0.0,5.059456e-05
0,0.0,5.220042e-05
0,0.0,4.6695324e-05
0,0.0,5.2892014e-05
1,1.0,0.9998734
0,0.0,6.6700806e-05
0,0.0,4.4312248e-05
1,1.0,0.99991196
0,0.0,4.671229e-05
1,1.0,0.944752
0,0.0,5.2276235e-05
1,1.0,0.99991244
1,1.0,0.99924076
0,0.0,6.602261e-05
0,0.0,5.2624164e-05
1,1.0,0.99991184
1,1.0,0.9982808
1,1.0,0.9998719
0,0.0,5.0999624e-05
0,0.0,5.314659e-05
0,0.0,4.826084e-05
1,1.0,0.9966689
1,1.0,0.92818564
0,0.0,5.480647e-05
0,0.0,4.6687128e-05
0,0.0,5.579051e-05
0,0.0,5.099977e-05
1,1.0,0.9998132
0,0.0,5.2581723e-05
0,0.0,4.554127e-05
0,0.0,6.903494e-05
0,0.0,4.9707614e-05
1,1.0,0.9997684
0,0.0,5.293077e-05
0,0.0,6.6867666e-05
0,0.0,4.9953145e-05
1,1.0,0.9999126
0,0.0,6.668065e-05
0,0.0,5.081568e-05
1,1.0,0.99987364
0,0.0,5.161218e-05
0,0.0,5.226986e-05
1,1.0,0.9998866
0,0.0,5.248223e-05
1,1.0,0.9995864
0,0.0,2.4518142e-05
0,0.0,5.2506315e-05
1,1.0,0.9610785
0,0.0,4.534552e-05
1,1.0,0.9998063
0,0.0,5.6523746e-05
0,0.0,2.4512483e-05
0,0.0,5.2926986e-05
0,0.0,5.2431205e-05
0,0.0,4.6447505e-05
1,1.0,0.9999122
0,0.0,5.2928044e-05
0,0.0,5.0807736e-05
0,0.0,6.4903405e-05
1,1.0,0.9998715
0,0.0,5.344768e-05
1,1.0,0.9998734
1,1.0,0.99987173
0,0.0,5.3930795e-05
1,1.0,0.9999117
0,0.0,6.550997e-05
1,1.0,0.99991316
0,0.0,4.6454992e-05
0,0.0,6.516393e-05
0,0.0,0.00019451894
0,0.0,4.654155e-05
1,1.0,0.93723035
0,0.0,0.00012158339
0,0.0,5.0854796e-05
1,1.0,0.9981579
0,0.0,5.1644918e-05
1,1.0,0.9998738
1,1.0,0.9998066
0,0.0,4.5547524e-05
0,0.0,5.143794e-05
1,1.0,0.99991304
0,0.0,5.2192005e-05
0,0.0,5.3925807e-05
0,0.0,5.2877745e-05
0,0.0,4.924871e-05
0,0.0,4.6453173e-05
1,1.0,0.9999142
0,0.0,5.4780186e-05
0,0.0,2.4526164e-05
1,1.0,0.99991274
0,0.0,0.0001216038
0,0.0,5.0764e-05
0,0.0,5.220002e-05
0,0.0,4.8030037e-05
0,0.0,4.5116096e-05
1,1.0,0.9999117
1,1.0,0.9997866
0,0.0,5.2430907e-05
0,0.0,4.8405385e-05
1,1.0,0.9999132
1,1.0,0.9997388
0,0.0,2.8140452e-05
0,0.0,5.0614053e-05
1,1.0,0.9999132
1,1.0,0.99991375
0,0.0,5.1468753e-05
0,0.0,5.1718598e-05
0,0.0,3.566227e-05
0,0.0,4.6483045e-05
0,0.0,5.2876687e-05
1,1.0,0.9998724
1,1.0,0.9999137
0,0.0,4.64143e-05
0,0.0,4.6421737e-05
0,0.0,5.287598e-05
0,0.0,6.455304e-05
0,0.0,5.292754e-05
0,0.0,5.1380386e-05
0,0.0,2.8125964e-05
0,0.0,5.2102547e-05
1,1.0,0.99987096
0,0.0,5.290801e-05
0,0.0,5.2875173e-05
1,1.0,0.7165123
0,0.0,4.6221186e-05
0,0.0,5.0814957e-05
0,0.0,6.512914e-05
1,1.0,0.99984175
1,1.0,0.9998317
0,0.0,6.4902415e-05
0,0.0,5.164625e-05
0,0.0,6.764866e-05
0,0.0,6.60053e-05
1,1.0,0.9998613
0,0.0,6.6977365e-05
0,0.0,5.116579e-05
0,0.0,5.2276035e-05
0,0.0,5.290281e-05
1,1.0,0.99867284
0,0.0,5.49561e-05
1,1.0,0.9998727
1,1.0,0.99987173
1,1.0,0.9993856
0,0.0,5.5205022e-05
1,1.0,0.99987066
1,1.0,0.99981856
0,0.0,5.536609e-05
0,0.0,5.410537e-05
0,0.0,5.036129e-05
1,1.0,0.9992748
1,1.0,0.99991333
0,0.0,5.2328807e-05
0,0.0,6.687455e-05
0,0.0,4.9817376e-05
0,0.0,5.456122e-05
0,0.0,6.49039e-05
0,0.0,6.7640736e-05
0,0.0,5.28782e-05
0,0.0,5.6829005e-05
1,1.0,0.9997903
0,0.0,5.1891904e-05
0,0.0,5.081728e-05
0,0.0,5.4487336e-05
0,0.0,5.404638e-05
0,0.0,5.6847053e-05
1,1.0,0.9998709
1,1.0,0.9999129
0,0.0,4.970766e-05
0,0.0,5.2878047e-05
1,1.0,0.9998856
0,0.0,6.455741e-05
0,0.0,5.4238444e-05
0,0.0,4.8453647e-05
1,1.0,0.999873
0,0.0,5.2877494e-05
1,1.0,0.99985534
0,0.0,6.6323235e-05
0,0.0,5.5219818e-05
0,0.0,2.8135273e-05
0,0.0,5.476839e-05
0,0.0,4.524923e-05
1,1.0,0.9998718
0,0.0,4.6972276e-05
1,1.0,0.7121031
1,1.0,0.9998732
0,0.0,6.687819e-05
1,1.0,0.9992373
1,1.0,0.99989456
0,0.0,4.726907e-05
0,0.0,2.450907e-05
0,0.0,2.9802006e-05
0,0.0,5.1892996e-05
1,1.0,0.99991286
0,0.0,4.9825405e-05
0,0.0,4.9645558e-05
0,0.0,4.651484e-05
1,1.0,0.99943167
0,0.0,2.980104e-05
0,0.0,2.8135917e-05
1,1.0,0.99977833
1,1.0,0.9998318
0,0.0,5.2624317e-05
1,1.0,0.99986005
1,1.0,0.9998722
0,0.0,5.269909e-05
0,0.0,5.2428306e-05
0,0.0,4.7283633e-05
0,0.0,5.0963885e-05
1,1.0,0.9998714
0,0.0,6.868141e-05
0,0.0,6.686696e-05
0,0.0,2.8170605e-05
1,1.0,0.9998227
0,0.0,5.21825e-05
0,0.0,5.1620398e-05
1,1.0,0.99987245
0,0.0,6.96021e-05
1,1.0,0.9993854
0,0.0,5.188953e-05
0,0.0,2.4513933e-05
0,0.0,4.8404094e-05
0,0.0,5.549104e-05
1,1.0,0.9999119
0,0.0,4.511007e-05
0,0.0,5.025507e-05
0,0.0,5.256949e-05
0,0.0,5.1471063e-05
1,1.0,0.9998227
0,0.0,4.6198536e-05
1,1.0,0.99991184
0,0.0,5.0167204e-05
1,1.0,0.99987185
0,0.0,0.00019447017
0,0.0,2.9801096e-05
0,0.0,5.0574057e-05
0,0.0,5.4944678e-05
1,1.0,0.9418897
0,0.0,0.00012158571
1,1.0,0.99983686
0,0.0,5.4967426e-05
0,0.0,5.6461682e-05
0,0.0,2.813122e-05
1,1.0,0.9999125
1,1.0,0.9998726
0,0.0,5.2876385e-05
0,0.0,4.6287092e-05
1,1.0,0.9533191
0,0.0,2.9820627e-05
0,0.0,5.058139e-05
0,0.0,5.265483e-05
0,0.0,4.6876557e-05
1,1.0,0.999562
0,0.0,6.685492e-05
0,0.0,5.3071886e-05
0,0.0,5.551131e-05
0,0.0,4.611438e-05
1,1.0,0.9989078
0,0.0,5.566743e-05
0,0.0,5.456122e-05
0,0.0,5.576764e-05
1,1.0,0.9999131
0,0.0,5.2048614e-05
1,1.0,0.9998729
0,0.0,5.5278088e-05
0,0.0,4.8026784e-05
1,1.0,0.9998715
0,0.0,5.2430107e-05
0,0.0,4.8026923e-05
1,1.0,0.99991226
0,0.0,2.4512647e-05
1,1.0,0.9999132
0,0.0,4.5763867e-05
0,0.0,5.171288e-05
0,0.0,5.2504212e-05
0,0.0,4.6636316e-05
0,0.0,4.7968566e-05
0,0.0,6.5612636e-05
0,0.0,5.4625154e-05
0,0.0,5.076705e-05
1,1.0,0.99987066
1,1.0,0.9998627
1,1.0,0.96033144
0,0.0,4.4383047e-05
0,0.0,2.9785526e-05
0,0.0,5.171495e-05
0,0.0,5.442704e-05
0,0.0,5.146885e-05
0,0.0,5.250416e-05
0,0.0,2.4472614e-05
0,0.0,5.081617e-05
0,0.0,5.0990722e-05
0,0.0,6.605586e-05
0,0.0,5.1640833e-05
1,1.0,0.99987346
0,0.0,2.4513933e-05
0,0.0,5.232322e-05
1,1.0,0.99987096
0,0.0,5.221964e-05
0,0.0,5.675005e-05
0,0.0,5.5229826e-05
0,0.0,4.9867333e-05
0,0.0,5.4503136e-05
1,1.0,0.99991214
0,0.0,0.00012159429
0,0.0,5.0583272e-05
0,0.0,5.2626976e-05
0,0.0,4.964442e-05
1,1.0,0.9998154
0,0.0,4.6214664e-05
0,0.0,6.763628e-05
1,1.0,0.999873
0,0.0,5.2923602e-05
0,0.0,6.6569715e-05
0,0.0,0.00019420113
1,1.0,0.99937886
0,0.0,5.2862673e-05
0,0.0,2.9812183e-05
1,1.0,0.99991345
1,1.0,0.99977213
0,0.0,4.641275e-05
0,0.0,5.1394796e-05
0,0.0,5.506779e-05
0,0.0,5.1620744e-05
0,0.0,5.07043e-05
0,0.0,5.5002136e-05
0,0.0,7.5822434e-05
1,1.0,0.99987304
0,0.0,6.76515e-05
0,0.0,5.1468556e-05
1,1.0,0.9999122
0,0.0,5.3157284e-05
0,0.0,4.59961e-05
0,0.0,2.4514447e-05
0,0.0,5.2274143e-05
0,0.0,5.099948e-05
0,0.0,0.00019406564
0,0.0,2.980084e-05
0,0.0,4.6524554e-05
0,0.0,5.0959996e-05
0,0.0,5.4486507e-05
1,1.0,0.9999137
1,1.0,0.99978864
0,0.0,6.490402e-05
0,0.0,5.3562333e-05
1,1.0,0.9999126
0,0.0,5.4801403e-05
1,1.0,0.99991333
0,0.0,2.4513138e-05
0,0.0,5.576743e-05
1,1.0,0.9998717
0,0.0,4.801813e-05
0,0.0,5.315637e-05
0,0.0,5.314735e-05
0,0.0,6.684484e-05
0,0.0,5.2651463e-05
1,1.0,0.9998572
1,1.0,0.99987316
1,1.0,0.9999122
0,0.0,5.3722953e-05
1,1.0,0.999857
0,0.0,6.160952e-05
0,0.0,6.083451e-05
1,1.0,0.99982816
0,0.0,3.984583e-05
0,0.0,3.4081226e-05
0,0.0,0.0001119595
0,0.0,4.127561e-05
0,0.0,4.042044e-05
0,0.0,7.43185e-05
1,1.0,0.99978787
1,1.0,0.9997901
0,0.0,4.3177493e-05
1,1.0,0.9927128
0,0.0,4.2887154e-05
0,0.0,4.4716162e-05
1,1.0,0.99983597
0,0.0,4.1232965e-05
0,0.0,4.3494467e-05
1,1.0,0.99978685
1,0.0,0.48936298
0,0.0,2.4923744e-05
0,0.0,5.904002e-05
0,0.0,5.8831396e-05
0,0.0,6.7144094e-05
0,0.0,6.189826e-05
0,0.0,4.5328834e-05
0,0.0,4.0230203e-05
0,0.0,6.1868275e-05
1,1.0,0.9997149
0,0.0,4.072537e-05
0,0.0,5.7989986e-05
0,0.0,3.376777e-05
0,0.0,4.023055e-05
0,0.0,6.2016785e-05
1,1.0,0.99967974
0,0.0,4.383211e-05
0,0.0,4.0161394e-05
0,0.0,4.0230014e-05
0,0.0,4.4707376e-05
1,1.0,0.99973464
0,0.0,0.0001227374
0,0.0,4.1269825e-05
1,1.0,0.99984443
1,1.0,0.9315014
1,1.0,0.9997898
0,0.0,4.0421906e-05
1,0.0,0.24467638
0,0.0,6.0775186e-05
1,1.0,0.9997385
0,0.0,4.0114617e-05
0,0.0,5.7703135e-05
1,1.0,0.9998495
0,0.0,3.27622e-05
0,0.0,3.9668543e-05
1,1.0,0.9997833
0,0.0,4.1206702e-05
0,0.0,7.283433e-05
0,0.0,4.233558e-05
0,0.0,7.401474e-05
0,0.0,4.169512e-05
0,0.0,4.0111063e-05
0,0.0,6.2399886e-05
0,0.0,3.889538e-05
0,0.0,3.8901682e-05
1,1.0,0.9998028
0,0.0,6.0800234e-05
1,1.0,0.9997158
0,0.0,0.00010179035
0,0.0,4.025668e-05
0,0.0,5.5761524e-05
0,0.0,4.1074094e-05
1,1.0,0.9994247
0,0.0,6.140078e-05
0,0.0,5.6480156e-05
1,1.0,0.99984384
0,0.0,5.7031786e-05
0,0.0,6.2710504e-05
0,0.0,4.6479454e-05
0,0.0,5.8222326e-05
0,0.0,4.0159863e-05
0,0.0,5.7048208e-05
0,0.0,6.200803e-05
0,0.0,4.8809354e-05
1,1.0,0.9997849
0,0.0,3.968769e-05
0,0.0,3.404013e-05
1,1.0,0.9998023
0,0.0,6.707522e-05
0,0.0,4.0081315e-05
1,1.0,0.9998457
1,1.0,0.99984044
1,1.0,0.9997802
0,0.0,3.404578e-05
0,0.0,4.0161547e-05
1,0.0,0.21061498
0,0.0,4.0787752e-05
0,0.0,5.557392e-05
1,1.0,0.9977279
1,1.0,0.99978083
0,0.0,6.191125e-05
0,0.0,4.0256105e-05
1,1.0,0.99978065
0,0.0,5.7880756e-05
0,0.0,5.3325446e-05
1,1.0,0.9998451
0,0.0,4.8069902e-05
0,0.0,5.7143876e-05
0,0.0,4.8807677e-05
0,0.0,3.9506962e-05
0,0.0,4.0111485e-05
0,0.0,3.8621565e-05
0,0.0,6.0005637e-05
1,1.0,0.9867959
1,1.0,0.99972284
0,0.0,5.904723e-05
0,0.0,4.054912e-05
0,0.0,4.1642747e-05
0,0.0,4.4623128e-05
1,1.0,0.99983054
1,1.0,0.97962964
0,0.0,6.381478e-05
1,1.0,0.51590073
0,0.0,4.2684656e-05
1,1.0,0.9991599
1,0.0,0.2418669
0,0.0,4.175783e-05
0,0.0,4.1809788e-05
0,0.0,4.0256487e-05
0,0.0,4.025714e-05
0,0.0,3.4018198e-05
1,1.0,0.99979067
0,0.0,6.187229e-05
1,1.0,0.9997379
0,0.0,5.5256216e-05
0,0.0,3.9405408e-05
1,1.0,0.9920926
0,0.0,4.072836e-05
0,0.0,5.2419706e-05
1,1.0,0.99944687
0,0.0,6.059452e-05
0,0.0,4.2190408e-05
0,0.0,6.0819893e-05
0,0.0,4.0160514e-05
0,0.0,4.0774215e-05
0,0.0,4.078884e-05
0,0.0,4.4029985e-05
0,0.0,6.474527e-05
1,1.0,0.9854436
0,0.0,4.3488577e-05
1,1.0,0.9998375
0,0.0,5.7154502e-05
0,0.0,3.8902646e-05
1,1.0,0.9998082
1,1.0,0.9998301
1,1.0,0.98323196
1,1.0,0.99966276
0,0.0,4.441467e-05
1,1.0,0.99982595
0,0.0,5.432121e-05
0,0.0,9.196486e-05
0,0.0,4.127797e-05
0,0.0,4.0610375e-05
0,0.0,6.324982e-05
0,0.0,4.3517288e-05
0,0.0,6.239929e-05
0,0.0,4.0727853e-05
0,0.0,4.3522763e-05
0,0.0,6.251913e-05
0,0.0,6.4420274e-05
1,1.0,0.9997834
0,0.0,5.7761325e-05
0,0.0,4.0609757e-05
0,0.0,4.0794366e-05
0,0.0,4.0074858e-05
0,0.0,4.1256913e-05
0,0.0,6.762281e-05
0,0.0,5.6539437e-05
1,1.0,0.9997803
0,0.0,2.492384e-05
0,0.0,0.00011753438
0,0.0,7.151885e-05
0,0.0,4.173824e-05
0,0.0,4.1281473e-05
1,1.0,0.99969655
0,0.0,4.4368615e-05
0,0.0,5.0166633e-05
0,0.0,4.5692308e-05
0,0.0,5.969663e-05
0,0.0,5.9583905e-05
0,0.0,5.929607e-05
1,1.0,0.9997143
0,0.0,4.070832e-05
0,0.0,4.0420902e-05
0,0.0,5.0185437e-05
1,1.0,0.982912
0,0.0,4.016147e-05
0,0.0,4.7114485e-05
0,0.0,8.217322e-05
0,0.0,4.0064766e-05
0,0.0,4.848156e-05
0,0.0,4.4019238e-05
1,1.0,0.9998428
0,0.0,4.3504177e-05
1,1.0,0.9998299
0,0.0,7.666845e-05
0,0.0,5.5492786e-05
1,1.0,0.9998479
1,1.0,0.99972075
0,0.0,4.0145387e-05
0,0.0,4.3762408e-05
1,1.0,0.9998483
1,1.0,0.99983686
0,0.0,3.403825e-05
0,0.0,6.741901e-05
1,1.0,0.99980575
0,0.0,5.71144e-05
0,0.0,4.0010927e-05
0,0.0,5.0823826e-05
1,1.0,0.9998368
1,1.0,0.5150379
0,0.0,5.7134774e-05
1,1.0,0.9998573
0,0.0,4.2576437e-05
0,0.0,3.8889593e-05
0,0.0,5.958629e-05
0,0.0,4.4987206e-05
0,0.0,5.082494e-05
0,0.0,3.313251e-05
0,0.0,4.0256335e-05
0,0.0,6.041686e-05
0,0.0,6.1332365e-05
1,1.0,0.99879646
0,0.0,4.0163843e-05
0,0.0,4.0064537e-05
0,0.0,6.965376e-05
1,1.0,0.9998508
0,0.0,4.4444245e-05
1,0.0,0.34454122
0,0.0,4.079024e-05
1,1.0,0.99982846
0,0.0,4.5098674e-05
0,0.0,6.539981e-05
0,0.0,3.950629e-05
0,0.0,4.260788e-05
1,1.0,0.9998456
0,0.0,7.667248e-05
1,1.0,0.99970114
1,1.0,0.9996681
0,0.0,4.492414e-05
0,0.0,3.8904873e-05
0,0.0,4.1252784e-05
0,0.0,9.9574565e-05
0,0.0,3.950674e-05
0,0.0,0.000110015266
1,1.0,0.9997961
0,0.0,5.4315617e-05
1,1.0,0.9999092
1,1.0,0.9998479
0,0.0,4.88181e-05
0,0.0,4.2684373e-05
1,1.0,0.99979275
1,1.0,0.999806
0,0.0,4.0420826e-05
1,1.0,0.999725
1,1.0,0.9996958
1,1.0,0.9897979
0,0.0,4.143434e-05
0,0.0,5.428709e-05
0,0.0,3.399323e-05
1,1.0,0.9977667
0,0.0,5.626695e-05
0,0.0,4.1256877e-05
0,0.0,4.019657e-05
0,0.0,6.0871993e-05
0,0.0,4.0197374e-05
1,1.0,0.65686184
0,0.0,3.9846283e-05
0,0.0,4.1070023e-05
0,0.0,4.0610532e-05
0,0.0,4.6579644e-05
1,1.0,0.9989458
0,0.0,5.659305e-05
0,0.0,6.2774336e-05
0,0.0,5.847276e-05
1,1.0,0.99978626
1,1.0,0.99983704
0,0.0,4.0163e-05
0,0.0,4.0064155e-05
0,0.0,4.217858e-05
0,0.0,5.9991846e-05
0,0.0,4.7055844e-05
0,0.0,4.4087035e-05
0,0.0,5.923859e-05
1,1.0,0.9997018
0,0.0,4.0785806e-05
0,0.0,4.2826057e-05
1,1.0,0.99973756
0,0.0,2.4929925e-05
0,0.0,5.900006e-05
1,0.0,0.20053796
0,0.0,6.6435656e-05
0,0.0,4.0788684e-05
0,0.0,6.33025e-05
1,1.0,0.9871333
0,0.0,3.384124e-05
0,0.0,5.9466973e-05
0,0.0,4.652868e-05
0,0.0,4.0230472e-05
0,0.0,4.0549854e-05
1,1.0,0.9997069
0,0.0,4.208589e-05
1,1.0,0.99980116
1,1.0,0.99983823
1,1.0,0.9998461
0,0.0,5.7763144e-05
0,0.0,9.0187634e-05
0,0.0,4.0421135e-05
1,1.0,0.9998356
0,0.0,5.9054495e-05
0,0.0,4.4734545e-05
0,0.0,6.192901e-05
0,0.0,4.8291087e-05
0,0.0,6.0113423e-05
1,1.0,0.99940145
1,1.0,0.9997971
0,0.0,5.0084607e-05
0,0.0,4.8477537e-05
0,0.0,4.0570743e-05
0,0.0,4.07204e-05
1,1.0,0.9217651
1,1.0,0.9997962
0,0.0,8.457352e-05
0,0.0,5.4417334e-05
0,0.0,4.072805e-05
0,0.0,3.9946728e-05
0,0.0,4.3525004e-05
0,0.0,6.0871298e-05
0,0.0,3.4036075e-05
1,1.0,0.9997871
0,0.0,5.7151996e-05
0,0.0,4.060999e-05
0,0.0,4.0421135e-05
1,1.0,0.8548835
0,0.0,5.0820432e-05
0,0.0,2.457526e-05
0,0.0,4.0609873e-05
0,0.0,7.4157375e-05
0,0.0,4.1215193e-05
0,0.0,5.6624474e-05
0,0.0,4.127632e-05
0,0.0,4.001169e-05
0,0.0,5.7168563e-05
1,1.0,0.967088
0,0.0,4.0384453e-05
1,1.0,0.9998006
1,1.0,0.9998485
0,0.0,3.9845676e-05
0,0.0,4.0011386e-05
0,0.0,3.8907507e-05
0,0.0,4.0114923e-05
0,0.0,4.5347337e-05
0,0.0,5.556216e-05
0,0.0,3.8930888e-05
1,1.0,0.9998478
0,0.0,3.9846058e-05
0,0.0,4.1735217e-05
1,1.0,0.999782
0,0.0,4.025637e-05
0,0.0,3.89271e-05
1,1.0,0.9998465
0,0.0,3.3841658e-05
1,1.0,0.992191
0,0.0,4.0064195e-05
0,0.0,5.430153e-05
0,0.0,4.0010775e-05
0,0.0,6.270213e-05
0,0.0,7.048759e-05
0,0.0,0.00010587194
1,1.0,0.99978375
0,0.0,3.8913557e-05
0,0.0,5.5625773e-05
0,0.0,6.5075066e-05
0,0.0,5.7043093e-05
0,0.0,3.4037796e-05
1,1.0,0.99973166
0,0.0,4.428812e-05
0,0.0,5.961062e-05
1,1.0,0.99978936
0,0.0,3.8913113e-05
1,1.0,0.99978197
0,0.0,6.270865e-05
1,0.0,0.3015396
0,0.0,4.019626e-05
0,0.0,4.011561e-05
0,0.0,4.0229323e-05
0,0.0,4.001043e-05
0,0.0,3.890569e-05
1,1.0,0.9997954
0,0.0,4.055001e-05
0,0.0,3.4049062e-05
0,0.0,6.3522006e-05
1,1.0,0.9997662
0,0.0,4.3651202e-05
0,0.0,3.3773827e-05
0,0.0,2.4924839e-05
0,0.0,2.4924433e-05
0,0.0,6.186999e-05
1,1.0,0.9998017
0,0.0,3.907837e-05
0,0.0,4.0608556e-05
0,0.0,4.1655378e-05
1,1.0,0.99973476
1,1.0,0.9998418
0,0.0,4.023055e-05
1,1.0,0.9995928
1,1.0,0.9997878
0,0.0,3.8931816e-05
0,0.0,4.3642216e-05
1,1.0,0.999808
0,0.0,3.890532e-05
0,0.0,7.355703e-05
1,1.0,0.9997961
0,0.0,5.9574813e-05
1,1.0,0.9998439
0,0.0,5.770077e-05
0,0.0,3.889145e-05
0,0.0,4.061061e-05
0,0.0,3.892354e-05
1,1.0,0.9998069
0,0.0,4.061069e-05
0,0.0,4.02307e-05
0,0.0,4.4718887e-05
0,0.0,4.705315e-05
0,0.0,4.083001e-05
0,0.0,4.0114846e-05
0,0.0,4.8094298e-05
1,1.0,0.9998481
1,1.0,0.9997834
1,1.0,0.9997979
1,1.0,0.9998478
0,0.0,4.9141232e-05
0,0.0,7.040039e-05
0,0.0,3.377199e-05
0,0.0,3.889649e-05
0,0.0,5.8951577e-05
1,1.0,0.9998071
1,1.0,0.99984586
0,0.0,3.867132e-05
1,1.0,0.984937
0,0.0,7.6715776e-05
0,0.0,6.5079286e-05
1,1.0,0.99983627
1,1.0,0.9724422
0,0.0,5.7007586e-05
1,1.0,0.99971133
0,0.0,6.446003e-05
1,1.0,0.9997328
0,0.0,5.0840594e-05
0,0.0,4.441429e-05
0,0.0,3.3832912e-05
0,0.0,5.70728e-05
0,0.0,4.0024435e-05
0,0.0,7.568446e-05
1,1.0,0.9997913
0,0.0,6.742062e-05
0,0.0,6.182428e-05
0,0.0,4.006423e-05
0,0.0,4.3809174e-05
0,0.0,3.384285e-05
0,0.0,4.4719058e-05
1,1.0,0.9998417
0,0.0,4.0210754e-05
1,1.0,0.9997867
0,0.0,6.0980758e-05
0,0.0,3.9368337e-05
0,0.0,5.8955513e-05
1,1.0,0.9997316
0,0.0,6.776417e-05
1,1.0,0.9998001
1,1.0,0.99984765
0,0.0,5.9080965e-05
0,0.0,5.7431174e-05
0,0.0,4.0111445e-05
1,1.0,0.99984473
0,0.0,4.0550047e-05
1,1.0,0.9979567
0,0.0,5.2420306e-05
0,0.0,5.8959955e-05
0,0.0,6.189661e-05
0,0.0,4.511717e-05
0,0.0,4.3347427e-05
1,1.0,0.9998479
1,1.0,0.9997947
0,0.0,5.8670717e-05
0,0.0,5.9083613e-05
0,0.0,5.9984923e-05
0,0.0,4.0786817e-05
0,0.0,6.1894956e-05
0,0.0,5.9000507e-05
0,0.0,2.4924315e-05
1,1.0,0.9998384
0,0.0,3.891274e-05
0,0.0,3.8906135e-05
0,0.0,5.0168066e-05
0,0.0,3.9667557e-05
0,0.0,3.984598e-05
0,0.0,7.39767e-05
1,1.0,0.9998455
1,1.0,0.9998083
0,0.0,4.4176006e-05
0,0.0,5.715096e-05
1,1.0,0.99978375
0,0.0,3.984564e-05
0,0.0,4.4323828e-05
1,1.0,0.99983954
0,0.0,6.283363e-05
1,1.0,0.9996275
1,1.0,0.99941194
0,0.0,4.293843e-05
1,1.0,0.99979526
1,1.0,0.99960166
0,0.0,7.8550176e-05
0,0.0,7.0037066e-05
0,0.0,5.953722e-05
0,0.0,4.3674274e-05
0,0.0,4.1256717e-05
0,0.0,4.8016205e-05
0,0.0,6.0875478e-05
0,0.0,6.499618e-05
0,0.0,6.205747e-05
0,0.0,4.3557313e-05
0,0.0,4.5244877e-05
0,0.0,5.702602e-05
0,0.0,4.731611e-05
0,0.0,5.7686244e-05
0,0.0,6.326014e-05
0,0.0,5.1743362e-05
1,1.0,0.99971354
0,0.0,4.983738e-05
0,0.0,3.8915117e-05
0,0.0,0.00011137704
1,1.0,0.9996818
0,0.0,7.283419e-05
0,0.0,4.6529392e-05
0,0.0,6.258558e-05
0,0.0,3.399767e-05
0,0.0,6.576478e-05
0,0.0,4.3961132e-05
0,0.0,2.0610978e-05
1,1.0,0.9901014
1,1.0,0.99950767
0,0.0,6.324958e-05
0,0.0,2.4933632e-05
1,1.0,0.9972139
0,0.0,5.8033467e-05
0,0.0,9.263219e-05
0,0.0,6.191338e-05
1,1.0,0.9997916
0,0.0,5.4324628e-05
1,0.0,0.37737226
0,0.0,4.1805084e-05
0,0.0,7.98708e-05
1,1.0,0.99984735
0,0.0,3.96679e-05
0,0.0,5.082218e-05
0,0.0,4.0609873e-05
0,0.0,6.3813684e-05
0,0.0,4.0011004e-05
1,1.0,0.9998013
0,0.0,4.0110375e-05
0,0.0,5.8911566e-05
0,0.0,4.5895285e-05
0,0.0,5.6936573e-05
0,0.0,5.5498396e-05
1,1.0,0.9991522
1,1.0,0.999806
1,1.0,0.9998015
1,1.0,0.99984056
0,0.0,5.4363605e-05
0,0.0,4.0790357e-05
0,0.0,2.492422e-05
0,0.0,4.2194675e-05
0,0.0,4.0095347e-05
1,1.0,0.99980193
1,1.0,0.99980384
1,1.0,0.9998444
0,0.0,5.435137e-05
1,1.0,0.99969983
0,0.0,4.636546e-05
0,0.0,8.901844e-05
0,0.0,3.890495e-05
0,0.0,5.715554e-05
0,0.0,5.6379256e-05
0,0.0,4.16302e-05
0,0.0,4.0010775e-05
0,0.0,6.507556e-05
1,1.0,0.93424946
1,1.0,0.99979347
0,0.0,7.541595e-05
0,0.0,5.711375e-05
0,0.0,3.8925024e-05
0,0.0,2.4912622e-05
0,0.0,3.8830887e-05
0,0.0,6.7070614e-05
0,0.0,7.461348e-05
0,0.0,4.122164e-05
0,0.0,2.4919633e-05
0,0.0,6.240167e-05
0,0.0,5.9302747e-05
0,0.0,5.4284967e-05
0,0.0,4.3730994e-05
0,0.0,4.2685308e-05
0,0.0,4.0731546e-05
0,0.0,4.2310436e-05
0,0.0,7.175008e-05
0,0.0,7.085934e-05
0,0.0,4.00645e-05
0,0.0,5.801891e-05
0,0.0,5.0818493e-05
0,0.0,6.329622e-05
1,0.0,0.29694128
0,0.0,4.3165386e-05
0,0.0,4.0114923e-05
0,0.0,6.2669424e-05
0,0.0,8.8244255e-05
0,0.0,8.184742e-05
1,1.0,0.9997833
0,0.0,4.019335e-05
0,0.0,2.492479e-05
1,1.0,0.9813608
1,1.0,0.99979895
0,0.0,7.6967546e-05
0,0.0,6.0975406e-05
1,1.0,0.99962604
0,0.0,6.723482e-05
1,0.0,0.0426445
0,0.0,5.5579752e-05
1,1.0,0.9997849
0,0.0,5.894809e-05
0,0.0,8.918591e-05
1,1.0,0.9998442
0,0.0,9.79405e-05
1,1.0,0.9997153
0,0.0,4.1714768e-05
0,0.0,4.072634e-05
0,0.0,4.9762584e-05
0,0.0,5.017515e-05
0,0.0,4.0789386e-05
0,0.0,3.9506212e-05
0,0.0,6.750799e-05
1,1.0,0.9998006
0,0.0,3.382059e-05
1,1.0,0.9997103
0,0.0,3.890829e-05
0,0.0,4.0158906e-05
1,1.0,0.999796
0,0.0,9.776955e-05
0,0.0,7.132114e-05
0,0.0,3.398775e-05
0,0.0,2.492479e-05
0,0.0,7.3362295e-05
0,0.0,7.514939e-05
1,1.0,0.9965294
0,0.0,6.186952e-05
1,1.0,0.99983627
1,1.0,0.9998495
0,0.0,4.5139717e-05
0,0.0,4.217347e-05
0,0.0,3.9845676e-05
1,1.0,0.912397
0,0.0,5.9714966e-05
0,0.0,4.5499375e-05
0,0.0,6.3522915e-05
1,0.0,0.21586405
1,1.0,0.9997986
0,0.0,4.1281946e-05
0,0.0,5.913745e-05
1,1.0,0.9038807
0,0.0,6.192081e-05
0,0.0,6.185111e-05
0,0.0,4.070681e-05
0,0.0,7.841053e-05
1,0.0,0.17996138
0,0.0,4.3964024e-05
1,1.0,0.99970216
1,1.0,0.9998372
0,0.0,4.4012773e-05
0,0.0,4.3251795e-05
1,1.0,0.9997662
0,0.0,4.2701922e-05
0,0.0,5.997394e-05
1,1.0,0.9997155
0,0.0,6.75358e-05
0,0.0,4.258399e-05
0,0.0,4.011542e-05
0,0.0,3.8893748e-05
0,0.0,4.042071e-05
0,0.0,3.890276e-05
0,0.0,4.164537e-05
0,0.0,4.006362e-05
0,0.0,4.0610415e-05
0,0.0,4.0163613e-05
0,0.0,5.0202714e-05
1,1.0,0.8878724
0,0.0,6.3135805e-05
0,0.0,4.376266e-05
0,0.0,3.8891743e-05
1,1.0,0.9998499
0,0.0,4.8457663e-05
0,0.0,5.8920894e-05
0,0.0,6.0102477e-05
0,0.0,3.892454e-05
0,0.0,3.9668615e-05
1,1.0,0.9998397
0,0.0,3.383914e-05
0,0.0,4.4432676e-05
0,0.0,6.754057e-05
1,1.0,0.9996179
0,0.0,6.416865e-05
0,0.0,7.122313e-05
1,1.0,0.9996933
1,1.0,0.9998491
1,1.0,0.9998457
0,0.0,4.9180933e-05
0,0.0,5.082654e-05
0,0.0,3.3989436e-05
1,0.0,0.19672938
0,0.0,4.078791e-05
0,0.0,4.061069e-05
0,0.0,4.1147057e-05
1,1.0,0.999845
0,0.0,3.3846532e-05
0,0.0,6.547244e-05
1,1.0,0.9998484
1,1.0,0.9997846
0,0.0,3.891404e-05
0,0.0,4.0610375e-05
0,0.0,3.889501e-05
0,0.0,7.3778174e-05
1,1.0,0.9997909
0,0.0,6.700771e-05
0,0.0,3.4031924e-05
0,0.0,4.006385e-05
1,1.0,0.99979746
1,1.0,0.9834848
0,0.0,6.191314e-05
1,1.0,0.9998516
0,0.0,7.08428e-05
0,0.0,5.961858e-05
1,0.0,0.29386342
0,0.0,4.164219e-05
0,0.0,5.8904207e-05
1,1.0,0.9996979
0,0.0,5.768586e-05
1,1.0,0.99950033
1,1.0,0.99970764
1,1.0,0.9998465
0,0.0,5.8998932e-05
0,0.0,5.0821596e-05
0,0.0,4.12849e-05
0,0.0,4.218405e-05
0,0.0,3.8911257e-05
0,0.0,3.9506365e-05
0,0.0,3.8916118e-05
0,0.0,2.9559067e-05
0,0.0,3.892506e-05
0,0.0,5.6503857e-05
0,0.0,5.397504e-05
1,1.0,0.9749599
0,0.0,6.2703446e-05
0,0.0,7.81421e-05
1,1.0,0.9995715
0,0.0,3.405296e-05
0,0.0,4.1261166e-05
1,0.0,0.32873508
1,1.0,0.9998104
0,0.0,5.5534823e-05
1,1.0,0.9997901
0,0.0,4.2658576e-05
0,0.0,4.006469e-05
0,0.0,6.2914936e-05
1,1.0,0.99980265
0,0.0,4.025687e-05
1,1.0,0.9996158
0,0.0,5.7160276e-05
0,0.0,4.0145234e-05
1,1.0,0.99974006
1,1.0,0.9998802
0,0.0,4.2382962e-05
0,0.0,6.1900566e-05
0,0.0,5.8042435e-05
0,0.0,5.8922695e-05
0,0.0,4.183097e-05
0,0.0,3.9668656e-05
0,0.0,4.0146384e-05
0,0.0,6.765511e-05
0,0.0,7.663644e-05
0,0.0,4.053702e-05
0,0.0,5.713935e-05
0,0.0,3.8908584e-05
0,0.0,7.524477e-05
0,0.0,6.25431e-05
0,0.0,4.7516514e-05
1,1.0,0.9996414
0,0.0,3.3816978e-05
1,0.0,0.37694117
1,1.0,0.9998046
1,1.0,0.99978584
0,0.0,3.889527e-05
1,1.0,0.98554105
0,0.0,6.254023e-05
1,1.0,0.999839
1,1.0,0.9999458
0,0.0,7.449902e-05
1,1.0,0.999656
1,1.0,0.99984324
0,0.0,2.4923887e-05
0,0.0,4.5124398e-05
0,0.0,5.8986894e-05
0,0.0,3.3990735e-05
0,0.0,4.0728126e-05
1,0.0,0.051292293
0,0.0,6.4341875e-05
0,0.0,4.0420826e-05
1,1.0,0.99968606
1,1.0,0.9997883
0,0.0,3.892521e-05
0,0.0,4.4062155e-05
0,0.0,6.0115202e-05
0,0.0,4.014707e-05
0,0.0,6.638252e-05
0,0.0,5.8950904e-05
1,1.0,0.99978137
0,0.0,4.0610455e-05
1,1.0,0.99973816
0,0.0,4.078845e-05
0,0.0,4.0838073e-05
0,0.0,5.081791e-05
1,1.0,0.9997899
0,0.0,4.1861338e-05
0,0.0,6.239762e-05
0,0.0,3.8923277e-05
0,0.0,4.2883268e-05
1,1.0,0.9997315
0,0.0,4.279756e-05
1,1.0,0.9994872
1,1.0,0.9998413
1,1.0,0.99980295
0,0.0,3.8906062e-05
1,1.0,0.9997951
0,0.0,6.317477e-05
0,0.0,6.12721e-05
0,0.0,4.1633455e-05
1,1.0,0.8358353
0,0.0,0.000120030905
0,0.0,5.6946184e-05
0,0.0,7.295076e-05
0,0.0,5.8910162e-05
0,0.0,6.0868337e-05
0,0.0,6.190824e-05
0,0.0,4.2878608e-05
0,0.0,4.2156822e-05
0,0.0,5.7038204e-05
1,1.0,0.99953675
0,0.0,4.0716477e-05
0,0.0,4.0197872e-05
0,0.0,4.567806e-05
0,0.0,3.950659e-05
0,0.0,3.984545e-05
1,1.0,0.98144704
0,0.0,4.078627e-05
1,1.0,0.9998032
0,0.0,4.060197e-05
0,0.0,3.4046887e-05
0,0.0,2.4912575e-05
0,0.0,4.36165e-05
0,0.0,4.0198716e-05
0,0.0,7.840798e-05
1,1.0,0.9997964
0,0.0,5.0093684e-05
0,0.0,3.8905837e-05
0,0.0,5.7188845e-05
0,0.0,5.093503e-05
0,0.0,7.5751545e-05
1,1.0,0.9997996
0,0.0,4.0011462e-05
0,0.0,8.760946e-05
0,0.0,4.128352e-05
0,0.0,3.38113e-05
0,0.0,4.0789775e-05
0,0.0,3.3838267e-05
0,0.0,4.076465e-05
0,0.0,4.0111256e-05
0,0.0,7.45536e-05
1,1.0,0.9998065
0,0.0,4.0096722e-05
0,0.0,5.768762e-05
0,0.0,4.1735493e-05
1,1.0,0.99940234
0,0.0,6.4736065e-05
0,0.0,3.889312e-05
1,1.0,0.99984854
1,1.0,0.999729
0,0.0,2.0121595e-05
1,1.0,0.99970895
0,0.0,5.912487e-05
0,0.0,4.0784213e-05
0,0.0,6.032786e-05
0,0.0,5.917214e-05
0,0.0,6.753567e-05
0,0.0,6.7268804e-05
0,0.0,4.3634474e-05
0,0.0,4.0728515e-05
0,0.0,4.0256335e-05
1,1.0,0.9997394
1,0.0,0.3900505
0,0.0,5.8924266e-05
0,0.0,2.492479e-05
0,0.0,4.1654344e-05
0,0.0,4.4454253e-05
0,0.0,4.0226023e-05
0,0.0,4.0160015e-05
0,0.0,4.0230087e-05
0,0.0,3.9845487e-05
0,0.0,4.0713214e-05
0,0.0,5.0181847e-05
0,0.0,4.0064308e-05
0,0.0,6.0722417e-05
0,0.0,4.0230778e-05
0,0.0,3.4385615e-05
0,0.0,3.8896156e-05
0,0.0,5.61637e-05
0,0.0,4.02576e-05
0,0.0,3.404578e-05
0,0.0,4.0420517e-05
0,0.0,6.187489e-05
0,0.0,4.409267e-05
0,0.0,4.350542e-05
1,1.0,0.99984753
1,1.0,0.9997033
0,0.0,5.9070655e-05
0,0.0,4.126892e-05
0,0.0,5.7760386e-05
0,0.0,4.471403e-05
0,0.0,4.142822e-05
0,0.0,4.0721836e-05
1,1.0,0.99984723
0,0.0,4.0230396e-05
0,0.0,4.463513e-05
0,0.0,4.1655538e-05
1,0.0,0.43509272
1,1.0,0.9997397
0,0.0,4.2494135e-05
0,0.0,6.417152e-05
0,0.0,6.097494e-05
0,0.0,4.0064348e-05
1,1.0,0.9996932
0,0.0,4.5346733e-05
0,0.0,4.3520024e-05
0,0.0,5.9761966e-05
0,0.0,6.0144903e-05
0,0.0,3.403251e-05
0,0.0,5.7987116e-05
0,0.0,5.017845e-05
1,1.0,0.9903754
0,0.0,5.8883372e-05
1,1.0,0.9998026
0,0.0,4.2739477e-05
0,0.0,4.0420364e-05
0,0.0,4.1646123e-05
0,0.0,4.0110946e-05
0,0.0,4.011202e-05
1,1.0,0.9996378
0,0.0,2.4928973e-05
1,1.0,0.9998045
1,1.0,0.9858695
1,1.0,0.99980265
0,0.0,7.388385e-05
0,0.0,4.12812e-05
1,1.0,0.9997063
0,0.0,4.7859772e-05
0,0.0,3.966816e-05
1,1.0,0.9998417
0,0.0,6.0009872e-05
1,1.0,0.99969447
0,0.0,5.9032587e-05
0,0.0,4.0111867e-05
0,0.0,4.0097337e-05
0,0.0,5.879573e-05
0,0.0,3.9668048e-05
0,0.0,4.020673e-05
0,0.0,5.898847e-05
0,0.0,4.9910577e-05
1,1.0,0.99972963
1,1.0,0.99979407
0,0.0,6.8414316e-05
1,1.0,0.9997179
1,1.0,0.9997886
0,0.0,7.841606e-05
0,0.0,0.00014768122
0,0.0,4.5997946e-05
0,0.0,4.119358e-05
1,1.0,0.99979746
0,0.0,3.380224e-05
1,1.0,0.9891214
0,0.0,5.720041e-05
1,1.0,0.9998061
0,0.0,3.8913855e-05
0,0.0,5.6471214e-05
0,0.0,4.4414202e-05
1,1.0,0.99984336
1,1.0,0.9996378
0,0.0,4.5330824e-05
0,0.0,4.078931e-05
1,1.0,0.99968237
0,0.0,4.0788178e-05
0,0.0,6.355909e-05
1,1.0,0.9996033
0,0.0,5.701808e-05
0,0.0,7.5148964e-05
0,0.0,4.0162005e-05
0,0.0,5.8993926e-05
0,0.0,2.4923767e-05
0,0.0,6.16104e-05
0,0.0,4.166642e-05
0,0.0,9.9444944e-05
0,0.0,6.417348e-05
1,1.0,0.99977374
0,0.0,6.330075e-05
0,0.0,4.164255e-05
1,1.0,0.9998475
1,1.0,0.9998
0,0.0,4.1085692e-05
0,0.0,3.40874e-05
0,0.0,4.0609913e-05
1,1.0,0.99910235
0,0.0,4.4437802e-05
0,0.0,3.891363e-05
0,0.0,5.0106868e-05
1,1.0,0.99973816
0,0.0,4.025668e-05
0,0.0,4.2752567e-05
0,0.0,4.444984e-05
1,1.0,0.9998387
0,0.0,4.163806e-05
0,0.0,3.403744e-05
0,0.0,5.0169932e-05
0,0.0,4.061034e-05
0,0.0,4.019496e-05
0,0.0,4.2681073e-05
1,1.0,0.9997884
0,0.0,7.8554745e-05
0,0.0,6.106252e-05
0,0.0,3.4426204e-05
1,1.0,0.9817075
0,0.0,4.4437296e-05
0,0.0,6.191397e-05
0,0.0,3.8911294e-05
0,0.0,6.553784e-05
1,1.0,0.9997965
0,0.0,3.3173266e-05
0,0.0,4.1645926e-05
1,1.0,0.9998436
0,0.0,3.89274e-05
0,0.0,6.575137e-05
1,1.0,0.9998403
0,0.0,4.4368655e-05
0,0.0,5.6949713e-05
0,0.0,3.9394065e-05
0,0.0,3.9668845e-05
0,0.0,5.7153797e-05
0,0.0,6.77941e-05
0,0.0,4.443789e-05
0,0.0,4.170021e-05
0,0.0,5.6492547e-05
1,1.0,0.99978733
0,0.0,4.0420902e-05
0,0.0,4.0726263e-05
0,0.0,5.8868212e-05
0,0.0,5.6624474e-05
0,0.0,4.3481028e-05
0,0.0,4.371794e-05
0,0.0,5.719217e-05
0,0.0,5.7190427e-05
1,1.0,0.9998482
0,0.0,4.7864924e-05
1,1.0,0.9998369
0,0.0,4.3487333e-05
1,1.0,0.99982524
0,0.0,5.4030454e-05
0,0.0,6.507544e-05
0,0.0,4.0011193e-05
0,0.0,4.44281e-05
0,0.0,3.4034583e-05
0,0.0,4.3724445e-05
1,1.0,0.9997242
0,0.0,4.019626e-05
0,0.0,4.0064195e-05
0,0.0,4.764583e-05
0,0.0,2.492448e-05
0,0.0,4.7751408e-05
1,1.0,0.9998497
1,1.0,0.99980575
0,0.0,6.9345246e-05
0,0.0,5.7102854e-05
0,0.0,4.042106e-05
1,1.0,0.99984777
0,0.0,4.443755e-05
0,0.0,4.350127e-05
0,0.0,5.886316e-05
1,0.0,0.34807584
0,0.0,4.1093175e-05
0,0.0,4.5905224e-05
0,0.0,5.5496705e-05
1,0.0,0.22003348
0,0.0,6.381703e-05
1,1.0,0.9997875
0,0.0,2.4924197e-05
0,0.0,5.081898e-05
0,0.0,6.741142e-05
0,0.0,3.8913113e-05
0,0.0,4.077336e-05
0,0.0,4.011523e-05
0,0.0,5.8958776e-05
0,0.0,6.753567e-05
0,0.0,4.589778e-05
0,0.0,4.4719825e-05
0,0.0,4.078608e-05
1,1.0,0.999842
0,0.0,4.462883e-05
0,0.0,4.014531e-05
1,1.0,0.99960166
0,0.0,5.715652e-05
0,0.0,4.3494634e-05
0,0.0,5.0819173e-05
1,1.0,0.9998429
0,0.0,4.1698142e-05
0,0.0,5.018295e-05
0,0.0,3.9429426e-05
1,1.0,0.9998012
1,1.0,0.9996092
1,1.0,0.9998007
1,1.0,0.9813063
0,0.0,6.258152e-05
1,1.0,0.9997918
0,0.0,2.4923935e-05
0,0.0,5.906795e-05
0,0.0,3.3823977e-05
0,0.0,3.8905913e-05
0,0.0,3.4383454e-05
0,0.0,3.3818458e-05
1,1.0,0.9897995
1,1.0,0.9998455
0,0.0,3.9668088e-05
1,1.0,0.99979216
1,1.0,0.9997841
0,0.0,4.0098294e-05
1,1.0,0.9997409
0,0.0,8.4838786e-05
0,0.0,6.268748e-05
1,1.0,0.9998516
0,0.0,6.187536e-05
0,0.0,4.0773324e-05
1,1.0,0.98318416
0,0.0,4.0706072e-05
0,0.0,3.9846855e-05
0,0.0,4.2709376e-05
0,0.0,4.4413144e-05
0,0.0,8.8055625e-05
0,0.0,4.3008098e-05
0,0.0,0.00019774705
0,0.0,4.042106e-05
0,0.0,9.291511e-05
0,0.0,6.1890525e-05
1,1.0,0.99971265
0,0.0,5.4303393e-05
0,0.0,5.713254e-05
0,0.0,5.544238e-05
1,1.0,0.9998011
0,0.0,6.160688e-05
0,0.0,6.0092276e-05
0,0.0,3.8906543e-05
0,0.0,6.283483e-05
0,0.0,6.380371e-05
0,0.0,5.06296e-05
0,0.0,4.325283e-05
0,0.0,4.026067e-05
0,0.0,3.381517e-05
0,0.0,3.9507227e-05
0,0.0,6.186922e-05
0,0.0,4.0739e-05
0,0.0,6.995897e-05
1,1.0,0.98788846
0,0.0,3.891868e-05
1,1.0,0.99979067
0,0.0,4.463262e-05
1,1.0,0.99983996
0,0.0,6.250243e-05
0,0.0,6.189779e-05
0,0.0,4.0790204e-05
0,0.0,4.126506e-05
0,0.0,4.0728555e-05
0,0.0,3.888403e-05
0,0.0,4.4107517e-05
0,0.0,4.009638e-05
0,0.0,4.884134e-05
0,0.0,3.403257e-05
1,1.0,0.9997103
0,0.0,5.0199364e-05
1,1.0,0.999922
0,0.0,5.09293e-05
1,1.0,0.9997901
0,0.0,3.4042114e-05
0,0.0,5.9717186e-05
1,1.0,0.9998401
0,0.0,2.492422e-05
0,0.0,5.9035177e-05
0,0.0,5.0832936e-05
0,0.0,4.0704832e-05
0,0.0,3.8898343e-05
1,1.0,0.9981258
1,1.0,0.9997947
0,0.0,4.4415603e-05
0,0.0,6.0774666e-05
1,1.0,0.9997873
0,0.0,4.078931e-05
0,0.0,4.0721603e-05
1,1.0,0.9997256
1,1.0,0.5013417
1,1.0,0.9786032
0,0.0,7.667423e-05
0,0.0,3.4086654e-05
0,0.0,5.766045e-05
0,0.0,4.5245564e-05
0,0.0,5.549591e-05
0,0.0,6.967587e-05
0,0.0,5.6839686e-05
0,0.0,3.966801e-05
0,0.0,4.0536554e-05
0,0.0,0.000114909264
0,0.0,5.959925e-05
1,1.0,0.9998426
0,0.0,0.0001114818
0,0.0,5.88809e-05
0,0.0,3.4089644e-05
1,1.0,0.9997885
0,0.0,5.0866438e-05
1,1.0,0.9998437
0,0.0,4.4018943e-05
0,0.0,4.054993e-05
0,0.0,5.8039775e-05
0,0.0,4.444378e-05
0,0.0,4.042075e-05
0,0.0,7.559322e-05
1,1.0,0.9997989
0,0.0,3.8917788e-05
1,1.0,0.9998459
0,0.0,4.019772e-05
0,0.0,7.855542e-05
0,0.0,2.4924671e-05
0,0.0,5.0129613e-05
0,0.0,4.0550243e-05
0,0.0,4.1741823e-05
0,0.0,3.4035784e-05
0,0.0,4.3486463e-05
1,1.0,0.99977964
1,1.0,0.99282056
1,1.0,0.9998394
1,1.0,0.99972486
0,0.0,3.950674e-05
1,1.0,0.9998417
1,1.0,0.9836024
0,0.0,4.120246e-05
0,0.0,5.6954275e-05
1,1.0,0.99978477
0,0.0,5.4937813e-05
1,1.0,0.9997944
0,0.0,4.070871e-05
1,1.0,0.9997906
1,1.0,0.9998489
0,0.0,4.3724027e-05
0,0.0,6.298157e-05
0,0.0,6.1287355e-05
0,0.0,4.0063696e-05
0,0.0,4.019722e-05
0,0.0,2.492441e-05
1,1.0,0.9998469
0,0.0,3.383117e-05
1,1.0,0.9997337
0,0.0,5.0836912e-05
0,0.0,4.0194765e-05
0,0.0,4.1245625e-05
0,0.0,3.8912556e-05
0,0.0,6.1872524e-05
0,0.0,3.8905393e-05
0,0.0,3.4992834e-05
0,0.0,4.0064042e-05
0,0.0,2.4920655e-05
1,0.0,0.3196523
0,0.0,3.377663e-05
0,0.0,4.5904828e-05
1,1.0,0.9836392
0,0.0,5.9313148e-05
0,0.0,4.3173455e-05
0,0.0,5.0816554e-05
1,1.0,0.99979806
1,0.0,0.20688748
0,0.0,6.473397e-05
0,0.0,3.312752e-05
1,1.0,0.8735391
1,1.0,0.99980587
0,0.0,6.084269e-05
0,0.0,4.0256793e-05
0,0.0,8.827429e-05
1,1.0,0.9997393
0,0.0,4.3640135e-05
0,0.0,6.1885745e-05
0,0.0,6.283596e-05
0,0.0,4.0549392e-05
0,0.0,6.254554e-05
1,1.0,0.9994788
0,0.0,3.89061e-05
0,0.0,6.3471634e-05
1,1.0,0.99720556
0,0.0,5.430443e-05
1,1.0,0.9998393
0,0.0,4.3535674e-05
0,0.0,2.492479e-05
0,0.0,4.00645e-05
0,0.0,6.1898674e-05
0,0.0,2.4929544e-05
0,0.0,2.4923935e-05
0,0.0,7.378894e-05
0,0.0,4.471245e-05
0,0.0,8.356216e-05
1,1.0,0.9997881
0,0.0,3.8911552e-05
0,0.0,4.1654424e-05
0,0.0,4.1708005e-05
0,0.0,4.0010927e-05
1,1.0,0.9970401
0,0.0,5.548623e-05
0,0.0,5.082155e-05
0,0.0,8.7625755e-05
0,0.0,4.110019e-05
0,0.0,3.3788485e-05
1,1.0,0.99982804
0,0.0,4.0257102e-05
0,0.0,6.186946e-05
0,0.0,5.0816216e-05
0,0.0,6.345723e-05
0,0.0,3.3178043e-05
0,0.0,3.8893675e-05
0,0.0,5.6466313e-05
0,0.0,3.8868533e-05
1,0.0,0.33986178
1,1.0,0.99977916
1,1.0,0.9998497
0,0.0,3.966839e-05
0,0.0,0.00012014828
1,1.0,0.9996843
0,0.0,6.255556e-05
1,1.0,0.9998055
0,0.0,4.078666e-05
1,1.0,0.99980706
0,0.0,5.377149e-05
0,0.0,4.4176217e-05
1,1.0,0.99972564
0,0.0,7.8419725e-05
0,0.0,4.118384e-05
0,0.0,6.251322e-05
0,0.0,7.696637e-05
0,0.0,4.023032e-05
1,1.0,0.9997898
1,1.0,0.99984044
0,0.0,6.0776638e-05
1,1.0,0.999849
1,0.0,0.3213693
0,0.0,3.9668543e-05
0,0.0,5.720641e-05
0,0.0,4.4162407e-05
0,0.0,4.0195573e-05
1,1.0,0.9997909
0,0.0,4.496332e-05
0,0.0,3.3995984e-05
1,1.0,0.9997141
0,0.0,5.6468038e-05
0,0.0,4.070863e-05
0,0.0,3.3797307e-05
1,1.0,0.99984396
0,0.0,4.0075163e-05
1,1.0,0.9997751
0,0.0,6.4732674e-05
0,0.0,5.713205e-05
0,0.0,4.1715324e-05
1,1.0,0.99980056
0,0.0,4.0112096e-05
0,0.0,7.064081e-05
0,0.0,4.3655076e-05
0,0.0,3.3810138e-05
0,0.0,4.4002656e-05
0,0.0,4.2593983e-05
0,0.0,5.0833034e-05
0,0.0,5.892404e-05
0,0.0,4.5489138e-05
0,0.0,7.38711e-05
1,1.0,0.99980104
0,0.0,4.4435557e-05
0,0.0,4.014826e-05
0,0.0,5.2135547e-05
1,1.0,0.99984795
0,0.0,4.023032e-05
1,1.0,0.99974746
0,0.0,4.977359e-05
0,0.0,6.189283e-05
1,1.0,0.9997928
1,1.0,0.9996566
1,1.0,0.99983746
0,0.0,4.381686e-05
1,1.0,0.98122525
0,0.0,6.346964e-05
0,0.0,4.0256335e-05
0,0.0,5.686983e-05
0,0.0,0.000105290725
1,0.0,0.3998371
1,1.0,0.99980044
0,0.0,4.31609e-05
1,1.0,0.99982756
0,0.0,6.804559e-05
1,1.0,0.9997972
0,0.0,3.9667255e-05
1,1.0,0.9998483
0,0.0,4.006408e-05
0,0.0,3.9845752e-05
0,0.0,6.741728e-05
0,0.0,4.2677613e-05
1,1.0,0.99979043
0,0.0,4.023055e-05
0,0.0,7.195873e-05
0,0.0,3.8913593e-05
0,0.0,4.0198905e-05
1,1.0,0.999846
0,0.0,6.2629224e-05
0,0.0,4.462853e-05
1,1.0,0.9998029
1,1.0,0.9998467
0,0.0,5.001597e-05
0,0.0,4.001127e-05
1,1.0,0.9997859
1,1.0,0.9998042
1,1.0,0.9998436
0,0.0,4.4976954e-05
1,1.0,0.9997935
0,0.0,6.2402614e-05
0,0.0,3.9845905e-05
1,1.0,0.9970915
0,0.0,3.380724e-05
0,0.0,4.371844e-05
0,0.0,3.4035977e-05
1,1.0,0.97186565
0,0.0,6.257884e-05
0,0.0,6.523082e-05
0,0.0,6.098477e-05
1,1.0,0.9823104
0,0.0,4.775118e-05
1,1.0,0.99968785
1,1.0,0.9997981
0,0.0,5.238428e-05
0,0.0,5.281193e-05
0,0.0,4.0777948e-05
0,0.0,4.484722e-05
1,1.0,0.9998461
0,0.0,5.3192023e-05
0,0.0,4.0256793e-05
0,0.0,6.185022e-05
0,0.0,7.0214075e-05
1,1.0,0.99985087
0,0.0,4.0230087e-05
0,0.0,4.042075e-05
0,0.0,5.703347e-05
0,0.0,4.4422126e-05
1,1.0,0.9998299
0,0.0,4.448614e-05
1,1.0,0.99983823
1,1.0,0.9892794
0,0.0,4.4968976e-05
1,1.0,0.9997935
0,0.0,4.006385e-05
1,1.0,0.9998502
0,0.0,5.6462384e-05
0,0.0,5.0973023e-05
0,0.0,5.7088535e-05
0,0.0,5.9714454e-05
0,0.0,4.0420982e-05
1,1.0,0.99966604
0,0.0,7.013445e-05
0,0.0,4.4159373e-05
1,1.0,0.9998006
0,0.0,6.646961e-05
0,0.0,4.441501e-05
0,0.0,5.900771e-05
1,1.0,0.99980414
0,0.0,4.7883415e-05
0,0.0,4.1814572e-05
0,0.0,4.3377822e-05
0,0.0,4.0010622e-05
1,0.0,0.29276755
0,0.0,4.0550203e-05
0,0.0,4.381118e-05
0,0.0,3.8895232e-05
0,0.0,4.409061e-05
0,0.0,2.4920322e-05
0,0.0,5.4898115e-05
0,0.0,5.7681238e-05
1,1.0,0.99972665
0,0.0,7.586106e-05
0,0.0,6.753786e-05
0,0.0,4.0800864e-05
0,0.0,3.8913186e-05
0,0.0,3.890495e-05
1,1.0,0.9995715
0,0.0,5.6369365e-05
1,0.0,0.16510004
0,0.0,4.077593e-05
0,0.0,3.3822267e-05
1,1.0,0.99972314
0,0.0,4.591074e-05
0,0.0,3.403971e-05
1,1.0,0.8980545
0,0.0,2.4912599e-05
0,0.0,5.432328e-05
0,0.0,4.0790164e-05
0,0.0,4.0550047e-05
1,1.0,0.999826
0,0.0,4.2680058e-05
0,0.0,4.006385e-05
1,1.0,0.9998286
1,1.0,0.9998568
1,1.0,0.9995207
0,0.0,3.8925096e-05
0,0.0,3.3986063e-05
0,0.0,7.1445174e-05
0,0.0,4.0111103e-05
0,0.0,5.7425805e-05
0,0.0,6.3814965e-05
0,0.0,3.950629e-05
0,0.0,4.364696e-05
1,1.0,0.91996
0,0.0,7.415228e-05
1,1.0,0.9998502
1,1.0,0.99983954
1,1.0,0.9997971
0,0.0,4.0257026e-05
0,0.0,4.1274703e-05
1,1.0,0.99981487
0,0.0,6.261704e-05
0,0.0,3.403932e-05
0,0.0,4.636869e-05
0,0.0,6.717777e-05
1,1.0,0.99982715
0,0.0,7.184347e-05
1,1.0,0.9997227
1,1.0,0.99984175
1,0.0,0.30662462
0,0.0,4.4414035e-05
1,1.0,0.9997959
0,0.0,5.8875175e-05
0,0.0,4.3832322e-05
0,0.0,4.143541e-05
0,0.0,5.5638295e-05
0,0.0,5.179199e-05
0,0.0,4.0023522e-05
0,0.0,3.4037927e-05
0,0.0,4.1277734e-05
0,0.0,2.4924624e-05
1,1.0,0.99983877
0,0.0,5.5093424e-05
0,0.0,4.0114617e-05
0,0.0,4.0064155e-05
1,1.0,0.99967957
1,1.0,0.99983627
0,0.0,4.440662e-05
1,1.0,0.9998465
0,0.0,3.378926e-05
0,0.0,4.137721e-05
0,0.0,5.114315e-05
1,1.0,0.9842247
1,1.0,0.9998385
0,0.0,5.894405e-05
0,0.0,6.39377e-05
1,1.0,0.9996799
0,0.0,7.1271446e-05
0,0.0,4.0197756e-05
0,0.0,4.0420942e-05
0,0.0,4.4542005e-05
1,1.0,0.9998066
0,0.0,4.019634e-05
0,0.0,4.023051e-05
0,0.0,6.9679394e-05
1,1.0,0.99216974
0,0.0,5.885081e-05
0,0.0,2.4924077e-05
0,0.0,4.920805e-05
0,0.0,4.1261046e-05
0,0.0,5.7093817e-05
0,0.0,4.210379e-05
0,0.0,4.1338004e-05
0,0.0,4.4225322e-05
0,0.0,2.492422e-05
1,1.0,0.99980503
0,0.0,6.4185784e-05
1,0.0,0.29629815
0,0.0,6.073857e-05
1,1.0,0.99980694
0,0.0,5.9022346e-05
0,0.0,5.4918746e-05
1,1.0,0.99983764
0,0.0,4.350235e-05
0,0.0,4.0064002e-05
0,0.0,6.8013935e-05
1,1.0,0.9997977
1,1.0,0.9995209
1,1.0,0.99978316
0,0.0,4.127734e-05
0,0.0,4.4068503e-05
0,0.0,5.703994e-05
0,0.0,5.643332e-05
0,0.0,4.3501852e-05
1,1.0,0.87811273
0,0.0,6.7165216e-05
0,0.0,5.0821403e-05
1,1.0,0.9998025
1,0.0,0.35856345
0,0.0,4.11542e-05
0,0.0,2.4930354e-05
1,1.0,0.9863177
0,0.0,3.3839267e-05
0,0.0,4.4436998e-05
1,1.0,0.99984777
0,0.0,5.7187975e-05
0,0.0,2.4923887e-05
1,1.0,0.9998036
0,0.0,7.589774e-05
1,1.0,0.99973744
0,0.0,7.109225e-05
1,1.0,0.99967164
0,0.0,3.9085528e-05
1,1.0,0.9997593
0,0.0,5.6365494e-05
0,0.0,4.0230778e-05
0,0.0,4.016032e-05
0,0.0,5.900625e-05
0,0.0,3.403783e-05
1,1.0,0.9999264
0,0.0,6.215662e-05
0,0.0,4.124421e-05
0,0.0,4.40493e-05
0,0.0,4.0583902e-05
1,1.0,0.99974287
0,0.0,3.399469e-05
0,0.0,8.714144e-05
1,1.0,0.9998413
1,1.0,0.99979573
0,0.0,5.6460012e-05
0,0.0,6.472958e-05
1,1.0,0.99984837
1,1.0,0.99656725
1,1.0,0.99979496
1,1.0,0.9997263
0,0.0,5.548348e-05
1,1.0,0.999803
0,0.0,5.7713318e-05
1,1.0,0.99983907
0,0.0,4.1778305e-05
0,0.0,6.2533196e-05
0,0.0,4.443611e-05
0,0.0,3.966797e-05
0,0.0,4.1866606e-05
1,1.0,0.9851765
0,0.0,6.6829925e-05
0,0.0,5.5505436e-05
0,0.0,5.635077e-05
0,0.0,6.008878e-05
0,0.0,2.492453e-05
0,0.0,4.5501372e-05
0,0.0,4.0798255e-05
0,0.0,4.3531938e-05
0,0.0,3.8895894e-05
0,0.0,4.8769383e-05
0,0.0,5.83124e-05
0,0.0,6.1917264e-05
1,1.0,0.980352
0,0.0,4.4434415e-05
1,1.0,0.999844
0,0.0,7.475236e-05
1,1.0,0.99980783
1,1.0,0.9753114
1,1.0,0.9997221
0,0.0,3.890261e-05
0,0.0,4.0111026e-05
1,0.0,0.31220368
0,0.0,6.8571535e-05
0,0.0,3.892454e-05
1,1.0,0.9997792
0,0.0,4.1273248e-05
0,0.0,4.3504093e-05
1,1.0,0.99984485
0,0.0,4.070941e-05
1,1.0,0.9995707
1,1.0,0.9997856
0,0.0,5.5614422e-05
0,0.0,6.062596e-05
0,0.0,4.5904522e-05
0,0.0,2.492441e-05
0,0.0,2.4921177e-05
0,0.0,5.8866415e-05
0,0.0,4.1480125e-05
0,0.0,3.380872e-05
1,1.0,0.9998478
0,0.0,9.421255e-05
1,1.0,0.9995256
0,0.0,5.7138262e-05
0,0.0,5.9077753e-05
0,0.0,9.120698e-05
0,0.0,5.766908e-05
0,0.0,6.801459e-05
0,0.0,3.3833978e-05
0,0.0,4.2073207e-05
0,0.0,4.0791718e-05
0,0.0,4.078962e-05
0,0.0,5.0820916e-05
0,0.0,4.10929e-05
0,0.0,5.4303706e-05
1,1.0,0.99979603
1,1.0,0.99978745
0,0.0,4.442145e-05
0,0.0,4.442187e-05
0,0.0,3.9667633e-05
1,1.0,0.99947155
1,1.0,0.9998385
0,0.0,4.1673808e-05
0,0.0,4.3640634e-05
0,0.0,7.6306314e-05
0,0.0,9.959307e-05
0,0.0,7.4859294e-05
0,0.0,4.1444142e-05
0,0.0,4.0609833e-05
0,0.0,3.3795437e-05
0,0.0,3.3801432e-05
1,1.0,0.86459124
0,0.0,4.2941054e-05
0,0.0,4.1727097e-05
1,1.0,0.9995139
0,0.0,2.4922794e-05
0,0.0,4.0550553e-05
0,0.0,5.9024373e-05
0,0.0,5.8917412e-05
0,0.0,5.891561e-05
1,1.0,0.9989216
1,1.0,0.99989814
1,1.0,0.99971986
0,0.0,4.0718027e-05
1,1.0,0.99985087
0,0.0,4.0718107e-05
0,0.0,4.4439585e-05
1,1.0,0.99984515
0,0.0,4.0712905e-05
0,0.0,6.324783e-05
0,0.0,5.883959e-05
0,0.0,5.7708585e-05
1,1.0,0.9222317
0,0.0,6.270954e-05
0,0.0,6.2024235e-05
0,0.0,4.0800434e-05
0,0.0,4.0773866e-05
0,0.0,6.0804003e-05
1,0.0,0.32291517
0,0.0,3.966767e-05
1,1.0,0.9998479
1,1.0,0.9998441
0,0.0,3.8899012e-05
0,0.0,5.7043635e-05
1,1.0,0.9997152
1,1.0,0.9997855
1,0.0,0.26787397
1,1.0,0.99973756
0,0.0,6.347792e-05
0,0.0,4.1080675e-05
0,0.0,5.8967435e-05
1,1.0,0.9997917
0,0.0,5.0860668e-05
0,0.0,4.6330806e-05
0,0.0,5.4325305e-05
0,0.0,5.6492223e-05
0,0.0,3.8904207e-05
0,0.0,5.6747886e-05
0,0.0,6.103015e-05
0,0.0,4.061084e-05
1,1.0,0.999774
0,0.0,7.060196e-05
0,0.0,3.403614e-05
1,1.0,0.99984306
0,0.0,5.713472e-05
1,0.0,0.3515543
1,1.0,0.99984556
1,1.0,0.9833589
1,1.0,0.999851
0,0.0,4.365008e-05
1,1.0,0.9997149
1,1.0,0.99984217
1,1.0,0.9998443
1,1.0,0.99978095
0,0.0,2.4924577e-05
0,0.0,5.2449363e-05
0,0.0,3.8892784e-05
0,0.0,5.8989932e-05
0,0.0,3.966801e-05
0,0.0,6.646423e-05
0,0.0,4.3542692e-05
0,0.0,3.405244e-05
0,0.0,6.382251e-05
0,0.0,5.6419598e-05
0,0.0,7.666078e-05
0,0.0,5.0822127e-05
0,0.0,3.4415927e-05
0,0.0,4.0787363e-05
1,1.0,0.99984646
0,0.0,4.5899007e-05
0,0.0,7.854763e-05
0,0.0,5.0839917e-05
0,0.0,4.0010964e-05
0,0.0,4.5604327e-05
0,0.0,5.4089476e-05
0,0.0,5.8991056e-05
0,0.0,6.897223e-05
0,0.0,4.0064348e-05
0,0.0,4.454107e-05
0,0.0,5.7198555e-05
1,1.0,0.99957395
0,0.0,4.3252992e-05
0,0.0,7.113774e-05
0,0.0,6.408279e-05
0,0.0,4.568621e-05
1,1.0,0.9998265
0,0.0,7.586092e-05
0,0.0,5.952479e-05
1,1.0,0.9997158
0,0.0,4.023028e-05
0,0.0,3.9564613e-05
0,0.0,5.7103072e-05
0,0.0,4.167492e-05
1,1.0,0.9998053
0,0.0,4.4197328e-05
1,1.0,0.9996563
0,0.0,5.0818107e-05
0,0.0,3.8912185e-05
0,0.0,7.941133e-05
0,0.0,4.0196148e-05
0,0.0,5.7645822e-05
1,1.0,0.9998052
0,0.0,5.562482e-05
0,0.0,5.009569e-05
0,0.0,4.5347682e-05
1,1.0,0.99895006
0,0.0,4.0730145e-05
1,1.0,0.99967927
0,0.0,4.4096374e-05
0,0.0,7.8408884e-05
1,1.0,0.99979293
0,0.0,4.0110794e-05
1,1.0,0.9998005
0,0.0,4.181629e-05
1,1.0,0.99984336
0,0.0,6.0312785e-05
0,0.0,0.00018050088
0,0.0,6.759005e-05
0,0.0,6.3263695e-05
0,0.0,4.3719523e-05
0,0.0,5.6385656e-05
1,1.0,0.9993409
0,0.0,6.05821e-05
0,0.0,4.0011386e-05
0,0.0,3.315609e-05
1,1.0,0.97983426
0,0.0,4.2706888e-05
0,0.0,6.715139e-05
0,0.0,3.9668615e-05
0,0.0,0.00010369073
0,0.0,5.1488885e-05
0,0.0,4.1272106e-05
0,0.0,4.3845033e-05
0,0.0,3.892558e-05
0,0.0,3.402326e-05
0,0.0,4.054947e-05
0,0.0,4.2168846e-05
1,1.0,0.9977061
0,0.0,6.773407e-05
0,0.0,3.9668088e-05
0,0.0,4.010024e-05
0,0.0,5.0968505e-05
0,0.0,4.078627e-05
0,0.0,4.3252992e-05
0,0.0,5.905607e-05
0,0.0,4.3160777e-05
0,0.0,4.2802294e-05
0,0.0,4.879381e-05
0,0.0,7.0767834e-05
0,0.0,6.39043e-05
0,0.0,4.2681564e-05
0,0.0,7.540494e-05
0,0.0,6.461747e-05
0,0.0,3.8911036e-05
0,0.0,4.3731074e-05
0,0.0,3.977089e-05
1,1.0,0.99980444
0,0.0,5.548041e-05
0,0.0,7.121702e-05
1,1.0,0.99983776
0,0.0,4.1679374e-05
1,0.0,0.29903734
0,0.0,3.892699e-05
1,1.0,0.9998412
1,1.0,0.98314565
0,0.0,6.187182e-05
0,0.0,4.015975e-05
1,1.0,0.9998371
1,1.0,0.9993591
1,1.0,0.999794
0,0.0,4.0064613e-05
0,0.0,4.0096456e-05
0,0.0,4.1273797e-05
1,1.0,0.92143923
1,0.0,0.17621532
0,0.0,5.8426223e-05
0,0.0,4.3723445e-05
0,0.0,6.715626e-05
0,0.0,4.0064308e-05
1,1.0,0.99971354
0,0.0,4.217138e-05
0,0.0,4.206855e-05
0,0.0,6.47323e-05
0,0.0,4.025641e-05
1,1.0,0.9996952
0,0.0,5.430816e-05
0,0.0,6.3294225e-05
0,0.0,4.0074054e-05
1,1.0,0.9998425
0,0.0,5.5435135e-05
0,0.0,4.0231433e-05
1,1.0,0.9998077
0,0.0,3.9666877e-05
0,0.0,4.4081826e-05
1,1.0,0.9997787
0,0.0,4.1724987e-05
1,1.0,0.99679106
0,0.0,3.384124e-05
0,0.0,3.8906655e-05
1,1.0,0.58958733
0,0.0,4.40656e-05
1,1.0,0.9997364
0,0.0,6.4246844e-05
0,0.0,3.383998e-05
0,0.0,4.0115538e-05
0,0.0,3.889423e-05
0,0.0,4.0834217e-05
1,1.0,0.9998395
0,0.0,4.0116607e-05
0,0.0,4.0229592e-05
0,0.0,7.840634e-05
1,1.0,0.9997886
0,0.0,4.3253156e-05
1,1.0,0.9998051
1,1.0,0.99978644
0,0.0,5.397303e-05
1,1.0,0.9998362
0,0.0,7.6964534e-05
1,1.0,0.9998465
0,0.0,4.084894e-05
0,0.0,5.563384e-05
0,0.0,5.9036644e-05
0,0.0,4.534098e-05
1,0.0,0.19759539
0,0.0,5.0823826e-05
0,0.0,5.913158e-05
1,1.0,0.9176266
0,0.0,4.0550087e-05
1,1.0,0.99980634
1,1.0,0.9997325
0,0.0,7.402963e-05
0,0.0,4.5891127e-05
1,1.0,0.9998457
0,0.0,3.8984646e-05
0,0.0,5.398616e-05
0,0.0,4.0195457e-05
0,0.0,5.3973392e-05
0,0.0,4.084072e-05
1,1.0,0.9998457
0,0.0,7.2817245e-05
0,0.0,3.3789904e-05
1,1.0,0.99984366
0,0.0,5.0818155e-05
0,0.0,3.9507526e-05
0,0.0,5.0072093e-05
0,0.0,4.1657844e-05
0,0.0,4.3815817e-05
1,1.0,0.9998363
1,1.0,0.9997001
0,0.0,3.8894712e-05
0,0.0,4.125294e-05
1,1.0,0.9998468
1,1.0,0.99974126
0,0.0,3.404354e-05
0,0.0,6.195719e-05
1,1.0,0.99984694
1,1.0,0.99985087
0,0.0,4.0727078e-05
0,0.0,4.0790706e-05
0,0.0,2.296911e-05
0,0.0,4.3527038e-05
0,0.0,4.0198294e-05
1,1.0,0.99979323
1,1.0,0.9998502
0,0.0,4.203679e-05
0,0.0,4.367494e-05
0,0.0,4.0196184e-05
0,0.0,5.7136735e-05
0,0.0,4.0114923e-05
0,0.0,4.3516706e-05
0,0.0,3.40229e-05
0,0.0,4.376291e-05
1,1.0,0.999785
0,0.0,5.429646e-05
0,0.0,4.019565e-05
1,0.0,0.051622767
0,0.0,4.0723233e-05
0,0.0,4.0229934e-05
0,0.0,5.5560038e-05
1,1.0,0.9998408
1,1.0,0.9997192
0,0.0,7.841419e-05
0,0.0,4.0549545e-05
0,0.0,5.7085756e-05
0,0.0,5.7089677e-05
1,1.0,0.99977356
0,0.0,5.018539e-05
0,0.0,5.8211554e-05
0,0.0,3.8926766e-05
0,0.0,5.429004e-05
1,1.0,0.9874639
0,0.0,5.0954415e-05
1,1.0,0.9997959
1,1.0,0.99978644
1,1.0,0.99958736
0,0.0,4.2679323e-05
1,1.0,0.99978054
1,1.0,0.9997181
0,0.0,5.9579816e-05
0,0.0,6.6194654e-05
0,0.0,3.8585044e-05
1,1.0,0.98375994
1,1.0,0.9998478
0,0.0,4.978223e-05
0,0.0,5.714382e-05
0,0.0,4.8581664e-05
0,0.0,5.493488e-05
0,0.0,7.8409554e-05
0,0.0,5.700481e-05
0,0.0,4.0198218e-05
0,0.0,9.99368e-05
1,1.0,0.9998029
0,0.0,4.0609757e-05
0,0.0,4.023055e-05
0,0.0,7.510756e-05
0,0.0,5.958726e-05
0,0.0,6.3544605e-05
1,1.0,0.9997855
1,1.0,0.99984497
0,0.0,4.0256487e-05
0,0.0,4.0196606e-05
1,1.0,0.9997817
0,0.0,5.715674e-05
0,0.0,4.473049e-05
0,0.0,4.1269624e-05
1,1.0,0.9998014
0,0.0,4.0197567e-05
1,1.0,0.99983907
0,0.0,6.0782084e-05
0,0.0,4.2709253e-05
0,0.0,3.4036206e-05
0,0.0,3.9403116e-05
0,0.0,4.5158533e-05
1,1.0,0.9997908
0,0.0,4.5823082e-05
1,0.0,0.048369046
1,1.0,0.9998043
0,0.0,6.1910185e-05
1,1.0,0.98154163
1,1.0,0.9997906
0,0.0,4.2878444e-05
0,0.0,3.3842334e-05
0,0.0,2.492479e-05
0,0.0,4.0609833e-05
1,1.0,0.99984455
0,0.0,3.984636e-05
0,0.0,4.0011615e-05
0,0.0,4.653001e-05
1,1.0,0.9996275
0,0.0,2.4924124e-05
0,0.0,3.4037115e-05
1,1.0,0.99981564
1,1.0,0.99970925
0,0.0,4.016017e-05
1,1.0,0.9998241
1,1.0,0.999794
0,0.0,4.880009e-05
0,0.0,3.8894676e-05
0,0.0,4.2820666e-05
0,0.0,5.6027504e-05
1,1.0,0.9997898
0,0.0,6.263018e-05
0,0.0,6.3294654e-05
0,0.0,3.4086555e-05
1,1.0,0.99973106
0,0.0,4.470678e-05
0,0.0,3.9667782e-05
1,1.0,0.9997966
0,0.0,6.313466e-05
1,1.0,0.99959844
0,0.0,4.0609873e-05
0,0.0,3.377766e-05
0,0.0,4.1253847e-05
0,0.0,4.3951535e-05
1,1.0,0.99983764
0,0.0,4.3809923e-05
0,0.0,6.1699175e-05
0,0.0,4.1725027e-05
0,0.0,4.072727e-05
1,1.0,0.99973106
0,0.0,4.1279585e-05
1,1.0,0.9998369
0,0.0,4.004032e-05
1,1.0,0.99979234
0,0.0,5.895776e-05
0,0.0,2.4924124e-05
0,0.0,4.0419593e-05
0,0.0,5.0937655e-05
1,0.0,0.2526592
0,0.0,5.0821305e-05
1,1.0,0.9997289
0,0.0,6.0324637e-05
0,0.0,0.00011617939
0,0.0,3.40304e-05
1,1.0,0.9998418
1,1.0,0.99979794
0,0.0,4.019768e-05
0,0.0,7.387005e-05
1,0.0,0.2746053
0,0.0,2.4938103e-05
0,0.0,4.0421557e-05
0,0.0,4.0190895e-05
0,0.0,4.4408444e-05
1,1.0,0.9996244
0,0.0,6.1861436e-05
0,0.0,4.9145216e-05
0,0.0,6.1004783e-05
0,0.0,4.120175e-05
1,1.0,0.9902564
0,0.0,8.914976e-05
0,0.0,5.0566436e-05
0,0.0,6.011371e-05
1,1.0,0.9998462
0,0.0,4.4987293e-05
1,1.0,0.9998041
0,0.0,4.2681644e-05
0,0.0,4.1642033e-05
1,1.0,0.99978673
0,0.0,3.8892635e-05
0,0.0,4.1641953e-05
1,1.0,0.99983984
0,0.0,3.378578e-05
1,1.0,0.9998469
0,0.0,4.108581e-05
0,0.0,4.0785497e-05
0,0.0,3.8905466e-05
0,0.0,4.3642216e-05
0,0.0,4.161992e-05
0,0.0,6.253582e-05
0,0.0,5.7689598e-05
0,0.0,4.4413653e-05
1,1.0,0.99978
1,1.0,0.99978095
1,0.0,0.3786541
0,0.0,2.1544856e-05
0,0.0,2.4913026e-05
0,0.0,4.07881e-05
0,0.0,4.2934178e-05
0,0.0,4.072533e-05
0,0.0,3.890632e-05
0,0.0,3.377363e-05
0,0.0,4.023101e-05
0,0.0,4.6304616e-05
0,0.0,6.1899795e-05
0,0.0,4.3154767e-05
1,1.0,0.9998052
0,0.0,3.381646e-05
0,0.0,4.9773873e-05
1,1.0,0.9997811
0,0.0,3.8920607e-05
0,0.0,6.258761e-05
0,0.0,4.270974e-05
0,0.0,3.991577e-05
0,0.0,5.6376248e-05
1,1.0,0.9998391
0,0.0,5.0819268e-05
0,0.0,4.0420673e-05
0,0.0,4.016323e-05
0,0.0,4.0011615e-05
1,1.0,0.9997163
0,0.0,4.070623e-05
0,0.0,5.7019275e-05
1,1.0,0.9998011
0,0.0,5.4317585e-05
0,0.0,6.270991e-05
0,0.0,5.8976657e-05
1,1.0,0.98320526
0,0.0,7.156518e-05
0,0.0,2.4932066e-05
1,1.0,0.9998486
1,1.0,0.99953556
0,0.0,4.078215e-05
0,0.0,5.851672e-05
0,0.0,5.3348787e-05
0,0.0,3.966771e-05
0,0.0,6.0232378e-05
0,0.0,5.8850474e-05
0,0.0,0.00022416317
1,1.0,0.9998048
0,0.0,5.7077483e-05
0,0.0,4.0726067e-05
1,1.0,0.99983984
0,0.0,4.0111674e-05
0,0.0,4.1217903e-05
0,0.0,3.385021e-05
0,0.0,3.8923725e-05
0,0.0,4.0063966e-05
0,0.0,5.9136262e-05
0,0.0,2.4923982e-05
0,0.0,4.653467e-05
0,0.0,4.5120178e-05
0,0.0,7.5109776e-05
1,1.0,0.9998504
1,1.0,0.99971104
0,0.0,7.8406636e-05
0,0.0,4.9007107e-05
1,1.0,0.99984163
0,0.0,6.0869035e-05
1,1.0,0.9998476
0,0.0,3.384169e-05
0,0.0,6.011801e-05
1,1.0,0.9997857
0,0.0,4.1633295e-05
0,0.0,4.0110794e-05
0,0.0,4.009688e-05
0,0.0,6.3250365e-05
0,0.0,4.0190513e-05
1,1.0,0.99973893
1,1.0,0.99979997
1,1.0,0.99983954
0,0.0,5.433442e-05
1,1.0,0.9997286
0,0.0,5.62011e-05
0,0.0,5.559592e-05
1,1.0,0.999867
0,0.0,4.2809643e-05
0,0.0,3.8076338e-05
0,0.0,4.5944333e-05
0,0.0,7.593003e-05
0,0.0,4.384248e-05
0,0.0,6.467498e-05
1,1.0,0.9997776
1,1.0,0.99978065
0,0.0,4.2108008e-05
1,1.0,0.99950594
0,0.0,4.2748732e-05
0,0.0,4.6663186e-05
1,1.0,0.9999167
0,0.0,4.3003954e-05
0,0.0,4.662738e-05
1,1.0,0.9997774
1,1.0,0.9961603
0,0.0,4.8378617e-05
0,0.0,0.00038499502
0,0.0,5.725062e-05
0,0.0,4.5483022e-05
0,0.0,8.0934995e-05
0,0.0,4.260788e-05
0,0.0,4.3313546e-05
0,0.0,8.09306e-05
1,1.0,0.99980134
0,0.0,4.5137564e-05
0,0.0,6.081473e-05
0,0.0,4.1912663e-05
0,0.0,4.3314536e-05
0,0.0,8.585733e-05
1,1.0,0.99967414
0,0.0,4.2590735e-05
0,0.0,4.4456032e-05
0,0.0,4.3313878e-05
0,0.0,4.6663365e-05
1,1.0,0.99966425
0,0.0,4.7923484e-05
0,0.0,4.299116e-05
1,1.0,0.99991846
1,1.0,0.997902
1,1.0,0.9997797
0,0.0,4.3843484e-05
1,1.0,0.99320084
0,0.0,8.000748e-05
1,1.0,0.9996725
0,0.0,4.433207e-05
0,0.0,8.9933696e-05
1,1.0,0.9999193
0,0.0,4.9614413e-05
0,0.0,4.3186512e-05
1,1.0,0.9995847
0,0.0,4.2072283e-05
0,0.0,4.415154e-05
0,0.0,4.2877175e-05
0,0.0,6.746441e-05
0,0.0,4.817853e-05
0,0.0,4.44217e-05
0,0.0,5.1296523e-05
0,0.0,4.4693865e-05
0,0.0,4.46608e-05
1,1.0,0.99979013
0,0.0,5.5578745e-05
1,1.0,0.99965084
0,0.0,4.70348e-05
0,0.0,4.357139e-05
0,0.0,4.2038675e-05
0,0.0,4.2358075e-05
1,1.0,0.9995989
0,0.0,4.3696768e-05
0,0.0,8.6381515e-05
1,1.0,0.9999183
0,0.0,8.9102425e-05
0,0.0,8.421011e-05
0,0.0,7.254091e-05
0,0.0,4.2302043e-05
0,0.0,4.445535e-05
0,0.0,8.801777e-05
0,0.0,8.58638e-05
0,0.0,5.39718e-05
1,1.0,0.9997758
0,0.0,4.2638847e-05
0,0.0,3.8062106e-05
1,1.0,0.99979043
0,0.0,4.5317553e-05
0,0.0,4.295326e-05
1,1.0,0.9999185
1,1.0,0.9999177
1,1.0,0.99977285
0,0.0,3.8064067e-05
0,0.0,4.445472e-05
1,1.0,0.99387354
0,0.0,4.522456e-05
0,0.0,9.041411e-05
1,1.0,0.99970806
1,1.0,0.99977356
0,0.0,8.205475e-05
0,0.0,4.357114e-05
1,1.0,0.999773
0,0.0,4.4537966e-05
0,0.0,4.24202e-05
1,1.0,0.9999186
0,0.0,4.741901e-05
0,0.0,9.474679e-05
0,0.0,5.398786e-05
0,0.0,4.2919724e-05
0,0.0,4.4422e-05
0,0.0,8.721742e-05
0,0.0,5.5949768e-05
1,1.0,0.9991159
1,1.0,0.999772
0,0.0,0.0003849519
0,0.0,4.500793e-05
0,0.0,4.330066e-05
0,0.0,4.2111784e-05
1,1.0,0.99987674
1,1.0,0.99918544
0,0.0,7.722575e-05
1,1.0,0.97060823
0,0.0,8.874256e-05
1,1.0,0.99963474
1,1.0,0.9947483
0,0.0,8.58065e-05
0,0.0,4.2780994e-05
0,0.0,4.3571723e-05
0,0.0,4.3572138e-05
0,0.0,3.8054484e-05
1,1.0,0.9997812
0,0.0,8.090328e-05
1,1.0,0.9998498
0,0.0,4.137883e-05
0,0.0,9.1745445e-05
1,1.0,0.9986766
0,0.0,4.5137953e-05
0,0.0,6.173938e-05
1,1.0,0.9997793
0,0.0,4.3407574e-05
0,0.0,8.647416e-05
0,0.0,5.558521e-05
0,0.0,4.4455395e-05
0,0.0,4.16632e-05
0,0.0,4.5223867e-05
0,0.0,4.2831245e-05
0,0.0,7.919528e-05
1,1.0,0.9990918
0,0.0,4.6628757e-05
1,1.0,0.9999167
0,0.0,9.4734234e-05
0,0.0,4.4698554e-05
1,1.0,0.99982214
1,1.0,0.99987733
1,1.0,0.99886656
1,1.0,0.99981153
0,0.0,4.7044534e-05
1,1.0,0.9997744
0,0.0,4.209833e-05
0,0.0,4.7918365e-05
0,0.0,4.292787e-05
0,0.0,4.5094457e-05
0,0.0,8.5288404e-05
0,0.0,4.2464322e-05
0,0.0,5.1295254e-05
0,0.0,4.513735e-05
0,0.0,4.2464362e-05
0,0.0,5.008924e-05
0,0.0,5.2734682e-05
1,1.0,0.99977505
0,0.0,4.1981068e-05
0,0.0,4.5094803e-05
0,0.0,4.213818e-05
0,0.0,4.3019132e-05
0,0.0,4.3001906e-05
0,0.0,6.398607e-05
0,0.0,4.185978e-05
1,1.0,0.99977285
0,0.0,4.8378617e-05
0,0.0,4.753387e-05
0,0.0,4.353019e-05
0,0.0,8.57329e-05
0,0.0,7.084685e-05
1,1.0,0.99975914
0,0.0,4.6019402e-05
0,0.0,5.31801e-05
0,0.0,4.7090274e-05
0,0.0,5.7988607e-05
0,0.0,4.1960335e-05
0,0.0,5.6293193e-05
1,1.0,0.99981284
0,0.0,4.205564e-05
0,0.0,4.3842774e-05
0,0.0,0.00015191665
1,1.0,0.99923134
0,0.0,4.445497e-05
0,0.0,6.779022e-05
0,0.0,5.1783056e-05
0,0.0,4.3170618e-05
0,0.0,5.4023294e-05
0,0.0,4.2850857e-05
1,1.0,0.99991816
0,0.0,4.6631605e-05
1,1.0,0.99987596
0,0.0,7.058337e-05
0,0.0,8.458029e-05
1,1.0,0.99991906
1,1.0,0.99980366
0,0.0,4.435038e-05
0,0.0,4.373166e-05
1,1.0,0.99991924
1,1.0,0.9999168
0,0.0,3.8061455e-05
0,0.0,4.8594546e-05
1,1.0,0.99979264
0,0.0,8.8016764e-05
0,0.0,4.2951826e-05
0,0.0,0.0002564926
1,1.0,0.99991673
1,1.0,0.99605876
0,0.0,9.475231e-05
1,1.0,0.9999178
0,0.0,4.35635e-05
0,0.0,4.469071e-05
0,0.0,5.7824927e-05
0,0.0,4.6742287e-05
0,0.0,0.0002565056
0,0.0,4.1368807e-05
0,0.0,4.3571807e-05
0,0.0,4.3357515e-05
0,0.0,5.4414955e-05
1,1.0,0.99959534
0,0.0,4.4454293e-05
0,0.0,4.3170534e-05
0,0.0,6.63436e-05
1,1.0,0.99991953
0,0.0,4.7046735e-05
1,1.0,0.99529773
0,0.0,4.52243e-05
1,1.0,0.9998675
0,0.0,8.471437e-05
0,0.0,4.1773244e-05
0,0.0,4.291907e-05
0,0.0,4.2711083e-05
1,1.0,0.9998464
0,0.0,7.058358e-05
1,1.0,0.9997959
1,1.0,0.99966824
0,0.0,6.641202e-05
0,0.0,4.466344e-05
0,0.0,4.2930944e-05
0,0.0,9.051263e-05
0,0.0,4.291899e-05
0,0.0,4.5680546e-05
1,1.0,0.99978435
0,0.0,5.080953e-05
1,1.0,0.9998932
1,1.0,0.99991906
0,0.0,5.3986623e-05
0,0.0,8.8817396e-05
1,1.0,0.9997727
1,1.0,0.9997933
0,0.0,4.384269e-05
1,1.0,0.99977416
1,1.0,0.9997932
1,1.0,0.99937844
0,0.0,4.2392297e-05
0,0.0,5.079732e-05
0,0.0,3.804581e-05
1,1.0,0.9996663
0,0.0,4.23527e-05
0,0.0,4.2930616e-05
0,0.0,4.4544086e-05
0,0.0,5.5769822e-05
0,0.0,4.454434e-05
1,1.0,0.98723984
0,0.0,4.28096e-05
0,0.0,4.2358195e-05
0,0.0,4.5094843e-05
0,0.0,4.6416557e-05
1,1.0,0.99962527
0,0.0,4.3157277e-05
0,0.0,5.1712632e-05
0,0.0,9.172795e-05
1,1.0,0.9997777
1,1.0,0.9999166
0,0.0,4.445514e-05
0,0.0,4.3169915e-05
0,0.0,8.670983e-05
0,0.0,4.168991e-05
0,0.0,6.7919114e-05
0,0.0,6.593887e-05
0,0.0,4.2018797e-05
1,1.0,0.99980074
0,0.0,4.5223955e-05
0,0.0,4.2283205e-05
1,1.0,0.99963397
0,0.0,4.8381567e-05
0,0.0,0.0003850519
1,1.0,0.99345464
0,0.0,4.3656284e-05
0,0.0,4.2054795e-05
0,0.0,8.532917e-05
1,1.0,0.99940807
0,0.0,4.192881e-05
0,0.0,4.1626783e-05
0,0.0,4.368931e-05
0,0.0,4.331429e-05
0,0.0,4.500746e-05
1,1.0,0.9997982
0,0.0,7.237598e-05
1,1.0,0.9997895
1,1.0,0.99991715
1,1.0,0.9999188
0,0.0,4.1981428e-05
0,0.0,4.5883382e-05
0,0.0,4.3842898e-05
1,1.0,0.9999165
0,0.0,5.7945705e-05
0,0.0,4.6289868e-05
0,0.0,4.2333562e-05
0,0.0,4.445879e-05
0,0.0,5.5115182e-05
1,1.0,0.99986446
1,1.0,0.99978656
0,0.0,5.6088065e-05
0,0.0,5.4023756e-05
0,0.0,4.1834635e-05
0,0.0,4.5133347e-05
1,1.0,0.99876434
1,1.0,0.9997853
0,0.0,4.4128978e-05
0,0.0,4.1814692e-05
0,0.0,4.5136403e-05
0,0.0,8.8663975e-05
0,0.0,4.314164e-05
0,0.0,5.576812e-05
0,0.0,3.806069e-05
1,1.0,0.9997773
0,0.0,9.473559e-05
0,0.0,4.5094974e-05
0,0.0,4.3843193e-05
1,1.0,0.99826026
0,0.0,0.00025651854
0,0.0,4.0737872e-05
0,0.0,4.5094803e-05
0,0.0,6.4804866e-05
0,0.0,4.239084e-05
0,0.0,4.2393833e-05
0,0.0,7.580805e-05
0,0.0,4.295256e-05
0,0.0,9.4747425e-05
1,1.0,0.99908936
0,0.0,4.37428e-05
1,1.0,0.9997893
1,1.0,0.9999192
0,0.0,4.2809355e-05
0,0.0,4.295199e-05
0,0.0,4.4661097e-05
0,0.0,4.4332286e-05
0,0.0,4.2605603e-05
0,0.0,9.0432215e-05
0,0.0,4.4579276e-05
1,1.0,0.9999189
0,0.0,4.28096e-05
0,0.0,8.55986e-05
1,1.0,0.99977326
0,0.0,4.357164e-05
0,0.0,4.457171e-05
1,1.0,0.9999186
0,0.0,4.1884854e-05
1,1.0,0.9986904
0,0.0,4.3170163e-05
0,0.0,5.0802842e-05
0,0.0,4.295199e-05
0,0.0,8.421011e-05
0,0.0,4.390504e-05
0,0.0,4.6382887e-05
1,1.0,0.9997746
0,0.0,4.460296e-05
0,0.0,9.051306e-05
0,0.0,7.9964615e-05
0,0.0,8.797807e-05
0,0.0,3.806131e-05
1,1.0,0.99985075
0,0.0,4.426233e-05
0,0.0,5.8003698e-05
1,1.0,0.99977887
0,0.0,4.460402e-05
1,1.0,0.999774
0,0.0,8.421091e-05
1,1.0,0.99485266
0,0.0,4.454438e-05
0,0.0,4.4333214e-05
0,0.0,4.3312557e-05
0,0.0,4.2951662e-05
0,0.0,4.4662418e-05
1,1.0,0.99978375
0,0.0,4.500806e-05
0,0.0,3.806523e-05
0,0.0,5.1914667e-05
1,1.0,0.99974597
0,0.0,4.277785e-05
0,0.0,4.1918935e-05
0,0.0,4.8379123e-05
0,0.0,4.8378894e-05
0,0.0,8.0911916e-05
1,1.0,0.9997901
0,0.0,4.4264652e-05
0,0.0,4.509334e-05
0,0.0,4.3299835e-05
1,1.0,0.99966437
1,1.0,0.9999179
0,0.0,4.331396e-05
1,1.0,0.9998135
1,1.0,0.99977845
0,0.0,4.457906e-05
0,0.0,4.2780463e-05
1,1.0,0.99979466
0,0.0,4.4663313e-05
0,0.0,6.6589775e-05
1,1.0,0.9997852
0,0.0,5.7819798e-05
1,1.0,0.99991834
0,0.0,8.993439e-05
0,0.0,4.469446e-05
0,0.0,4.5095534e-05
0,0.0,4.4572644e-05
1,1.0,0.9997945
0,0.0,4.5095057e-05
0,0.0,4.3314456e-05
0,0.0,4.666145e-05
0,0.0,4.706244e-05
0,0.0,4.20899e-05
0,0.0,4.4333257e-05
0,0.0,6.249106e-05
1,1.0,0.9999191
1,1.0,0.9997752
1,1.0,0.9997871
1,1.0,0.9999191
0,0.0,5.126547e-05
0,0.0,6.736728e-05
0,0.0,4.191586e-05
0,0.0,4.4692755e-05
0,0.0,0.00038527057
1,1.0,0.9997939
1,1.0,0.9999187
0,0.0,8.756402e-05
1,1.0,0.9987868
0,0.0,4.5947443e-05
0,0.0,7.996133e-05
1,1.0,0.9999168
1,1.0,0.9985117
0,0.0,8.794184e-05
1,1.0,0.99980384
0,0.0,6.8745816e-05
1,1.0,0.999714
0,0.0,0.00025648455
0,0.0,4.704467e-05
0,0.0,4.193881e-05
0,0.0,8.801844e-05
0,0.0,4.2528103e-05
0,0.0,4.3134194e-05
1,1.0,0.9997809
0,0.0,4.8596587e-05
0,0.0,8.087683e-05
0,0.0,4.3170574e-05
0,0.0,4.2590247e-05
0,0.0,4.190303e-05
0,0.0,4.6662208e-05
1,1.0,0.99991786
0,0.0,0.0001003056
1,1.0,0.9997767
0,0.0,5.5765406e-05
0,0.0,7.325414e-05
0,0.0,0.00038472077
1,1.0,0.99977356
0,0.0,4.263482e-05
1,1.0,0.9997892
1,1.0,0.99991894
0,0.0,0.00038514717
0,0.0,4.2702206e-05
0,0.0,4.4421235e-05
1,1.0,0.9999185
0,0.0,4.500853e-05
1,1.0,0.99972326
0,0.0,6.18103e-05
0,0.0,0.00038483378
0,0.0,8.153776e-05
0,0.0,4.2519834e-05
0,0.0,4.3749682e-05
1,1.0,0.99991846
1,1.0,0.999784
0,0.0,4.2639782e-05
0,0.0,0.00038495008
0,0.0,5.5938082e-05
0,0.0,4.52265e-05
0,0.0,8.0930986e-05
0,0.0,0.0003850066
0,0.0,4.8378846e-05
1,1.0,0.9999174
0,0.0,4.460402e-05
0,0.0,4.4663608e-05
0,0.0,0.00015199825
0,0.0,4.3186225e-05
0,0.0,4.2809846e-05
0,0.0,6.4824344e-05
1,1.0,0.9999186
1,1.0,0.999795
0,0.0,4.3347838e-05
0,0.0,9.473604e-05
1,1.0,0.99977535
0,0.0,4.2809355e-05
0,0.0,4.317037e-05
1,1.0,0.9999175
0,0.0,5.1537274e-05
1,1.0,0.9996846
1,1.0,0.99986744
0,0.0,9.075306e-05
1,1.0,0.9997837
1,1.0,0.9997963
0,0.0,7.234707e-05
0,0.0,6.5519096e-05
0,0.0,4.202212e-05
0,0.0,4.357829e-05
0,0.0,4.2930205e-05
0,0.0,8.2354905e-05
0,0.0,5.5770033e-05
0,0.0,5.2884858e-05
0,0.0,4.2519347e-05
0,0.0,4.4017263e-05
0,0.0,4.3775435e-05
0,0.0,8.799259e-05
0,0.0,6.7960966e-05
0,0.0,5.6451612e-05
0,0.0,8.529459e-05
0,0.0,4.246574e-05
1,1.0,0.9996417
0,0.0,6.368317e-05
0,0.0,4.4602704e-05
0,0.0,4.5828852e-05
1,1.0,0.999459
0,0.0,4.4150867e-05
0,0.0,4.368931e-05
0,0.0,5.1335082e-05
0,0.0,3.8047372e-05
0,0.0,6.811059e-05
0,0.0,4.5377397e-05
0,0.0,4.663587e-05
1,1.0,0.99941653
1,1.0,0.9996905
0,0.0,8.528946e-05
0,0.0,4.8383416e-05
1,1.0,0.9996689
0,0.0,5.782592e-05
0,0.0,4.4981072e-05
0,0.0,8.20481e-05
1,1.0,0.99978054
0,0.0,5.1224124e-05
1,1.0,0.99500537
0,0.0,4.2782056e-05
0,0.0,4.345628e-05
1,1.0,0.999919
0,0.0,4.31861e-05
0,0.0,0.0002565107
0,0.0,4.5094843e-05
0,0.0,7.722464e-05
0,0.0,4.2951742e-05
1,1.0,0.99978924
0,0.0,4.442149e-05
0,0.0,5.4273114e-05
0,0.0,4.7170546e-05
0,0.0,5.6853183e-05
0,0.0,8.456595e-05
1,1.0,0.9996309
1,1.0,0.9997935
1,1.0,0.99979013
1,1.0,0.99991775
0,0.0,5.1261854e-05
0,0.0,4.5223263e-05
0,0.0,4.8378846e-05
0,0.0,8.6442335e-05
0,0.0,4.4417593e-05
1,1.0,0.9997893
1,1.0,0.99979186
1,1.0,0.9999184
0,0.0,5.1249634e-05
1,1.0,0.99976516
0,0.0,4.664788e-05
0,0.0,4.5431872e-05
0,0.0,4.4662374e-05
0,0.0,9.475104e-05
0,0.0,5.645899e-05
0,0.0,9.85423e-05
0,0.0,4.295158e-05
0,0.0,7.996004e-05
1,1.0,0.998687
1,1.0,0.9997823
0,0.0,5.0159597e-05
0,0.0,8.801643e-05
0,0.0,4.457239e-05
0,0.0,4.837317e-05
0,0.0,7.23519e-05
0,0.0,4.531859e-05
0,0.0,6.3077314e-05
0,0.0,4.207148e-05
0,0.0,4.8376587e-05
0,0.0,5.1298775e-05
0,0.0,5.631435e-05
0,0.0,5.079974e-05
0,0.0,4.2782423e-05
0,0.0,8.8798595e-05
0,0.0,4.5135886e-05
0,0.0,4.287734e-05
0,0.0,6.2185674e-05
0,0.0,4.519602e-05
0,0.0,4.3170658e-05
0,0.0,5.7816436e-05
0,0.0,0.00025650143
0,0.0,8.532819e-05
1,1.0,0.9950278
0,0.0,4.21062e-05
0,0.0,4.4333046e-05
0,0.0,4.6806246e-05
0,0.0,4.400887e-05
0,0.0,4.4084434e-05
1,1.0,0.9997751
0,0.0,4.454434e-05
0,0.0,4.837908e-05
1,1.0,0.99891114
1,1.0,0.99978817
0,0.0,7.084083e-05
0,0.0,5.576727e-05
1,1.0,0.9997741
0,0.0,4.3935357e-05
1,1.0,0.9751334
0,0.0,9.0400754e-05
1,1.0,0.9997765
0,0.0,0.00038507066
0,0.0,4.406266e-05
1,1.0,0.99991846
0,0.0,4.658493e-05
1,1.0,0.9996421
0,0.0,8.564497e-05
0,0.0,4.513679e-05
0,0.0,5.614817e-05
0,0.0,0.00015196724
0,0.0,4.5224042e-05
0,0.0,4.2918786e-05
0,0.0,4.328761e-05
1,1.0,0.99978936
0,0.0,4.2022722e-05
1,1.0,0.99979955
0,0.0,4.4661567e-05
0,0.0,4.4456752e-05
1,1.0,0.99978554
0,0.0,4.5193778e-05
0,0.0,4.524328e-05
0,0.0,3.8043927e-05
0,0.0,4.837908e-05
0,0.0,6.418848e-05
0,0.0,5.3228196e-05
1,1.0,0.99958146
0,0.0,8.091099e-05
1,1.0,0.9999166
1,1.0,0.9999194
0,0.0,7.397352e-05
0,0.0,8.643392e-05
0,0.0,4.2809683e-05
1,1.0,0.9986018
0,0.0,5.799728e-05
0,0.0,6.6707806e-05
0,0.0,5.1915362e-05
1,1.0,0.9932574
1,1.0,0.99978757
0,0.0,4.2989275e-05
0,0.0,4.258907e-05
1,1.0,0.99661946
0,0.0,8.0958846e-05
0,0.0,8.089656e-05
0,0.0,4.2054755e-05
0,0.0,7.214445e-05
1,1.0,0.99324787
0,0.0,4.5376706e-05
1,1.0,0.99962306
1,1.0,0.999917
0,0.0,4.2850366e-05
0,0.0,4.3688975e-05
1,1.0,0.9997459
0,0.0,4.3271266e-05
0,0.0,5.594107e-05
1,1.0,0.9998057
0,0.0,4.8662532e-05
0,0.0,4.549669e-05
0,0.0,4.433258e-05
0,0.0,4.469271e-05
0,0.0,4.3842065e-05
0,0.0,4.4697743e-05
0,0.0,4.3298263e-05
0,0.0,4.3169668e-05
0,0.0,4.509493e-05
0,0.0,4.445531e-05
0,0.0,5.3165397e-05
1,1.0,0.99848753
0,0.0,7.58615e-05
0,0.0,4.373141e-05
0,0.0,4.4692842e-05
1,1.0,0.9999194
0,0.0,5.403865e-05
0,0.0,0.00038494603
0,0.0,8.927984e-05
0,0.0,4.4572644e-05
0,0.0,4.3186265e-05
1,1.0,0.9999177
0,0.0,4.1958974e-05
0,0.0,4.704238e-05
0,0.0,4.8661605e-05
1,1.0,0.9996932
0,0.0,5.2448813e-05
0,0.0,6.316832e-05
1,1.0,0.99979204
1,1.0,0.99991935
1,1.0,0.9999186
0,0.0,4.994138e-05
0,0.0,0.0002565127
0,0.0,3.8044505e-05
1,1.0,0.99340224
0,0.0,4.5225206e-05
0,0.0,4.5095232e-05
0,0.0,9.569447e-05
1,1.0,0.9999185
0,0.0,4.194117e-05
0,0.0,4.2676395e-05
1,1.0,0.9999192
1,1.0,0.9997753
0,0.0,4.4601555e-05
0,0.0,4.5095447e-05
0,0.0,4.4692584e-05
0,0.0,6.588901e-05
1,1.0,0.999781
0,0.0,4.515634e-05
0,0.0,3.8059276e-05
0,0.0,4.3170287e-05
1,1.0,0.9997861
1,1.0,0.99879605
0,0.0,8.2045124e-05
1,1.0,0.9999198
0,0.0,4.242546e-05
0,0.0,5.8002977e-05
1,1.0,0.9941349
0,0.0,4.3300413e-05
0,0.0,0.00038495468
1,1.0,0.9997943
0,0.0,5.645059e-05
1,1.0,0.999655
1,1.0,0.9997985
1,1.0,0.99991876
0,0.0,0.00038498474
0,0.0,0.00025652125
0,0.0,4.2990217e-05
0,0.0,8.645066e-05
0,0.0,4.456754e-05
0,0.0,4.2918906e-05
0,0.0,4.460181e-05
0,0.0,0.00010039824
0,0.0,4.457358e-05
0,0.0,4.242975e-05
0,0.0,6.320135e-05
1,1.0,0.9989773
0,0.0,8.420834e-05
0,0.0,4.370114e-05
1,1.0,0.9996086
0,0.0,3.8066537e-05
0,0.0,4.2929958e-05
1,1.0,0.9946807
1,1.0,0.9998572
0,0.0,9.04198e-05
1,1.0,0.9997805
0,0.0,8.246531e-05
0,0.0,4.3170658e-05
0,0.0,4.286818e-05
1,1.0,0.99979025
0,0.0,4.3571807e-05
1,1.0,0.99976414
0,0.0,9.475466e-05
0,0.0,4.4350636e-05
1,1.0,0.999632
1,1.0,0.9999326
0,0.0,4.879818e-05
0,0.0,8.153371e-05
0,0.0,5.7826197e-05
0,0.0,0.00038484382
0,0.0,4.2780095e-05
0,0.0,4.318676e-05
0,0.0,4.4451324e-05
0,0.0,4.347062e-05
0,0.0,6.3634834e-05
0,0.0,4.5003682e-05
0,0.0,9.475728e-05
0,0.0,4.466003e-05
0,0.0,4.4361084e-05
0,0.0,4.2143598e-05
0,0.0,6.770494e-05
1,1.0,0.99973917
0,0.0,4.1923813e-05
1,1.0,0.9953814
1,1.0,0.9997915
1,1.0,0.99977756
0,0.0,4.4693523e-05
1,1.0,0.9993939
0,0.0,4.2813685e-05
1,1.0,0.9999174
1,1.0,0.99990416
0,0.0,6.328034e-05
1,1.0,0.99982417
1,1.0,0.9999182
0,0.0,4.837866e-05
0,0.0,4.251874e-05
0,0.0,0.00038509135
0,0.0,3.804498e-05
0,0.0,4.5136745e-05
1,1.0,0.97832173
0,0.0,4.230515e-05
0,0.0,4.384315e-05
1,1.0,0.9997172
1,1.0,0.9997785
0,0.0,4.4571112e-05
0,0.0,4.268364e-05
0,0.0,5.5111555e-05
0,0.0,4.4450564e-05
0,0.0,6.607218e-05
0,0.0,0.00038481393
1,1.0,0.99977416
0,0.0,4.5095276e-05
1,1.0,0.99966985
0,0.0,4.5224475e-05
0,0.0,4.2089057e-05
0,0.0,0.0002565237
1,1.0,0.9997805
0,0.0,8.474483e-05
0,0.0,5.1296134e-05
0,0.0,4.457281e-05
0,0.0,4.2749343e-05
1,1.0,0.99965835
0,0.0,4.232755e-05
1,1.0,0.99963975
1,1.0,0.99991786
1,1.0,0.99979013
0,0.0,4.466165e-05
1,1.0,0.99978435
0,0.0,5.1768686e-05
0,0.0,5.4380766e-05
0,0.0,4.3238804e-05
1,1.0,0.9972877
0,0.0,4.7628433e-05
0,0.0,5.6889847e-05
0,0.0,6.371269e-05
0,0.0,0.00038494074
0,0.0,5.576828e-05
0,0.0,8.205929e-05
0,0.0,4.2750446e-05
0,0.0,8.6470696e-05
0,0.0,8.7755536e-05
1,1.0,0.99970245
0,0.0,4.2054955e-05
0,0.0,4.45423e-05
0,0.0,4.709072e-05
0,0.0,4.2918866e-05
0,0.0,4.2809683e-05
1,1.0,0.99892116
0,0.0,4.5224213e-05
1,1.0,0.9997917
0,0.0,4.509196e-05
0,0.0,3.806443e-05
0,0.0,4.837317e-05
0,0.0,4.2761698e-05
0,0.0,4.3212665e-05
0,0.0,7.2143695e-05
1,1.0,0.9997854
0,0.0,5.6090314e-05
0,0.0,4.4662163e-05
0,0.0,8.877844e-05
0,0.0,5.056798e-05
0,0.0,4.358045e-05
1,1.0,0.99978834
0,0.0,4.295203e-05
0,0.0,4.482174e-05
0,0.0,4.242077e-05
0,0.0,4.1919455e-05
0,0.0,4.522335e-05
0,0.0,4.1902553e-05
0,0.0,4.2056963e-05
0,0.0,4.442217e-05
0,0.0,6.623007e-05
1,1.0,0.99979407
0,0.0,4.4417848e-05
0,0.0,5.6452744e-05
0,0.0,8.579996e-05
1,1.0,0.99986714
0,0.0,7.917391e-05
0,0.0,4.469493e-05
1,1.0,0.9999192
1,1.0,0.9996553
0,0.0,4.161857e-05
1,1.0,0.99967706
0,0.0,0.00038506754
0,0.0,4.522456e-05
0,0.0,5.844863e-05
0,0.0,0.00038483102
0,0.0,4.8661466e-05
0,0.0,6.5675355e-05
0,0.0,6.532856e-05
0,0.0,4.513692e-05
0,0.0,4.3571472e-05
1,1.0,0.99981546
1,1.0,0.9952879
0,0.0,0.00038500034
0,0.0,4.837908e-05
0,0.0,4.3298594e-05
0,0.0,4.317144e-05
0,0.0,3.190906e-05
0,0.0,4.445582e-05
0,0.0,4.3313383e-05
0,0.0,4.2809355e-05
0,0.0,4.205576e-05
0,0.0,0.00015183252
0,0.0,4.3170658e-05
0,0.0,4.3535507e-05
0,0.0,4.3314787e-05
0,0.0,4.2738622e-05
0,0.0,4.46925e-05
0,0.0,4.281552e-05
0,0.0,4.3572014e-05
0,0.0,3.8064067e-05
0,0.0,4.3842734e-05
0,0.0,8.0906364e-05
0,0.0,4.2864827e-05
0,0.0,4.6632584e-05
1,1.0,0.99991906
1,1.0,0.99977046
0,0.0,0.0003848833
0,0.0,4.299231e-05
0,0.0,4.1980747e-05
0,0.0,4.666301e-05
0,0.0,4.239076e-05
0,0.0,4.5134337e-05
1,1.0,0.9999189
0,0.0,4.3313587e-05
0,0.0,4.2110016e-05
0,0.0,4.3299257e-05
1,1.0,0.995508
1,1.0,0.9996337
0,0.0,8.610059e-05
0,0.0,5.2450712e-05
0,0.0,5.57653e-05
0,0.0,4.3170865e-05
1,1.0,0.9997639
0,0.0,4.260345e-05
0,0.0,4.3142794e-05
0,0.0,4.2956086e-05
0,0.0,8.932499e-05
0,0.0,3.805942e-05
0,0.0,6.0836774e-05
0,0.0,0.00015200085
1,1.0,0.9994171
0,0.0,0.00038481576
1,1.0,0.99978983
0,0.0,4.3126336e-05
0,0.0,4.384248e-05
0,0.0,4.3297685e-05
0,0.0,4.442217e-05
0,0.0,4.442039e-05
1,1.0,0.9997349
0,0.0,4.838111e-05
1,1.0,0.99979234
1,1.0,0.9992597
1,1.0,0.9997908
0,0.0,6.5609005e-05
0,0.0,4.2990545e-05
1,1.0,0.9998019
0,0.0,5.0632738e-05
0,0.0,4.318643e-05
1,1.0,0.999918
0,0.0,5.595377e-05
1,1.0,0.9998511
0,0.0,0.00038477304
0,0.0,4.442039e-05
0,0.0,4.4417593e-05
0,0.0,4.230527e-05
0,0.0,4.3186552e-05
0,0.0,4.4550416e-05
0,0.0,0.00038506073
0,0.0,4.2718988e-05
1,1.0,0.99965805
1,1.0,0.99978393
0,0.0,4.424739e-05
1,1.0,0.9997679
1,1.0,0.99977946
0,0.0,7.214391e-05
0,0.0,4.982479e-05
0,0.0,6.629408e-05
0,0.0,7.621571e-05
1,1.0,0.99978584
0,0.0,4.191614e-05
1,1.0,0.999331
0,0.0,8.876355e-05
1,1.0,0.99979407
0,0.0,4.4568136e-05
0,0.0,8.639544e-05
0,0.0,4.2024043e-05
1,1.0,0.9999183
1,1.0,0.99973494
0,0.0,4.2609627e-05
0,0.0,4.5224257e-05
1,1.0,0.99984074
0,0.0,4.522361e-05
0,0.0,5.117384e-05
1,1.0,0.99975646
0,0.0,8.792859e-05
0,0.0,5.322794e-05
0,0.0,4.4455224e-05
0,0.0,0.00038508492
0,0.0,4.8378617e-05
0,0.0,5.619826e-05
0,0.0,4.329806e-05
0,0.0,4.5240864e-05
0,0.0,5.2446212e-05
1,1.0,0.9998501
0,0.0,8.5339016e-05
0,0.0,4.33e-05
1,1.0,0.999919
1,1.0,0.999789
0,0.0,4.235658e-05
0,0.0,3.807848e-05
0,0.0,4.5095017e-05
1,1.0,0.99962467
0,0.0,4.3172633e-05
0,0.0,4.460232e-05
0,0.0,5.6082834e-05
1,1.0,0.99961597
0,0.0,4.3571472e-05
0,0.0,8.833662e-05
0,0.0,4.7046196e-05
1,1.0,0.9999173
0,0.0,4.3238186e-05
0,0.0,3.8061164e-05
0,0.0,0.00015199998
0,0.0,4.509493e-05
0,0.0,4.4545104e-05
0,0.0,8.877116e-05
1,1.0,0.99977803
0,0.0,7.234845e-05
0,0.0,5.2724325e-05
0,0.0,4.274384e-05
1,1.0,0.99890417
0,0.0,4.317284e-05
0,0.0,8.0968806e-05
0,0.0,4.4603003e-05
0,0.0,4.3917848e-05
1,1.0,0.9997866
0,0.0,4.145094e-05
0,0.0,4.3301403e-05
1,1.0,0.99991834
0,0.0,4.457171e-05
0,0.0,4.219954e-05
1,1.0,0.99991775
0,0.0,4.6019533e-05
0,0.0,8.778625e-05
0,0.0,7.3140356e-05
0,0.0,4.318647e-05
0,0.0,9.476324e-05
0,0.0,6.470002e-05
0,0.0,4.7113183e-05
0,0.0,8.551922e-05
0,0.0,8.677194e-05
1,1.0,0.99977714
0,0.0,4.3842818e-05
0,0.0,4.5137607e-05
0,0.0,5.7321362e-05
0,0.0,4.353227e-05
0,0.0,4.6627825e-05
0,0.0,4.278324e-05
0,0.0,8.8770226e-05
0,0.0,8.878038e-05
1,1.0,0.9999191
0,0.0,4.662511e-05
1,1.0,0.99981433
0,0.0,4.662747e-05
1,1.0,0.9998822
0,0.0,4.2354073e-05
0,0.0,7.9959886e-05
0,0.0,4.2951826e-05
0,0.0,4.7043053e-05
0,0.0,3.806015e-05
0,0.0,7.0852046e-05
1,1.0,0.9998051
0,0.0,4.454387e-05
0,0.0,4.3170494e-05
0,0.0,6.219439e-05
0,0.0,4.837894e-05
0,0.0,4.0231924e-05
1,1.0,0.9999194
1,1.0,0.99979264
0,0.0,6.591114e-05
0,0.0,8.804361e-05
0,0.0,4.384265e-05
1,1.0,0.999919
0,0.0,4.7046957e-05
0,0.0,4.352712e-05
0,0.0,5.7320816e-05
1,1.0,0.9949027
0,0.0,4.2354925e-05
0,0.0,4.7171714e-05
0,0.0,8.457852e-05
1,1.0,0.99387175
0,0.0,7.722553e-05
1,1.0,0.9997785
0,0.0,4.8378803e-05
0,0.0,0.00025652075
0,0.0,6.572536e-05
0,0.0,4.4603683e-05
0,0.0,4.205664e-05
0,0.0,4.433258e-05
0,0.0,0.00038507453
0,0.0,4.8660582e-05
0,0.0,4.7172165e-05
0,0.0,4.6662164e-05
0,0.0,4.5224646e-05
1,1.0,0.9999181
0,0.0,4.211098e-05
0,0.0,4.4452005e-05
1,1.0,0.99979633
0,0.0,9.472014e-05
0,0.0,4.6626756e-05
0,0.0,0.00025651537
1,1.0,0.9999182
0,0.0,4.306104e-05
0,0.0,0.00015193912
0,0.0,9.1685455e-05
1,1.0,0.99978906
1,1.0,0.99987364
1,1.0,0.9997896
1,1.0,0.99891233
0,0.0,5.133249e-05
1,1.0,0.99978113
0,0.0,4.8378708e-05
0,0.0,4.2585005e-05
0,0.0,4.198371e-05
0,0.0,4.4661607e-05
0,0.0,4.274531e-05
0,0.0,4.1918654e-05
1,1.0,0.9994322
1,1.0,0.99991864
0,0.0,4.3186265e-05
1,1.0,0.9997819
1,1.0,0.99977493
0,0.0,4.4415687e-05
1,1.0,0.99963266
0,0.0,4.3665317e-05
0,0.0,5.4986718e-05
1,1.0,0.9999197
0,0.0,5.3831827e-05
0,0.0,4.204473e-05
1,1.0,0.99886215
0,0.0,4.205564e-05
0,0.0,4.281017e-05
0,0.0,4.2688687e-05
0,0.0,4.7044312e-05
0,0.0,4.467243e-05
0,0.0,7.125866e-05
0,0.0,0.00017137991
0,0.0,4.3842734e-05
0,0.0,4.49927e-05
0,0.0,8.153045e-05
1,1.0,0.9993578
0,0.0,5.079974e-05
0,0.0,9.476695e-05
0,0.0,8.45491e-05
1,1.0,0.9997897
0,0.0,5.6201046e-05
0,0.0,5.5106193e-05
0,0.0,4.466144e-05
0,0.0,5.15329e-05
0,0.0,4.254267e-05
0,0.0,4.1922533e-05
0,0.0,4.3689975e-05
0,0.0,7.21847e-05
0,0.0,4.190459e-05
0,0.0,4.2919808e-05
0,0.0,8.090898e-05
0,0.0,4.5140405e-05
0,0.0,6.506687e-05
1,1.0,0.9992823
0,0.0,4.460964e-05
1,1.0,0.9997797
0,0.0,4.2107848e-05
1,1.0,0.99991757
0,0.0,5.1306604e-05
0,0.0,8.152516e-05
0,0.0,4.5225162e-05
0,0.0,4.2929347e-05
0,0.0,4.5136574e-05
0,0.0,4.4688793e-05
0,0.0,4.5520686e-05
0,0.0,4.4417e-05
0,0.0,4.1420084e-05
0,0.0,3.8059457e-05
1,1.0,0.9997995
0,0.0,0.00015183991
1,1.0,0.999909
0,0.0,5.057179e-05
1,1.0,0.9996991
0,0.0,3.8062797e-05
0,0.0,5.8002202e-05
1,1.0,0.99991775
0,0.0,4.8378803e-05
0,0.0,0.00038489318
0,0.0,0.00025651
0,0.0,4.205616e-05
0,0.0,4.470124e-05
1,1.0,0.9995615
1,1.0,0.9997846
0,0.0,4.2024807e-05
0,0.0,8.0002064e-05
1,1.0,0.99977726
0,0.0,4.5223696e-05
0,0.0,4.2054235e-05
1,1.0,0.9998491
1,1.0,0.99623203
1,1.0,0.99873227
0,0.0,7.058209e-05
0,0.0,3.8078226e-05
0,0.0,8.98898e-05
0,0.0,4.855189e-05
0,0.0,8.458159e-05
0,0.0,6.834422e-05
0,0.0,4.2261396e-05
0,0.0,4.318643e-05
0,0.0,4.5003424e-05
0,0.0,0.00010956927
0,0.0,5.7835186e-05
1,1.0,0.99991804
0,0.0,6.987123e-05
0,0.0,0.00038486658
0,0.0,3.807928e-05
1,1.0,0.9997789
0,0.0,0.000256419
1,1.0,0.99991834
0,0.0,4.285012e-05
0,0.0,4.500746e-05
0,0.0,5.7831214e-05
0,0.0,4.2023403e-05
0,0.0,4.384244e-05
0,0.0,6.309115e-05
1,1.0,0.9997872
0,0.0,4.461032e-05
1,1.0,0.9999188
0,0.0,4.454387e-05
0,0.0,7.234673e-05
0,0.0,4.837908e-05
0,0.0,5.3182335e-05
0,0.0,4.500793e-05
0,0.0,8.5307845e-05
0,0.0,3.806058e-05
0,0.0,4.6627556e-05
1,1.0,0.9997727
1,1.0,0.99947935
1,1.0,0.9999175
1,1.0,0.9997721
0,0.0,4.2919233e-05
1,1.0,0.999918
1,1.0,0.9991786
0,0.0,4.278136e-05
0,0.0,4.249519e-05
1,1.0,0.9998619
0,0.0,6.143933e-05
1,1.0,0.9997838
0,0.0,4.205624e-05
1,1.0,0.9997798
1,1.0,0.9999193
0,0.0,4.278177e-05
0,0.0,4.2572174e-05
0,0.0,5.438782e-05
0,0.0,4.3169955e-05
0,0.0,4.4544722e-05
0,0.0,4.8378894e-05
1,1.0,0.99991894
0,0.0,4.1912823e-05
1,1.0,0.9997077
0,0.0,0.00025647672
0,0.0,4.454604e-05
0,0.0,4.293299e-05
0,0.0,4.4604447e-05
0,0.0,8.091424e-05
0,0.0,4.4662418e-05
0,0.0,4.3587268e-05
0,0.0,4.316983e-05
0,0.0,4.8377093e-05
1,1.0,0.99491006
0,0.0,4.193673e-05
0,0.0,4.7173875e-05
1,1.0,0.99899745
0,0.0,5.6311128e-05
0,0.0,4.210873e-05
0,0.0,0.0002565046
1,1.0,0.9997868
1,1.0,0.9939258
0,0.0,7.918018e-05
0,0.0,4.136257e-05
1,1.0,0.99641633
1,1.0,0.9997927
0,0.0,5.5604192e-05
0,0.0,4.357168e-05
0,0.0,4.526028e-05
1,1.0,0.99981546
0,0.0,4.3124033e-05
0,0.0,5.396799e-05
0,0.0,4.6848134e-05
0,0.0,4.5007975e-05
0,0.0,5.5576198e-05
1,1.0,0.999678
0,0.0,4.466148e-05
0,0.0,7.6534925e-05
1,1.0,0.9996495
0,0.0,5.079916e-05
1,1.0,0.9999174
0,0.0,4.246501e-05
0,0.0,4.837908e-05
0,0.0,4.317008e-05
0,0.0,8.1526094e-05
0,0.0,4.8381386e-05
0,0.0,4.8378708e-05
0,0.0,6.314652e-05
0,0.0,4.6662877e-05
0,0.0,4.6555444e-05
1,1.0,0.9997786
0,0.0,4.466932e-05
0,0.0,4.3298347e-05
0,0.0,4.306059e-05
0,0.0,4.295199e-05
1,1.0,0.71350515
0,0.0,8.4587635e-05
0,0.0,0.0002565183
0,0.0,4.4823024e-05
0,0.0,4.235545e-05
0,0.0,4.1908825e-05
1,1.0,0.9998673
0,0.0,4.3571723e-05
0,0.0,8.0909915e-05
0,0.0,0.00025652564
0,0.0,5.188285e-05
0,0.0,4.1353618e-05
0,0.0,4.4694545e-05
0,0.0,5.8555295e-05
0,0.0,4.4685126e-05
1,1.0,0.9946078
1,1.0,0.99977255
1,1.0,0.9999193
0,0.0,4.318635e-05
0,0.0,4.4655306e-05
1,1.0,0.999843
0,0.0,5.1325584e-05
1,1.0,0.999793
0,0.0,4.522508e-05
1,1.0,0.99979424
0,0.0,4.356076e-05
0,0.0,4.6320383e-05
1,1.0,0.99980587
0,0.0,7.214074e-05
0,0.0,7.59682e-05
0,0.0,5.4678105e-05
0,0.0,7.083949e-05
0,0.0,4.3313794e-05
1,1.0,0.9998634
1,1.0,0.9999277
0,0.0,8.0005266e-05
1,1.0,0.9999193
1,1.0,0.99430346
0,0.0,4.3186592e-05
0,0.0,8.8755754e-05
0,0.0,6.523194e-05
0,0.0,4.4545613e-05
1,1.0,0.999781
0,0.0,4.6745496e-05
0,0.0,3.804679e-05
1,1.0,0.99965054
0,0.0,8.6401866e-05
0,0.0,4.205576e-05
0,0.0,4.191626e-05
1,1.0,0.9999184
0,0.0,4.301979e-05
1,1.0,0.9997629
0,0.0,7.917799e-05
0,0.0,9.477128e-05
0,0.0,8.578098e-05
1,1.0,0.99978834
0,0.0,4.442327e-05
0,0.0,6.652796e-05
0,0.0,4.25462e-05
0,0.0,4.191758e-05
0,0.0,4.2852327e-05
0,0.0,4.2713284e-05
0,0.0,0.00025649482
0,0.0,0.00038486748
0,0.0,9.3848765e-05
0,0.0,6.300042e-05
1,1.0,0.9997894
0,0.0,4.710977e-05
0,0.0,4.445082e-05
0,0.0,4.1892647e-05
1,1.0,0.99991906
0,0.0,4.3313878e-05
1,1.0,0.99963105
0,0.0,5.612178e-05
0,0.0,8.152423e-05
1,1.0,0.9997826
1,1.0,0.9998219
1,1.0,0.99991703
0,0.0,4.25909e-05
1,1.0,0.9990429
0,0.0,7.65323e-05
0,0.0,4.3571265e-05
0,0.0,4.189548e-05
0,0.0,4.673346e-05
1,1.0,0.9446564
1,1.0,0.9997889
0,0.0,4.2106924e-05
1,1.0,0.9998764
0,0.0,4.333581e-05
1,1.0,0.9997865
0,0.0,4.3184988e-05
1,1.0,0.999919
0,0.0,4.3170534e-05
0,0.0,4.280952e-05
0,0.0,4.859473e-05
0,0.0,8.890484e-05
1,1.0,0.99978
0,0.0,4.3314536e-05
0,0.0,6.330775e-05
0,0.0,4.460296e-05
0,0.0,4.454366e-05
1,1.0,0.9999187
0,0.0,4.282479e-05
0,0.0,4.211014e-05
1,1.0,0.9997459
1,1.0,0.9999189
0,0.0,4.8903465e-05
0,0.0,4.2951906e-05
1,1.0,0.99977696
1,1.0,0.99979204
1,1.0,0.9999182
0,0.0,9.923606e-05
1,1.0,0.9997828
0,0.0,5.1292805e-05
0,0.0,4.280948e-05
1,1.0,0.99966335
0,0.0,4.1923853e-05
0,0.0,4.278287e-05
0,0.0,3.8060654e-05
1,1.0,0.99917454
0,0.0,8.482326e-05
0,0.0,8.0309874e-05
0,0.0,5.5763387e-05
1,1.0,0.99921024
0,0.0,4.0232306e-05
1,1.0,0.9997016
1,1.0,0.9998853
0,0.0,6.179039e-05
0,0.0,4.795521e-05
0,0.0,4.205608e-05
0,0.0,4.798828e-05
1,1.0,0.9999188
0,0.0,4.194401e-05
0,0.0,4.3571596e-05
0,0.0,8.089579e-05
0,0.0,6.495225e-05
1,1.0,0.99991953
0,0.0,4.3313463e-05
0,0.0,4.3842563e-05
0,0.0,8.9106165e-05
0,0.0,4.7110127e-05
1,1.0,0.9998741
0,0.0,4.280364e-05
1,1.0,0.9999172
1,1.0,0.9993831
0,0.0,4.6744426e-05
1,1.0,0.9998651
0,0.0,4.317004e-05
1,1.0,0.9999191
0,0.0,8.640937e-05
0,0.0,5.05852e-05
0,0.0,8.798537e-05
0,0.0,5.799844e-05
0,0.0,4.3842818e-05
1,1.0,0.99983
0,0.0,6.659333e-05
0,0.0,4.3349657e-05
1,1.0,0.99978906
0,0.0,4.8056198e-05
0,0.0,4.2024443e-05
0,0.0,0.00038507176
1,1.0,0.9997925
0,0.0,4.6627334e-05
0,0.0,4.277928e-05
0,0.0,4.2197975e-05
0,0.0,4.2951742e-05
1,1.0,0.99426055
0,0.0,4.5008488e-05
0,0.0,4.3200107e-05
0,0.0,4.4691904e-05
0,0.0,4.268246e-05
0,0.0,4.8376955e-05
0,0.0,4.3916298e-05
0,0.0,5.645242e-05
1,1.0,0.99965477
0,0.0,5.0818348e-05
0,0.0,4.8660168e-05
0,0.0,4.523776e-05
0,0.0,4.4602064e-05
0,0.0,4.4662458e-05
1,1.0,0.9996085
0,0.0,5.6452744e-05
1,1.0,0.9925693
0,0.0,4.5220593e-05
0,0.0,4.189588e-05
1,1.0,0.9996487
0,0.0,4.717275e-05
0,0.0,3.806196e-05
1,1.0,0.9982126
0,0.0,4.837317e-05
0,0.0,5.122515e-05
0,0.0,4.522292e-05
0,0.0,4.5008663e-05
1,1.0,0.9997746
0,0.0,8.889458e-05
0,0.0,4.3169915e-05
1,1.0,0.9999275
1,1.0,0.99989456
1,1.0,0.99969584
0,0.0,4.457243e-05
0,0.0,3.804331e-05
0,0.0,4.365878e-05
0,0.0,4.4422253e-05
0,0.0,4.2162894e-05
0,0.0,7.722435e-05
0,0.0,4.2919193e-05
0,0.0,4.278173e-05
1,1.0,0.9973078
0,0.0,6.526355e-05
1,1.0,0.9999194
1,1.0,0.9999177
1,1.0,0.999786
0,0.0,4.3571807e-05
0,0.0,4.2418502e-05
1,1.0,0.99978805
0,0.0,8.8437e-05
0,0.0,3.8061815e-05
0,0.0,4.356458e-05
0,0.0,4.2697484e-05
1,1.0,0.9998678
0,0.0,6.385677e-05
1,1.0,0.9996462
1,1.0,0.999918
1,1.0,0.9949885
0,0.0,4.7044043e-05
1,1.0,0.9997847
0,0.0,0.00038488713
0,0.0,7.5611606e-05
0,0.0,4.2392094e-05
0,0.0,9.048726e-05
0,0.0,4.190443e-05
0,0.0,4.2527296e-05
0,0.0,3.806131e-05
0,0.0,4.299161e-05
0,0.0,4.8378985e-05
1,1.0,0.9999174
0,0.0,6.126807e-05
0,0.0,4.433279e-05
0,0.0,4.3170534e-05
1,1.0,0.99984807
1,1.0,0.99991673
0,0.0,4.704539e-05
1,1.0,0.9999189
0,0.0,4.193237e-05
0,0.0,7.141009e-05
0,0.0,5.161331e-05
1,1.0,0.9992783
1,1.0,0.9999175
0,0.0,0.00038495063
0,0.0,4.4280358e-05
1,1.0,0.9996742
0,0.0,6.2967876e-05
0,0.0,4.4543067e-05
0,0.0,4.384265e-05
0,0.0,4.3255754e-05
1,1.0,0.99979335
0,0.0,4.4544424e-05
0,0.0,4.33133e-05
0,0.0,6.772535e-05
1,1.0,0.9994951
0,0.0,5.731152e-05
0,0.0,4.8378755e-05
0,0.0,4.2075655e-05
0,0.0,4.2929958e-05
0,0.0,8.7983106e-05
0,0.0,7.1397284e-05
0,0.0,8.032243e-05
0,0.0,4.5949328e-05
0,0.0,4.8378803e-05
1,1.0,0.9997928
0,0.0,5.245201e-05
1,1.0,0.99519163
0,0.0,5.0322305e-05
1,1.0,0.99979377
0,0.0,0.00038473215
0,0.0,6.1442195e-05
1,1.0,0.9999171
0,0.0,4.3527452e-05
0,0.0,4.3170494e-05
0,0.0,4.6079298e-05
1,1.0,0.9997869
1,1.0,0.99969596
1,1.0,0.99977463
0,0.0,4.299161e-05
0,0.0,4.2680098e-05
0,0.0,9.468312e-05
0,0.0,4.2610358e-05
0,0.0,4.3527372e-05
1,1.0,0.9983408
0,0.0,4.844607e-05
0,0.0,0.00025652346
1,1.0,0.99979097
1,1.0,0.994912
0,0.0,4.2358355e-05
0,0.0,4.8381848e-05
1,1.0,0.99929136
0,0.0,4.1914423e-05
0,0.0,4.711089e-05
1,1.0,0.99991906
0,0.0,8.878428e-05
0,0.0,4.837866e-05
1,1.0,0.9997919
0,0.0,5.0962866e-05
1,1.0,0.9996129
0,0.0,4.470013e-05
1,1.0,0.99967384
0,0.0,7.875328e-05
1,1.0,0.99975145
0,0.0,5.6456243e-05
0,0.0,4.331421e-05
0,0.0,4.4455224e-05
0,0.0,0.00038482313
0,0.0,3.806131e-05
1,1.0,0.9999133
0,0.0,4.2683885e-05
0,0.0,4.2931926e-05
0,0.0,4.268425e-05
0,0.0,4.5086377e-05
1,1.0,0.99985117
0,0.0,3.8046357e-05
0,0.0,4.3882053e-05
1,1.0,0.9999179
1,1.0,0.99978536
0,0.0,8.6421394e-05
0,0.0,7.918327e-05
1,1.0,0.9999192
1,1.0,0.9995528
1,1.0,0.9997848
1,1.0,0.9998651
0,0.0,8.459861e-05
1,1.0,0.99979085
0,0.0,8.9919464e-05
1,1.0,0.9999175
0,0.0,8.50361e-05
0,0.0,8.47825e-05
0,0.0,4.7046644e-05
0,0.0,4.3186057e-05
0,0.0,8.484122e-05
1,1.0,0.99897015
0,0.0,4.3040145e-05
0,0.0,8.455361e-05
0,0.0,5.645156e-05
0,0.0,5.5045897e-05
0,0.0,4.8378985e-05
0,0.0,6.670659e-05
0,0.0,4.5227232e-05
0,0.0,4.314271e-05
0,0.0,4.4692413e-05
0,0.0,5.3980446e-05
0,0.0,4.222152e-05
0,0.0,8.096564e-05
1,1.0,0.9988085
0,0.0,4.7046822e-05
1,1.0,0.99991834
0,0.0,4.3536504e-05
1,1.0,0.999795
1,1.0,0.999044
1,1.0,0.9998082
0,0.0,4.4659948e-05
0,0.0,4.442166e-05
1,1.0,0.9947967
0,0.0,4.3550084e-05
0,0.0,4.45729e-05
1,1.0,0.99977255
0,0.0,4.2990298e-05
0,0.0,4.6630983e-05
1,1.0,0.9999185
0,0.0,4.2057323e-05
1,1.0,0.9996075
1,1.0,0.99986815
0,0.0,9.054241e-05
0,0.0,4.327329e-05
0,0.0,4.7171085e-05
0,0.0,4.8378894e-05
0,0.0,4.8377326e-05
0,0.0,5.731797e-05
0,0.0,7.142875e-05
0,0.0,4.1907548e-05
1,1.0,0.99991906
0,0.0,4.6502024e-05
1,1.0,0.9996979
0,0.0,9.4755196e-05
0,0.0,0.00038469586
0,0.0,4.5323475e-05
0,0.0,5.6441393e-05
0,0.0,4.6079385e-05
0,0.0,4.1909185e-05
0,0.0,4.3273536e-05
0,0.0,4.5224646e-05
0,0.0,4.5224777e-05
0,0.0,0.00025651488
0,0.0,4.2355205e-05
0,0.0,5.0800565e-05
1,1.0,0.9997851
1,1.0,0.9997776
0,0.0,4.7044177e-05
0,0.0,4.202176e-05
0,0.0,4.3186305e-05
1,1.0,0.999719
1,1.0,0.9999174
0,0.0,4.8180827e-05
0,0.0,4.278087e-05
0,0.0,4.3038253e-05
0,0.0,4.5924447e-05
0,0.0,4.4136934e-05
0,0.0,4.2655767e-05
0,0.0,4.509476e-05
0,0.0,4.1922212e-05
0,0.0,4.193565e-05
1,1.0,0.99777955
0,0.0,9.075523e-05
0,0.0,8.579914e-05
1,1.0,0.9996929
0,0.0,4.8378155e-05
0,0.0,4.500905e-05
0,0.0,0.00038495706
0,0.0,0.00038500127
0,0.0,0.0003850991
1,1.0,0.99962354
1,1.0,0.9998658
1,1.0,0.999769
0,0.0,4.2054155e-05
1,1.0,0.99991965
0,0.0,4.5134766e-05
0,0.0,4.7114845e-05
1,1.0,0.9999185
0,0.0,4.2055155e-05
0,0.0,8.5288164e-05
0,0.0,5.7250785e-05
0,0.0,8.9924266e-05
1,1.0,0.9985247
0,0.0,8.421147e-05
0,0.0,4.2238637e-05
0,0.0,4.523823e-05
0,0.0,4.5220935e-05
0,0.0,5.55335e-05
1,1.0,0.9951078
0,0.0,4.3186057e-05
1,1.0,0.99991906
1,1.0,0.9999184
0,0.0,4.459964e-05
0,0.0,8.908544e-05
1,1.0,0.9998015
1,1.0,0.9997764
1,1.0,0.99457085
1,1.0,0.99967986
0,0.0,7.654164e-05
0,0.0,4.2357387e-05
0,0.0,0.00038504053
1,1.0,0.99978155
0,0.0,0.00025643368
0,0.0,4.6646903e-05
0,0.0,5.1226078e-05
0,0.0,8.677277e-05
0,0.0,4.4662163e-05
0,0.0,4.27783e-05
0,0.0,4.229478e-05
0,0.0,4.509519e-05
1,1.0,0.9998719
0,0.0,4.3051925e-05
0,0.0,3.8060727e-05
1,1.0,0.9999182
0,0.0,9.478899e-05
1,1.0,0.9949789
1,1.0,0.99991876
1,1.0,0.99918026
1,1.0,0.99991953
0,0.0,4.2545955e-05
1,1.0,0.99980134
1,1.0,0.99991804
1,1.0,0.99991846
1,1.0,0.9997736
0,0.0,4.8378985e-05
0,0.0,6.1777195e-05
0,0.0,4.469446e-05
0,0.0,0.00038483302
0,0.0,4.3186512e-05
0,0.0,6.761281e-05
0,0.0,4.314053e-05
0,0.0,3.8066355e-05
0,0.0,7.722884e-05
0,0.0,8.677881e-05
0,0.0,7.058506e-05
0,0.0,0.00025651586
0,0.0,4.2753338e-05
0,0.0,4.5225162e-05
1,1.0,0.9999187
0,0.0,4.7171445e-05
0,0.0,7.2347895e-05
0,0.0,0.00025642244
0,0.0,4.2951906e-05
0,0.0,4.6717418e-05
0,0.0,4.199272e-05
0,0.0,0.00038496195
0,0.0,6.623165e-05
0,0.0,4.3170327e-05
0,0.0,4.3256205e-05
0,0.0,8.8760666e-05
1,1.0,0.9998062
0,0.0,4.369031e-05
0,0.0,6.429287e-05
0,0.0,5.237814e-05
0,0.0,4.709099e-05
1,1.0,0.9998811
0,0.0,5.0819122e-05
0,0.0,4.2242664e-05
1,1.0,0.99965084
0,0.0,4.331429e-05
0,0.0,4.2918742e-05
0,0.0,8.803505e-05
0,0.0,8.533975e-05
1,1.0,0.99979234
0,0.0,6.596056e-05
1,1.0,0.99982035
0,0.0,0.00025651904
0,0.0,4.4667442e-05
0,0.0,4.3792006e-05
0,0.0,4.4544933e-05
0,0.0,8.9912945e-05
1,1.0,0.9997478
0,0.0,9.052463e-05
0,0.0,5.6076628e-05
0,0.0,4.26054e-05
1,1.0,0.9996528
0,0.0,4.5136316e-05
1,1.0,0.99984807
0,0.0,6.476905e-05
0,0.0,7.214391e-05
1,1.0,0.99978316
0,0.0,4.4421788e-05
1,1.0,0.9997893
0,0.0,4.277989e-05
1,1.0,0.9999182
0,0.0,5.8440935e-05
0,0.0,8.0701786e-05
0,0.0,4.2888383e-05
0,0.0,5.1892945e-05
0,0.0,4.278283e-05
0,0.0,4.2959404e-05
1,1.0,0.99985814
0,0.0,4.2509415e-05
0,0.0,4.295248e-05
0,0.0,4.1349715e-05
1,1.0,0.99892354
0,0.0,4.2688767e-05
0,0.0,4.5481807e-05
0,0.0,4.318713e-05
0,0.0,4.45474e-05
0,0.0,5.1789077e-05
0,0.0,4.2991775e-05
0,0.0,4.2588785e-05
0,0.0,4.4572473e-05
0,0.0,3.8056227e-05
0,0.0,4.5007975e-05
0,0.0,8.6720735e-05
1,1.0,0.9993069
0,0.0,6.461925e-05
0,0.0,4.3186592e-05
0,0.0,4.432831e-05
0,0.0,5.0587612e-05
0,0.0,4.522456e-05
0,0.0,4.369064e-05
0,0.0,0.00038530715
0,0.0,4.2107287e-05
0,0.0,4.2326617e-05
0,0.0,5.3981836e-05
0,0.0,6.288692e-05
0,0.0,4.3957774e-05
0,0.0,8.888602e-05
0,0.0,5.0160652e-05
0,0.0,4.2890755e-05
0,0.0,4.4603512e-05
0,0.0,4.2782463e-05
0,0.0,7.298333e-05
1,1.0,0.99979174
0,0.0,8.460087e-05
0,0.0,6.53735e-05
1,1.0,0.9999171
0,0.0,4.2738215e-05
1,1.0,0.99397683
0,0.0,4.4571792e-05
1,1.0,0.99991786
1,1.0,0.9989249
0,0.0,8.091516e-05
0,0.0,4.445548e-05
1,1.0,0.99991703
1,1.0,0.9998592
1,1.0,0.9997835
0,0.0,4.3170534e-05
0,0.0,4.441679e-05
0,0.0,4.292865e-05
1,1.0,0.9987275
1,1.0,0.9930511
0,0.0,5.9071837e-05
0,0.0,4.278177e-05
0,0.0,4.5481982e-05
0,0.0,4.3170534e-05
1,1.0,0.9996417
0,0.0,8.656739e-05
0,0.0,4.3274817e-05
0,0.0,7.918275e-05
0,0.0,4.3571516e-05
1,1.0,0.9998003
0,0.0,5.080749e-05
0,0.0,8.53312e-05
0,0.0,4.3019296e-05
1,1.0,0.9999181
0,0.0,8.455894e-05
0,0.0,4.3314536e-05
1,1.0,0.9997949
0,0.0,4.3184988e-05
0,0.0,4.4421915e-05
1,1.0,0.9998784
0,0.0,8.5311265e-05
1,1.0,0.9996002
0,0.0,4.1944608e-05
0,0.0,4.4661352e-05
1,1.0,0.98163414
0,0.0,4.2679974e-05
1,1.0,0.99957806
0,0.0,5.2000294e-05
0,0.0,4.191798e-05
0,0.0,4.4332708e-05
0,0.0,4.469365e-05
0,0.0,4.1773168e-05
1,1.0,0.9999176
0,0.0,4.4333723e-05
0,0.0,4.3312557e-05
0,0.0,7.214122e-05
1,1.0,0.9997792
0,0.0,4.3690143e-05
1,1.0,0.99979246
1,1.0,0.9997766
0,0.0,6.320894e-05
1,1.0,0.9999167
0,0.0,7.0836984e-05
1,1.0,0.99991876
0,0.0,4.176986e-05
0,0.0,9.050642e-05
0,0.0,0.0003851213
0,0.0,4.2606254e-05
1,1.0,0.9930636
0,0.0,0.00025649043
0,0.0,4.2587526e-05
1,1.0,0.99780625
0,0.0,4.5007804e-05
1,1.0,0.9997931
1,1.0,0.9996174
0,0.0,6.490648e-05
0,0.0,4.7172165e-05
1,1.0,0.99991864
0,0.0,8.5630774e-05
0,0.0,6.31949e-05
0,0.0,4.4545315e-05
0,0.0,4.1650175e-05
0,0.0,4.1772928e-05
1,1.0,0.99991804
0,0.0,4.361205e-05
0,0.0,4.197086e-05
1,1.0,0.99991834
0,0.0,0.00025651342
0,0.0,4.2919273e-05
0,0.0,5.60708e-05
0,0.0,4.3298016e-05
0,0.0,4.2590083e-05
1,1.0,0.99991673
1,1.0,0.99979544
0,0.0,4.4693097e-05
0,0.0,4.300166e-05
1,1.0,0.99991894
1,1.0,0.99951273
0,0.0,3.806327e-05
0,0.0,4.2860578e-05
1,1.0,0.99991894
1,1.0,0.99991965
0,0.0,4.5137393e-05
0,0.0,4.5223653e-05
0,0.0,4.048633e-05
0,0.0,4.314201e-05
0,0.0,4.454366e-05
1,1.0,0.99978197
1,1.0,0.9999194
0,0.0,4.1709554e-05
0,0.0,4.3579203e-05
0,0.0,4.4544595e-05
0,0.0,9.475086e-05
0,0.0,4.433262e-05
0,0.0,4.663036e-05
0,0.0,3.8056118e-05
0,0.0,4.3731827e-05
1,1.0,0.9997765
0,0.0,5.0791165e-05
0,0.0,4.4543915e-05
1,1.0,0.97915256
0,0.0,4.2055075e-05
0,0.0,4.3313587e-05
0,0.0,9.043584e-05
1,1.0,0.99975055
1,1.0,0.99971235
0,0.0,7.214191e-05
0,0.0,4.500793e-05
0,0.0,8.799712e-05
0,0.0,8.912724e-05
1,1.0,0.99988616
0,0.0,0.00015193361
0,0.0,4.284387e-05
0,0.0,4.4571367e-05
0,0.0,5.078453e-05
1,1.0,0.999344
0,0.0,5.0572948e-05
1,1.0,0.9997842
1,1.0,0.9997766
1,1.0,0.9996597
0,0.0,8.8438435e-05
1,1.0,0.999773
1,1.0,0.9996523
0,0.0,5.7824764e-05
0,0.0,4.776083e-05
0,0.0,7.52284e-05
1,1.0,0.9989058
1,1.0,0.99991906
0,0.0,5.6137196e-05
0,0.0,8.875271e-05
0,0.0,4.1050367e-05
0,0.0,6.1440674e-05
0,0.0,7.214397e-05
0,0.0,8.7945446e-05
0,0.0,4.4544595e-05
0,0.0,4.524453e-05
1,1.0,0.99974585
0,0.0,4.50945e-05
0,0.0,4.3314536e-05
0,0.0,5.30891e-05
0,0.0,5.799413e-05
0,0.0,5.1921055e-05
1,1.0,0.99977756
1,1.0,0.9999186
0,0.0,4.357139e-05
0,0.0,4.454145e-05
1,1.0,0.9998631
0,0.0,9.475791e-05
0,0.0,4.6147463e-05
0,0.0,4.2991363e-05
1,1.0,0.9997895
0,0.0,4.4544468e-05
1,1.0,0.99979824
0,0.0,8.0012054e-05
0,0.0,8.85066e-05
0,0.0,3.8060727e-05
0,0.0,9.203812e-05
0,0.0,4.3306936e-05
1,1.0,0.9997805
0,0.0,4.321716e-05
1,1.0,0.9798536
1,1.0,0.99979216
0,0.0,8.205741e-05
1,1.0,0.9990972
1,1.0,0.9998601
0,0.0,4.274963e-05
0,0.0,4.190331e-05
0,0.0,4.837908e-05
0,0.0,4.509467e-05
1,1.0,0.9999185
0,0.0,4.281066e-05
0,0.0,4.2953012e-05
0,0.0,4.3690892e-05
1,1.0,0.99968946
0,0.0,4.8378755e-05
0,0.0,3.8061055e-05
1,1.0,0.99979854
1,1.0,0.9996965
0,0.0,4.445582e-05
1,1.0,0.9999122
1,1.0,0.99978304
0,0.0,5.39806e-05
0,0.0,4.4692286e-05
0,0.0,4.228518e-05
0,0.0,4.149417e-05
1,1.0,0.9997803
0,0.0,8.842696e-05
0,0.0,8.5330386e-05
0,0.0,3.8078193e-05
1,1.0,0.9996558
0,0.0,4.6663186e-05
0,0.0,4.318618e-05
1,1.0,0.99978566
0,0.0,7.5865035e-05
1,1.0,0.9996732
0,0.0,4.5093642e-05
0,0.0,4.1924093e-05
0,0.0,4.3001495e-05
0,0.0,4.5374287e-05
1,1.0,0.99991715
0,0.0,4.2591262e-05
0,0.0,4.271471e-05
0,0.0,8.58124e-05
0,0.0,4.5137607e-05
1,1.0,0.99965584
0,0.0,4.242069e-05
1,1.0,0.99991673
0,0.0,4.2536867e-05
1,1.0,0.999782
0,0.0,0.00038497316
0,0.0,4.8378755e-05
0,0.0,4.384131e-05
0,0.0,5.0565137e-05
1,1.0,0.9941676
0,0.0,0.0002565007
1,1.0,0.99970037
0,0.0,5.8448128e-05
0,0.0,4.4827128e-05
0,0.0,3.8058693e-05
1,1.0,0.999918
1,1.0,0.9997864
0,0.0,4.4544002e-05
0,0.0,6.321051e-05
1,1.0,0.99477726
0,0.0,4.8385584e-05
0,0.0,4.3843065e-05
0,0.0,4.4472694e-05
0,0.0,4.2024563e-05
1,1.0,0.99976903
0,0.0,8.201008e-05
0,0.0,5.1265568e-05
0,0.0,5.5769182e-05
0,0.0,4.2779036e-05
1,1.0,0.9994752
0,0.0,4.60677e-05
0,0.0,4.9987317e-05
0,0.0,5.511576e-05
1,1.0,0.99991876
0,0.0,4.6742465e-05
1,1.0,0.99979264
0,0.0,8.882197e-05
0,0.0,4.3302476e-05
1,1.0,0.99977726
0,0.0,4.4693224e-05
0,0.0,4.3303015e-05
1,1.0,0.99991757
0,0.0,4.1923453e-05
1,1.0,0.9999189
0,0.0,4.2356984e-05
0,0.0,4.5224388e-05
0,0.0,4.466131e-05
0,0.0,4.2780954e-05
0,0.0,4.331202e-05
0,0.0,8.4786385e-05
0,0.0,5.6452474e-05
0,0.0,4.7044312e-05
1,1.0,0.99977297
1,1.0,0.9998889
1,1.0,0.9953594
0,0.0,4.78163e-05
0,0.0,4.8373357e-05
0,0.0,4.5224388e-05
0,0.0,9.08458e-05
0,0.0,4.513752e-05
0,0.0,4.466118e-05
0,0.0,4.19902e-05
0,0.0,4.331429e-05
0,0.0,4.6646102e-05
0,0.0,8.093793e-05
0,0.0,7.117446e-05
1,1.0,0.9997927
0,0.0,4.1923133e-05
0,0.0,5.6124507e-05
1,1.0,0.99977297
0,0.0,4.4608234e-05
0,0.0,5.133151e-05
0,0.0,8.8541376e-05
0,0.0,4.2810825e-05
0,0.0,5.6450375e-05
1,1.0,0.9999175
0,0.0,0.00025651048
0,0.0,4.384269e-05
0,0.0,4.445472e-05
0,0.0,4.295252e-05
1,1.0,0.9996541
0,0.0,4.20562e-05
0,0.0,8.7928835e-05
1,1.0,0.9997892
0,0.0,5.0823826e-05
0,0.0,8.420416e-05
0,0.0,0.00038490622
1,1.0,0.9981841
0,0.0,4.311059e-05
0,0.0,4.838263e-05
1,1.0,0.9999192
1,1.0,0.99970186
0,0.0,4.2056e-05
0,0.0,4.1608884e-05
0,0.0,6.008546e-05
0,0.0,4.318618e-05
0,0.0,4.160523e-05
0,0.0,5.7309775e-05
0,0.0,5.6238354e-05
1,1.0,0.9997928
0,0.0,8.800568e-05
0,0.0,4.5137476e-05
1,1.0,0.9999177
0,0.0,4.4422337e-05
0,0.0,4.2069314e-05
0,0.0,4.1924653e-05
0,0.0,4.457239e-05
0,0.0,4.317037e-05
0,0.0,0.0003849176
0,0.0,4.8378708e-05
0,0.0,4.3687978e-05
0,0.0,6.651521e-05
0,0.0,5.3088745e-05
1,1.0,0.9999194
1,1.0,0.9997998
0,0.0,7.214411e-05
0,0.0,4.9588823e-05
1,1.0,0.9999165
0,0.0,5.5769342e-05
1,1.0,0.999919
0,0.0,4.1920415e-05
0,0.0,5.511634e-05
1,1.0,0.9997761
0,0.0,4.3301156e-05
0,0.0,4.4421362e-05
0,0.0,4.4417084e-05
0,0.0,8.529255e-05
0,0.0,4.4472865e-05
1,1.0,0.9997817
1,1.0,0.99978775
1,1.0,0.9999174
0,0.0,5.1225103e-05
1,1.0,0.99977064
0,0.0,5.6976987e-05
0,0.0,5.760225e-05
1,1.0,0.99992955
0,0.0,5.3876254e-05
0,0.0,2.300458e-05
0,0.0,5.2428008e-05
0,0.0,4.586833e-05
0,0.0,5.4214295e-05
0,0.0,4.9973398e-05
1,1.0,0.9998694
1,1.0,0.9998697
0,0.0,4.9361504e-05
1,1.0,0.99820256
0,0.0,5.256277e-05
0,0.0,5.7114456e-05
1,1.0,0.999949
0,0.0,5.3738226e-05
0,0.0,5.3211046e-05
1,1.0,0.9998686
1,1.0,0.97671753
0,0.0,2.985261e-05
0,0.0,5.7771904e-05
0,0.0,5.6530054e-05
0,0.0,4.8274833e-05
0,0.0,6.741978e-05
0,0.0,5.1130275e-05
0,0.0,5.4261985e-05
0,0.0,6.7399604e-05
1,1.0,0.9999064
0,0.0,5.3614247e-05
0,0.0,5.292875e-05
0,0.0,7.095414e-05
0,0.0,5.426266e-05
0,0.0,6.341319e-05
1,1.0,0.9998231
0,0.0,4.9278307e-05
0,0.0,5.3555283e-05
0,0.0,5.4261727e-05
0,0.0,5.7089186e-05
1,1.0,0.9998556
0,0.0,5.261965e-05
0,0.0,5.376078e-05
1,1.0,0.99995095
1,1.0,0.99567616
1,1.0,0.99986994
0,0.0,5.421621e-05
1,1.0,0.96697325
0,0.0,6.708744e-05
1,1.0,0.9998576
0,0.0,5.3465516e-05
0,0.0,6.280344e-05
1,1.0,0.99995154
0,0.0,0.00012735961
0,0.0,5.4153996e-05
1,1.0,0.9997505
0,0.0,5.2645344e-05
0,0.0,5.0126266e-05
0,0.0,5.011031e-05
0,0.0,5.0320145e-05
0,0.0,8.0594735e-05
0,0.0,5.356744e-05
0,0.0,5.8982223e-05
0,0.0,5.1473664e-05
0,0.0,5.1449668e-05
1,1.0,0.9998767
0,0.0,5.755453e-05
1,1.0,0.9998551
0,0.0,5.1313993e-05
0,0.0,5.3779546e-05
0,0.0,4.7857262e-05
0,0.0,5.2401112e-05
1,1.0,0.998948
0,0.0,4.8360722e-05
0,0.0,6.383084e-05
1,1.0,0.9999508
0,0.0,6.023548e-05
0,0.0,6.795526e-05
0,0.0,4.6748704e-05
0,0.0,4.8181104e-05
0,0.0,5.3553238e-05
0,0.0,6.397728e-05
0,0.0,6.341083e-05
0,0.0,5.1072875e-05
1,1.0,0.99986774
0,0.0,5.4236167e-05
0,0.0,2.2984777e-05
1,1.0,0.999876
0,0.0,4.8309834e-05
0,0.0,5.3959906e-05
1,1.0,0.99995106
1,1.0,0.99995005
1,1.0,0.9998655
0,0.0,2.2987497e-05
0,0.0,5.3555283e-05
1,1.0,0.9582218
0,0.0,5.376539e-05
0,0.0,6.0916886e-05
1,1.0,0.99899745
1,1.0,0.99986565
0,0.0,6.830494e-05
0,0.0,5.3778826e-05
1,1.0,0.9998658
0,0.0,4.8153866e-05
0,0.0,4.835228e-05
1,1.0,0.999951
0,0.0,5.6132485e-05
0,0.0,5.993329e-05
0,0.0,5.1079736e-05
0,0.0,5.3853855e-05
0,0.0,5.3568e-05
0,0.0,4.4575958e-05
0,0.0,5.7093e-05
1,1.0,0.9974422
1,1.0,0.9998952
0,0.0,5.7724e-05
0,0.0,5.3388027e-05
0,0.0,5.360372e-05
0,0.0,5.1357656e-05
1,1.0,0.9999382
1,1.0,0.99710214
0,0.0,7.2726194e-05
1,1.0,0.98120666
0,0.0,4.7276597e-05
1,1.0,0.99940294
1,1.0,0.9628241
0,0.0,4.591166e-05
0,0.0,5.0327682e-05
0,0.0,5.3779546e-05
0,0.0,5.378006e-05
0,0.0,2.297417e-05
1,1.0,0.99987
0,0.0,6.735309e-05
1,1.0,0.9999208
0,0.0,4.832343e-05
0,0.0,4.5652847e-05
1,1.0,0.9892657
0,0.0,5.3619155e-05
0,0.0,5.2665124e-05
1,1.0,0.9995766
0,0.0,4.8483595e-05
0,0.0,4.5926725e-05
0,0.0,5.7559802e-05
0,0.0,5.3553853e-05
0,0.0,5.231065e-05
0,0.0,5.3767544e-05
0,0.0,5.2843116e-05
0,0.0,7.234666e-05
1,1.0,0.99722815
0,0.0,5.3200798e-05
1,1.0,0.99994934
0,0.0,5.993649e-05
0,0.0,5.149016e-05
1,1.0,0.99989253
1,1.0,0.99993813
1,1.0,0.9970545
1,1.0,0.99985296
0,0.0,5.290705e-05
1,1.0,0.9998688
0,0.0,4.825118e-05
0,0.0,5.156347e-05
0,0.0,5.3630356e-05
0,0.0,5.3506683e-05
0,0.0,6.8580295e-05
0,0.0,5.269497e-05
0,0.0,5.8986723e-05
0,0.0,5.3619566e-05
0,0.0,5.269703e-05
0,0.0,5.4936085e-05
0,0.0,6.0451042e-05
1,1.0,0.99986696
0,0.0,4.8169295e-05
0,0.0,5.3506275e-05
0,0.0,5.2696476e-05
0,0.0,5.3937638e-05
0,0.0,5.377857e-05
0,0.0,4.871695e-05
0,0.0,4.821328e-05
1,1.0,0.99986553
0,0.0,2.9852752e-05
0,0.0,5.287164e-05
0,0.0,5.0866536e-05
0,0.0,4.5901634e-05
0,0.0,4.6856803e-05
1,1.0,0.9998467
0,0.0,5.4268818e-05
0,0.0,5.194369e-05
0,0.0,5.58749e-05
0,0.0,5.555914e-05
0,0.0,4.7714402e-05
0,0.0,5.6182504e-05
1,1.0,0.99987745
0,0.0,5.2473424e-05
0,0.0,5.4214812e-05
0,0.0,6.188669e-05
1,1.0,0.99725646
0,0.0,5.355518e-05
0,0.0,4.9241855e-05
0,0.0,5.0016875e-05
0,0.0,5.4279324e-05
0,0.0,5.1128227e-05
0,0.0,5.2843723e-05
1,1.0,0.9999506
0,0.0,5.3234387e-05
1,1.0,0.9999377
0,0.0,5.788738e-05
0,0.0,6.0986633e-05
1,1.0,0.99995136
1,1.0,0.9999069
0,0.0,5.3474592e-05
0,0.0,5.4636617e-05
1,1.0,0.9999514
1,1.0,0.9999492
0,0.0,2.2983857e-05
0,0.0,4.7724094e-05
1,1.0,0.99987817
0,0.0,6.4004314e-05
0,0.0,5.3860018e-05
0,0.0,5.2115465e-05
1,1.0,0.9999492
1,1.0,0.9785149
0,0.0,5.9930204e-05
1,1.0,0.9999517
0,0.0,4.988465e-05
0,0.0,5.146885e-05
0,0.0,5.6633708e-05
0,0.0,5.7570396e-05
0,0.0,5.2120486e-05
0,0.0,7.2147275e-05
0,0.0,5.377939e-05
0,0.0,4.8068254e-05
0,0.0,5.841068e-05
1,1.0,0.9986892
0,0.0,5.3559317e-05
0,0.0,5.427886e-05
0,0.0,4.714339e-05
1,1.0,0.99995166
0,0.0,5.2954503e-05
1,1.0,0.97210115
0,0.0,5.377057e-05
1,1.0,0.9999297
0,0.0,4.718287e-05
0,0.0,4.798517e-05
0,0.0,5.385293e-05
0,0.0,5.2194842e-05
1,1.0,0.99989617
0,0.0,5.788716e-05
1,1.0,0.9999045
1,1.0,0.9998107
0,0.0,4.7001984e-05
0,0.0,5.145207e-05
0,0.0,5.3586544e-05
0,0.0,0.000106729385
0,0.0,5.3853342e-05
0,0.0,5.251372e-05
1,1.0,0.99987334
0,0.0,5.464579e-05
1,1.0,0.9998997
1,1.0,0.99995136
0,0.0,5.1085775e-05
0,0.0,4.727493e-05
1,1.0,0.99983203
1,1.0,0.99987805
0,0.0,5.421507e-05
1,1.0,0.99989593
1,1.0,0.9999036
1,1.0,0.99759656
0,0.0,5.0342755e-05
0,0.0,5.4642038e-05
0,0.0,2.2962126e-05
1,1.0,0.9990154
0,0.0,4.8479847e-05
0,0.0,5.359196e-05
0,0.0,5.365783e-05
0,0.0,5.52234e-05
0,0.0,5.3658903e-05
1,1.0,0.98600453
0,0.0,5.3876818e-05
0,0.0,5.2396368e-05
0,0.0,5.350699e-05
0,0.0,5.2611118e-05
1,1.0,0.9987245
0,0.0,4.755899e-05
0,0.0,5.693641e-05
0,0.0,6.493206e-05
1,1.0,0.999868
1,1.0,0.9999493
0,0.0,5.355743e-05
0,0.0,5.427855e-05
0,0.0,4.5921075e-05
0,0.0,4.7977166e-05
0,0.0,4.9125298e-05
0,0.0,4.625126e-05
0,0.0,4.8190064e-05
1,1.0,0.99990153
0,0.0,5.3761392e-05
0,0.0,5.290594e-05
1,1.0,0.99981225
0,0.0,2.9861747e-05
0,0.0,5.7708858e-05
1,1.0,0.9621324
0,0.0,4.9523846e-05
0,0.0,5.25531e-05
0,0.0,6.860012e-05
1,1.0,0.99735695
0,0.0,7.0938244e-05
0,0.0,4.9582297e-05
0,0.0,5.14825e-05
0,0.0,5.4262608e-05
0,0.0,5.3388892e-05
1,1.0,0.99990547
0,0.0,4.6266436e-05
1,1.0,0.9998755
1,1.0,0.9999495
1,1.0,0.9999512
0,0.0,4.81687e-05
0,0.0,5.1544106e-05
0,0.0,5.4215383e-05
1,1.0,0.9999489
0,0.0,5.6434557e-05
0,0.0,5.7368503e-05
0,0.0,4.91642e-05
0,0.0,5.2507665e-05
0,0.0,5.6790544e-05
1,1.0,0.99899834
1,1.0,0.9998735
0,0.0,5.088517e-05
0,0.0,5.11273e-05
0,0.0,4.892917e-05
0,0.0,5.361926e-05
1,1.0,0.9956788
1,1.0,0.99987304
0,0.0,5.254433e-05
0,0.0,4.868101e-05
0,0.0,5.3620177e-05
0,0.0,4.4014578e-05
0,0.0,5.1728315e-05
0,0.0,5.5224875e-05
0,0.0,2.2982804e-05
1,1.0,0.9998688
0,0.0,5.9935348e-05
0,0.0,5.350658e-05
0,0.0,5.421507e-05
1,1.0,0.9951192
0,0.0,5.211994e-05
0,0.0,8.49851e-05
0,0.0,5.350648e-05
0,0.0,5.1147297e-05
0,0.0,5.2610816e-05
0,0.0,4.8554066e-05
0,0.0,4.5828503e-05
0,0.0,5.386074e-05
0,0.0,5.9966223e-05
1,1.0,0.996107
0,0.0,5.4094224e-05
1,1.0,0.9998751
1,1.0,0.9999514
0,0.0,5.3876254e-05
0,0.0,5.386043e-05
0,0.0,5.145472e-05
0,0.0,5.3465566e-05
0,0.0,5.1152518e-05
0,0.0,6.0908984e-05
0,0.0,5.140254e-05
1,1.0,0.9999513
0,0.0,5.3876563e-05
0,0.0,4.5899444e-05
1,1.0,0.99986684
0,0.0,5.3779033e-05
0,0.0,5.1389405e-05
1,1.0,0.9999511
0,0.0,7.09758e-05
1,1.0,0.98946726
0,0.0,5.4278808e-05
0,0.0,5.4600052e-05
0,0.0,5.3859967e-05
0,0.0,6.7945286e-05
0,0.0,4.9685146e-05
0,0.0,5.2896252e-05
1,1.0,0.9998676
0,0.0,5.140661e-05
0,0.0,6.09514e-05
0,0.0,7.219786e-05
0,0.0,6.399113e-05
0,0.0,2.2983637e-05
1,1.0,0.9997646
0,0.0,5.1837054e-05
0,0.0,5.4343596e-05
1,1.0,0.99987
0,0.0,5.1406216e-05
1,1.0,0.99986655
0,0.0,6.795274e-05
1,1.0,0.96762466
0,0.0,5.3657524e-05
0,0.0,5.346618e-05
0,0.0,5.425862e-05
0,0.0,5.3859298e-05
0,0.0,5.1452756e-05
1,1.0,0.999873
0,0.0,5.3389045e-05
0,0.0,2.2989074e-05
0,0.0,6.0174847e-05
1,1.0,0.99983096
0,0.0,5.2069263e-05
0,0.0,7.094818e-05
0,0.0,2.9854233e-05
0,0.0,2.9853634e-05
0,0.0,6.735116e-05
1,1.0,0.9998757
0,0.0,5.172644e-05
0,0.0,5.3501783e-05
0,0.0,5.3625856e-05
1,1.0,0.99985564
1,1.0,0.99995035
0,0.0,5.42624e-05
1,1.0,0.99974716
1,1.0,0.9998689
0,0.0,5.1403422e-05
0,0.0,5.20576e-05
1,1.0,0.9998794
0,0.0,5.145256e-05
0,0.0,4.901837e-05
1,1.0,0.9998729
0,0.0,5.6584577e-05
1,1.0,0.9999508
0,0.0,6.2802545e-05
0,0.0,5.1469047e-05
0,0.0,5.3507294e-05
0,0.0,5.1386167e-05
1,1.0,0.9998784
0,0.0,5.3507396e-05
0,0.0,5.426276e-05
0,0.0,5.7127636e-05
0,0.0,5.264228e-05
0,0.0,5.2669042e-05
0,0.0,5.346582e-05
0,0.0,5.147126e-05
1,1.0,0.99995136
1,1.0,0.999867
1,1.0,0.9998737
1,1.0,0.99995136
0,0.0,5.0565715e-05
0,0.0,5.1439903e-05
0,0.0,7.095238e-05
0,0.0,5.1474843e-05
0,0.0,5.7738253e-05
1,1.0,0.9998789
1,1.0,0.9999511
0,0.0,4.4584718e-05
1,1.0,0.9973498
0,0.0,4.9739905e-05
0,0.0,7.220233e-05
1,1.0,0.9999491
1,1.0,0.9964342
0,0.0,6.3889245e-05
1,1.0,0.9999034
0,0.0,5.230536e-05
1,1.0,0.9998653
0,0.0,5.212123e-05
0,0.0,5.290599e-05
0,0.0,7.093067e-05
0,0.0,6.389004e-05
0,0.0,5.424553e-05
0,0.0,4.9863054e-05
1,1.0,0.9998708
0,0.0,4.772464e-05
0,0.0,6.7336325e-05
0,0.0,5.4278964e-05
0,0.0,4.9260358e-05
0,0.0,7.095881e-05
0,0.0,5.71272e-05
1,1.0,0.99995035
0,0.0,4.4468285e-05
1,1.0,0.99986875
0,0.0,5.6500678e-05
0,0.0,4.5122975e-05
0,0.0,5.763379e-05
1,1.0,0.9998958
0,0.0,5.0484286e-05
1,1.0,0.9998748
1,1.0,0.9999513
0,0.0,5.779064e-05
0,0.0,4.9135844e-05
0,0.0,5.356739e-05
1,1.0,0.999951
0,0.0,5.3389045e-05
1,1.0,0.9989913
0,0.0,5.2645544e-05
0,0.0,5.766089e-05
0,0.0,6.92314e-05
0,0.0,5.104833e-05
0,0.0,5.4671378e-05
1,1.0,0.99995124
1,1.0,0.99987227
0,0.0,4.895255e-05
0,0.0,5.7741723e-05
0,0.0,5.7099915e-05
0,0.0,5.376129e-05
0,0.0,6.741695e-05
0,0.0,5.7742163e-05
0,0.0,2.9853463e-05
1,1.0,0.9999496
0,0.0,5.1406118e-05
0,0.0,5.1453102e-05
0,0.0,6.184374e-05
0,0.0,5.415286e-05
0,0.0,5.3876614e-05
0,0.0,5.030335e-05
1,1.0,0.99995106
1,1.0,0.9998796
0,0.0,5.2612424e-05
0,0.0,5.993489e-05
1,1.0,0.99986714
0,0.0,5.3876254e-05
0,0.0,4.9860293e-05
1,1.0,0.9999498
0,0.0,6.1023864e-05
1,1.0,0.9994898
1,1.0,0.9989587
0,0.0,4.701301e-05
1,1.0,0.9998728
1,1.0,0.99972594
0,0.0,5.76737e-05
0,0.0,5.05689e-05
0,0.0,4.826673e-05
0,0.0,5.171367e-05
0,0.0,5.3592576e-05
0,0.0,5.1950876e-05
0,0.0,5.52175e-05
0,0.0,5.616295e-05
0,0.0,4.8137197e-05
0,0.0,5.4977492e-05
0,0.0,5.0065362e-05
0,0.0,6.398265e-05
0,0.0,4.9268252e-05
0,0.0,5.499301e-05
0,0.0,6.858534e-05
0,0.0,4.770271e-05
1,1.0,0.9998527
0,0.0,5.4816614e-05
0,0.0,5.140872e-05
0,0.0,5.3708914e-05
1,1.0,0.99959636
0,0.0,5.0122973e-05
0,0.0,5.1485644e-05
0,0.0,5.9941864e-05
0,0.0,2.2964272e-05
0,0.0,5.3366803e-05
0,0.0,5.4381286e-05
0,0.0,9.6708885e-05
1,1.0,0.9979824
1,1.0,0.9995144
0,0.0,6.857932e-05
0,0.0,2.9867271e-05
1,1.0,0.99868256
0,0.0,5.520792e-05
0,0.0,5.2086347e-05
0,0.0,6.8311056e-05
1,1.0,0.9998711
0,0.0,5.5388846e-05
1,1.0,0.9743378
0,0.0,5.031909e-05
0,0.0,4.966056e-05
1,1.0,0.9999513
0,0.0,5.4153064e-05
0,0.0,5.211865e-05
0,0.0,5.3506632e-05
0,0.0,7.272654e-05
0,0.0,5.3859967e-05
1,1.0,0.9998757
0,0.0,5.356698e-05
0,0.0,5.589105e-05
0,0.0,5.6250585e-05
0,0.0,5.3493466e-05
0,0.0,6.099367e-05
1,1.0,0.99938077
1,1.0,0.9998781
1,1.0,0.9998756
1,1.0,0.99995005
0,0.0,5.54326e-05
0,0.0,5.377052e-05
0,0.0,2.9853321e-05
0,0.0,4.592186e-05
0,0.0,5.3556305e-05
1,1.0,0.9998762
1,1.0,0.99987686
1,1.0,0.99995095
0,0.0,5.5431487e-05
1,1.0,0.9998545
0,0.0,5.2896405e-05
0,0.0,5.1021365e-05
0,0.0,5.1451825e-05
0,0.0,5.9964164e-05
0,0.0,5.5798442e-05
0,0.0,4.459118e-05
0,0.0,5.3859814e-05
0,0.0,7.220047e-05
1,1.0,0.99624246
1,1.0,0.9998721
0,0.0,5.0280283e-05
0,0.0,6.4004256e-05
0,0.0,5.1387102e-05
0,0.0,2.9836045e-05
0,0.0,4.3402317e-05
0,0.0,4.8308593e-05
0,0.0,5.1362018e-05
0,0.0,5.26598e-05
0,0.0,2.984649e-05
0,0.0,5.8984813e-05
0,0.0,5.620201e-05
0,0.0,5.4640423e-05
0,0.0,5.2275886e-05
0,0.0,4.7273577e-05
0,0.0,5.362703e-05
0,0.0,5.006813e-05
0,0.0,5.0281964e-05
0,0.0,5.0141996e-05
0,0.0,5.4279117e-05
0,0.0,5.5197812e-05
0,0.0,5.211706e-05
0,0.0,6.8597175e-05
1,1.0,0.96943635
0,0.0,4.933454e-05
0,0.0,5.3466232e-05
0,0.0,4.8199854e-05
0,0.0,5.1585703e-05
0,0.0,5.044627e-05
1,1.0,0.99986696
0,0.0,5.3652817e-05
0,0.0,2.9854176e-05
1,1.0,0.9970021
1,1.0,0.9998742
0,0.0,5.7760553e-05
0,0.0,5.6499062e-05
1,1.0,0.999851
0,0.0,4.9640632e-05
1,1.0,0.8932297
0,0.0,6.0921415e-05
1,1.0,0.99986726
0,0.0,5.7694717e-05
0,0.0,5.058057e-05
1,1.0,0.99995095
0,0.0,5.134899e-05
1,1.0,0.99985236
0,0.0,4.589371e-05
0,0.0,5.361624e-05
0,0.0,5.0954124e-05
0,0.0,6.185536e-05
0,0.0,5.3769287e-05
0,0.0,5.3852724e-05
0,0.0,4.9186376e-05
1,1.0,0.999875
0,0.0,7.08586e-05
1,1.0,0.999906
0,0.0,5.1455652e-05
0,0.0,5.355191e-05
1,1.0,0.99987286
0,0.0,5.210175e-05
0,0.0,4.9567214e-05
0,0.0,2.2959475e-05
0,0.0,2.9854118e-05
0,0.0,5.1541403e-05
0,0.0,4.9544247e-05
1,1.0,0.99876815
0,0.0,6.73509e-05
1,1.0,0.99994904
1,1.0,0.99995154
0,0.0,4.822247e-05
0,0.0,4.592357e-05
0,0.0,5.387615e-05
1,1.0,0.9935483
0,0.0,5.557058e-05
0,0.0,4.759529e-05
0,0.0,6.017129e-05
1,1.0,0.96407294
1,1.0,0.9998742
0,0.0,5.3783035e-05
0,0.0,4.9093967e-05
1,1.0,0.9952092
0,0.0,6.7419656e-05
0,0.0,6.740442e-05
0,0.0,5.2473322e-05
0,0.0,5.763851e-05
1,1.0,0.95746714
0,0.0,5.4385433e-05
1,1.0,0.9998505
1,1.0,0.9999493
0,0.0,5.283606e-05
0,0.0,5.4590055e-05
1,1.0,0.9998309
0,0.0,5.006173e-05
0,0.0,5.7080586e-05
1,1.0,0.9999033
0,0.0,4.770917e-05
0,0.0,5.2223622e-05
0,0.0,5.346618e-05
0,0.0,5.1471798e-05
0,0.0,5.4214244e-05
0,0.0,5.149055e-05
0,0.0,5.3608932e-05
0,0.0,5.4277876e-05
0,0.0,5.350709e-05
0,0.0,5.3558142e-05
0,0.0,5.1918927e-05
1,1.0,0.99495876
0,0.0,7.302718e-05
0,0.0,5.463693e-05
0,0.0,5.146885e-05
1,1.0,0.9999516
0,0.0,5.113198e-05
0,0.0,5.7632144e-05
0,0.0,6.1381455e-05
0,0.0,5.138656e-05
0,0.0,5.415379e-05
1,1.0,0.9999499
0,0.0,7.091545e-05
0,0.0,5.2932286e-05
0,0.0,4.771017e-05
1,1.0,0.9997925
0,0.0,5.9382706e-05
0,0.0,4.6503887e-05
1,1.0,0.99990326
1,1.0,0.9999515
1,1.0,0.99995106
0,0.0,5.3502346e-05
0,0.0,5.2122028e-05
0,0.0,2.2960263e-05
1,1.0,0.96200645
0,0.0,5.3765187e-05
0,0.0,5.3507498e-05
0,0.0,4.4418906e-05
1,1.0,0.999951
0,0.0,7.0929724e-05
0,0.0,4.8994116e-05
1,1.0,0.9999514
1,1.0,0.999868
0,0.0,5.140744e-05
0,0.0,5.3507294e-05
0,0.0,5.1473467e-05
0,0.0,5.026125e-05
1,1.0,0.99987024
0,0.0,4.8343427e-05
0,0.0,2.2980788e-05
0,0.0,5.4278393e-05
1,1.0,0.99987376
1,1.0,0.9972737
0,0.0,6.830799e-05
1,1.0,0.9999518
0,0.0,4.9468992e-05
0,0.0,5.4353237e-05
1,1.0,0.97054255
0,0.0,5.3602595e-05
0,0.0,5.7625766e-05
1,1.0,0.999904
0,0.0,5.4988395e-05
1,1.0,0.9995848
1,1.0,0.9999056
1,1.0,0.9999512
0,0.0,5.7706657e-05
0,0.0,5.2122923e-05
0,0.0,5.378847e-05
0,0.0,4.591525e-05
0,0.0,5.1386854e-05
0,0.0,5.385283e-05
0,0.0,5.14095e-05
0,0.0,0.00015823211
0,0.0,5.1387247e-05
0,0.0,4.7794823e-05
0,0.0,5.246537e-05
1,1.0,0.99687153
0,0.0,6.794451e-05
0,0.0,5.012379e-05
1,1.0,0.99978304
0,0.0,2.299096e-05
0,0.0,5.3600703e-05
1,1.0,0.970143
1,1.0,0.9999204
0,0.0,6.0900737e-05
1,1.0,0.99986994
0,0.0,4.5132914e-05
0,0.0,5.427953e-05
0,0.0,4.888971e-05
1,1.0,0.99987644
0,0.0,5.3779444e-05
1,1.0,0.99984896
0,0.0,5.9962447e-05
0,0.0,5.3474338e-05
1,1.0,0.9997999
1,1.0,0.9995887
0,0.0,7.943065e-05
0,0.0,6.923827e-05
0,0.0,5.521192e-05
0,0.0,5.7632802e-05
0,0.0,5.0364022e-05
0,0.0,5.4154203e-05
0,0.0,5.354415e-05
0,0.0,4.9181028e-05
0,0.0,5.1014315e-05
0,0.0,5.337825e-05
0,0.0,5.9931575e-05
0,0.0,5.145531e-05
0,0.0,4.982175e-05
0,0.0,4.8967442e-05
0,0.0,4.990258e-05
1,1.0,0.9997965
0,0.0,7.09446e-05
1,1.0,0.97181153
1,1.0,0.9998776
1,1.0,0.9998678
0,0.0,5.147337e-05
1,1.0,0.99731594
0,0.0,4.9192473e-05
1,1.0,0.9999497
1,1.0,0.99987954
0,0.0,5.1140956e-05
1,1.0,0.999855
1,1.0,0.9999507
0,0.0,2.9852808e-05
0,0.0,5.1057825e-05
0,0.0,5.7727848e-05
0,0.0,2.2960921e-05
0,0.0,5.3620282e-05
1,1.0,0.9056208
0,0.0,4.8743717e-05
0,0.0,5.421497e-05
1,1.0,0.99900514
1,1.0,0.9998692
0,0.0,5.1387688e-05
0,0.0,4.9427403e-05
0,0.0,5.679553e-05
0,0.0,5.3545733e-05
0,0.0,4.892539e-05
0,0.0,5.7652036e-05
1,1.0,0.99986583
0,0.0,5.3507294e-05
1,1.0,0.9998567
0,0.0,5.376662e-05
0,0.0,5.2681953e-05
0,0.0,5.2121035e-05
1,1.0,0.9998699
0,0.0,4.6265952e-05
0,0.0,5.8986105e-05
0,0.0,5.1385286e-05
0,0.0,5.254894e-05
1,1.0,0.9998556
0,0.0,5.256658e-05
1,1.0,0.99958324
1,1.0,0.99995023
1,1.0,0.99987674
0,0.0,5.1453346e-05
1,1.0,0.99987245
0,0.0,6.0899863e-05
0,0.0,5.8333808e-05
0,0.0,5.3443553e-05
1,1.0,0.9941578
0,0.0,5.3145523e-05
0,0.0,5.3535467e-05
0,0.0,5.157724e-05
0,0.0,5.7624282e-05
0,0.0,5.522477e-05
0,0.0,6.830761e-05
0,0.0,5.25313e-05
0,0.0,4.591871e-05
0,0.0,6.598333e-05
1,1.0,0.9995196
0,0.0,5.2492996e-05
0,0.0,5.3660082e-05
0,0.0,5.5830806e-05
0,0.0,5.3853342e-05
0,0.0,5.387615e-05
1,1.0,0.9971523
0,0.0,5.376226e-05
1,1.0,0.9998764
0,0.0,5.350515e-05
0,0.0,2.2988022e-05
0,0.0,2.9835988e-05
0,0.0,5.19426e-05
0,0.0,5.4187156e-05
0,0.0,5.763928e-05
1,1.0,0.9998731
0,0.0,5.0899194e-05
0,0.0,5.145305e-05
0,0.0,6.194573e-05
0,0.0,5.263701e-05
0,0.0,5.0572417e-05
1,1.0,0.99987465
0,0.0,5.3860327e-05
0,0.0,5.100658e-05
0,0.0,5.0045168e-05
0,0.0,7.095191e-05
0,0.0,5.3769956e-05
0,0.0,7.096165e-05
0,0.0,5.2511765e-05
0,0.0,5.3568154e-05
0,0.0,5.1967276e-05
1,1.0,0.99987817
0,0.0,5.3567797e-05
0,0.0,5.4991437e-05
0,0.0,4.5903078e-05
1,1.0,0.9989404
0,0.0,7.235279e-05
0,0.0,5.1470914e-05
1,1.0,0.9999514
1,1.0,0.9998549
0,0.0,9.294958e-05
1,1.0,0.99985147
0,0.0,5.7835463e-05
0,0.0,5.3758115e-05
0,0.0,5.6016444e-05
0,0.0,5.7851958e-05
0,0.0,4.7708716e-05
0,0.0,4.8382306e-05
0,0.0,4.6100307e-05
0,0.0,5.3621097e-05
0,0.0,5.3779135e-05
1,1.0,0.9997959
1,1.0,0.9749321
0,0.0,5.766864e-05
0,0.0,2.9854176e-05
0,0.0,5.3624117e-05
0,0.0,5.30729e-05
0,0.0,4.224057e-05
0,0.0,5.355375e-05
0,0.0,5.426183e-05
0,0.0,5.3876047e-05
0,0.0,5.248674e-05
0,0.0,6.1853294e-05
0,0.0,5.427891e-05
0,0.0,4.8314076e-05
0,0.0,5.4263073e-05
0,0.0,6.992982e-05
0,0.0,5.147386e-05
0,0.0,4.8249934e-05
0,0.0,5.3780263e-05
0,0.0,2.2987451e-05
0,0.0,5.4214863e-05
0,0.0,6.735539e-05
0,0.0,5.3101052e-05
0,0.0,5.323972e-05
1,1.0,0.9999513
1,1.0,0.9998555
0,0.0,5.7715133e-05
0,0.0,5.3759395e-05
0,0.0,4.8167687e-05
0,0.0,5.7109228e-05
0,0.0,5.033421e-05
0,0.0,5.362202e-05
1,1.0,0.99995124
0,0.0,5.4262295e-05
0,0.0,5.1372597e-05
0,0.0,5.3624884e-05
1,1.0,0.9757388
1,1.0,0.9998079
0,0.0,4.5290246e-05
0,0.0,5.9380953e-05
0,0.0,5.649583e-05
0,0.0,5.4279117e-05
1,1.0,0.99984705
0,0.0,5.1153784e-05
0,0.0,5.172205e-05
0,0.0,4.9126847e-05
0,0.0,6.137824e-05
0,0.0,2.2981096e-05
0,0.0,5.2935768e-05
0,0.0,6.182817e-05
1,1.0,0.9977859
0,0.0,5.7580008e-05
1,1.0,0.99987656
0,0.0,5.2194595e-05
0,0.0,5.4214193e-05
0,0.0,5.3608932e-05
0,0.0,5.3567543e-05
0,0.0,5.3564578e-05
1,1.0,0.9997958
0,0.0,2.9860383e-05
1,1.0,0.99987715
1,1.0,0.9969153
1,1.0,0.99987626
0,0.0,4.9837476e-05
0,0.0,5.3781136e-05
1,1.0,0.99990296
0,0.0,5.2196836e-05
0,0.0,5.4153687e-05
1,1.0,0.99995035
0,0.0,5.715205e-05
1,1.0,0.99985397
0,0.0,5.7713536e-05
0,0.0,5.356407e-05
0,0.0,5.3568154e-05
0,0.0,4.9379443e-05
0,0.0,5.415358e-05
0,0.0,5.3687465e-05
0,0.0,5.7692847e-05
0,0.0,4.9115977e-05
1,1.0,0.9998559
1,1.0,0.99987185
0,0.0,4.9113918e-05
1,1.0,0.99989414
1,1.0,0.999869
0,0.0,5.763972e-05
0,0.0,5.5203338e-05
0,0.0,4.6383593e-05
0,0.0,4.5874807e-05
1,1.0,0.9998739
0,0.0,7.095502e-05
1,1.0,0.99755573
0,0.0,6.195347e-05
1,1.0,0.9998778
0,0.0,5.1378916e-05
0,0.0,6.3824824e-05
0,0.0,5.1271927e-05
1,1.0,0.9999507
1,1.0,0.99979585
0,0.0,5.113486e-05
0,0.0,5.3768366e-05
1,1.0,0.9998578
0,0.0,5.3766467e-05
0,0.0,5.6338624e-05
1,1.0,0.9998435
0,0.0,6.389582e-05
0,0.0,4.954349e-05
0,0.0,5.35561e-05
0,0.0,5.7734676e-05
0,0.0,2.9852637e-05
0,0.0,5.697867e-05
0,0.0,5.3644424e-05
0,0.0,5.1512754e-05
0,0.0,5.9387803e-05
1,1.0,0.9994183
0,0.0,6.8593705e-05
0,0.0,5.3603617e-05
1,1.0,0.9999513
1,1.0,0.9998747
0,0.0,5.241461e-05
0,0.0,2.3007542e-05
0,0.0,5.350653e-05
1,1.0,0.9993842
0,0.0,5.3059488e-05
0,0.0,5.1406758e-05
0,0.0,5.090711e-05
1,1.0,0.999798
0,0.0,5.377934e-05
0,0.0,4.7292968e-05
0,0.0,5.29646e-05
1,1.0,0.99994963
0,0.0,5.3448955e-05
0,0.0,2.2983462e-05
0,0.0,6.1839906e-05
0,0.0,5.3506887e-05
0,0.0,5.365517e-05
0,0.0,4.7273395e-05
1,1.0,0.99986964
0,0.0,5.7672874e-05
0,0.0,5.424015e-05
0,0.0,6.992462e-05
1,1.0,0.99699485
0,0.0,5.305716e-05
0,0.0,6.741297e-05
0,0.0,5.140455e-05
0,0.0,4.913125e-05
1,1.0,0.99987304
0,0.0,7.2069706e-05
0,0.0,5.3608423e-05
1,1.0,0.99995077
0,0.0,5.1389794e-05
0,0.0,4.901435e-05
1,1.0,0.99995005
0,0.0,5.426897e-05
0,0.0,6.593025e-05
0,0.0,4.5134766e-05
0,0.0,5.4154305e-05
0,0.0,5.9962676e-05
0,0.0,4.833711e-05
0,0.0,5.3102165e-05
0,0.0,4.5895722e-05
0,0.0,6.2519066e-05
1,1.0,0.9998691
0,0.0,5.4215277e-05
0,0.0,5.361614e-05
0,0.0,5.5852903e-05
0,0.0,4.8291226e-05
0,0.0,5.3181015e-05
0,0.0,5.2259693e-05
0,0.0,6.19491e-05
0,0.0,6.194614e-05
1,1.0,0.99995136
0,0.0,5.6038618e-05
1,1.0,0.99988455
0,0.0,5.3197655e-05
1,1.0,0.99993765
0,0.0,4.864676e-05
0,0.0,7.220061e-05
0,0.0,5.386012e-05
0,0.0,5.2926178e-05
0,0.0,2.2982103e-05
0,0.0,4.748934e-05
1,1.0,0.999907
0,0.0,5.365737e-05
0,0.0,5.4278808e-05
0,0.0,5.159387e-05
0,0.0,2.985372e-05
0,0.0,5.183285e-05
1,1.0,0.99995154
1,1.0,0.99987817
0,0.0,5.1407736e-05
0,0.0,6.3994186e-05
0,0.0,5.4215277e-05
1,1.0,0.99995136
0,0.0,5.2942483e-05
0,0.0,5.4559034e-05
0,0.0,5.5848053e-05
1,1.0,0.9711828
0,0.0,5.2424108e-05
0,0.0,5.627634e-05
0,0.0,6.0989074e-05
1,1.0,0.9622262
0,0.0,7.272821e-05
1,1.0,0.9998686
0,0.0,2.9853265e-05
0,0.0,5.212009e-05
0,0.0,4.9104456e-05
0,0.0,5.1406023e-05
0,0.0,5.2528245e-05
0,0.0,5.346582e-05
0,0.0,5.769945e-05
0,0.0,4.7708807e-05
0,0.0,5.6256595e-05
0,0.0,5.7131016e-05
0,0.0,5.3761956e-05
1,1.0,0.9999504
0,0.0,5.1363437e-05
0,0.0,5.354318e-05
1,1.0,0.99972594
0,0.0,5.993615e-05
0,0.0,5.3207088e-05
0,0.0,5.212024e-05
1,1.0,0.99995065
0,0.0,5.0145296e-05
0,0.0,6.18874e-05
0,0.0,4.5658377e-05
1,1.0,0.9998757
1,1.0,0.99944514
1,1.0,0.9998751
1,1.0,0.99713147
0,0.0,5.9942893e-05
1,1.0,0.99987096
0,0.0,2.9852894e-05
0,0.0,4.8310667e-05
0,0.0,7.088117e-05
0,0.0,5.1453248e-05
0,0.0,6.992416e-05
0,0.0,7.094379e-05
1,1.0,0.997874
1,1.0,0.99995106
0,0.0,5.4153377e-05
1,1.0,0.9998711
1,1.0,0.9998677
0,0.0,5.356499e-05
1,1.0,0.99981105
0,0.0,5.0131763e-05
0,0.0,5.496994e-05
1,1.0,0.9999518
0,0.0,5.5574397e-05
0,0.0,5.2560765e-05
1,1.0,0.99727756
0,0.0,5.2473322e-05
0,0.0,5.3877742e-05
0,0.0,5.240736e-05
0,0.0,5.2903113e-05
0,0.0,5.02776e-05
0,0.0,4.7043413e-05
0,0.0,0.00025555748
0,0.0,5.4215383e-05
0,0.0,5.181644e-05
0,0.0,6.9233116e-05
1,1.0,0.9995613
0,0.0,5.460021e-05
0,0.0,5.9930087e-05
0,0.0,6.0966748e-05
1,1.0,0.9998753
0,0.0,5.697601e-05
0,0.0,5.6779063e-05
0,0.0,5.1453888e-05
0,0.0,6.1027065e-05
0,0.0,4.8544945e-05
0,0.0,4.7689155e-05
0,0.0,5.4591408e-05
0,0.0,4.6001936e-05
0,0.0,7.096165e-05
0,0.0,5.3854266e-05
0,0.0,6.735013e-05
0,0.0,5.3661002e-05
0,0.0,5.065133e-05
1,1.0,0.9976212
0,0.0,5.1420877e-05
1,1.0,0.9998706
0,0.0,5.1379604e-05
1,1.0,0.99994993
0,0.0,6.1149694e-05
0,0.0,6.923721e-05
0,0.0,5.37699e-05
0,0.0,5.3607808e-05
0,0.0,5.3620537e-05
0,0.0,5.146517e-05
0,0.0,5.4543634e-05
0,0.0,5.35561e-05
0,0.0,5.1616313e-05
0,0.0,2.2981118e-05
1,1.0,0.99990606
0,0.0,6.185193e-05
1,1.0,0.99987113
0,0.0,5.263234e-05
1,1.0,0.99977255
0,0.0,2.298572e-05
0,0.0,5.5567823e-05
1,1.0,0.99995
0,0.0,2.9853321e-05
0,0.0,5.7692956e-05
0,0.0,5.2122625e-05
0,0.0,5.247092e-05
0,0.0,5.1485644e-05
1,1.0,0.99697214
1,1.0,0.999872
0,0.0,5.127686e-05
0,0.0,6.709141e-05
1,1.0,0.99986905
0,0.0,5.3768366e-05
0,0.0,5.2499454e-05
1,1.0,0.9999158
1,1.0,0.9787593
1,1.0,0.9969431
0,0.0,5.7888206e-05
0,0.0,2.3007213e-05
0,0.0,6.2794155e-05
0,0.0,5.170558e-05
0,0.0,6.0987677e-05
0,0.0,5.123199e-05
0,0.0,4.9449467e-05
0,0.0,5.415348e-05
0,0.0,5.3377844e-05
0,0.0,3.614169e-05
0,0.0,5.663781e-05
1,1.0,0.9999505
0,0.0,5.346669e-05
0,0.0,5.7588244e-05
0,0.0,2.3008639e-05
1,1.0,0.9998692
0,0.0,5.211676e-05
1,1.0,0.9999508
0,0.0,5.2841755e-05
0,0.0,5.3388892e-05
0,0.0,5.522045e-05
0,0.0,5.1320298e-05
0,0.0,5.4215176e-05
0,0.0,5.1357805e-05
1,1.0,0.99987453
0,0.0,5.142078e-05
1,1.0,0.9999511
0,0.0,5.3659725e-05
0,0.0,5.7674857e-05
0,0.0,2.9853976e-05
0,0.0,5.188359e-05
0,0.0,5.3389096e-05
0,0.0,4.5900713e-05
0,0.0,2.2982673e-05
0,0.0,5.319187e-05
1,1.0,0.999865
1,1.0,0.99779075
1,1.0,0.9999498
1,1.0,0.9998887
0,0.0,5.3853342e-05
1,1.0,0.99995035
1,1.0,0.997277
0,0.0,4.9776012e-05
0,0.0,4.8727266e-05
1,1.0,0.99992466
0,0.0,5.29984e-05
1,1.0,0.9998724
0,0.0,5.2476025e-05
1,1.0,0.99987054
1,1.0,0.9999515
0,0.0,5.226966e-05
0,0.0,4.93624e-05
0,0.0,5.8331694e-05
0,0.0,5.4278185e-05
0,0.0,5.3658958e-05
0,0.0,2.9853578e-05
1,1.0,0.99995124
0,0.0,7.0952854e-05
1,1.0,0.9998731
0,0.0,5.211706e-05
0,0.0,5.365476e-05
0,0.0,5.3571937e-05
0,0.0,5.1405874e-05
0,0.0,6.735013e-05
0,0.0,5.145227e-05
0,0.0,6.897243e-05
0,0.0,5.427855e-05
0,0.0,2.984797e-05
1,1.0,0.9692694
0,0.0,7.0927694e-05
0,0.0,5.6270117e-05
1,1.0,0.997103
0,0.0,5.6207795e-05
0,0.0,4.9353406e-05
0,0.0,5.2115567e-05
1,1.0,0.99987394
1,1.0,0.96164864
0,0.0,7.234879e-05
0,0.0,7.215774e-05
1,1.0,0.9947775
1,1.0,0.9998782
0,0.0,5.7599613e-05
0,0.0,5.3779546e-05
0,0.0,5.0772618e-05
1,1.0,0.999796
0,0.0,5.1852676e-05
0,0.0,5.5062854e-05
0,0.0,4.804053e-05
0,0.0,5.3388332e-05
0,0.0,5.8999776e-05
1,1.0,0.9995101
0,0.0,5.1453248e-05
0,0.0,7.287803e-05
1,1.0,0.9989766
0,0.0,5.460073e-05
1,1.0,0.99994975
0,0.0,5.2707735e-05
0,0.0,2.9854118e-05
0,0.0,5.4279066e-05
0,0.0,6.923919e-05
0,0.0,2.9861234e-05
0,0.0,2.9852867e-05
0,0.0,5.1479015e-05
0,0.0,5.7106612e-05
0,0.0,5.1300194e-05
1,1.0,0.99986905
0,0.0,5.1467774e-05
0,0.0,5.3625703e-05
0,0.0,5.0162947e-05
0,0.0,5.3859916e-05
1,1.0,0.7344463
0,0.0,6.0981223e-05
0,0.0,5.2120486e-05
0,0.0,5.1008235e-05
0,0.0,5.2432257e-05
0,0.0,7.095759e-05
1,1.0,0.9999296
0,0.0,5.377975e-05
0,0.0,6.7350644e-05
0,0.0,5.2120336e-05
0,0.0,6.0099952e-05
0,0.0,7.216393e-05
0,0.0,5.1471503e-05
0,0.0,5.3096137e-05
0,0.0,5.1463354e-05
1,1.0,0.97271705
1,1.0,0.9998648
1,1.0,0.99995154
0,0.0,5.4153894e-05
0,0.0,5.28656e-05
1,1.0,0.9998576
0,0.0,5.993775e-05
1,1.0,0.9998778
0,0.0,5.3763237e-05
1,1.0,0.9998786
0,0.0,4.791978e-05
0,0.0,5.374986e-05
1,1.0,0.99990714
0,0.0,5.764335e-05
0,0.0,4.5721423e-05
0,0.0,5.575876e-05
0,0.0,5.776077e-05
0,0.0,5.426235e-05
1,1.0,0.9999276
1,1.0,0.9999532
0,0.0,6.709205e-05
1,1.0,0.9999515
1,1.0,0.97074425
0,0.0,5.415379e-05
0,0.0,6.1956714e-05
0,0.0,4.671207e-05
0,0.0,5.365604e-05
1,1.0,0.99987024
0,0.0,5.750423e-05
0,0.0,2.2963439e-05
1,1.0,0.99985546
0,0.0,6.3822634e-05
0,0.0,5.247703e-05
0,0.0,7.094974e-05
1,1.0,0.9999509
0,0.0,5.3937943e-05
1,1.0,0.99982345
0,0.0,7.2348725e-05
0,0.0,5.9929745e-05
0,0.0,4.5889596e-05
1,1.0,0.99987555
0,0.0,5.3568565e-05
0,0.0,5.1570747e-05
0,0.0,5.2866002e-05
0,0.0,7.094541e-05
0,0.0,5.2827196e-05
0,0.0,5.2157622e-05
0,0.0,5.2120336e-05
0,0.0,5.7637302e-05
0,0.0,4.7999405e-05
0,0.0,5.137872e-05
1,1.0,0.9998754
0,0.0,5.3102267e-05
0,0.0,5.354757e-05
0,0.0,4.7967605e-05
1,1.0,0.99995136
0,0.0,5.426188e-05
1,1.0,0.9998129
0,0.0,5.0952374e-05
0,0.0,6.923318e-05
1,1.0,0.9998712
1,1.0,0.99985707
1,1.0,0.99994934
0,0.0,4.9261813e-05
1,1.0,0.99721074
0,0.0,7.287789e-05
0,0.0,5.3779186e-05
0,0.0,4.8652604e-05
0,0.0,5.2538515e-05
1,1.0,0.9681251
1,1.0,0.9998753
0,0.0,4.9322778e-05
1,1.0,0.9999368
0,0.0,4.995148e-05
1,1.0,0.9998732
0,0.0,5.4150172e-05
1,1.0,0.99995136
0,0.0,5.4278808e-05
0,0.0,5.3876254e-05
0,0.0,4.7723457e-05
0,0.0,4.7269972e-05
1,1.0,0.9998703
0,0.0,5.426276e-05
0,0.0,4.8752692e-05
0,0.0,5.1406758e-05
0,0.0,5.3661413e-05
1,1.0,0.9999511
0,0.0,4.894279e-05
0,0.0,5.136329e-05
1,1.0,0.99986094
1,1.0,0.99995124
0,0.0,5.149939e-05
0,0.0,5.3860225e-05
1,1.0,0.9998681
1,1.0,0.99987704
1,1.0,0.99995077
0,0.0,4.665104e-05
1,1.0,0.99987185
0,0.0,5.8988186e-05
0,0.0,5.3876458e-05
1,1.0,0.9990007
0,0.0,7.093946e-05
0,0.0,5.22576e-05
0,0.0,2.2982762e-05
1,1.0,0.9966105
0,0.0,6.627512e-05
0,0.0,7.2136405e-05
0,0.0,5.650084e-05
1,1.0,0.99666005
0,0.0,5.183305e-05
1,1.0,0.9998277
1,1.0,0.9999407
0,0.0,5.2641728e-05
0,0.0,5.4039472e-05
0,0.0,5.2535408e-05
0,0.0,5.153796e-05
1,1.0,0.9999511
0,0.0,4.815042e-05
0,0.0,5.3779546e-05
0,0.0,6.740475e-05
0,0.0,4.890561e-05
1,1.0,0.99995166
0,0.0,5.4261935e-05
0,0.0,5.4214863e-05
0,0.0,6.0235077e-05
0,0.0,5.308247e-05
1,1.0,0.9999372
0,0.0,4.9836857e-05
1,1.0,0.9999495
1,1.0,0.9976047
0,0.0,5.7520734e-05
1,1.0,0.9999278
0,0.0,5.4278342e-05
1,1.0,0.99995154
0,0.0,6.381947e-05
0,0.0,5.2684012e-05
0,0.0,6.390314e-05
0,0.0,5.5570636e-05
0,0.0,5.4215176e-05
1,1.0,0.99985987
0,0.0,5.1621188e-05
0,0.0,5.259697e-05
1,1.0,0.99987525
0,0.0,4.784476e-05
0,0.0,5.1274663e-05
0,0.0,5.7717833e-05
1,1.0,0.99987686
0,0.0,5.605423e-05
0,0.0,5.0332914e-05
0,0.0,4.943933e-05
0,0.0,5.3859607e-05
1,1.0,0.9707812
0,0.0,5.3389147e-05
0,0.0,5.1937153e-05
0,0.0,5.1473173e-05
0,0.0,4.944956e-05
0,0.0,2.9847513e-05
0,0.0,4.808508e-05
0,0.0,5.4990072e-05
1,1.0,0.99975765
0,0.0,5.0069848e-05
0,0.0,4.7709535e-05
0,0.0,5.3767442e-05
0,0.0,5.1406365e-05
0,0.0,5.145202e-05
1,1.0,0.99978304
0,0.0,5.5786044e-05
1,1.0,0.95711595
0,0.0,5.375678e-05
0,0.0,7.093973e-05
1,1.0,0.99985397
0,0.0,5.6288736e-05
0,0.0,2.2984557e-05
1,1.0,0.99566257
0,0.0,2.9836045e-05
0,0.0,5.5387787e-05
0,0.0,5.3771033e-05
0,0.0,5.338925e-05
1,1.0,0.99986887
0,0.0,4.7270467e-05
0,0.0,5.4278444e-05
1,1.0,0.9999518
1,1.0,0.99993587
1,1.0,0.9995177
0,0.0,5.1387247e-05
0,0.0,2.2958666e-05
0,0.0,4.960902e-05
0,0.0,5.3567695e-05
0,0.0,4.8593436e-05
0,0.0,7.272738e-05
0,0.0,5.385293e-05
0,0.0,5.2059037e-05
1,1.0,0.99543136
0,0.0,5.0309445e-05
1,1.0,0.9999516
1,1.0,0.9999498
1,1.0,0.99987346
0,0.0,5.37797e-05
0,0.0,5.0041683e-05
1,1.0,0.9998483
0,0.0,6.264857e-05
0,0.0,2.2984383e-05
0,0.0,5.1486477e-05
0,0.0,4.9347906e-05
1,1.0,0.9999295
0,0.0,5.105237e-05
1,1.0,0.99985313
1,1.0,0.99995035
1,1.0,0.9700341
0,0.0,5.2904677e-05
1,1.0,0.999873
0,0.0,5.7593898e-05
0,0.0,4.549491e-05
0,0.0,5.0340834e-05
0,0.0,6.092804e-05
0,0.0,4.76701e-05
0,0.0,5.424429e-05
0,0.0,2.2983682e-05
0,0.0,5.377493e-05
0,0.0,2.985389e-05
1,1.0,0.99994963
0,0.0,5.298006e-05
0,0.0,5.3465516e-05
0,0.0,5.427891e-05
1,1.0,0.99985456
1,1.0,0.9999491
0,0.0,5.289398e-05
1,1.0,0.9999512
0,0.0,7.093581e-05
0,0.0,4.5889334e-05
0,0.0,5.101193e-05
1,1.0,0.99692756
1,1.0,0.9999496
0,0.0,5.765418e-05
0,0.0,4.8111313e-05
1,1.0,0.9998231
0,0.0,5.0185008e-05
0,0.0,5.365957e-05
0,0.0,5.421476e-05
0,0.0,5.0034905e-05
1,1.0,0.99987864
0,0.0,5.3657215e-05
0,0.0,5.4262087e-05
0,0.0,5.058472e-05
1,1.0,0.9983319
0,0.0,5.5843375e-05
0,0.0,2.985315e-05
0,0.0,4.9811628e-05
0,0.0,5.3598505e-05
0,0.0,6.390607e-05
0,0.0,4.705472e-05
0,0.0,4.5136057e-05
0,0.0,5.4188655e-05
0,0.0,2.985335e-05
1,1.0,0.99987745
0,0.0,5.938554e-05
1,1.0,0.96878946
0,0.0,5.764742e-05
1,1.0,0.9998788
0,0.0,5.769725e-05
0,0.0,5.2981526e-05
1,1.0,0.9999494
0,0.0,5.4559972e-05
0,0.0,5.4278702e-05
0,0.0,4.815382e-05
1,1.0,0.9998736
1,1.0,0.9995177
1,1.0,0.9998671
0,0.0,5.3772827e-05
0,0.0,4.9443057e-05
0,0.0,5.9930888e-05
0,0.0,4.8387476e-05
0,0.0,5.455966e-05
1,1.0,0.99487334
0,0.0,4.775919e-05
0,0.0,5.212163e-05
1,1.0,0.99987596
1,1.0,0.9740419
0,0.0,5.239582e-05
0,0.0,2.986243e-05
1,1.0,0.99725217
0,0.0,7.095387e-05
0,0.0,5.31057e-05
1,1.0,0.99995136
0,0.0,6.194402e-05
0,0.0,2.9852808e-05
1,1.0,0.99987656
0,0.0,5.0053615e-05
1,1.0,0.9998009
0,0.0,4.992605e-05
1,1.0,0.9998115
0,0.0,4.4185403e-05
1,1.0,0.9998284
0,0.0,5.5779874e-05
0,0.0,5.426271e-05
0,0.0,5.355375e-05
0,0.0,5.770732e-05
0,0.0,2.298366e-05
1,1.0,0.9998423
0,0.0,5.0366376e-05
0,0.0,5.3570762e-05
0,0.0,4.9422124e-05
0,0.0,5.3483876e-05
1,1.0,0.9999222
0,0.0,2.2962826e-05
0,0.0,5.169562e-05
1,1.0,0.99995023
1,1.0,0.99987286
0,0.0,6.3816056e-05
0,0.0,7.2343624e-05
1,1.0,0.9999514
1,1.0,0.9983849
1,1.0,0.9998722
1,1.0,0.9998919
0,0.0,6.097663e-05
1,1.0,0.9998765
0,0.0,6.280949e-05
1,1.0,0.99994975
0,0.0,4.5912533e-05
0,0.0,6.626159e-05
0,0.0,5.2940515e-05
0,0.0,5.415327e-05
0,0.0,4.6256155e-05
1,1.0,0.99723643
0,0.0,4.9417173e-05
0,0.0,6.100059e-05
0,0.0,5.578594e-05
0,0.0,5.7498033e-05
0,0.0,2.9853778e-05
0,0.0,4.7599104e-05
0,0.0,5.380494e-05
0,0.0,5.1737246e-05
0,0.0,5.147396e-05
0,0.0,5.10588e-05
0,0.0,4.9366354e-05
0,0.0,6.741644e-05
1,1.0,0.9970401
0,0.0,5.2942836e-05
1,1.0,0.9999508
0,0.0,4.990458e-05
1,1.0,0.9998791
1,1.0,0.99695164
1,1.0,0.9999039
0,0.0,5.145055e-05
0,0.0,5.3567746e-05
1,1.0,0.9687521
0,0.0,5.0224313e-05
0,0.0,5.138656e-05
1,1.0,0.9998649
0,0.0,5.3768366e-05
0,0.0,5.323129e-05
1,1.0,0.999951
0,0.0,5.247703e-05
1,1.0,0.9997827
1,1.0,0.9999375
0,0.0,6.094466e-05
0,0.0,4.924824e-05
0,0.0,5.6276018e-05
0,0.0,2.9853578e-05
0,0.0,2.9848796e-05
0,0.0,5.5864883e-05
0,0.0,4.5975357e-05
0,0.0,7.095935e-05
1,1.0,0.99995136
0,0.0,5.0565184e-05
1,1.0,0.9995181
0,0.0,5.993249e-05
0,0.0,5.7752186e-05
0,0.0,5.1676e-05
0,0.0,5.498399e-05
0,0.0,4.8153728e-05
0,0.0,7.0958e-05
0,0.0,4.96244e-05
0,0.0,5.377257e-05
0,0.0,5.3768774e-05
0,0.0,5.2119143e-05
0,0.0,5.2423755e-05
0,0.0,5.460073e-05
1,1.0,0.9998729
1,1.0,0.999869
0,0.0,5.2917345e-05
0,0.0,5.128679e-05
0,0.0,5.4153013e-05
1,1.0,0.9995835
1,1.0,0.9999496
0,0.0,8.0588965e-05
0,0.0,5.2057152e-05
0,0.0,5.0295057e-05
0,0.0,5.2431205e-05
0,0.0,5.0498344e-05
0,0.0,5.3861353e-05
0,0.0,5.350648e-05
0,0.0,7.0945e-05
0,0.0,7.0999966e-05
1,1.0,0.99459344
0,0.0,4.7014713e-05
0,0.0,4.590172e-05
1,1.0,0.99951625
0,0.0,2.9851159e-05
0,0.0,5.33894e-05
0,0.0,5.771183e-05
0,0.0,5.76627e-05
0,0.0,5.7684814e-05
1,1.0,0.9988812
1,1.0,0.99986213
1,1.0,0.99988186
0,0.0,5.2492545e-05
1,1.0,0.9999517
0,0.0,5.361476e-05
0,0.0,5.3107728e-05
1,1.0,0.999951
0,0.0,5.2484836e-05
0,0.0,6.857886e-05
0,0.0,5.6535177e-05
0,0.0,6.280631e-05
1,1.0,0.9955181
0,0.0,6.795539e-05
0,0.0,4.856129e-05
0,0.0,5.3766722e-05
0,0.0,5.37514e-05
0,0.0,5.7570396e-05
1,1.0,0.9710944
0,0.0,5.4153013e-05
1,1.0,0.99995136
1,1.0,0.9999509
0,0.0,5.1405186e-05
0,0.0,6.024565e-05
1,1.0,0.9999064
1,1.0,0.99986804
1,1.0,0.9650958
1,1.0,0.9997379
0,0.0,7.2877614e-05
0,0.0,5.240991e-05
0,0.0,5.7686793e-05
1,1.0,0.9998708
0,0.0,5.211666e-05
0,0.0,5.284488e-05
0,0.0,5.5388104e-05
0,0.0,6.251895e-05
0,0.0,5.1451287e-05
0,0.0,5.000829e-05
0,0.0,4.7855072e-05
0,0.0,5.3507396e-05
1,1.0,0.9999259
0,0.0,5.02178e-05
0,0.0,2.2982804e-05
1,1.0,0.99995065
0,0.0,5.995713e-05
1,1.0,0.9713625
1,1.0,0.99995106
1,1.0,0.9972602
1,1.0,0.9999517
0,0.0,5.2861516e-05
1,1.0,0.9999064
1,1.0,0.99995047
1,1.0,0.99995095
1,1.0,0.9998657
0,0.0,2.9853834e-05
0,0.0,5.266196e-05
0,0.0,5.1470422e-05
0,0.0,5.7688445e-05
0,0.0,5.4153377e-05
0,0.0,5.3607248e-05
0,0.0,5.175126e-05
0,0.0,2.2990696e-05
0,0.0,7.2729876e-05
0,0.0,6.248903e-05
0,0.0,5.788539e-05
0,0.0,5.2120635e-05
0,0.0,6.991089e-05
0,0.0,5.3764055e-05
1,1.0,0.9999512
0,0.0,5.6253695e-05
0,0.0,5.767249e-05
0,0.0,5.2104086e-05
0,0.0,5.3859967e-05
0,0.0,5.6112145e-05
0,0.0,4.8255137e-05
0,0.0,5.766765e-05
0,0.0,5.1087627e-05
0,0.0,5.4279015e-05
0,0.0,5.003042e-05
0,0.0,6.195347e-05
1,1.0,0.99973303
0,0.0,5.459172e-05
0,0.0,5.0713392e-05
0,0.0,6.057881e-05
0,0.0,5.585551e-05
1,1.0,0.9999378
0,0.0,5.0069848e-05
0,0.0,4.9804978e-05
1,1.0,0.9998551
0,0.0,5.4262295e-05
0,0.0,5.3924367e-05
0,0.0,6.399626e-05
0,0.0,4.5890603e-05
1,1.0,0.99987787
0,0.0,4.571096e-05
1,1.0,0.999858
0,0.0,5.2119245e-05
0,0.0,5.1468705e-05
0,0.0,5.031002e-05
0,0.0,5.365691e-05
0,0.0,6.278481e-05
1,1.0,0.9998535
0,0.0,6.0950704e-05
0,0.0,5.0893712e-05
0,0.0,5.115437e-05
1,1.0,0.9988338
0,0.0,5.3624422e-05
1,1.0,0.9998545
0,0.0,4.6187353e-05
0,0.0,5.7639336e-05
1,1.0,0.9998712
0,0.0,5.3567594e-05
1,1.0,0.999875
0,0.0,5.0336464e-05
1,1.0,0.9999507
0,0.0,5.601361e-05
0,0.0,0.00012203662
0,0.0,5.0084083e-05
0,0.0,5.866585e-05
0,0.0,5.226338e-05
0,0.0,4.8633956e-05
1,1.0,0.9987927
0,0.0,4.7809594e-05
0,0.0,5.3860687e-05
0,0.0,7.216572e-05
1,1.0,0.9967857
0,0.0,5.240686e-05
0,0.0,4.8276444e-05
0,0.0,5.4154305e-05
0,0.0,5.1281408e-05
0,0.0,5.2336793e-05
0,0.0,5.3762622e-05
0,0.0,4.9284183e-05
0,0.0,5.138774e-05
0,0.0,2.2976603e-05
0,0.0,5.3388485e-05
0,0.0,4.5919365e-05
1,1.0,0.9953575
0,0.0,4.853481e-05
0,0.0,5.415327e-05
0,0.0,5.346567e-05
0,0.0,5.2680294e-05
0,0.0,5.376247e-05
0,0.0,5.459172e-05
0,0.0,5.779681e-05
0,0.0,4.9322687e-05
0,0.0,5.257751e-05
0,0.0,5.106474e-05
0,0.0,4.862649e-05
0,0.0,4.8245518e-05
0,0.0,4.7271504e-05
0,0.0,5.0277697e-05
0,0.0,4.89023e-05
0,0.0,5.1404208e-05
0,0.0,5.2277133e-05
0,0.0,4.573337e-05
1,1.0,0.99987733
0,0.0,6.097395e-05
0,0.0,5.0655246e-05
1,1.0,0.9999494
0,0.0,5.0308292e-05
1,1.0,0.9676634
0,0.0,5.138999e-05
1,1.0,0.99995023
1,1.0,0.9970918
0,0.0,6.735103e-05
0,0.0,5.3552474e-05
1,1.0,0.9999493
1,1.0,0.9987922
1,1.0,0.99987185
0,0.0,5.4279273e-05
0,0.0,5.3566826e-05
0,0.0,5.362253e-05
1,1.0,0.9933659
1,1.0,0.9580881
0,0.0,5.3301294e-05
0,0.0,5.2268068e-05
0,0.0,4.8277594e-05
0,0.0,5.427891e-05
1,1.0,0.9998527
0,0.0,4.5920242e-05
0,0.0,4.962246e-05
0,0.0,7.234638e-05
0,0.0,5.3779237e-05
1,1.0,0.99986786
0,0.0,5.464214e-05
0,0.0,6.859528e-05
0,0.0,5.3936918e-05
1,1.0,0.9999505
0,0.0,6.0960352e-05
0,0.0,5.4263382e-05
1,1.0,0.99987894
0,0.0,5.4149863e-05
0,0.0,5.4596407e-05
1,1.0,0.9999282
0,0.0,4.5898963e-05
1,1.0,0.99869263
0,0.0,7.0921335e-05
0,0.0,5.145374e-05
1,1.0,0.98307824
0,0.0,4.9431314e-05
1,1.0,0.99975735
0,0.0,5.654111e-05
0,0.0,7.095042e-05
0,0.0,5.346618e-05
0,0.0,5.1472434e-05
0,0.0,5.2708994e-05
1,1.0,0.9999498
0,0.0,5.3466894e-05
0,0.0,5.4259242e-05
0,0.0,5.764137e-05
1,1.0,0.99986947
0,0.0,5.459167e-05
1,1.0,0.9998776
1,1.0,0.99986875
0,0.0,5.2474126e-05
1,1.0,0.99994904
0,0.0,5.7762645e-05
1,1.0,0.9999512
0,0.0,5.2737098e-05
0,0.0,6.0957096e-05
0,0.0,5.7761987e-05
0,0.0,5.114569e-05
1,1.0,0.9592489
0,0.0,5.2118252e-05
0,0.0,4.909144e-05
1,1.0,0.995369
0,0.0,5.3389045e-05
1,1.0,0.9998785
1,1.0,0.99979377
0,0.0,4.9981692e-05
0,0.0,5.623224e-05
1,1.0,0.99995106
0,0.0,4.4010252e-05
0,0.0,5.248138e-05
0,0.0,5.365604e-05
0,0.0,4.7960468e-05
0,0.0,5.272221e-05
1,1.0,0.9999521
0,0.0,5.0893515e-05
0,0.0,7.089983e-05
1,1.0,0.9999508
0,0.0,5.2119143e-05
0,0.0,5.385406e-05
0,0.0,5.088847e-05
0,0.0,5.3628515e-05
0,0.0,4.926059e-05
1,1.0,0.9999491
1,1.0,0.99990433
0,0.0,5.147268e-05
0,0.0,5.3769392e-05
1,1.0,0.99995124
1,1.0,0.99977684
0,0.0,2.2986422e-05
0,0.0,4.903572e-05
1,1.0,0.99995124
1,1.0,0.9999517
0,0.0,5.361716e-05
0,0.0,5.3772004e-05
0,0.0,8.830326e-05
0,0.0,5.1729745e-05
0,0.0,5.3660493e-05
1,1.0,0.99987185
1,1.0,0.9999516
0,0.0,5.1179162e-05
0,0.0,5.1717812e-05
0,0.0,5.3657062e-05
0,0.0,5.9931346e-05
0,0.0,5.3465872e-05
0,0.0,5.3260494e-05
0,0.0,2.297645e-05
0,0.0,5.4637036e-05
1,1.0,0.99986756
0,0.0,5.4602762e-05
0,0.0,5.3656397e-05
1,1.0,0.904917
0,0.0,5.2498654e-05
0,0.0,5.426183e-05
0,0.0,6.0908867e-05
1,1.0,0.99986196
1,1.0,0.99987507
0,0.0,5.7641424e-05
0,0.0,5.338884e-05
0,0.0,6.389973e-05
0,0.0,6.026012e-05
1,1.0,0.9994296
0,0.0,6.1891e-05
0,0.0,4.877166e-05
0,0.0,5.1389452e-05
0,0.0,5.4601824e-05
1,1.0,0.99764824
0,0.0,5.263756e-05
1,1.0,0.9998732
1,1.0,0.99986875
1,1.0,0.99978906
0,0.0,4.7275968e-05
1,1.0,0.99986565
1,1.0,0.99984443
0,0.0,5.658323e-05
0,0.0,4.7911053e-05
0,0.0,4.331024e-05
1,1.0,0.99730915
1,1.0,0.99995136
0,0.0,5.0961407e-05
0,0.0,6.19319e-05
0,0.0,5.1666597e-05
0,0.0,5.299673e-05
0,0.0,5.763906e-05
0,0.0,6.388699e-05
0,0.0,5.3660082e-05
0,0.0,5.2276533e-05
1,1.0,0.99986076
0,0.0,5.3506275e-05
0,0.0,5.426276e-05
0,0.0,4.956239e-05
0,0.0,5.4333388e-05
0,0.0,6.0175593e-05
1,1.0,0.99986774
1,1.0,0.999951
0,0.0,5.3779186e-05
0,0.0,5.3658547e-05
1,1.0,0.9999116
0,0.0,5.9962164e-05
0,0.0,5.435536e-05
0,0.0,5.3760676e-05
1,1.0,0.9998758
0,0.0,5.365916e-05
1,1.0,0.99988544
0,0.0,6.709038e-05
0,0.0,4.7281108e-05
0,0.0,2.298285e-05
0,0.0,4.5644312e-05
0,0.0,4.9849074e-05
1,1.0,0.9998704
0,0.0,5.1764982e-05
1,1.0,0.8960455
1,1.0,0.99987715
0,0.0,6.830754e-05
1,1.0,0.99714345
1,1.0,0.9999218
0,0.0,5.2531854e-05
0,0.0,7.096294e-05
0,0.0,2.9854176e-05
0,0.0,5.350653e-05
1,1.0,0.99995095
0,0.0,5.3877488e-05
0,0.0,5.3861047e-05
0,0.0,5.148594e-05
1,1.0,0.9997906
0,0.0,2.985315e-05
0,0.0,2.2983288e-05
1,1.0,0.9998053
1,1.0,0.999873
0,0.0,5.3553136e-05
1,1.0,0.99921536
1,1.0,0.999872
0,0.0,5.1067324e-05
0,0.0,5.1471943e-05
0,0.0,5.290271e-05
0,0.0,4.811636e-05
1,1.0,0.99986964
0,0.0,6.2655505e-05
0,0.0,6.859201e-05
0,0.0,2.300717e-05
1,1.0,0.99985474
0,0.0,5.7088317e-05
0,0.0,5.415379e-05
1,1.0,0.99987334
0,0.0,7.3024676e-05
1,1.0,0.999791
0,0.0,5.350561e-05
0,0.0,7.094257e-05
0,0.0,5.3773492e-05
0,0.0,5.438419e-05
1,1.0,0.9999494
0,0.0,4.9259557e-05
0,0.0,4.865854e-05
0,0.0,4.5898614e-05
0,0.0,5.361793e-05
1,1.0,0.99985474
0,0.0,5.0043498e-05
1,1.0,0.9999492
0,0.0,5.4100517e-05
1,1.0,0.9998711
0,0.0,5.76978e-05
0,0.0,2.985315e-05
0,0.0,5.4210108e-05
0,0.0,5.264037e-05
1,1.0,0.9645845
0,0.0,5.2117604e-05
1,1.0,0.9998715
0,0.0,5.601591e-05
0,0.0,5.265513e-05
0,0.0,2.2980064e-05
1,1.0,0.99995035
1,1.0,0.99987406
0,0.0,5.365962e-05
0,0.0,5.1335523e-05
1,1.0,0.96772444
0,0.0,2.9873938e-05
0,0.0,5.4215383e-05
0,0.0,5.3564683e-05
0,0.0,5.1265568e-05
1,1.0,0.999853
0,0.0,6.828969e-05
0,0.0,5.0565523e-05
0,0.0,5.6522615e-05
0,0.0,4.9792012e-05
1,1.0,0.9979944
0,0.0,5.0808416e-05
0,0.0,5.200788e-05
0,0.0,5.678529e-05
1,1.0,0.9999511
0,0.0,5.7571277e-05
1,1.0,0.9998769
0,0.0,4.7272857e-05
0,0.0,5.3603922e-05
1,1.0,0.99986863
0,0.0,5.1470866e-05
0,0.0,5.3603566e-05
1,1.0,0.99994993
0,0.0,7.094433e-05
1,1.0,0.99995124
0,0.0,5.2415107e-05
0,0.0,5.3760676e-05
0,0.0,5.1452364e-05
0,0.0,5.2057945e-05
0,0.0,5.3608524e-05
0,0.0,6.626437e-05
0,0.0,5.4992277e-05
0,0.0,5.2905736e-05
1,1.0,0.99986553
1,1.0,0.99943924
1,1.0,0.97272706
0,0.0,9.794695e-05
0,0.0,2.983667e-05
0,0.0,5.3766005e-05
0,0.0,4.701382e-05
0,0.0,5.3613276e-05
0,0.0,5.1453397e-05
0,0.0,7.0926544e-05
0,0.0,5.4263175e-05
0,0.0,5.2822863e-05
0,0.0,6.7416564e-05
0,0.0,4.7135698e-05
1,1.0,0.99987775
0,0.0,7.094393e-05
0,0.0,5.095121e-05
1,1.0,0.9998661
0,0.0,5.142333e-05
0,0.0,5.994438e-05
0,0.0,4.7284353e-05
0,0.0,5.3976328e-05
0,0.0,5.5790937e-05
1,1.0,0.99994975
0,0.0,5.2117455e-05
0,0.0,5.4214863e-05
0,0.0,5.3558757e-05
0,0.0,5.3861047e-05
1,1.0,0.999856
0,0.0,5.2474024e-05
0,0.0,6.389546e-05
1,1.0,0.9998758
0,0.0,5.4639433e-05
0,0.0,6.795526e-05
0,0.0,5.7642028e-05
1,1.0,0.9933922
0,0.0,4.974403e-05
0,0.0,2.9864936e-05
1,1.0,0.9999514
1,1.0,0.9995202
0,0.0,5.2542775e-05
0,0.0,4.7524627e-05
0,0.0,5.3166714e-05
0,0.0,5.4153064e-05
0,0.0,4.851389e-05
0,0.0,5.5842364e-05
0,0.0,5.8687114e-05
1,1.0,0.9998772
0,0.0,6.389558e-05
0,0.0,5.3615782e-05
1,1.0,0.9999499
0,0.0,5.3567797e-05
0,0.0,5.2656436e-05
0,0.0,7.094406e-05
0,0.0,5.1385876e-05
0,0.0,5.427865e-05
0,0.0,5.7731315e-05
0,0.0,2.9852923e-05
0,0.0,5.1489864e-05
0,0.0,4.720065e-05
0,0.0,4.9558894e-05
1,1.0,0.99995166
1,1.0,0.99990606
0,0.0,5.7638677e-05
0,0.0,5.4038028e-05
1,1.0,0.99994975
0,0.0,5.522456e-05
1,1.0,0.9999513
0,0.0,7.094487e-05
0,0.0,5.6788704e-05
1,1.0,0.99986845
0,0.0,5.3589407e-05
0,0.0,5.3566928e-05
0,0.0,5.356749e-05
0,0.0,6.858036e-05
0,0.0,5.3562333e-05
1,1.0,0.9998983
1,1.0,0.9998753
1,1.0,0.9999498
0,0.0,5.5391698e-05
1,1.0,0.9998946
0,0.0,3.0685984e-05
0,0.0,3.0806284e-05
1,1.0,0.99994403
0,0.0,5.5927787e-05
0,0.0,1.8194076e-05
0,0.0,5.7944544e-05
0,0.0,4.1974825e-05
0,0.0,5.7821235e-05
0,0.0,4.5217355e-05
1,1.0,0.99985826
1,1.0,0.9998566
0,0.0,4.2236097e-05
1,1.0,0.99953836
0,0.0,4.0135586e-05
0,0.0,4.3428405e-05
1,1.0,0.9999474
0,0.0,5.0572515e-05
0,0.0,4.241013e-05
1,1.0,0.9998575
1,1.0,0.99847037
0,0.0,1.7009022e-05
0,0.0,3.2066433e-05
0,0.0,3.114935e-05
0,0.0,2.6684887e-05
0,0.0,4.1125128e-05
0,0.0,4.3876487e-05
0,0.0,5.682722e-05
0,0.0,4.1095172e-05
1,1.0,0.9998421
0,0.0,6.1360035e-05
0,0.0,3.6203364e-05
0,0.0,5.506537e-05
0,0.0,5.6829496e-05
0,0.0,4.231596e-05
1,1.0,0.9998358
0,0.0,4.216181e-05
0,0.0,6.07113e-05
0,0.0,5.6827706e-05
0,0.0,4.34318e-05
1,1.0,0.9999093
0,0.0,5.5941815e-05
0,0.0,5.0608694e-05
1,1.0,0.9999481
1,1.0,0.99845797
1,1.0,0.9998576
0,0.0,5.7822283e-05
1,1.0,0.99682254
0,0.0,3.769241e-05
1,1.0,0.9999106
0,0.0,6.0489157e-05
0,0.0,3.8830443e-05
1,1.0,0.99994844
0,0.0,8.490897e-05
0,0.0,5.7207828e-05
1,1.0,0.9998709
0,0.0,4.8977294e-05
0,0.0,5.1548577e-05
0,0.0,3.811052e-05
0,0.0,4.533389e-05
0,0.0,5.8164776e-05
0,0.0,6.0670205e-05
0,0.0,2.852213e-05
0,0.0,5.9216167e-05
0,0.0,5.9177444e-05
1,1.0,0.9998582
0,0.0,3.082309e-05
1,1.0,0.9999063
0,0.0,5.293562e-05
0,0.0,5.7244506e-05
0,0.0,4.8559206e-05
0,0.0,4.9070517e-05
1,1.0,0.99970216
0,0.0,4.96661e-05
0,0.0,3.9255832e-05
1,1.0,0.99994797
0,0.0,3.7797872e-05
0,0.0,3.8147282e-05
0,0.0,3.740469e-05
0,0.0,4.8891154e-05
0,0.0,6.070991e-05
0,0.0,3.9230006e-05
0,0.0,4.2312855e-05
0,0.0,3.773175e-05
1,1.0,0.9998575
0,0.0,5.6725214e-05
0,0.0,1.816436e-05
1,1.0,0.9998571
0,0.0,2.6693873e-05
0,0.0,5.6149023e-05
1,1.0,0.9999481
1,1.0,0.9999477
1,1.0,0.999857
0,0.0,1.816845e-05
0,0.0,6.070991e-05
1,1.0,0.9977157
0,0.0,6.154417e-05
0,0.0,4.206454e-05
1,1.0,0.9996576
1,1.0,0.9998567
0,0.0,3.816981e-05
0,0.0,5.724385e-05
1,1.0,0.9998572
0,0.0,4.9039554e-05
0,0.0,4.9692113e-05
1,1.0,0.9999481
0,0.0,4.7889673e-05
0,0.0,4.1583455e-05
0,0.0,3.7738588e-05
0,0.0,5.6637866e-05
0,0.0,6.067032e-05
0,0.0,3.9388764e-05
0,0.0,3.1810014e-05
1,1.0,0.99926525
1,1.0,0.9999261
0,0.0,3.2037766e-05
0,0.0,6.116655e-05
0,0.0,5.0865274e-05
0,0.0,4.395216e-05
1,1.0,0.99994934
1,1.0,0.9995502
0,0.0,3.8724756e-05
1,1.0,0.97765213
0,0.0,4.415234e-05
1,1.0,0.99960804
1,1.0,0.99817824
0,0.0,4.1670908e-05
0,0.0,3.9204835e-05
0,0.0,5.724538e-05
0,0.0,5.7245543e-05
0,0.0,1.8148501e-05
1,1.0,0.9998566
0,0.0,4.1092782e-05
1,1.0,0.9999415
0,0.0,4.986372e-05
0,0.0,4.078009e-05
1,1.0,0.9986164
0,0.0,6.136144e-05
0,0.0,3.332883e-05
1,1.0,0.99987954
0,0.0,4.8772592e-05
0,0.0,4.1521762e-05
0,0.0,3.0803494e-05
0,0.0,6.071008e-05
0,0.0,4.893971e-05
0,0.0,6.1543935e-05
0,0.0,5.3601416e-05
0,0.0,3.8660484e-05
1,1.0,0.9992793
0,0.0,4.2405518e-05
1,1.0,0.9999474
0,0.0,4.158738e-05
0,0.0,5.9243957e-05
1,1.0,0.9999259
1,1.0,0.9999494
1,1.0,0.9990098
1,1.0,0.99983925
0,0.0,4.2335785e-05
1,1.0,0.9999192
0,0.0,4.9623075e-05
0,0.0,5.165216e-05
0,0.0,5.0642106e-05
0,0.0,6.1348335e-05
0,0.0,3.8380636e-05
0,0.0,5.308986e-05
0,0.0,2.8524306e-05
0,0.0,6.136185e-05
0,0.0,5.3094922e-05
0,0.0,3.173015e-05
0,0.0,2.9926177e-05
1,1.0,0.9998572
0,0.0,4.9227063e-05
0,0.0,6.134927e-05
0,0.0,4.911401e-05
0,0.0,5.6169592e-05
0,0.0,5.0586794e-05
0,0.0,4.314415e-05
0,0.0,4.969311e-05
1,1.0,0.999857
0,0.0,1.700917e-05
0,0.0,5.5618453e-05
0,0.0,5.8983856e-05
0,0.0,4.167361e-05
0,0.0,4.2811436e-05
1,1.0,0.9998669
0,0.0,6.835628e-05
0,0.0,3.2118067e-05
0,0.0,4.351289e-05
0,0.0,3.0915384e-05
0,0.0,4.877185e-05
0,0.0,3.305103e-05
1,1.0,0.99989015
0,0.0,4.8825874e-05
0,0.0,5.7821508e-05
0,0.0,4.6265202e-05
1,1.0,0.99956286
0,0.0,6.0710605e-05
0,0.0,3.7311638e-05
0,0.0,3.0525072e-05
0,0.0,5.669455e-05
0,0.0,3.6467438e-05
0,0.0,5.3593034e-05
1,1.0,0.9999479
0,0.0,4.242073e-05
1,1.0,0.9999495
0,0.0,3.452928e-05
0,0.0,3.8360726e-05
1,1.0,0.9999483
1,1.0,0.999842
0,0.0,6.0525388e-05
0,0.0,6.1420345e-05
1,1.0,0.9999484
1,1.0,0.9999475
0,0.0,1.816301e-05
0,0.0,2.8225353e-05
1,1.0,0.99985814
0,0.0,3.926609e-05
0,0.0,5.6059092e-05
0,0.0,3.177269e-05
1,1.0,0.9999474
1,1.0,0.9981767
0,0.0,4.1578423e-05
1,1.0,0.99994797
0,0.0,3.926141e-05
0,0.0,5.921131e-05
0,0.0,3.1235137e-05
0,0.0,4.3945205e-05
0,0.0,3.1777054e-05
0,0.0,5.5486445e-05
0,0.0,5.724538e-05
0,0.0,4.9278166e-05
0,0.0,2.9343564e-05
1,1.0,0.9997724
0,0.0,6.071269e-05
0,0.0,5.669482e-05
0,0.0,4.3637636e-05
1,1.0,0.9999485
0,0.0,4.2355325e-05
1,1.0,0.99811035
0,0.0,6.154617e-05
1,1.0,0.9999433
0,0.0,3.5851277e-05
0,0.0,4.9826453e-05
0,0.0,5.6636676e-05
0,0.0,3.96474e-05
1,1.0,0.9999402
0,0.0,3.452872e-05
1,1.0,0.99984246
1,1.0,0.9998305
0,0.0,3.770866e-05
0,0.0,5.9179816e-05
0,0.0,5.0628438e-05
0,0.0,0.0001587856
0,0.0,5.6636352e-05
0,0.0,5.5429744e-05
1,1.0,0.9998583
0,0.0,3.3900156e-05
1,1.0,0.9999714
1,1.0,0.9999483
0,0.0,3.7722184e-05
0,0.0,4.4155626e-05
1,1.0,0.9999109
1,1.0,0.9998575
0,0.0,5.7821784e-05
1,1.0,0.99992627
1,1.0,0.9998426
1,1.0,0.99935806
0,0.0,3.8151466e-05
0,0.0,3.3905133e-05
0,0.0,1.8130473e-05
1,1.0,0.9995141
0,0.0,4.985844e-05
0,0.0,5.0631337e-05
0,0.0,6.0892547e-05
0,0.0,3.0112973e-05
0,0.0,6.0892777e-05
1,1.0,0.9894471
0,0.0,5.5927252e-05
0,0.0,4.906738e-05
0,0.0,6.134915e-05
0,0.0,4.7334524e-05
1,1.0,0.9997723
0,0.0,4.8070913e-05
0,0.0,2.8043767e-05
0,0.0,3.6606012e-05
1,1.0,0.9998566
1,1.0,0.9999474
0,0.0,6.071176e-05
0,0.0,5.6693523e-05
0,0.0,4.154192e-05
0,0.0,4.8941904e-05
0,0.0,3.7249814e-05
0,0.0,3.7317972e-05
0,0.0,5.010032e-05
1,1.0,0.99983835
0,0.0,6.154147e-05
0,0.0,3.914006e-05
1,1.0,0.99989367
0,0.0,1.7018905e-05
0,0.0,3.205934e-05
1,1.0,0.9972957
0,0.0,5.067795e-05
0,0.0,4.8701248e-05
0,0.0,3.839971e-05
1,1.0,0.9997398
0,0.0,5.508008e-05
0,0.0,5.7619778e-05
0,0.0,4.3530817e-05
0,0.0,5.6828954e-05
0,0.0,6.116614e-05
1,1.0,0.9998423
0,0.0,3.819967e-05
1,1.0,0.9998572
1,1.0,0.99994755
1,1.0,0.9999482
0,0.0,4.9229693e-05
0,0.0,5.2474978e-05
0,0.0,5.7821893e-05
1,1.0,0.9999474
0,0.0,3.223061e-05
0,0.0,4.2427244e-05
0,0.0,5.1378378e-05
0,0.0,4.0849955e-05
0,0.0,3.0523122e-05
1,1.0,0.9987069
1,1.0,0.99985707
0,0.0,3.7335096e-05
0,0.0,3.6470814e-05
0,0.0,3.822306e-05
0,0.0,6.135342e-05
1,1.0,0.99944794
1,1.0,0.99985725
0,0.0,6.146662e-05
0,0.0,5.0908857e-05
0,0.0,6.136115e-05
0,0.0,3.724413e-05
0,0.0,3.9589104e-05
0,0.0,3.0115558e-05
0,0.0,1.8161416e-05
1,1.0,0.99985784
0,0.0,4.158631e-05
0,0.0,6.134938e-05
0,0.0,5.7821893e-05
1,1.0,0.9993111
0,0.0,3.178042e-05
0,0.0,8.417253e-05
0,0.0,6.134938e-05
0,0.0,4.4897457e-05
0,0.0,4.9284652e-05
0,0.0,5.038199e-05
0,0.0,4.182239e-05
0,0.0,5.6059893e-05
0,0.0,4.1597854e-05
1,1.0,0.99906147
0,0.0,5.7617082e-05
1,1.0,0.9998568
1,1.0,0.9999484
0,0.0,5.592715e-05
0,0.0,5.6059038e-05
0,0.0,5.918162e-05
0,0.0,6.0488583e-05
0,0.0,4.3893942e-05
0,0.0,4.2058124e-05
0,0.0,5.9031576e-05
1,1.0,0.99994826
0,0.0,5.592736e-05
0,0.0,4.1663876e-05
1,1.0,0.99985826
0,0.0,5.724396e-05
0,0.0,5.9004335e-05
1,1.0,0.99994814
0,0.0,5.5145247e-05
1,1.0,0.99862903
0,0.0,5.669428e-05
0,0.0,3.3891363e-05
0,0.0,5.6059307e-05
0,0.0,3.814368e-05
0,0.0,5.0018545e-05
0,0.0,5.476614e-05
1,1.0,0.99985826
0,0.0,5.903608e-05
0,0.0,4.2101303e-05
0,0.0,3.863892e-05
0,0.0,3.9235132e-05
0,0.0,1.816268e-05
1,1.0,0.99980986
0,0.0,3.3756598e-05
0,0.0,3.053276e-05
1,1.0,0.99985814
0,0.0,5.9036247e-05
1,1.0,0.99985754
0,0.0,3.8146372e-05
1,1.0,0.99797064
0,0.0,6.0892893e-05
0,0.0,6.0490023e-05
0,0.0,5.6820933e-05
0,0.0,5.6058932e-05
0,0.0,5.9179758e-05
1,1.0,0.9998583
0,0.0,6.11669e-05
0,0.0,1.8170824e-05
0,0.0,2.8871103e-05
1,1.0,0.99990827
0,0.0,3.929759e-05
0,0.0,5.506222e-05
0,0.0,1.701079e-05
0,0.0,1.7010143e-05
0,0.0,4.1092037e-05
1,1.0,0.999857
0,0.0,5.9120077e-05
0,0.0,6.134207e-05
0,0.0,5.087289e-05
1,1.0,0.99990934
1,1.0,0.99994785
0,0.0,5.682787e-05
1,1.0,0.9999134
1,1.0,0.99985725
0,0.0,5.903113e-05
0,0.0,3.9290993e-05
1,1.0,0.9998581
0,0.0,5.91801e-05
0,0.0,4.438605e-05
1,1.0,0.99985725
0,0.0,3.122379e-05
1,1.0,0.999948
0,0.0,3.8830185e-05
0,0.0,5.9210353e-05
0,0.0,6.135009e-05
0,0.0,5.9002534e-05
1,1.0,0.999857
0,0.0,6.134962e-05
0,0.0,5.682906e-05
0,0.0,4.3439548e-05
0,0.0,4.537692e-05
0,0.0,4.9028517e-05
0,0.0,6.049066e-05
0,0.0,3.868408e-05
1,1.0,0.9999483
1,1.0,0.9998572
1,1.0,0.99985677
1,1.0,0.9999483
0,0.0,3.1716325e-05
0,0.0,4.3613505e-05
0,0.0,5.5067736e-05
0,0.0,5.9216338e-05
0,0.0,3.2106644e-05
1,1.0,0.9998581
1,1.0,0.99994814
0,0.0,3.9371338e-05
1,1.0,0.9988395
0,0.0,5.0330706e-05
0,0.0,3.8640614e-05
1,1.0,0.9999475
1,1.0,0.99879926
0,0.0,3.9204722e-05
1,1.0,0.99983937
0,0.0,4.0790706e-05
1,1.0,0.99991643
0,0.0,3.176636e-05
0,0.0,4.2337037e-05
0,0.0,5.504238e-05
0,0.0,3.9225142e-05
0,0.0,5.5998447e-05
0,0.0,5.1541796e-05
1,1.0,0.9998577
0,0.0,2.8224815e-05
0,0.0,4.1065796e-05
0,0.0,5.6695146e-05
0,0.0,4.2135285e-05
0,0.0,5.5129374e-05
0,0.0,4.3438344e-05
1,1.0,0.9999478
0,0.0,3.758946e-05
1,1.0,0.99985814
0,0.0,3.0501997e-05
0,0.0,4.1710868e-05
0,0.0,3.2031072e-05
1,1.0,0.9999282
0,0.0,5.2951622e-05
1,1.0,0.99985653
1,1.0,0.99994826
0,0.0,3.2061234e-05
0,0.0,5.0503208e-05
0,0.0,6.0668703e-05
1,1.0,0.9999481
0,0.0,6.116818e-05
1,1.0,0.9996948
0,0.0,3.3329783e-05
0,0.0,3.2046228e-05
0,0.0,3.850227e-05
0,0.0,4.325031e-05
0,0.0,6.2078725e-05
1,1.0,0.9999481
1,1.0,0.99985725
0,0.0,5.0448773e-05
0,0.0,3.2028507e-05
0,0.0,3.181329e-05
0,0.0,6.1543644e-05
0,0.0,4.1123636e-05
0,0.0,3.2071726e-05
0,0.0,1.7009948e-05
1,1.0,0.9999476
0,0.0,5.9037095e-05
0,0.0,5.917914e-05
0,0.0,4.622167e-05
0,0.0,5.7207828e-05
0,0.0,5.5928107e-05
0,0.0,4.518662e-05
1,1.0,0.99994814
1,1.0,0.9998581
0,0.0,5.315683e-05
0,0.0,4.1586034e-05
1,1.0,0.9998572
0,0.0,5.592736e-05
0,0.0,4.2148782e-05
1,1.0,0.99994767
0,0.0,2.9964045e-05
1,1.0,0.9998194
1,1.0,0.9986612
0,0.0,4.3549087e-05
1,1.0,0.99985814
1,1.0,0.9997813
0,0.0,3.447075e-05
0,0.0,4.45953e-05
0,0.0,5.0200226e-05
0,0.0,4.022426e-05
0,0.0,5.062979e-05
0,0.0,3.9081653e-05
0,0.0,3.0108522e-05
0,0.0,3.1940785e-05
0,0.0,4.885373e-05
0,0.0,6.27001e-05
0,0.0,4.246586e-05
0,0.0,3.9230155e-05
0,0.0,3.7155227e-05
0,0.0,3.0587868e-05
0,0.0,3.8380087e-05
0,0.0,4.897407e-05
1,1.0,0.99990505
0,0.0,4.068038e-05
0,0.0,5.9039627e-05
0,0.0,5.758017e-05
1,1.0,0.9998396
0,0.0,5.1552513e-05
0,0.0,4.3534015e-05
0,0.0,2.8756574e-05
0,0.0,1.8133673e-05
0,0.0,4.0419363e-05
0,0.0,6.767686e-05
0,0.0,0.00010596203
1,1.0,0.99941295
1,1.0,0.9996393
0,0.0,3.838005e-05
0,0.0,1.7024877e-05
1,1.0,0.99961555
0,0.0,3.3344822e-05
0,0.0,5.390879e-05
0,0.0,3.817454e-05
1,1.0,0.9998583
0,0.0,3.179118e-05
1,1.0,0.9978571
0,0.0,3.9199116e-05
0,0.0,5.1877705e-05
1,1.0,0.99994826
0,0.0,5.7206955e-05
0,0.0,3.1778174e-05
0,0.0,6.134974e-05
0,0.0,3.8725644e-05
0,0.0,5.6058932e-05
1,1.0,0.99985766
0,0.0,6.0669685e-05
0,0.0,3.0169485e-05
0,0.0,4.4023436e-05
0,0.0,3.5767644e-05
0,0.0,3.836424e-05
1,1.0,0.9996001
1,1.0,0.9998573
1,1.0,0.99985677
1,1.0,0.9999477
0,0.0,3.180907e-05
0,0.0,6.1543935e-05
0,0.0,1.7009817e-05
0,0.0,4.1536612e-05
0,0.0,6.0667313e-05
1,1.0,0.99985826
1,1.0,0.99985707
1,1.0,0.999948
0,0.0,3.1801097e-05
1,1.0,0.9998752
0,0.0,4.546971e-05
0,0.0,5.337067e-05
0,0.0,5.9178463e-05
0,0.0,4.1594998e-05
0,0.0,3.3383705e-05
0,0.0,3.6686248e-05
0,0.0,5.6058718e-05
0,0.0,3.8640283e-05
1,1.0,0.99934393
1,1.0,0.9998583
0,0.0,2.7407163e-05
0,0.0,3.9265604e-05
0,0.0,5.9002534e-05
0,0.0,1.6991156e-05
0,0.0,3.8769245e-05
0,0.0,2.669087e-05
0,0.0,4.415268e-05
0,0.0,4.8986825e-05
0,0.0,1.700239e-05
0,0.0,2.8517723e-05
0,0.0,3.3061056e-05
0,0.0,3.3902423e-05
0,0.0,3.9082548e-05
0,0.0,4.4159882e-05
0,0.0,6.136267e-05
0,0.0,3.8086975e-05
0,0.0,4.241846e-05
0,0.0,5.103261e-05
0,0.0,5.6694927e-05
0,0.0,3.3330194e-05
0,0.0,3.1777992e-05
0,0.0,3.83996e-05
1,1.0,0.9980207
0,0.0,4.221411e-05
0,0.0,6.0490427e-05
0,0.0,2.5623187e-05
0,0.0,5.4937656e-05
0,0.0,5.270688e-05
1,1.0,0.9998572
0,0.0,6.088918e-05
0,0.0,1.7010694e-05
1,1.0,0.9991138
1,1.0,0.9998566
0,0.0,3.4518842e-05
0,0.0,3.0503015e-05
1,1.0,0.99980557
0,0.0,5.0715473e-05
1,1.0,0.99050635
0,0.0,4.206835e-05
1,1.0,0.99985653
0,0.0,3.207662e-05
0,0.0,5.3262524e-05
1,1.0,0.999948
0,0.0,5.3511532e-05
1,1.0,0.99990493
0,0.0,4.166316e-05
0,0.0,6.1360035e-05
0,0.0,3.6097634e-05
0,0.0,4.6233796e-05
0,0.0,6.154558e-05
0,0.0,5.6636134e-05
0,0.0,4.9644987e-05
1,1.0,0.99985665
0,0.0,5.497786e-05
1,1.0,0.9998422
0,0.0,5.918264e-05
0,0.0,6.0710834e-05
1,1.0,0.9998569
0,0.0,5.6095665e-05
0,0.0,4.993228e-05
0,0.0,1.8126497e-05
0,0.0,1.7010661e-05
0,0.0,4.3916592e-05
0,0.0,2.818224e-05
1,1.0,0.99931735
0,0.0,4.109184e-05
1,1.0,0.9999474
1,1.0,0.99994844
0,0.0,3.789749e-05
0,0.0,4.152956e-05
0,0.0,5.5927787e-05
1,1.0,0.9993767
0,0.0,3.092299e-05
0,0.0,3.7906815e-05
0,0.0,2.8868928e-05
1,1.0,0.9971944
1,1.0,0.9998571
0,0.0,5.0614777e-05
0,0.0,5.0723494e-05
1,1.0,0.9972074
0,0.0,4.112348e-05
0,0.0,4.109839e-05
0,0.0,4.8818936e-05
0,0.0,3.447335e-05
1,1.0,0.9974122
0,0.0,6.767873e-05
1,1.0,0.99990165
1,1.0,0.99994755
0,0.0,5.359017e-05
0,0.0,6.200696e-05
1,1.0,0.99990827
0,0.0,3.9130955e-05
0,0.0,3.1811986e-05
1,1.0,0.9998387
0,0.0,2.8222043e-05
0,0.0,6.559756e-05
0,0.0,6.0489045e-05
0,0.0,5.9213515e-05
0,0.0,5.782013e-05
0,0.0,5.9244863e-05
0,0.0,5.0861345e-05
0,0.0,5.6693145e-05
0,0.0,6.134915e-05
0,0.0,6.0712107e-05
0,0.0,3.2120824e-05
1,1.0,0.99938565
0,0.0,3.87745e-05
0,0.0,6.142022e-05
0,0.0,5.920894e-05
1,1.0,0.99994844
0,0.0,3.6459543e-05
0,0.0,3.2056923e-05
0,0.0,4.590807e-05
0,0.0,5.900186e-05
0,0.0,5.7206737e-05
1,1.0,0.9999477
0,0.0,5.506385e-05
0,0.0,4.234733e-05
0,0.0,2.8222232e-05
1,1.0,0.9997325
0,0.0,2.8721244e-05
0,0.0,4.3454333e-05
1,1.0,0.99984264
1,1.0,0.99994844
1,1.0,0.99994814
0,0.0,2.981133e-05
0,0.0,3.1777752e-05
0,0.0,1.8127708e-05
1,1.0,0.9972728
0,0.0,6.1544524e-05
0,0.0,6.1349856e-05
0,0.0,3.683538e-05
1,1.0,0.9999481
0,0.0,5.5087803e-05
0,0.0,4.9806164e-05
1,1.0,0.9999484
1,1.0,0.9998583
0,0.0,5.903687e-05
0,0.0,6.135038e-05
0,0.0,5.9214926e-05
0,0.0,4.546429e-05
1,1.0,0.9998569
0,0.0,2.670304e-05
0,0.0,1.8158404e-05
0,0.0,5.6694604e-05
1,1.0,0.99985754
1,1.0,0.9988694
0,0.0,3.817323e-05
1,1.0,0.9999486
0,0.0,5.067196e-05
0,0.0,3.0530227e-05
1,1.0,0.99728674
0,0.0,5.0864546e-05
0,0.0,3.2061907e-05
1,1.0,0.9998426
0,0.0,3.0587984e-05
1,1.0,0.9995934
1,1.0,0.9998423
1,1.0,0.9999482
0,0.0,3.2054293e-05
0,0.0,3.1782238e-05
0,0.0,5.0619023e-05
0,0.0,4.1560303e-05
0,0.0,5.8995895e-05
0,0.0,5.6636352e-05
0,0.0,5.9039572e-05
0,0.0,0.0001337332
0,0.0,5.9003323e-05
0,0.0,4.8510978e-05
0,0.0,3.322249e-05
1,1.0,0.9993467
0,0.0,3.8143244e-05
0,0.0,5.2255058e-05
1,1.0,0.99967074
0,0.0,1.8173649e-05
0,0.0,5.0632447e-05
1,1.0,0.99767655
1,1.0,0.99994427
0,0.0,4.2043608e-05
1,1.0,0.9998571
0,0.0,3.9755494e-05
0,0.0,5.6695415e-05
0,0.0,5.026283e-05
1,1.0,0.9998578
0,0.0,5.724407e-05
1,1.0,0.9998037
0,0.0,4.159313e-05
0,0.0,6.0525734e-05
1,1.0,0.9998905
1,1.0,0.99996114
0,0.0,5.786073e-05
0,0.0,3.850642e-05
0,0.0,3.3341512e-05
0,0.0,3.2051055e-05
0,0.0,3.9218747e-05
0,0.0,5.720832e-05
0,0.0,6.0707593e-05
0,0.0,4.9602633e-05
0,0.0,4.5265588e-05
0,0.0,6.116323e-05
0,0.0,4.158068e-05
0,0.0,5.918117e-05
0,0.0,5.0458446e-05
0,0.0,5.126322e-05
0,0.0,3.751354e-05
1,1.0,0.9997804
0,0.0,5.5090903e-05
1,1.0,0.9981758
1,1.0,0.99985814
1,1.0,0.9998564
0,0.0,5.921504e-05
1,1.0,0.99972564
0,0.0,5.075011e-05
1,1.0,0.9999476
1,1.0,0.99998236
0,0.0,4.465786e-05
1,1.0,0.9998255
1,1.0,0.99994797
0,0.0,1.7009233e-05
0,0.0,4.324994e-05
0,0.0,3.2074357e-05
0,0.0,1.8128641e-05
0,0.0,6.136167e-05
1,1.0,0.9915347
0,0.0,4.9729137e-05
0,0.0,5.7822337e-05
1,1.0,0.99956876
1,1.0,0.99985754
0,0.0,5.9002647e-05
0,0.0,4.27814e-05
0,0.0,3.0527022e-05
0,0.0,6.0707767e-05
0,0.0,4.2078744e-05
0,0.0,3.2045435e-05
1,1.0,0.9998566
0,0.0,6.135026e-05
1,1.0,0.9999101
0,0.0,6.1544466e-05
0,0.0,4.903352e-05
0,0.0,3.1783056e-05
1,1.0,0.999857
0,0.0,4.2114316e-05
0,0.0,2.852368e-05
0,0.0,5.9000286e-05
0,0.0,4.0131454e-05
1,1.0,0.99990845
0,0.0,3.9349903e-05
1,1.0,0.9995933
1,1.0,0.99994785
1,1.0,0.9998582
0,0.0,5.917959e-05
1,1.0,0.99985725
0,0.0,2.9957386e-05
0,0.0,2.930919e-05
0,0.0,5.0887837e-05
1,1.0,0.9985762
0,0.0,5.6225e-05
0,0.0,3.5795867e-05
0,0.0,4.3816526e-05
0,0.0,3.20583e-05
0,0.0,3.0117166e-05
0,0.0,3.8172067e-05
0,0.0,4.0126135e-05
0,0.0,4.152457e-05
0,0.0,3.7000395e-05
1,1.0,0.9996393
0,0.0,4.8830392e-05
0,0.0,6.0891034e-05
0,0.0,4.350629e-05
0,0.0,5.6636567e-05
0,0.0,5.5927892e-05
1,1.0,0.9991208
0,0.0,6.154229e-05
1,1.0,0.9998566
0,0.0,6.134166e-05
0,0.0,1.8169247e-05
0,0.0,1.6991076e-05
0,0.0,3.874282e-05
0,0.0,5.6627065e-05
0,0.0,3.4474368e-05
1,1.0,0.99985725
0,0.0,3.7349837e-05
0,0.0,5.9180606e-05
0,0.0,3.858681e-05
0,0.0,3.118754e-05
0,0.0,5.190908e-05
1,1.0,0.99985707
0,0.0,5.6058772e-05
0,0.0,5.370743e-05
0,0.0,3.8349168e-05
0,0.0,5.5095e-05
0,0.0,6.154458e-05
0,0.0,5.5124958e-05
0,0.0,4.8687973e-05
0,0.0,6.0670784e-05
0,0.0,4.3805165e-05
1,1.0,0.999857
0,0.0,6.0663493e-05
0,0.0,3.0586234e-05
0,0.0,4.1665742e-05
1,1.0,0.9986156
0,0.0,3.8668666e-05
0,0.0,5.921272e-05
1,1.0,0.9999484
1,1.0,0.9999079
0,0.0,9.098686e-05
1,1.0,0.9998951
0,0.0,3.2058055e-05
0,0.0,6.1541235e-05
0,0.0,3.1104526e-05
0,0.0,3.2034925e-05
0,0.0,2.8222985e-05
0,0.0,4.283104e-05
0,0.0,3.7368296e-05
0,0.0,6.136226e-05
0,0.0,5.7244397e-05
1,1.0,0.9998769
1,1.0,0.9979396
0,0.0,3.2073316e-05
0,0.0,1.7010694e-05
0,0.0,5.087037e-05
0,0.0,5.341232e-05
0,0.0,2.5080466e-05
0,0.0,6.071101e-05
0,0.0,5.682689e-05
0,0.0,5.5927205e-05
0,0.0,4.8829228e-05
0,0.0,4.6250643e-05
0,0.0,5.6695037e-05
0,0.0,4.9612332e-05
0,0.0,5.6829766e-05
0,0.0,5.4789227e-05
0,0.0,5.9214588e-05
0,0.0,4.9452818e-05
0,0.0,5.7244288e-05
0,0.0,1.816845e-05
0,0.0,5.782206e-05
0,0.0,4.1093917e-05
0,0.0,5.3139695e-05
0,0.0,4.2422267e-05
1,1.0,0.9999483
1,1.0,0.99987596
0,0.0,3.201968e-05
0,0.0,5.0610382e-05
0,0.0,4.922828e-05
0,0.0,4.3432214e-05
0,0.0,3.8148737e-05
0,0.0,6.135559e-05
1,1.0,0.99994826
0,0.0,5.6827328e-05
0,0.0,4.396109e-05
0,0.0,5.0871873e-05
1,1.0,0.9979021
1,1.0,0.9998916
0,0.0,3.977658e-05
0,0.0,2.871689e-05
0,0.0,3.0505254e-05
0,0.0,5.6695684e-05
1,1.0,0.9998714
0,0.0,4.3873184e-05
0,0.0,3.9586837e-05
0,0.0,5.027055e-05
0,0.0,4.5934998e-05
0,0.0,1.8158853e-05
0,0.0,3.620005e-05
0,0.0,4.6205587e-05
1,1.0,0.9994399
0,0.0,3.20436e-05
1,1.0,0.99985826
0,0.0,4.0276685e-05
0,0.0,5.7821122e-05
0,0.0,5.085819e-05
0,0.0,6.0671133e-05
0,0.0,6.066309e-05
1,1.0,0.99977946
0,0.0,1.7017412e-05
1,1.0,0.99985707
1,1.0,0.99922305
1,1.0,0.9998571
0,0.0,4.532209e-05
0,0.0,5.0616563e-05
1,1.0,0.99983954
0,0.0,3.0019157e-05
0,0.0,5.7208374e-05
1,1.0,0.99994785
0,0.0,3.1831045e-05
1,1.0,0.99986494
0,0.0,3.2033822e-05
0,0.0,6.0662915e-05
0,0.0,6.06628e-05
0,0.0,5.160888e-05
0,0.0,5.7208592e-05
0,0.0,6.0923216e-05
0,0.0,3.206451e-05
0,0.0,5.0583414e-05
1,1.0,0.9999084
1,1.0,0.9998569
0,0.0,4.957965e-05
1,1.0,0.99992526
1,1.0,0.9998566
0,0.0,3.447358e-05
0,0.0,5.9991904e-05
0,0.0,3.514195e-05
0,0.0,4.2076295e-05
1,1.0,0.99985784
0,0.0,5.5092478e-05
1,1.0,0.9996365
0,0.0,3.8591155e-05
1,1.0,0.9998565
0,0.0,5.8999947e-05
0,0.0,3.9251976e-05
0,0.0,4.332342e-05
1,1.0,0.99994797
1,1.0,0.99977946
0,0.0,4.3878663e-05
0,0.0,6.154476e-05
1,1.0,0.99984854
0,0.0,6.154347e-05
0,0.0,3.2237036e-05
1,1.0,0.99979806
0,0.0,3.9208386e-05
0,0.0,2.818431e-05
0,0.0,6.071124e-05
0,0.0,3.207402e-05
0,0.0,1.7009039e-05
0,0.0,3.068914e-05
0,0.0,5.0879007e-05
0,0.0,5.3963406e-05
0,0.0,2.872308e-05
1,1.0,0.9999083
0,0.0,3.8394766e-05
0,0.0,5.086159e-05
1,1.0,0.99994826
1,1.0,0.99985653
0,0.0,4.9076225e-05
0,0.0,1.8198536e-05
0,0.0,6.134974e-05
1,1.0,0.9996003
0,0.0,5.340371e-05
0,0.0,5.9036418e-05
0,0.0,3.7353046e-05
1,1.0,0.9998891
0,0.0,5.724385e-05
0,0.0,4.4173143e-05
0,0.0,4.2361993e-05
1,1.0,0.9999476
0,0.0,5.089046e-05
0,0.0,1.8162422e-05
0,0.0,4.6217923e-05
0,0.0,6.134927e-05
0,0.0,6.0891616e-05
0,0.0,4.4159122e-05
1,1.0,0.99985826
0,0.0,3.446921e-05
0,0.0,3.2583106e-05
0,0.0,5.4829685e-05
1,1.0,0.999111
0,0.0,5.3404066e-05
0,0.0,4.1120264e-05
0,0.0,5.9034897e-05
0,0.0,5.0088478e-05
1,1.0,0.99985635
0,0.0,5.543873e-05
0,0.0,5.0867555e-05
1,1.0,0.999948
0,0.0,5.900535e-05
0,0.0,5.0393475e-05
1,1.0,0.9999477
0,0.0,6.835693e-05
0,0.0,3.6953035e-05
0,0.0,4.1712618e-05
0,0.0,5.7207828e-05
0,0.0,4.1592975e-05
0,0.0,4.3104425e-05
0,0.0,4.2744574e-05
0,0.0,4.1658637e-05
0,0.0,3.882511e-05
1,1.0,0.99985826
0,0.0,5.782206e-05
0,0.0,6.136097e-05
0,0.0,3.0939504e-05
0,0.0,4.9179947e-05
0,0.0,4.2403943e-05
0,0.0,3.9082322e-05
0,0.0,3.858902e-05
0,0.0,3.8586444e-05
1,1.0,0.9999483
0,0.0,4.6607773e-05
1,1.0,0.99993044
0,0.0,4.2407944e-05
1,1.0,0.9999497
0,0.0,5.0151273e-05
0,0.0,3.8640355e-05
0,0.0,5.6058823e-05
0,0.0,4.2337237e-05
0,0.0,1.8160377e-05
0,0.0,3.9663548e-05
1,1.0,0.99984187
0,0.0,6.089179e-05
0,0.0,5.6695037e-05
0,0.0,4.1100306e-05
0,0.0,1.7010223e-05
0,0.0,3.526116e-05
1,1.0,0.9999485
1,1.0,0.99985814
0,0.0,4.3871216e-05
0,0.0,3.9258564e-05
0,0.0,5.7821562e-05
1,1.0,0.9999483
0,0.0,4.23504e-05
0,0.0,6.118989e-05
0,0.0,3.0942898e-05
1,1.0,0.9978616
0,0.0,4.9079314e-05
0,0.0,4.401974e-05
0,0.0,3.8361093e-05
1,1.0,0.9977416
0,0.0,3.872546e-05
1,1.0,0.9998567
0,0.0,1.7009754e-05
0,0.0,3.1781386e-05
0,0.0,4.2292722e-05
0,0.0,5.9035967e-05
0,0.0,4.8693684e-05
0,0.0,6.048893e-05
0,0.0,3.2073804e-05
0,0.0,2.8224304e-05
0,0.0,4.4018943e-05
0,0.0,4.343909e-05
0,0.0,6.154265e-05
1,1.0,0.9999479
0,0.0,4.3958487e-05
0,0.0,6.070875e-05
1,1.0,0.9997813
0,0.0,4.1587817e-05
0,0.0,4.2404994e-05
0,0.0,3.1781085e-05
1,1.0,0.99994797
0,0.0,3.933471e-05
0,0.0,4.626238e-05
0,0.0,4.0781608e-05
1,1.0,0.9998578
1,1.0,0.99993384
1,1.0,0.99985665
1,1.0,0.9991032
0,0.0,2.8760689e-05
1,1.0,0.99985766
0,0.0,1.7009332e-05
0,0.0,4.879744e-05
0,0.0,5.5030254e-05
0,0.0,5.9180267e-05
0,0.0,5.4784e-05
0,0.0,5.509605e-05
1,1.0,0.9994566
1,1.0,0.99994814
0,0.0,5.7207664e-05
1,1.0,0.9998573
1,1.0,0.99985814
0,0.0,6.0654238e-05
1,1.0,0.9998924
0,0.0,5.2728898e-05
0,0.0,3.2668388e-05
1,1.0,0.9999486
0,0.0,3.3099033e-05
0,0.0,4.8841805e-05
1,1.0,0.9989895
0,0.0,4.8824153e-05
0,0.0,5.5928747e-05
0,0.0,3.966502e-05
0,0.0,4.2335298e-05
0,0.0,5.2380434e-05
0,0.0,3.909116e-05
0,0.0,0.0001799949
0,0.0,5.782184e-05
0,0.0,5.3761443e-05
0,0.0,3.850616e-05
1,1.0,0.99971294
0,0.0,3.3894466e-05
0,0.0,4.1578107e-05
0,0.0,3.8334398e-05
1,1.0,0.99985677
0,0.0,3.0687388e-05
0,0.0,3.051829e-05
0,0.0,5.9181002e-05
0,0.0,2.9969104e-05
0,0.0,4.923373e-05
0,0.0,4.9554925e-05
0,0.0,6.200874e-05
0,0.0,4.1957814e-05
0,0.0,5.5106142e-05
0,0.0,5.6638295e-05
0,0.0,4.1091174e-05
0,0.0,6.139381e-05
0,0.0,4.411219e-05
1,1.0,0.9995689
0,0.0,5.906362e-05
1,1.0,0.99985826
0,0.0,4.395556e-05
1,1.0,0.99994767
0,0.0,2.9975277e-05
0,0.0,3.8507373e-05
0,0.0,6.154652e-05
0,0.0,5.0634764e-05
0,0.0,6.136121e-05
0,0.0,5.9213795e-05
0,0.0,6.794004e-05
0,0.0,6.066523e-05
0,0.0,3.484439e-05
0,0.0,1.8158888e-05
1,1.0,0.9998423
0,0.0,4.6243895e-05
1,1.0,0.999976
0,0.0,3.118088e-05
1,1.0,0.99988955
0,0.0,1.8165816e-05
0,0.0,3.0913467e-05
1,1.0,0.9999477
0,0.0,1.7009817e-05
0,0.0,3.2027256e-05
0,0.0,3.1774416e-05
0,0.0,4.8826667e-05
0,0.0,5.924034e-05
1,1.0,0.99963546
1,1.0,0.99985653
0,0.0,4.3320033e-05
0,0.0,3.769658e-05
1,1.0,0.99985814
0,0.0,6.1543935e-05
0,0.0,4.8834303e-05
1,1.0,0.99994045
1,1.0,0.9984311
1,1.0,0.9989605
0,0.0,3.4530203e-05
0,0.0,1.8197998e-05
0,0.0,3.8807157e-05
0,0.0,3.6689748e-05
0,0.0,3.836029e-05
0,0.0,4.433698e-05
0,0.0,5.1606617e-05
0,0.0,5.720821e-05
0,0.0,6.11634e-05
0,0.0,4.0791096e-05
0,0.0,3.124214e-05
1,1.0,0.9999479
0,0.0,5.784473e-05
0,0.0,3.2051787e-05
0,0.0,1.820015e-05
1,1.0,0.9998572
0,0.0,3.1742104e-05
1,1.0,0.999948
0,0.0,5.359242e-05
0,0.0,6.116596e-05
0,0.0,3.3341865e-05
0,0.0,4.33516e-05
0,0.0,5.782173e-05
0,0.0,4.3530235e-05
1,1.0,0.9998577
0,0.0,5.9064576e-05
1,1.0,0.9999482
0,0.0,6.089359e-05
0,0.0,3.4471344e-05
0,0.0,1.7010483e-05
0,0.0,3.2082127e-05
0,0.0,6.116608e-05
0,0.0,4.1662643e-05
0,0.0,1.8161209e-05
0,0.0,4.241082e-05
1,1.0,0.9998565
1,1.0,0.9994494
1,1.0,0.99994767
1,1.0,0.9999258
0,0.0,5.663689e-05
1,1.0,0.99994785
1,1.0,0.999494
0,0.0,3.8645147e-05
0,0.0,5.0411403e-05
1,1.0,0.99994624
0,0.0,3.2922053e-05
1,1.0,0.99985754
0,0.0,4.882788e-05
1,1.0,0.99985814
1,1.0,0.9999484
0,0.0,3.9081802e-05
0,0.0,5.133469e-05
0,0.0,2.931959e-05
0,0.0,5.6693956e-05
0,0.0,6.0893824e-05
0,0.0,1.7010077e-05
1,1.0,0.99994826
0,0.0,5.5106248e-05
1,1.0,0.99991685
0,0.0,3.176485e-05
0,0.0,6.0892547e-05
0,0.0,5.0621053e-05
0,0.0,5.9036982e-05
0,0.0,4.1090312e-05
0,0.0,5.917897e-05
0,0.0,5.4486143e-05
0,0.0,5.66939e-05
0,0.0,1.7004044e-05
1,1.0,0.9979466
0,0.0,5.5045843e-05
0,0.0,4.4022636e-05
1,1.0,0.99918747
0,0.0,3.3062475e-05
0,0.0,4.2232314e-05
0,0.0,3.1777992e-05
1,1.0,0.99985725
1,1.0,0.9976694
0,0.0,3.8666305e-05
0,0.0,5.5496384e-05
1,1.0,0.9974767
1,1.0,0.99985814
0,0.0,3.0816886e-05
0,0.0,5.7244288e-05
0,0.0,5.3118518e-05
1,1.0,0.999877
0,0.0,3.960689e-05
0,0.0,3.2832824e-05
0,0.0,2.5520545e-05
0,0.0,6.116731e-05
0,0.0,3.0554576e-05
1,1.0,0.9996393
0,0.0,5.9180213e-05
0,0.0,3.8749877e-05
1,1.0,0.9994464
0,0.0,3.389408e-05
1,1.0,0.9999476
0,0.0,5.3103835e-05
0,0.0,1.7010645e-05
0,0.0,5.669417e-05
0,0.0,3.8508584e-05
0,0.0,1.7018336e-05
0,0.0,1.7009315e-05
0,0.0,4.3875443e-05
0,0.0,4.3438096e-05
0,0.0,5.2175434e-05
1,1.0,0.9998572
0,0.0,5.9207247e-05
0,0.0,5.0868864e-05
0,0.0,3.934394e-05
0,0.0,5.6059147e-05
1,1.0,0.9835566
0,0.0,3.835824e-05
0,0.0,3.1780055e-05
0,0.0,5.3709788e-05
0,0.0,4.9085444e-05
0,0.0,5.508649e-05
1,1.0,0.99994326
0,0.0,5.724396e-05
0,0.0,4.1091487e-05
0,0.0,3.178357e-05
0,0.0,2.8842676e-05
0,0.0,5.5528944e-05
0,0.0,5.921323e-05
0,0.0,3.6568257e-05
0,0.0,5.9206683e-05
1,1.0,0.9975355
1,1.0,0.99985635
1,1.0,0.9999484
0,0.0,5.7207882e-05
0,0.0,5.762384e-05
1,1.0,0.99984837
0,0.0,2.8786042e-05
1,1.0,0.99985737
0,0.0,6.154417e-05
1,1.0,0.9998573
0,0.0,4.8618607e-05
0,0.0,6.804293e-05
1,1.0,0.9998418
0,0.0,3.447723e-05
0,0.0,4.1683586e-05
0,0.0,3.3079064e-05
0,0.0,3.451815e-05
0,0.0,5.6827925e-05
1,1.0,0.99994737
1,1.0,0.9999507
0,0.0,3.7695754e-05
1,1.0,0.9999484
1,1.0,0.99785495
0,0.0,5.720739e-05
0,0.0,3.859351e-05
0,0.0,3.772952e-05
0,0.0,6.0892602e-05
1,1.0,0.9998569
0,0.0,4.3927314e-05
0,0.0,1.8132445e-05
1,1.0,0.99990636
0,0.0,3.9250404e-05
0,0.0,4.882569e-05
0,0.0,5.5083758e-05
1,1.0,0.999948
0,0.0,5.6170127e-05
1,1.0,0.9999072
0,0.0,3.86666e-05
0,0.0,4.157767e-05
0,0.0,4.1646956e-05
1,1.0,0.9998582
0,0.0,6.067148e-05
0,0.0,4.3345317e-05
0,0.0,5.3317868e-05
0,0.0,5.5087436e-05
0,0.0,5.3586697e-05
0,0.0,3.963942e-05
0,0.0,3.1771026e-05
0,0.0,3.205344e-05
0,0.0,3.6549638e-05
0,0.0,4.389189e-05
1,1.0,0.9998572
0,0.0,4.2751708e-05
0,0.0,6.0709444e-05
0,0.0,4.992329e-05
1,1.0,0.9999483
0,0.0,5.682711e-05
1,1.0,0.9998942
0,0.0,3.6100148e-05
0,0.0,3.850609e-05
1,1.0,0.9998569
1,1.0,0.9998277
1,1.0,0.99994755
0,0.0,4.2149186e-05
1,1.0,0.9992215
0,0.0,3.875032e-05
0,0.0,5.724396e-05
0,0.0,4.9737202e-05
0,0.0,5.5245262e-05
1,1.0,0.9652753
1,1.0,0.99985754
0,0.0,4.221113e-05
1,1.0,0.9999498
0,0.0,5.134267e-05
1,1.0,0.99985653
0,0.0,5.7200847e-05
1,1.0,0.9999483
0,0.0,5.669525e-05
0,0.0,5.5927252e-05
0,0.0,2.822662e-05
0,0.0,4.415209e-05
1,1.0,0.99985766
0,0.0,5.6829387e-05
0,0.0,4.2685228e-05
0,0.0,5.9037095e-05
0,0.0,6.089423e-05
1,1.0,0.99994814
0,0.0,5.0385257e-05
0,0.0,4.395581e-05
1,1.0,0.9999075
1,1.0,0.99994826
0,0.0,2.8500923e-05
0,0.0,5.6058878e-05
1,1.0,0.9998572
1,1.0,0.99985707
1,1.0,0.99994797
0,0.0,3.4456225e-05
1,1.0,0.9998577
0,0.0,2.8525448e-05
0,0.0,5.5927412e-05
1,1.0,0.99941885
0,0.0,5.50753e-05
0,0.0,3.9080645e-05
0,0.0,1.8161347e-05
1,1.0,0.9995812
0,0.0,3.7628943e-05
0,0.0,3.8629893e-05
0,0.0,3.050252e-05
1,1.0,0.9992027
0,0.0,3.5262066e-05
1,1.0,0.9998485
1,1.0,0.99994785
0,0.0,3.3312055e-05
0,0.0,3.067387e-05
0,0.0,4.8695536e-05
0,0.0,3.6444737e-05
1,1.0,0.9999482
0,0.0,4.9698465e-05
0,0.0,5.724407e-05
0,0.0,4.1098934e-05
0,0.0,4.2371084e-05
1,1.0,0.9999485
0,0.0,5.6827164e-05
0,0.0,5.7821562e-05
0,0.0,3.779726e-05
0,0.0,4.274665e-05
1,1.0,0.99994963
0,0.0,4.1554795e-05
1,1.0,0.99994755
1,1.0,0.9994002
0,0.0,4.393741e-05
1,1.0,0.9999476
0,0.0,5.6694116e-05
1,1.0,0.9999484
0,0.0,3.9248232e-05
0,0.0,3.1217893e-05
0,0.0,3.9234536e-05
0,0.0,3.092246e-05
0,0.0,5.7821784e-05
1,1.0,0.99983037
0,0.0,4.3150074e-05
0,0.0,5.3150794e-05
1,1.0,0.9998572
0,0.0,2.825328e-05
0,0.0,4.332396e-05
0,0.0,3.206096e-05
1,1.0,0.9998566
0,0.0,4.6629157e-05
0,0.0,3.9200422e-05
0,0.0,4.284432e-05
0,0.0,5.6058932e-05
1,1.0,0.99739486
0,0.0,6.116643e-05
0,0.0,4.0072715e-05
0,0.0,5.9213908e-05
0,0.0,4.280507e-05
0,0.0,1.7003542e-05
0,0.0,4.8791713e-05
0,0.0,3.0588915e-05
1,1.0,0.99988455
0,0.0,2.7362348e-05
0,0.0,2.822487e-05
0,0.0,6.158714e-05
0,0.0,5.9035854e-05
0,0.0,5.91788e-05
1,1.0,0.99967074
0,0.0,3.339711e-05
1,1.0,0.9969497
0,0.0,6.154265e-05
0,0.0,5.5086908e-05
1,1.0,0.99990684
0,0.0,4.40278e-05
0,0.0,1.816405e-05
1,1.0,0.99904567
0,0.0,1.6991124e-05
0,0.0,3.179009e-05
0,0.0,6.15447e-05
0,0.0,6.116865e-05
1,1.0,0.99991924
0,0.0,4.4155375e-05
0,0.0,5.6693956e-05
1,1.0,0.99995047
1,1.0,0.9999513
1,1.0,0.9996394
0,0.0,5.9002366e-05
0,0.0,1.8125287e-05
0,0.0,5.1755556e-05
0,0.0,6.0671133e-05
0,0.0,4.939838e-05
0,0.0,3.872546e-05
0,0.0,5.6637e-05
0,0.0,3.9297665e-05
1,1.0,0.99805856
0,0.0,4.5391465e-05
1,1.0,0.9999485
1,1.0,0.9999477
1,1.0,0.99985725
0,0.0,5.724385e-05
0,0.0,3.8342e-05
1,1.0,0.9999098
0,0.0,4.184493e-05
0,0.0,1.816379e-05
0,0.0,4.3155178e-05
0,0.0,4.989839e-05
1,1.0,0.9999444
0,0.0,4.3096778e-05
1,1.0,0.9999065
1,1.0,0.99994785
1,1.0,0.9980452
0,0.0,4.23357e-05
1,1.0,0.99985766
0,0.0,3.2056956e-05
0,0.0,3.9726467e-05
0,0.0,3.8150483e-05
0,0.0,4.20999e-05
0,0.0,4.9290757e-05
0,0.0,5.5997592e-05
0,0.0,1.8162767e-05
0,0.0,5.061497e-05
0,0.0,1.7010434e-05
1,1.0,0.9999476
0,0.0,3.2079068e-05
0,0.0,6.049008e-05
0,0.0,5.6695306e-05
1,1.0,0.999847
1,1.0,0.9999474
0,0.0,4.233619e-05
1,1.0,0.99994826
0,0.0,5.5061435e-05
0,0.0,3.8899532e-05
0,0.0,3.037451e-05
1,1.0,0.99921936
1,1.0,0.99994767
0,0.0,3.205466e-05
0,0.0,4.8843853e-05
1,1.0,0.99983585
0,0.0,4.2598127e-05
0,0.0,6.0892024e-05
0,0.0,5.7821177e-05
0,0.0,4.2511765e-05
1,1.0,0.99985814
0,0.0,6.089214e-05
0,0.0,5.6826244e-05
0,0.0,4.3913828e-05
1,1.0,0.9995059
0,0.0,3.0935607e-05
0,0.0,1.700959e-05
0,0.0,5.1749434e-05
0,0.0,5.0632687e-05
0,0.0,3.9235543e-05
0,0.0,4.181174e-05
0,0.0,4.0664403e-05
0,0.0,6.82807e-05
0,0.0,1.7009817e-05
1,1.0,0.99985707
0,0.0,2.8709635e-05
1,1.0,0.99818826
0,0.0,2.810679e-05
1,1.0,0.9998581
0,0.0,3.2029453e-05
0,0.0,3.292014e-05
1,1.0,0.99994755
0,0.0,6.1189945e-05
0,0.0,5.669509e-05
0,0.0,2.6660138e-05
1,1.0,0.99985677
1,1.0,0.9996394
1,1.0,0.99985766
0,0.0,5.0615356e-05
0,0.0,4.2778505e-05
0,0.0,4.152568e-05
0,0.0,4.9730133e-05
0,0.0,6.119012e-05
1,1.0,0.9992958
0,0.0,2.8235825e-05
0,0.0,3.1781386e-05
1,1.0,0.9998566
1,1.0,0.99756324
0,0.0,4.894769e-05
0,0.0,1.7019649e-05
1,1.0,0.9996765
0,0.0,5.5103355e-05
0,0.0,4.2744698e-05
1,1.0,0.9999483
0,0.0,3.8585375e-05
0,0.0,1.7009233e-05
1,1.0,0.9998566
0,0.0,2.7358747e-05
1,1.0,0.9998897
0,0.0,5.010658e-05
1,1.0,0.99983126
0,0.0,3.787162e-05
1,1.0,0.99990785
0,0.0,3.339571e-05
0,0.0,5.6828412e-05
0,0.0,6.071014e-05
0,0.0,3.2045587e-05
0,0.0,1.8162715e-05
1,1.0,0.99997765
0,0.0,5.735532e-05
0,0.0,5.0623657e-05
0,0.0,4.2768672e-05
0,0.0,6.134295e-05
1,1.0,0.9999422
0,0.0,1.8131512e-05
0,0.0,5.3906937e-05
1,1.0,0.99994785
1,1.0,0.99985695
0,0.0,3.9244936e-05
0,0.0,3.8664242e-05
1,1.0,0.9999483
1,1.0,0.9992676
1,1.0,0.9998566
1,1.0,0.9999147
0,0.0,3.8355385e-05
1,1.0,0.9998574
0,0.0,3.8834518e-05
1,1.0,0.99994767
0,0.0,4.1697185e-05
0,0.0,3.7615133e-05
0,0.0,4.235274e-05
0,0.0,5.72075e-05
0,0.0,4.212279e-05
1,1.0,0.9991201
0,0.0,5.07177e-05
0,0.0,3.8367973e-05
0,0.0,3.3392684e-05
0,0.0,3.0727588e-05
0,0.0,1.7010272e-05
0,0.0,3.7907757e-05
0,0.0,6.157445e-05
0,0.0,3.9587216e-05
0,0.0,5.9215436e-05
0,0.0,3.7717004e-05
0,0.0,5.652542e-05
0,0.0,4.1122028e-05
1,1.0,0.9990075
0,0.0,4.236381e-05
1,1.0,0.999948
0,0.0,5.1062354e-05
1,1.0,0.9998575
1,1.0,0.99941933
1,1.0,0.999839
0,0.0,5.917784e-05
0,0.0,6.066986e-05
1,1.0,0.99785763
0,0.0,5.7948415e-05
0,0.0,5.900186e-05
1,1.0,0.9998566
0,0.0,5.060995e-05
0,0.0,4.2419513e-05
1,1.0,0.9999481
0,0.0,4.8830672e-05
1,1.0,0.9996703
1,1.0,0.9999409
0,0.0,4.2096206e-05
0,0.0,5.0038438e-05
0,0.0,4.4020286e-05
0,0.0,1.7010077e-05
0,0.0,1.7004919e-05
0,0.0,3.0944284e-05
0,0.0,3.8904578e-05
0,0.0,5.5092478e-05
1,1.0,0.9999483
0,0.0,5.205323e-05
1,1.0,0.99963933
0,0.0,4.158183e-05
0,0.0,3.202814e-05
0,0.0,5.37718e-05
0,0.0,3.058314e-05
0,0.0,2.666019e-05
0,0.0,5.5115866e-05
0,0.0,3.8584676e-05
0,0.0,6.1546285e-05
0,0.0,6.154546e-05
0,0.0,3.1779236e-05
0,0.0,4.907978e-05
0,0.0,3.3891236e-05
1,1.0,0.99985725
1,1.0,0.99985784
0,0.0,4.2336753e-05
0,0.0,4.3308384e-05
0,0.0,5.7208046e-05
1,1.0,0.9997749
1,1.0,0.9999476
0,0.0,5.8149468e-05
0,0.0,3.9292943e-05
0,0.0,5.2036354e-05
0,0.0,5.5183285e-05
0,0.0,5.2088533e-05
0,0.0,5.0572224e-05
0,0.0,6.134951e-05
0,0.0,5.507241e-05
0,0.0,5.5169025e-05
1,1.0,0.9987718
0,0.0,4.3549087e-05
0,0.0,4.1660784e-05
1,1.0,0.9996394
0,0.0,1.7007465e-05
0,0.0,6.116731e-05
0,0.0,3.2043263e-05
0,0.0,3.2073774e-05
0,0.0,3.208892e-05
1,1.0,0.9997924
1,1.0,0.9999398
1,1.0,0.99991584
0,0.0,4.8830625e-05
1,1.0,0.99994856
0,0.0,6.135413e-05
0,0.0,4.273899e-05
1,1.0,0.9999481
0,0.0,4.8827736e-05
0,0.0,3.8380564e-05
0,0.0,3.1145966e-05
0,0.0,3.8832888e-05
1,1.0,0.9992436
0,0.0,3.81475e-05
0,0.0,4.9177695e-05
0,0.0,6.158755e-05
0,0.0,6.154024e-05
0,0.0,3.0803672e-05
1,1.0,0.99805325
0,0.0,5.72075e-05
1,1.0,0.9999483
1,1.0,0.999948
0,0.0,5.902899e-05
0,0.0,3.780249e-05
1,1.0,0.9998421
1,1.0,0.99985754
1,1.0,0.99800694
1,1.0,0.999875
0,0.0,3.8747217e-05
0,0.0,4.9072714e-05
0,0.0,3.2063894e-05
1,1.0,0.99985725
0,0.0,3.174695e-05
0,0.0,4.5440887e-05
0,0.0,3.1788815e-05
0,0.0,3.8825074e-05
0,0.0,5.917784e-05
0,0.0,5.713641e-05
0,0.0,4.8686717e-05
0,0.0,6.1349565e-05
1,1.0,0.99994665
0,0.0,5.239407e-05
0,0.0,1.8161469e-05
1,1.0,0.99994797
0,0.0,4.1584488e-05
1,1.0,0.99784434
1,1.0,0.99994814
1,1.0,0.99950457
1,1.0,0.9999485
0,0.0,5.331329e-05
1,1.0,0.9998421
1,1.0,0.9999479
1,1.0,0.999948
1,1.0,0.9998567
0,0.0,1.7010354e-05
0,0.0,3.3336742e-05
0,0.0,5.9211765e-05
0,0.0,3.204476e-05
0,0.0,5.7208046e-05
0,0.0,4.1516974e-05
0,0.0,3.958933e-05
0,0.0,1.8173285e-05
0,0.0,3.8724906e-05
0,0.0,3.8788035e-05
0,0.0,3.4526216e-05
0,0.0,3.1779447e-05
0,0.0,5.4824457e-05
0,0.0,6.154417e-05
1,1.0,0.99994814
0,0.0,4.4014912e-05
0,0.0,3.4469864e-05
0,0.0,3.175179e-05
0,0.0,5.6059092e-05
0,0.0,4.237367e-05
0,0.0,4.9702256e-05
0,0.0,3.2044823e-05
0,0.0,4.4422042e-05
0,0.0,5.6694713e-05
0,0.0,4.2521173e-05
0,0.0,3.8591817e-05
1,1.0,0.9999105
0,0.0,6.201057e-05
0,0.0,4.2514766e-05
0,0.0,2.9938567e-05
0,0.0,4.3508946e-05
1,1.0,0.99994963
0,0.0,2.7360678e-05
0,0.0,5.704957e-05
1,1.0,0.9999063
0,0.0,5.682879e-05
0,0.0,5.6698984e-05
0,0.0,3.9260623e-05
0,0.0,4.1632702e-05
1,1.0,0.999858
0,0.0,3.5897978e-05
1,1.0,0.99982876
0,0.0,3.1781175e-05
0,0.0,5.9208374e-05
0,0.0,5.2117506e-05
0,0.0,6.0892373e-05
0,0.0,3.880069e-05
1,1.0,0.9999026
0,0.0,4.210074e-05
0,0.0,3.734471e-05
0,0.0,4.3888544e-05
1,1.0,0.9997901
0,0.0,6.136273e-05
1,1.0,0.999847
0,0.0,3.5727317e-05
0,0.0,3.4474502e-05
1,1.0,0.9998566
0,0.0,6.067032e-05
1,1.0,0.9998567
0,0.0,3.9203263e-05
1,1.0,0.99994797
0,0.0,3.109735e-05
0,0.0,2.091316e-05
0,0.0,5.186415e-05
0,0.0,2.8531707e-05
0,0.0,3.9077626e-05
0,0.0,4.985378e-05
1,1.0,0.99848825
0,0.0,4.862009e-05
0,0.0,5.6060428e-05
0,0.0,5.5525554e-05
1,1.0,0.99919647
0,0.0,3.967293e-05
0,0.0,2.6688629e-05
0,0.0,5.720892e-05
0,0.0,5.4500746e-05
0,0.0,3.094384e-05
0,0.0,5.0612653e-05
0,0.0,4.2167518e-05
0,0.0,5.9003098e-05
0,0.0,1.8152135e-05
0,0.0,6.1166786e-05
0,0.0,4.1540297e-05
1,1.0,0.9996656
0,0.0,4.3126336e-05
0,0.0,5.7208046e-05
0,0.0,6.048212e-05
0,0.0,3.121352e-05
0,0.0,6.1542996e-05
0,0.0,6.2010986e-05
0,0.0,3.209045e-05
0,0.0,4.2213465e-05
0,0.0,3.935617e-05
0,0.0,3.7730057e-05
0,0.0,4.2318625e-05
0,0.0,4.8921473e-05
0,0.0,4.415512e-05
0,0.0,2.7404732e-05
0,0.0,4.9326776e-05
0,0.0,5.9034952e-05
0,0.0,3.908374e-05
0,0.0,4.1520932e-05
1,1.0,0.9998577
0,0.0,3.83544e-05
0,0.0,4.3056527e-05
1,1.0,0.99994755
0,0.0,3.866848e-05
1,1.0,0.99741626
0,0.0,5.9006135e-05
1,1.0,0.9999478
1,1.0,0.9991209
0,0.0,4.1091174e-05
0,0.0,6.070933e-05
1,1.0,0.99994755
1,1.0,0.9985583
1,1.0,0.99985707
0,0.0,5.669482e-05
0,0.0,6.0661412e-05
0,0.0,5.0640465e-05
1,1.0,0.9995044
1,1.0,0.997218
0,0.0,3.5378103e-05
0,0.0,3.908247e-05
0,0.0,2.6686772e-05
0,0.0,5.6695037e-05
1,1.0,0.99990505
0,0.0,4.1532177e-05
0,0.0,3.8581697e-05
0,0.0,3.866505e-05
0,0.0,5.7244397e-05
1,1.0,0.9998869
0,0.0,3.3910113e-05
0,0.0,3.839828e-05
0,0.0,5.6170073e-05
1,1.0,0.9999479
0,0.0,3.8331622e-05
0,0.0,5.6828463e-05
1,1.0,0.99985725
0,0.0,5.720112e-05
0,0.0,6.2828665e-05
1,1.0,0.99994785
0,0.0,4.1652438e-05
1,1.0,0.99938494
0,0.0,5.5078348e-05
0,0.0,5.918072e-05
1,1.0,0.9859689
0,0.0,4.2778873e-05
1,1.0,0.9998758
0,0.0,3.223587e-05
0,0.0,5.5115077e-05
0,0.0,6.0489157e-05
0,0.0,5.92147e-05
0,0.0,4.8731217e-05
1,1.0,0.99994767
0,0.0,6.0489852e-05
0,0.0,5.6821147e-05
0,0.0,3.44768e-05
1,1.0,0.99985725
0,0.0,6.200992e-05
1,1.0,0.9998574
1,1.0,0.99985826
0,0.0,3.323428e-05
1,1.0,0.9999474
0,0.0,3.4521378e-05
1,1.0,0.9999482
0,0.0,4.873591e-05
0,0.0,4.21062e-05
0,0.0,3.2067474e-05
0,0.0,4.388691e-05
1,1.0,0.99762636
0,0.0,3.1775144e-05
0,0.0,5.0712184e-05
1,1.0,0.9985344
0,0.0,6.116573e-05
1,1.0,0.99985814
1,1.0,0.999887
0,0.0,4.5273187e-05
0,0.0,4.4015585e-05
1,1.0,0.99994814
0,0.0,3.7306476e-05
0,0.0,3.3241824e-05
0,0.0,6.089243e-05
0,0.0,4.891494e-05
0,0.0,4.873605e-05
1,1.0,0.99994874
0,0.0,5.3146232e-05
0,0.0,5.5024062e-05
1,1.0,0.999948
0,0.0,3.1780663e-05
0,0.0,5.663619e-05
0,0.0,3.7330075e-05
0,0.0,5.0870854e-05
0,0.0,4.214581e-05
1,1.0,0.9999475
1,1.0,0.9998425
0,0.0,5.9213908e-05
0,0.0,5.0583225e-05
1,1.0,0.99994826
1,1.0,0.9990941
0,0.0,1.8166822e-05
0,0.0,5.046499e-05
1,1.0,0.99994826
1,1.0,0.99994856
0,0.0,6.136051e-05
0,0.0,6.154605e-05
0,0.0,8.685241e-05
0,0.0,3.958325e-05
0,0.0,6.089336e-05
1,1.0,0.99985826
1,1.0,0.9999485
0,0.0,3.922563e-05
0,0.0,4.022307e-05
0,0.0,6.089185e-05
0,0.0,4.1580242e-05
0,0.0,6.048939e-05
0,0.0,4.2428943e-05
0,0.0,1.815191e-05
0,0.0,6.1420345e-05
1,1.0,0.9998569
0,0.0,3.3880508e-05
0,0.0,6.089115e-05
1,1.0,0.9916322
0,0.0,4.883337e-05
0,0.0,5.6827597e-05
0,0.0,4.2058124e-05
1,1.0,0.9998929
1,1.0,0.9999159
0,0.0,3.447585e-05
0,0.0,6.116725e-05
0,0.0,3.9231767e-05
0,0.0,3.782582e-05
1,1.0,0.99992275
0,0.0,4.6265508e-05
0,0.0,4.9905815e-05
0,0.0,5.900535e-05
0,0.0,3.3891105e-05
1,1.0,0.999328
0,0.0,3.1193224e-05
1,1.0,0.9998583
1,1.0,0.9998583
1,1.0,0.9996999
0,0.0,4.413209e-05
1,1.0,0.999857
1,1.0,0.9999058
0,0.0,3.1211912e-05
0,0.0,2.8351687e-05
0,0.0,3.837229e-05
1,1.0,0.9990249
1,1.0,0.9999483
0,0.0,3.608968e-05
0,0.0,3.8559596e-05
0,0.0,3.4940953e-05
0,0.0,3.292315e-05
0,0.0,3.4474007e-05
0,0.0,3.9202852e-05
0,0.0,6.0893824e-05
0,0.0,5.5898356e-05
1,1.0,0.99990743
0,0.0,6.134857e-05
0,0.0,5.6829387e-05
0,0.0,2.8184175e-05
0,0.0,3.053052e-05
0,0.0,2.885233e-05
1,1.0,0.9998565
1,1.0,0.9999481
0,0.0,5.724418e-05
0,0.0,6.089266e-05
1,1.0,0.9999452
0,0.0,4.159242e-05
0,0.0,6.8623856e-05
0,0.0,5.0609564e-05
1,1.0,0.99985754
0,0.0,6.0893475e-05
1,1.0,0.99990565
0,0.0,3.7691836e-05
0,0.0,4.4150827e-05
0,0.0,1.816152e-05
0,0.0,4.076932e-05
0,0.0,4.147692e-05
1,1.0,0.9998575
0,0.0,4.3619e-05
1,1.0,0.992165
1,1.0,0.9998571
0,0.0,3.8171558e-05
1,1.0,0.9994172
1,1.0,0.99994063
0,0.0,4.012751e-05
0,0.0,5.5115128e-05
0,0.0,1.7010678e-05
0,0.0,6.134927e-05
1,1.0,0.9999481
0,0.0,5.592992e-05
0,0.0,5.6061446e-05
0,0.0,4.354859e-05
1,1.0,0.99975246
0,0.0,1.7009623e-05
0,0.0,1.8162178e-05
1,1.0,0.99974924
1,1.0,0.99991405
0,0.0,6.0710197e-05
1,1.0,0.9999321
1,1.0,0.99985766
0,0.0,3.7725782e-05
0,0.0,5.9211932e-05
0,0.0,3.9141705e-05
0,0.0,4.929649e-05
1,1.0,0.99985677
0,0.0,4.1849602e-05
0,0.0,3.8396305e-05
0,0.0,1.8197929e-05
1,1.0,0.99990803
0,0.0,4.3435073e-05
0,0.0,5.72087e-05
1,1.0,0.9998574
0,0.0,3.877287e-05
1,1.0,0.99970186
0,0.0,6.134634e-05
0,0.0,5.506154e-05
0,0.0,5.0583996e-05
0,0.0,6.766821e-05
1,1.0,0.99994755
0,0.0,4.2140422e-05
0,0.0,5.007687e-05
0,0.0,4.1687483e-05
0,0.0,6.136144e-05
1,1.0,0.99990803
0,0.0,3.8353595e-05
1,1.0,0.9999474
0,0.0,5.6095396e-05
1,1.0,0.99985725
0,0.0,3.2070075e-05
0,0.0,1.700964e-05
0,0.0,5.7814836e-05
0,0.0,3.119465e-05
1,1.0,0.9976345
0,0.0,3.177657e-05
1,1.0,0.9999154
0,0.0,3.1107433e-05
0,0.0,5.6877532e-05
0,0.0,1.8157329e-05
1,1.0,0.99994785
1,1.0,0.9998577
0,0.0,6.089336e-05
0,0.0,4.403578e-05
1,1.0,0.99796313
0,0.0,1.7032087e-05
0,0.0,5.7821344e-05
0,0.0,6.0749575e-05
0,0.0,4.3313423e-05
1,1.0,0.99980783
0,0.0,3.8157217e-05
0,0.0,3.1711606e-05
0,0.0,3.0486235e-05
0,0.0,3.86523e-05
1,1.0,0.9994636
0,0.0,5.282825e-05
0,0.0,3.0970976e-05
0,0.0,3.0521143e-05
1,1.0,0.9999482
0,0.0,4.3947006e-05
1,1.0,0.99985665
0,0.0,4.415984e-05
0,0.0,5.0866973e-05
1,1.0,0.99985766
0,0.0,5.921278e-05
0,0.0,5.0867748e-05
1,1.0,0.99994767
0,0.0,5.5063483e-05
1,1.0,0.99994826
0,0.0,4.907772e-05
0,0.0,6.154206e-05
0,0.0,5.9178125e-05
0,0.0,3.9291892e-05
0,0.0,5.0836232e-05
0,0.0,3.7615133e-05
0,0.0,3.058238e-05
0,0.0,4.233804e-05
1,1.0,0.99985707
1,1.0,0.9999236
1,1.0,0.99806243
0,0.0,0.0001075629
0,0.0,1.6991804e-05
0,0.0,6.154411e-05
0,0.0,4.3544354e-05
0,0.0,6.135898e-05
0,0.0,5.9180154e-05
0,0.0,5.508029e-05
0,0.0,5.6828412e-05
0,0.0,4.5419656e-05
0,0.0,4.112144e-05
0,0.0,3.92088e-05
1,1.0,0.99985754
0,0.0,5.50898e-05
0,0.0,3.609278e-05
1,1.0,0.99985766
0,0.0,5.9066202e-05
0,0.0,2.8760194e-05
0,0.0,4.4141143e-05
0,0.0,5.6017245e-05
0,0.0,3.3401062e-05
1,1.0,0.99994767
0,0.0,3.177866e-05
0,0.0,5.782184e-05
0,0.0,6.0712802e-05
0,0.0,5.6060537e-05
1,1.0,0.9999067
0,0.0,4.8824666e-05
0,0.0,3.92088e-05
1,1.0,0.9998577
0,0.0,3.3911794e-05
0,0.0,3.814859e-05
0,0.0,3.204082e-05
1,1.0,0.9988077
0,0.0,5.2324016e-05
0,0.0,1.7022345e-05
1,1.0,0.9999484
1,1.0,0.9996394
0,0.0,4.86986e-05
0,0.0,4.8569396e-05
0,0.0,3.29546e-05
0,0.0,5.720772e-05
0,0.0,5.1300438e-05
0,0.0,3.0936906e-05
0,0.0,6.904107e-05
1,1.0,0.9998567
0,0.0,3.9228624e-05
0,0.0,6.1360624e-05
1,1.0,0.9999477
0,0.0,6.0670725e-05
0,0.0,4.898094e-05
0,0.0,5.5111977e-05
0,0.0,5.900079e-05
0,0.0,5.6694927e-05
0,0.0,3.2006705e-05
0,0.0,1.7009364e-05
0,0.0,4.3537126e-05
0,0.0,3.7781803e-05
0,0.0,2.8185923e-05
1,1.0,0.9999485
1,1.0,0.9998422
0,0.0,3.4474106e-05
0,0.0,2.9919813e-05
1,1.0,0.9999474
0,0.0,3.0114927e-05
1,1.0,0.99994826
0,0.0,5.5108558e-05
0,0.0,3.0518815e-05
1,1.0,0.9998583
0,0.0,5.085795e-05
0,0.0,6.066951e-05
0,0.0,6.06617e-05
0,0.0,3.8380233e-05
0,0.0,6.0745868e-05
1,1.0,0.9999288
1,1.0,0.9998583
1,1.0,0.9999476
0,0.0,3.1782176e-05
1,1.0,0.9999279
0,0.0,3.4218883e-05
0,0.0,3.4342687e-05
1,1.0,0.99977684
0,0.0,3.325968e-05
0,0.0,3.045349e-05
0,0.0,3.903603e-05
0,0.0,4.3500193e-05
0,0.0,3.3405777e-05
0,0.0,4.488791e-05
1,1.0,0.99986106
1,1.0,0.9998583
0,0.0,3.2746924e-05
1,1.0,0.9998965
0,0.0,3.30035e-05
0,0.0,3.467556e-05
1,1.0,0.9999385
0,0.0,3.355059e-05
0,0.0,3.4559787e-05
1,1.0,0.9998608
1,1.0,0.99996126
0,0.0,2.8084098e-05
0,0.0,0.00027998423
0,0.0,3.4446697e-05
0,0.0,2.883217e-05
0,0.0,4.1228755e-05
0,0.0,3.22553e-05
0,0.0,3.3391854e-05
0,0.0,4.119743e-05
1,1.0,0.9994368
0,0.0,3.534758e-05
0,0.0,2.84941e-05
0,0.0,2.5991414e-05
0,0.0,3.3392207e-05
0,0.0,3.4806293e-05
1,1.0,0.999848
0,0.0,3.1951262e-05
0,0.0,3.6666275e-05
0,0.0,3.3391632e-05
0,0.0,3.4672583e-05
1,1.0,0.99989146
0,0.0,3.7664453e-05
0,0.0,3.3539778e-05
1,1.0,0.9999351
1,1.0,0.9999994
1,1.0,0.9998595
0,0.0,3.3407046e-05
1,1.0,0.99992085
0,0.0,4.2142554e-05
1,1.0,0.99989057
0,0.0,3.7109763e-05
0,0.0,3.575022e-05
1,1.0,0.99993247
0,0.0,2.8412129e-05
0,0.0,3.443057e-05
1,1.0,0.99990386
0,0.0,3.234901e-05
0,0.0,3.068531e-05
0,0.0,3.2880325e-05
0,0.0,4.6234323e-05
0,0.0,2.8509403e-05
0,0.0,3.7219666e-05
0,0.0,3.438083e-05
0,0.0,3.7461385e-05
0,0.0,3.755771e-05
1,1.0,0.9998529
0,0.0,3.4355366e-05
1,1.0,0.99987894
0,0.0,3.4382636e-05
0,0.0,3.3247943e-05
0,0.0,2.8717137e-05
0,0.0,3.2574033e-05
1,1.0,0.9997262
0,0.0,2.8743523e-05
0,0.0,3.5472698e-05
1,1.0,0.9999357
0,0.0,3.5352943e-05
0,0.0,4.2001615e-05
0,0.0,4.1683947e-05
0,0.0,2.8850101e-05
0,0.0,3.666572e-05
0,0.0,3.5579316e-05
0,0.0,3.4799323e-05
0,0.0,2.8557075e-05
1,1.0,0.9998617
0,0.0,3.3804434e-05
0,0.0,3.042977e-05
1,1.0,0.9998521
0,0.0,2.9019666e-05
0,0.0,3.3180226e-05
1,1.0,0.99993485
1,1.0,0.99993724
1,1.0,0.9998631
0,0.0,3.043305e-05
0,0.0,3.666481e-05
1,1.0,0.99996
0,0.0,3.5385765e-05
0,0.0,3.5408313e-05
1,1.0,0.9999497
1,1.0,0.99986255
0,0.0,4.2368698e-05
0,0.0,3.324731e-05
1,1.0,0.999863
0,0.0,2.8419203e-05
0,0.0,2.8495133e-05
1,1.0,0.99993473
0,0.0,3.4903886e-05
0,0.0,3.5945523e-05
0,0.0,2.854752e-05
0,0.0,3.4078916e-05
0,0.0,3.721981e-05
0,0.0,3.6481004e-05
0,0.0,3.4936988e-05
1,1.0,0.9999972
1,1.0,0.9999079
0,0.0,0.00027996048
0,0.0,3.5523306e-05
0,0.0,3.3167067e-05
0,0.0,3.307966e-05
1,1.0,0.9998999
1,1.0,0.9999955
0,0.0,4.2957807e-05
1,1.0,0.999993
0,0.0,3.393117e-05
1,1.0,0.9995864
1,1.0,0.9999746
0,0.0,3.3294906e-05
0,0.0,3.289447e-05
0,0.0,3.324785e-05
0,0.0,3.3248325e-05
0,0.0,3.0417092e-05
1,1.0,0.999858
0,0.0,4.1207684e-05
1,1.0,0.99992543
0,0.0,2.9524273e-05
0,0.0,3.7531718e-05
1,1.0,0.9970088
0,0.0,3.534738e-05
0,0.0,3.0181054e-05
1,1.0,0.999901
0,0.0,2.896948e-05
0,0.0,3.33931e-05
0,0.0,3.435261e-05
0,0.0,3.666418e-05
0,0.0,3.230052e-05
0,0.0,3.5384954e-05
0,0.0,3.271303e-05
0,0.0,4.2582164e-05
1,1.0,0.9999977
0,0.0,3.4560282e-05
1,1.0,0.9999386
0,0.0,3.5952995e-05
0,0.0,3.746067e-05
1,1.0,0.99982035
1,1.0,0.999901
1,1.0,0.99999565
1,1.0,0.99987394
0,0.0,3.409296e-05
1,1.0,0.9999028
0,0.0,2.906794e-05
0,0.0,3.3072156e-05
0,0.0,3.3467568e-05
0,0.0,3.557226e-05
0,0.0,4.2094318e-05
0,0.0,3.3021195e-05
0,0.0,3.4382178e-05
0,0.0,3.534738e-05
0,0.0,3.302044e-05
0,0.0,3.3307922e-05
0,0.0,3.4693985e-05
1,1.0,0.999862
0,0.0,2.905569e-05
0,0.0,3.557226e-05
0,0.0,3.2866217e-05
0,0.0,3.3218625e-05
0,0.0,3.3548993e-05
0,0.0,4.2998377e-05
0,0.0,2.926314e-05
1,1.0,0.999863
0,0.0,2.8084205e-05
0,0.0,3.7347738e-05
0,0.0,2.8498096e-05
0,0.0,3.328995e-05
0,0.0,4.438296e-05
1,1.0,0.99987143
0,0.0,3.5714133e-05
0,0.0,2.7965167e-05
0,0.0,3.4001754e-05
0,0.0,3.417385e-05
0,0.0,2.8444794e-05
0,0.0,3.4732224e-05
1,1.0,0.999885
0,0.0,3.2851207e-05
0,0.0,3.3406155e-05
0,0.0,8.983974e-05
1,1.0,0.9999951
0,0.0,3.666537e-05
0,0.0,4.5395405e-05
0,0.0,3.0219442e-05
0,0.0,3.3560093e-05
0,0.0,2.83677e-05
0,0.0,3.2731125e-05
1,1.0,0.999936
0,0.0,3.456081e-05
1,1.0,0.9999029
0,0.0,4.007688e-05
0,0.0,3.4999845e-05
1,1.0,0.9999332
1,1.0,0.99942446
0,0.0,3.714506e-05
0,0.0,3.3418328e-05
1,1.0,0.9999327
1,1.0,0.9999384
0,0.0,3.0428697e-05
0,0.0,2.8006536e-05
1,1.0,0.9998512
0,0.0,3.5608267e-05
0,0.0,3.3178327e-05
0,0.0,0.00014777151
1,1.0,0.99993855
1,1.0,0.9999513
0,0.0,3.593809e-05
1,1.0,0.9999346
0,0.0,3.2646087e-05
0,0.0,3.7459242e-05
0,0.0,3.4290224e-05
0,0.0,3.5323523e-05
0,0.0,0.00014779097
0,0.0,2.5856798e-05
0,0.0,3.324769e-05
0,0.0,2.8431316e-05
0,0.0,3.3912023e-05
1,1.0,0.99975246
0,0.0,3.666355e-05
0,0.0,3.3560445e-05
0,0.0,4.686011e-05
1,1.0,0.9999317
0,0.0,3.408984e-05
1,1.0,0.99996614
0,0.0,3.5384786e-05
1,1.0,0.99977624
0,0.0,3.8711943e-05
0,0.0,2.9359435e-05
0,0.0,3.4077682e-05
0,0.0,3.2843625e-05
1,1.0,0.9999254
0,0.0,4.007864e-05
1,1.0,0.9994647
1,1.0,0.9998473
0,0.0,4.4515e-05
0,0.0,3.7558606e-05
0,0.0,3.3470154e-05
0,0.0,4.4556153e-05
0,0.0,3.4078334e-05
0,0.0,3.6750258e-05
1,1.0,0.9998568
0,0.0,3.3045075e-05
1,1.0,0.9998981
1,1.0,0.9999333
0,0.0,2.8555087e-05
0,0.0,3.393211e-05
1,1.0,0.9999128
1,1.0,0.99985045
0,0.0,3.3406217e-05
1,1.0,0.99990696
1,1.0,0.99947494
1,1.0,0.99985963
0,0.0,3.3016437e-05
0,0.0,3.303307e-05
0,0.0,3.0402649e-05
1,1.0,0.99994314
0,0.0,2.930609e-05
0,0.0,3.3468717e-05
0,0.0,3.677091e-05
0,0.0,3.414808e-05
0,0.0,3.677231e-05
1,1.0,0.9999964
0,0.0,3.326009e-05
0,0.0,3.2574157e-05
0,0.0,3.5572462e-05
0,0.0,3.417062e-05
1,1.0,0.9997642
0,0.0,2.7908822e-05
0,0.0,3.3868328e-05
0,0.0,3.674525e-05
1,1.0,0.99986017
1,1.0,0.99993867
0,0.0,3.666456e-05
0,0.0,3.3559485e-05
0,0.0,3.339711e-05
0,0.0,2.8026254e-05
0,0.0,4.540727e-05
0,0.0,4.3837797e-05
0,0.0,2.885368e-05
1,1.0,0.99945337
0,0.0,3.53859e-05
0,0.0,3.3153086e-05
1,1.0,0.99986315
0,0.0,2.809074e-05
0,0.0,0.00028002026
1,1.0,0.999953
0,0.0,3.011464e-05
0,0.0,3.289284e-05
0,0.0,4.212544e-05
1,1.0,0.9999952
0,0.0,2.594525e-05
0,0.0,2.842945e-05
0,0.0,3.217346e-05
0,0.0,3.339214e-05
0,0.0,3.5523575e-05
1,1.0,0.99945337
0,0.0,3.929223e-05
1,1.0,0.99985284
1,1.0,0.999938
1,1.0,0.999934
0,0.0,2.9055524e-05
0,0.0,3.3411667e-05
0,0.0,3.340647e-05
1,1.0,0.9999387
0,0.0,3.452559e-05
0,0.0,3.411644e-05
0,0.0,2.9372737e-05
0,0.0,3.092187e-05
0,0.0,3.4363886e-05
1,1.0,0.99960804
1,1.0,0.9998548
0,0.0,2.829227e-05
0,0.0,2.8365157e-05
0,0.0,3.2226984e-05
0,0.0,3.5335317e-05
1,1.0,0.999997
1,1.0,0.99985564
0,0.0,2.929452e-05
0,0.0,2.9768116e-05
0,0.0,3.5345896e-05
0,0.0,3.912976e-05
0,0.0,3.255692e-05
0,0.0,3.4150133e-05
0,0.0,3.0427422e-05
1,1.0,0.999861
0,0.0,3.5951143e-05
0,0.0,3.557243e-05
0,0.0,3.3406282e-05
1,1.0,0.9999977
0,0.0,0.00014779407
0,0.0,2.8314184e-05
0,0.0,3.557226e-05
0,0.0,4.733394e-05
0,0.0,3.262377e-05
0,0.0,2.9360164e-05
0,0.0,4.3494718e-05
0,0.0,3.3178803e-05
0,0.0,3.5959718e-05
1,1.0,0.999865
0,0.0,3.3341355e-05
1,1.0,0.9998528
1,1.0,0.9999329
0,0.0,3.3259552e-05
0,0.0,3.317858e-05
0,0.0,3.7554844e-05
0,0.0,3.710927e-05
0,0.0,3.225413e-05
0,0.0,3.5397712e-05
0,0.0,3.744863e-05
1,1.0,0.9999337
0,0.0,3.3259807e-05
0,0.0,3.328246e-05
1,1.0,0.99986345
0,0.0,3.3247372e-05
0,0.0,3.7445596e-05
1,1.0,0.9999348
0,0.0,2.600619e-05
1,1.0,0.99703676
0,0.0,3.3560093e-05
0,0.0,3.3033793e-05
0,0.0,3.3178203e-05
0,0.0,4.19906e-05
0,0.0,3.0360783e-05
0,0.0,3.6132693e-05
1,1.0,0.9998628
0,0.0,3.735208e-05
0,0.0,3.540453e-05
0,0.0,4.2431853e-05
0,0.0,3.5582576e-05
0,0.0,3.0428406e-05
1,1.0,0.9998786
0,0.0,3.0877844e-05
0,0.0,3.4077748e-05
1,1.0,0.9998603
0,0.0,3.7353257e-05
1,1.0,0.9998628
0,0.0,4.199921e-05
1,1.0,0.9999584
0,0.0,3.677161e-05
0,0.0,3.711118e-05
0,0.0,3.339052e-05
0,0.0,3.3177887e-05
0,0.0,3.7556136e-05
1,1.0,0.99985725
0,0.0,3.5523914e-05
0,0.0,3.0434965e-05
0,0.0,3.4289864e-05
1,1.0,0.9998609
0,0.0,3.246682e-05
0,0.0,2.5981624e-05
0,0.0,2.8085302e-05
0,0.0,2.8084847e-05
0,0.0,4.1204894e-05
1,1.0,0.9998523
0,0.0,3.7145768e-05
0,0.0,3.557043e-05
0,0.0,3.316637e-05
1,1.0,0.9998915
1,1.0,0.9999367
0,0.0,3.339211e-05
1,1.0,0.9999223
1,1.0,0.99986005
0,0.0,3.7448597e-05
0,0.0,3.2469146e-05
1,1.0,0.99984974
0,0.0,3.7558355e-05
0,0.0,4.384106e-05
1,1.0,0.9998557
0,0.0,3.4288165e-05
1,1.0,0.99993545
0,0.0,3.5748893e-05
0,0.0,3.7462243e-05
0,0.0,3.5573277e-05
0,0.0,3.7447026e-05
1,1.0,0.9998494
0,0.0,3.557294e-05
0,0.0,3.3392334e-05
0,0.0,3.4671557e-05
0,0.0,3.377901e-05
0,0.0,3.2922148e-05
0,0.0,3.7110683e-05
0,0.0,3.5638335e-05
1,1.0,0.999933
1,1.0,0.99986196
1,1.0,0.9998542
1,1.0,0.99993306
0,0.0,2.8181972e-05
0,0.0,4.635874e-05
0,0.0,2.598777e-05
0,0.0,3.7459384e-05
0,0.0,0.00028027347
1,1.0,0.99985033
1,1.0,0.9999344
0,0.0,3.649583e-05
1,1.0,0.99999356
0,0.0,3.0502579e-05
0,0.0,4.2437845e-05
1,1.0,0.99993837
1,1.0,0.9999965
0,0.0,3.5563236e-05
1,1.0,0.9994419
0,0.0,5.727939e-05
1,1.0,0.99989986
0,0.0,0.00014776883
0,0.0,3.4092696e-05
0,0.0,2.5932612e-05
0,0.0,3.55745e-05
0,0.0,3.3058124e-05
0,0.0,3.118311e-05
1,1.0,0.9998588
0,0.0,2.8006643e-05
0,0.0,4.117901e-05
0,0.0,3.356006e-05
0,0.0,3.1948064e-05
0,0.0,2.5979592e-05
0,0.0,3.4671593e-05
1,1.0,0.99993694
0,0.0,3.9627674e-05
1,1.0,0.9998615
0,0.0,3.4250163e-05
0,0.0,4.086324e-05
0,0.0,0.000279542
1,1.0,0.99991417
0,0.0,3.093847e-05
1,1.0,0.9998527
1,1.0,0.9999336
0,0.0,0.00028017221
0,0.0,2.9161898e-05
0,0.0,3.72186e-05
1,1.0,0.999935
0,0.0,3.5523542e-05
1,1.0,0.9999462
0,0.0,3.0140296e-05
0,0.0,0.00027982518
0,0.0,4.2781197e-05
0,0.0,3.207145e-05
0,0.0,3.428859e-05
1,1.0,0.99993515
1,1.0,0.9998565
0,0.0,2.9455121e-05
0,0.0,0.00027993327
0,0.0,3.4936988e-05
0,0.0,3.5388228e-05
0,0.0,4.1225452e-05
0,0.0,0.0002798972
0,0.0,2.808474e-05
1,1.0,0.9999377
0,0.0,3.7352867e-05
0,0.0,3.7558748e-05
0,0.0,8.9434594e-05
0,0.0,3.4429355e-05
0,0.0,3.3259836e-05
0,0.0,4.4724988e-05
1,1.0,0.9999347
1,1.0,0.99984956
0,0.0,3.296758e-05
0,0.0,3.5950252e-05
1,1.0,0.99986184
0,0.0,3.3259585e-05
0,0.0,3.3205863e-05
1,1.0,0.9999376
0,0.0,3.517951e-05
1,1.0,0.9996952
1,1.0,0.9995935
0,0.0,3.436893e-05
1,1.0,0.9998572
1,1.0,0.9998292
0,0.0,3.9082806e-05
0,0.0,4.3961925e-05
0,0.0,2.8919929e-05
0,0.0,3.259252e-05
0,0.0,3.346891e-05
0,0.0,3.294159e-05
0,0.0,3.41486e-05
0,0.0,3.2627846e-05
0,0.0,2.8517206e-05
0,0.0,3.4638444e-05
0,0.0,3.206399e-05
0,0.0,3.557009e-05
0,0.0,4.5547917e-05
0,0.0,3.443195e-05
0,0.0,4.2100623e-05
0,0.0,2.8227965e-05
1,1.0,0.99987864
0,0.0,3.7676095e-05
0,0.0,3.7351583e-05
0,0.0,3.8188962e-05
1,1.0,0.9998895
0,0.0,3.068648e-05
0,0.0,3.2175114e-05
0,0.0,3.4688524e-05
0,0.0,3.0405201e-05
0,0.0,5.9302747e-05
0,0.0,3.6730602e-05
0,0.0,3.0767118e-05
1,1.0,0.9998912
1,1.0,0.9997403
0,0.0,4.2093394e-05
0,0.0,2.8094757e-05
1,1.0,0.99993956
0,0.0,3.4269604e-05
0,0.0,3.442512e-05
0,0.0,4.2375003e-05
1,1.0,0.9998593
0,0.0,3.269659e-05
1,1.0,0.9999525
0,0.0,3.2894346e-05
0,0.0,3.1258412e-05
1,1.0,0.9999335
0,0.0,3.4429388e-05
0,0.0,0.00014778068
0,0.0,3.5572193e-05
0,0.0,4.2957887e-05
0,0.0,3.3178327e-05
1,1.0,0.99985325
0,0.0,3.721754e-05
0,0.0,3.4650373e-05
0,0.0,3.4570727e-05
0,0.0,2.9472121e-05
0,0.0,3.5006222e-05
1,1.0,0.99957335
1,1.0,0.9998502
1,1.0,0.9998522
1,1.0,0.9999371
0,0.0,3.2699492e-05
0,0.0,3.5383604e-05
0,0.0,2.8084633e-05
0,0.0,3.3395456e-05
0,0.0,3.7213635e-05
1,1.0,0.99985355
1,1.0,0.99985117
1,1.0,0.9999352
0,0.0,3.2698743e-05
1,1.0,0.99987555
0,0.0,3.463263e-05
0,0.0,3.297393e-05
0,0.0,3.7557245e-05
0,0.0,3.595286e-05
0,0.0,3.4501667e-05
0,0.0,3.9390943e-05
0,0.0,3.3178265e-05
0,0.0,4.2435862e-05
1,1.0,0.9999979
1,1.0,0.9998582
0,0.0,3.3071872e-05
0,0.0,3.5607758e-05
0,0.0,3.744667e-05
0,0.0,2.8072103e-05
0,0.0,3.953945e-05
0,0.0,2.9016568e-05
0,0.0,4.5979523e-05
0,0.0,3.2346914e-05
0,0.0,2.8079652e-05
0,0.0,3.4376735e-05
0,0.0,3.4725697e-05
0,0.0,3.3028973e-05
0,0.0,3.280231e-05
0,0.0,3.3930846e-05
0,0.0,3.534465e-05
0,0.0,3.288167e-05
0,0.0,4.3330612e-05
0,0.0,3.0870247e-05
0,0.0,3.356022e-05
0,0.0,3.4258916e-05
0,0.0,0.00014777786
0,0.0,4.2121424e-05
1,1.0,0.999964
0,0.0,3.274424e-05
0,0.0,3.711047e-05
0,0.0,2.9942448e-05
0,0.0,3.4060366e-05
0,0.0,3.1156065e-05
1,1.0,0.999862
0,0.0,3.6772664e-05
0,0.0,2.8085222e-05
1,1.0,0.99999714
1,1.0,0.9998534
0,0.0,3.9907507e-05
0,0.0,3.4245328e-05
1,1.0,0.9998536
0,0.0,3.0259238e-05
1,1.0,0.9999285
0,0.0,3.5414054e-05
1,1.0,0.9998608
0,0.0,0.0002800993
0,0.0,3.3458953e-05
1,1.0,0.99993515
0,0.0,3.526671e-05
1,1.0,0.99987715
0,0.0,3.3278524e-05
0,0.0,3.5346337e-05
0,0.0,2.810253e-05
0,0.0,8.95633e-05
0,0.0,3.5384684e-05
0,0.0,3.4077486e-05
0,0.0,2.9754496e-05
1,1.0,0.9998526
0,0.0,2.5820158e-05
1,1.0,0.99944633
0,0.0,3.755592e-05
0,0.0,3.6665613e-05
1,1.0,0.99985534
0,0.0,3.7043144e-05
0,0.0,3.0290537e-05
0,0.0,3.039946e-05
0,0.0,2.8085222e-05
0,0.0,4.6271598e-05
0,0.0,3.2110012e-05
1,1.0,0.99994576
0,0.0,4.1204778e-05
1,1.0,0.9999386
1,1.0,0.99993205
0,0.0,3.9847007e-05
0,0.0,3.3394754e-05
0,0.0,3.3259486e-05
1,1.0,0.9999823
0,0.0,3.4183235e-05
0,0.0,4.4964305e-05
0,0.0,3.4288787e-05
1,1.0,0.99994516
1,1.0,0.99985415
0,0.0,3.3538818e-05
0,0.0,2.9607423e-05
1,1.0,0.999998
0,0.0,4.1230014e-05
0,0.0,4.1202497e-05
0,0.0,3.28534e-05
0,0.0,3.9150178e-05
1,1.0,0.99996245
0,0.0,3.673064e-05
1,1.0,0.99988025
1,1.0,0.9999382
0,0.0,3.2730157e-05
0,0.0,3.424435e-05
1,1.0,0.9998608
0,0.0,3.275979e-05
0,0.0,3.492366e-05
1,1.0,0.9994301
0,0.0,2.7953438e-05
0,0.0,3.7348662e-05
0,0.0,3.711001e-05
0,0.0,3.745888e-05
0,0.0,3.3405995e-05
0,0.0,3.745874e-05
0,0.0,3.3164535e-05
0,0.0,3.3558812e-05
0,0.0,3.557304e-05
0,0.0,3.6665228e-05
0,0.0,2.7996282e-05
1,1.0,0.99999905
0,0.0,4.325534e-05
0,0.0,3.3418677e-05
0,0.0,3.745974e-05
1,1.0,0.99993205
0,0.0,2.8340333e-05
0,0.0,0.00027988388
0,0.0,3.5282115e-05
0,0.0,3.7446167e-05
0,0.0,3.4430013e-05
1,1.0,0.99993724
0,0.0,2.5908981e-05
0,0.0,3.408984e-05
0,0.0,2.7955994e-05
1,1.0,0.9998212
0,0.0,3.4002238e-05
0,0.0,4.2849224e-05
1,1.0,0.99947876
1,1.0,0.9999323
1,1.0,0.9999347
0,0.0,3.2516273e-05
0,0.0,0.00014779702
0,0.0,3.0400446e-05
1,1.0,0.9999494
0,0.0,3.538664e-05
0,0.0,3.5573346e-05
0,0.0,3.9286384e-05
1,1.0,0.999935
0,0.0,2.5930336e-05
0,0.0,2.946546e-05
1,1.0,0.99993294
1,1.0,0.99986243
0,0.0,3.7349837e-05
0,0.0,3.557311e-05
0,0.0,3.7458703e-05
0,0.0,4.6137255e-05
1,1.0,0.9998582
0,0.0,2.9203477e-05
0,0.0,3.0425013e-05
0,0.0,3.3559612e-05
1,1.0,0.9998553
1,1.0,0.99999464
0,0.0,4.2372983e-05
1,1.0,0.99993104
0,0.0,2.941209e-05
0,0.0,3.408116e-05
1,1.0,0.9999332
0,0.0,3.3166118e-05
0,0.0,0.00027990254
1,1.0,0.99947095
0,0.0,3.4433986e-05
1,1.0,0.99972814
1,1.0,0.99945176
1,1.0,0.99993414
0,0.0,0.00028000772
0,0.0,0.00014780195
0,0.0,3.3538945e-05
0,0.0,3.3394914e-05
0,0.0,3.742646e-05
0,0.0,3.4077748e-05
0,0.0,3.7350088e-05
0,0.0,3.7139034e-05
0,0.0,3.7447953e-05
0,0.0,2.8335387e-05
0,0.0,2.9942961e-05
1,1.0,0.9999925
0,0.0,4.199204e-05
0,0.0,3.2712156e-05
1,1.0,0.99979705
0,0.0,3.0437172e-05
0,0.0,3.3468972e-05
1,1.0,0.99993926
1,1.0,0.99985737
0,0.0,3.5389206e-05
1,1.0,0.9998588
0,0.0,4.252024e-05
0,0.0,3.3560955e-05
0,0.0,2.9991574e-05
1,1.0,0.9998526
0,0.0,3.324772e-05
1,1.0,0.99985826
0,0.0,3.5952515e-05
0,0.0,3.7144844e-05
1,1.0,0.99985546
1,1.0,0.9999931
0,0.0,2.8623985e-05
0,0.0,4.2788623e-05
0,0.0,3.4274013e-05
0,0.0,0.0002797201
0,0.0,3.2893655e-05
0,0.0,3.44308e-05
0,0.0,3.6661557e-05
0,0.0,2.9748082e-05
0,0.0,4.7370246e-05
0,0.0,3.5521578e-05
0,0.0,3.594134e-05
0,0.0,3.7553018e-05
0,0.0,3.069181e-05
0,0.0,3.0071535e-05
0,0.0,4.563169e-05
1,1.0,0.9998296
0,0.0,2.5964237e-05
1,1.0,0.99995744
1,1.0,0.99985194
1,1.0,0.99986017
0,0.0,3.746117e-05
1,1.0,0.99999493
0,0.0,2.9247709e-05
1,1.0,0.9999377
1,1.0,0.9999216
0,0.0,4.524233e-05
1,1.0,0.99987334
1,1.0,0.9999358
0,0.0,2.808423e-05
0,0.0,3.2072367e-05
0,0.0,0.00028014014
0,0.0,3.04012e-05
0,0.0,3.534664e-05
1,1.0,0.9999307
0,0.0,2.9221754e-05
0,0.0,3.3406184e-05
1,1.0,0.9999787
1,1.0,0.99986017
0,0.0,3.7444595e-05
0,0.0,3.2141445e-05
0,0.0,3.436952e-05
0,0.0,3.6660193e-05
0,0.0,4.587415e-05
0,0.0,0.00027965743
1,1.0,0.9998622
0,0.0,3.5572906e-05
1,1.0,0.99989
0,0.0,3.5385496e-05
0,0.0,3.2921645e-05
0,0.0,0.0001478045
1,1.0,0.9998587
0,0.0,3.2998716e-05
0,0.0,3.438021e-05
0,0.0,3.7447346e-05
0,0.0,3.3005388e-05
1,1.0,0.99989367
0,0.0,3.277773e-05
1,1.0,0.9997368
1,1.0,0.9999368
1,1.0,0.99985296
0,0.0,3.755678e-05
1,1.0,0.9998563
0,0.0,3.5027795e-05
0,0.0,3.390623e-05
0,0.0,3.3096858e-05
1,1.0,0.999997
0,0.0,3.709483e-05
0,0.0,2.9460993e-05
0,0.0,4.523047e-05
0,0.0,0.00027987588
0,0.0,3.4149125e-05
0,0.0,4.236894e-05
0,0.0,3.300479e-05
0,0.0,3.339259e-05
0,0.0,3.6773927e-05
1,1.0,0.9997216
0,0.0,3.2854216e-05
0,0.0,3.6770278e-05
0,0.0,3.4001558e-05
0,0.0,3.4078268e-05
0,0.0,3.3259297e-05
1,1.0,0.9999976
0,0.0,3.5386034e-05
1,1.0,0.9998511
0,0.0,3.5557914e-05
0,0.0,3.0433659e-05
0,0.0,2.807205e-05
0,0.0,3.2005242e-05
0,0.0,3.333528e-05
0,0.0,3.9150327e-05
1,1.0,0.9998555
0,0.0,2.8298367e-05
0,0.0,3.7556172e-05
0,0.0,3.549882e-05
0,0.0,2.823798e-05
0,0.0,3.2068634e-05
1,1.0,0.99985355
0,0.0,3.317858e-05
0,0.0,3.3058343e-05
0,0.0,3.270052e-05
0,0.0,2.5974688e-05
0,0.0,3.5383873e-05
0,0.0,2.59845e-05
0,0.0,3.2892778e-05
0,0.0,3.722002e-05
0,0.0,4.7470454e-05
1,1.0,0.99984956
0,0.0,3.7200436e-05
0,0.0,3.4431654e-05
0,0.0,3.328884e-05
1,1.0,0.9996022
0,0.0,4.2589352e-05
0,0.0,3.74626e-05
1,1.0,0.9999328
1,1.0,0.9998939
0,0.0,2.9064033e-05
1,1.0,0.99987316
0,0.0,0.00028018505
0,0.0,3.53862e-05
0,0.0,3.4152898e-05
0,0.0,0.00027983027
0,0.0,2.795333e-05
0,0.0,4.5432305e-05
0,0.0,4.332652e-05
0,0.0,3.5346166e-05
0,0.0,3.3247532e-05
1,1.0,0.9998796
1,1.0,0.9999507
0,0.0,0.0002799901
0,0.0,2.8085222e-05
0,0.0,3.316485e-05
0,0.0,3.2744487e-05
0,0.0,2.6286625e-05
0,0.0,3.6666137e-05
0,0.0,3.339176e-05
0,0.0,3.3259297e-05
0,0.0,3.2854903e-05
0,0.0,8.9822264e-05
0,0.0,3.3559994e-05
0,0.0,2.8447019e-05
0,0.0,3.3392396e-05
0,0.0,2.6089978e-05
0,0.0,3.745992e-05
0,0.0,2.8724038e-05
0,0.0,3.3248387e-05
0,0.0,3.0432991e-05
0,0.0,3.3406028e-05
0,0.0,4.12102e-05
0,0.0,3.311299e-05
0,0.0,3.456391e-05
1,1.0,0.9999333
1,1.0,0.99987394
0,0.0,0.00027984334
0,0.0,3.354112e-05
0,0.0,2.9056382e-05
0,0.0,3.4672685e-05
0,0.0,3.3015494e-05
0,0.0,3.5335823e-05
1,1.0,0.9999337
0,0.0,3.339208e-05
0,0.0,3.307916e-05
0,0.0,3.31658e-05
1,1.0,0.9999403
1,1.0,0.9998617
0,0.0,4.1289506e-05
0,0.0,3.3999873e-05
0,0.0,3.424889e-05
0,0.0,3.356038e-05
1,1.0,0.9998751
0,0.0,3.2254746e-05
0,0.0,3.255841e-05
0,0.0,2.9432602e-05
0,0.0,3.5303423e-05
0,0.0,3.042536e-05
0,0.0,2.847962e-05
0,0.0,8.9374225e-05
1,1.0,0.9998828
0,0.0,0.00027974945
1,1.0,0.99985313
0,0.0,3.287493e-05
0,0.0,3.340571e-05
0,0.0,3.3164597e-05
0,0.0,3.721945e-05
0,0.0,3.7216367e-05
1,1.0,0.99983126
0,0.0,2.8089722e-05
1,1.0,0.9998508
1,1.0,0.99983996
1,1.0,0.99985194
0,0.0,4.554557e-05
0,0.0,3.3539585e-05
1,1.0,0.99945205
0,0.0,3.2467287e-05
0,0.0,3.4430668e-05
1,1.0,0.9999366
0,0.0,3.4937853e-05
1,1.0,0.9998833
0,0.0,0.00027966753
0,0.0,3.721562e-05
0,0.0,3.720008e-05
0,0.0,3.006262e-05
0,0.0,3.4430635e-05
0,0.0,3.677347e-05
0,0.0,0.00027990254
0,0.0,2.9281924e-05
1,1.0,0.9998944
1,1.0,0.9998564
0,0.0,2.9912082e-05
1,1.0,0.99990803
1,1.0,0.9998591
0,0.0,3.9154173e-05
0,0.0,4.2371084e-05
0,0.0,4.428977e-05
0,0.0,4.3399297e-05
1,1.0,0.9998556
0,0.0,2.5980633e-05
1,1.0,0.99999136
0,0.0,3.5508063e-05
1,1.0,0.9998493
0,0.0,3.7442955e-05
0,0.0,3.546502e-05
0,0.0,3.289039e-05
1,1.0,0.99993557
1,1.0,0.9998312
0,0.0,3.225727e-05
0,0.0,3.538465e-05
1,1.0,0.9998719
0,0.0,3.5384888e-05
0,0.0,3.331199e-05
1,1.0,0.99985856
0,0.0,3.5573277e-05
0,0.0,3.2109707e-05
0,0.0,3.6665264e-05
0,0.0,0.0002801407
0,0.0,2.8084098e-05
0,0.0,3.422319e-05
0,0.0,3.316539e-05
0,0.0,3.470997e-05
0,0.0,3.4008335e-05
1,1.0,0.999784
0,0.0,4.2119056e-05
0,0.0,3.3166907e-05
1,1.0,0.9999335
1,1.0,0.9998528
0,0.0,3.2572665e-05
0,0.0,3.0457088e-05
0,0.0,3.5572157e-05
1,1.0,0.999602
0,0.0,3.27463e-05
0,0.0,3.735037e-05
0,0.0,2.8311108e-05
1,1.0,0.99985886
0,0.0,3.324772e-05
0,0.0,3.3932367e-05
0,0.0,3.4090586e-05
1,1.0,0.99993783
0,0.0,3.309588e-05
0,0.0,3.0428233e-05
0,0.0,8.940909e-05
0,0.0,3.5572328e-05
0,0.0,3.677305e-05
0,0.0,3.392994e-05
1,1.0,0.9998608
0,0.0,3.908333e-05
0,0.0,3.2935965e-05
0,0.0,2.6079555e-05
1,1.0,0.99999726
0,0.0,3.274486e-05
0,0.0,4.12216e-05
0,0.0,3.7350943e-05
0,0.0,2.9685369e-05
1,1.0,0.9998543
0,0.0,2.5724625e-05
0,0.0,3.3167096e-05
1,1.0,0.99993545
0,0.0,3.7446167e-05
0,0.0,2.9771154e-05
1,1.0,0.9999371
0,0.0,3.5713452e-05
0,0.0,3.6676105e-05
0,0.0,4.0862265e-05
0,0.0,3.443126e-05
0,0.0,3.595039e-05
0,0.0,4.3004366e-05
0,0.0,3.4653942e-05
0,0.0,3.327529e-05
0,0.0,3.5348392e-05
1,1.0,0.99986136
0,0.0,3.3406315e-05
0,0.0,3.5347177e-05
0,0.0,3.429333e-05
0,0.0,2.8963292e-05
0,0.0,3.455646e-05
0,0.0,3.2802873e-05
0,0.0,3.5502035e-05
0,0.0,3.5499328e-05
1,1.0,0.9999331
0,0.0,3.4722154e-05
1,1.0,0.99991494
0,0.0,3.45586e-05
1,1.0,0.99991095
0,0.0,2.886722e-05
0,0.0,4.2436062e-05
0,0.0,3.3178454e-05
0,0.0,3.409114e-05
0,0.0,3.042655e-05
0,0.0,4.2069594e-05
1,1.0,0.99941635
0,0.0,3.6771402e-05
0,0.0,3.356022e-05
0,0.0,3.6935595e-05
0,0.0,2.80849e-05
0,0.0,3.0174637e-05
1,1.0,0.999932
1,1.0,0.9998512
0,0.0,4.4130324e-05
0,0.0,3.559526e-05
0,0.0,3.3406443e-05
1,1.0,0.99993336
0,0.0,3.4088735e-05
0,0.0,3.3548702e-05
0,0.0,3.4292385e-05
1,1.0,0.99994683
0,0.0,3.2570646e-05
0,0.0,3.4570825e-05
0,0.0,3.5002315e-05
1,1.0,0.9999648
0,0.0,4.2960386e-05
1,1.0,0.99985975
0,0.0,2.808458e-05
0,0.0,0.00014780056
0,0.0,4.643856e-05
0,0.0,3.7352653e-05
0,0.0,3.2893404e-05
0,0.0,3.7109727e-05
0,0.0,0.000280098
0,0.0,2.7953785e-05
0,0.0,3.4572047e-05
0,0.0,3.4673907e-05
0,0.0,3.5386034e-05
1,1.0,0.9999363
0,0.0,3.3078748e-05
0,0.0,3.6661382e-05
1,1.0,0.9998291
0,0.0,3.5953544e-05
0,0.0,3.455758e-05
0,0.0,0.00014779434
1,1.0,0.9999359
0,0.0,3.2777887e-05
0,0.0,8.979607e-05
0,0.0,3.7536767e-05
1,1.0,0.99985343
1,1.0,0.99944085
1,1.0,0.9998525
1,1.0,0.9999976
0,0.0,3.4690445e-05
1,1.0,0.99985856
0,0.0,2.808431e-05
0,0.0,2.8766064e-05
0,0.0,2.5861213e-05
0,0.0,3.7556205e-05
0,0.0,2.6080277e-05
0,0.0,2.5965623e-05
1,1.0,0.99989
1,1.0,0.99993455
0,0.0,3.4430177e-05
1,1.0,0.99985796
1,1.0,0.9998625
0,0.0,3.7195856e-05
1,1.0,0.999862
0,0.0,3.263267e-05
0,0.0,3.2397413e-05
1,1.0,0.9999311
0,0.0,3.2947715e-05
0,0.0,3.2852207e-05
1,1.0,0.9999956
0,0.0,3.2853713e-05
0,0.0,3.326101e-05
0,0.0,3.284845e-05
0,0.0,3.4090393e-05
0,0.0,3.2725133e-05
0,0.0,4.04359e-05
0,0.0,7.6561206e-05
0,0.0,3.340647e-05
0,0.0,3.4290126e-05
0,0.0,4.2781892e-05
1,1.0,0.9998589
0,0.0,3.3036722e-05
0,0.0,3.5937235e-05
0,0.0,3.4987264e-05
1,1.0,0.9998524
0,0.0,3.4217872e-05
0,0.0,3.435376e-05
0,0.0,3.755585e-05
0,0.0,3.5186185e-05
0,0.0,2.8987719e-05
0,0.0,2.8343362e-05
0,0.0,3.4245524e-05
0,0.0,4.118568e-05
0,0.0,2.5991141e-05
0,0.0,3.4079567e-05
0,0.0,4.120391e-05
0,0.0,3.5347683e-05
0,0.0,4.388059e-05
1,1.0,0.99999285
0,0.0,3.7354006e-05
1,1.0,0.9998598
0,0.0,3.306793e-05
1,1.0,0.9999374
0,0.0,3.5424255e-05
0,0.0,4.2788666e-05
0,0.0,3.538563e-05
0,0.0,3.3468335e-05
0,0.0,3.534573e-05
0,0.0,3.745624e-05
0,0.0,3.68898e-05
0,0.0,3.7213988e-05
0,0.0,2.9680614e-05
0,0.0,3.042539e-05
1,1.0,0.9994481
0,0.0,8.983186e-05
1,1.0,0.9998983
0,0.0,2.8228314e-05
1,1.0,0.99984837
0,0.0,3.0430901e-05
0,0.0,3.4176293e-05
1,1.0,0.9999372
0,0.0,2.8084633e-05
0,0.0,0.00027984256
0,0.0,0.00014778561
0,0.0,3.2851927e-05
0,0.0,3.7463957e-05
1,1.0,0.9998421
1,1.0,0.99985576
0,0.0,3.289259e-05
0,0.0,4.214633e-05
1,1.0,0.99986124
0,0.0,3.5384684e-05
0,0.0,3.285249e-05
1,1.0,0.9999296
1,1.0,0.999963
1,1.0,0.99999684
0,0.0,4.008231e-05
0,0.0,3.0456655e-05
0,0.0,3.5745823e-05
0,0.0,3.1426924e-05
0,0.0,3.5000412e-05
0,0.0,4.650699e-05
0,0.0,2.9705872e-05
0,0.0,3.4430373e-05
0,0.0,3.55208e-05
0,0.0,3.0828938e-05
0,0.0,3.4290944e-05
1,1.0,0.9999363
0,0.0,3.741893e-05
0,0.0,0.000279791
0,0.0,3.0458366e-05
1,1.0,0.99985975
0,0.0,0.00014770363
1,1.0,0.9999355
0,0.0,3.273047e-05
0,0.0,3.552388e-05
0,0.0,3.426424e-05
0,0.0,3.2894754e-05
0,0.0,3.3406217e-05
0,0.0,4.4819946e-05
1,1.0,0.9998546
0,0.0,3.7354646e-05
1,1.0,0.999934
0,0.0,3.677154e-05
0,0.0,3.9086088e-05
0,0.0,2.8085087e-05
0,0.0,2.7920401e-05
0,0.0,3.5524117e-05
0,0.0,3.3280747e-05
0,0.0,3.0427247e-05
0,0.0,3.4556062e-05
1,1.0,0.99986285
1,1.0,0.9999002
1,1.0,0.9999376
1,1.0,0.99991506
0,0.0,3.4078428e-05
1,1.0,0.9999366
1,1.0,0.999993
0,0.0,3.2792428e-05
0,0.0,2.9268773e-05
1,1.0,0.99986964
0,0.0,3.0027804e-05
1,1.0,0.99985665
0,0.0,3.2853117e-05
1,1.0,0.9998597
1,1.0,0.99993247
0,0.0,3.2802247e-05
0,0.0,2.944706e-05
0,0.0,3.3912085e-05
0,0.0,3.3559358e-05
0,0.0,3.677284e-05
0,0.0,2.808482e-05
1,1.0,0.9999336
0,0.0,2.597216e-05
1,1.0,0.9999022
0,0.0,0.00014775559
0,0.0,3.6774905e-05
0,0.0,3.3471017e-05
0,0.0,3.735408e-05
0,0.0,4.120407e-05
0,0.0,3.7556958e-05
0,0.0,2.6192012e-05
0,0.0,3.356006e-05
0,0.0,2.8080776e-05
1,1.0,0.99995416
0,0.0,2.5948715e-05
0,0.0,3.4572276e-05
1,1.0,0.99999744
0,0.0,3.4735305e-05
0,0.0,3.2747485e-05
0,0.0,0.00014778532
1,1.0,0.9998546
1,1.0,0.9999632
0,0.0,4.258452e-05
0,0.0,2.587387e-05
1,1.0,0.9999991
1,1.0,0.99985117
0,0.0,3.4343833e-05
0,0.0,3.3247816e-05
0,0.0,3.3025884e-05
1,1.0,0.9998796
0,0.0,3.2546985e-05
0,0.0,3.2749173e-05
0,0.0,2.9826657e-05
0,0.0,3.5523204e-05
0,0.0,3.4089968e-05
1,1.0,0.9997565
0,0.0,3.7555954e-05
0,0.0,4.310763e-05
1,1.0,0.99994886
0,0.0,3.3037635e-05
1,1.0,0.99993783
0,0.0,3.302075e-05
0,0.0,2.8085222e-05
0,0.0,3.3560507e-05
0,0.0,4.2790583e-05
0,0.0,2.8090366e-05
0,0.0,2.8084285e-05
0,0.0,4.5196106e-05
0,0.0,3.4671524e-05
0,0.0,3.2377215e-05
1,1.0,0.9998599
0,0.0,3.755993e-05
0,0.0,3.316577e-05
0,0.0,3.2776796e-05
0,0.0,3.3178265e-05
1,1.0,0.9916961
0,0.0,3.4994206e-05
0,0.0,0.00014779773
0,0.0,3.3061435e-05
0,0.0,3.2570522e-05
0,0.0,2.5992877e-05
1,1.0,0.99977636
0,0.0,3.324801e-05
0,0.0,4.1204345e-05
0,0.0,0.00014780661
0,0.0,3.4287346e-05
0,0.0,2.5867404e-05
0,0.0,3.746185e-05
0,0.0,2.9067081e-05
0,0.0,3.743706e-05
1,1.0,0.9999368
1,1.0,0.9998629
1,1.0,0.9999326
0,0.0,3.44308e-05
0,0.0,3.898052e-05
1,1.0,0.9998704
0,0.0,3.4692563e-05
1,1.0,0.9998505
0,0.0,3.5386438e-05
1,1.0,0.99984956
0,0.0,2.8114726e-05
0,0.0,3.561027e-05
1,1.0,0.99941194
0,0.0,3.916033e-05
0,0.0,4.3363263e-05
0,0.0,3.2701893e-05
0,0.0,3.9907736e-05
0,0.0,3.339208e-05
1,1.0,0.9998697
1,1.0,0.9999645
0,0.0,4.2147134e-05
1,1.0,0.9999325
1,1.0,0.99995434
0,0.0,3.4429748e-05
0,0.0,3.5512432e-05
0,0.0,4.3562173e-05
0,0.0,3.6773647e-05
1,1.0,0.9998582
0,0.0,3.5324938e-05
0,0.0,3.0404215e-05
1,1.0,0.99988043
0,0.0,3.5462148e-05
0,0.0,3.2853244e-05
0,0.0,2.5977983e-05
1,1.0,0.9999352
0,0.0,3.3218723e-05
1,1.0,0.99990666
0,0.0,4.2584477e-05
0,0.0,3.5936e-05
0,0.0,3.327957e-05
1,1.0,0.99985415
0,0.0,3.7220445e-05
0,0.0,4.500201e-05
0,0.0,3.3099634e-05
0,0.0,2.5968297e-05
0,0.0,3.273128e-05
0,0.0,3.284425e-05
0,0.0,0.00014777771
0,0.0,0.0002798148
0,0.0,3.936229e-05
0,0.0,4.5531717e-05
1,1.0,0.9998529
0,0.0,3.4653247e-05
0,0.0,3.666096e-05
0,0.0,2.8723272e-05
1,1.0,0.9999332
0,0.0,3.339176e-05
1,1.0,0.9998684
0,0.0,2.8123683e-05
0,0.0,4.2784297e-05
1,1.0,0.9998572
1,1.0,0.9998755
1,1.0,0.9999382
0,0.0,3.1948613e-05
1,1.0,0.9999982
0,0.0,4.3107837e-05
0,0.0,3.3247565e-05
0,0.0,2.9015377e-05
0,0.0,3.5866495e-05
1,1.0,0.9999961
1,1.0,0.9998535
0,0.0,3.2742926e-05
1,1.0,0.9999092
0,0.0,3.0618892e-05
1,1.0,0.9998544
0,0.0,3.4427056e-05
1,1.0,0.9999334
0,0.0,3.356006e-05
0,0.0,3.3259552e-05
0,0.0,2.8005416e-05
0,0.0,3.3930715e-05
1,1.0,0.9998593
0,0.0,3.339227e-05
0,0.0,4.5556866e-05
0,0.0,3.7352223e-05
0,0.0,3.6770452e-05
1,1.0,0.9999344
0,0.0,2.9175751e-05
0,0.0,3.307862e-05
1,1.0,0.9997776
1,1.0,0.9999338
0,0.0,2.804759e-05
0,0.0,3.317852e-05
1,1.0,0.99986094
1,1.0,0.999851
1,1.0,0.9999358
0,0.0,3.822346e-05
1,1.0,0.9998576
0,0.0,3.4386438e-05
0,0.0,3.3259836e-05
1,1.0,0.9999665
0,0.0,2.5961115e-05
0,0.0,3.2801963e-05
0,0.0,3.0427364e-05
1,1.0,0.9999969
0,0.0,4.1301875e-05
0,0.0,4.2372052e-05
0,0.0,3.4254866e-05
1,1.0,0.99984735
0,0.0,3.0174637e-05
1,1.0,0.99985224
1,1.0,0.99991125
0,0.0,3.0119952e-05
0,0.0,3.2437885e-05
0,0.0,3.289375e-05
0,0.0,3.1446085e-05
1,1.0,0.9999341
0,0.0,2.910711e-05
0,0.0,3.3247816e-05
0,0.0,4.1202537e-05
0,0.0,4.6445908e-05
1,1.0,0.99993163
0,0.0,3.3391825e-05
0,0.0,3.3406028e-05
0,0.0,3.535284e-05
0,0.0,3.4653844e-05
1,1.0,0.9999042
0,0.0,3.2766013e-05
1,1.0,0.999938
1,1.0,0.99987054
0,0.0,3.5323155e-05
1,1.0,0.99986684
0,0.0,3.3559612e-05
1,1.0,0.999933
0,0.0,3.5456498e-05
0,0.0,2.8261824e-05
0,0.0,3.559204e-05
0,0.0,3.418138e-05
0,0.0,3.3406377e-05
1,1.0,0.99987185
0,0.0,4.42796e-05
0,0.0,3.2969023e-05
1,1.0,0.9998531
0,0.0,2.8436658e-05
0,0.0,3.2891585e-05
0,0.0,0.0002800403
1,1.0,0.9998505
0,0.0,3.4733283e-05
0,0.0,3.2889136e-05
0,0.0,3.292953e-05
0,0.0,3.3178043e-05
1,1.0,0.99993676
0,0.0,3.5524456e-05
0,0.0,3.2694188e-05
0,0.0,3.7458667e-05
0,0.0,3.2144846e-05
0,0.0,2.8080402e-05
0,0.0,2.8391732e-05
0,0.0,3.4427976e-05
1,1.0,0.99991673
0,0.0,3.2357464e-05
0,0.0,2.7955408e-05
0,0.0,3.5415404e-05
0,0.0,3.735087e-05
0,0.0,3.7557602e-05
1,1.0,0.99979705
0,0.0,3.4508772e-05
1,1.0,0.99994963
0,0.0,3.538249e-05
0,0.0,2.5975382e-05
1,1.0,0.99989605
0,0.0,3.457096e-05
0,0.0,3.042951e-05
1,1.0,0.9999942
0,0.0,2.807205e-05
0,0.0,3.26945e-05
0,0.0,3.53831e-05
0,0.0,3.5524085e-05
1,1.0,0.99990284
0,0.0,3.393201e-05
0,0.0,3.3559645e-05
1,1.0,0.999967
1,1.0,0.9999486
1,1.0,0.99973285
0,0.0,3.744724e-05
0,0.0,3.0398503e-05
0,0.0,3.130584e-05
0,0.0,3.721995e-05
0,0.0,2.8853266e-05
0,0.0,4.2959444e-05
0,0.0,3.4077748e-05
0,0.0,3.2467815e-05
1,1.0,0.99999905
0,0.0,4.5459e-05
1,1.0,0.99993205
1,1.0,0.99993724
1,1.0,0.9998551
0,0.0,3.324791e-05
0,0.0,3.269238e-05
1,1.0,0.99982214
0,0.0,3.437162e-05
0,0.0,3.0429306e-05
0,0.0,3.24986e-05
0,0.0,2.9295807e-05
1,1.0,0.99978226
0,0.0,4.42907e-05
1,1.0,0.99989563
1,1.0,0.9999365
1,1.0,0.999964
0,0.0,3.4091336e-05
1,1.0,0.99985623
0,0.0,0.00027983906
0,0.0,4.4055392e-05
0,0.0,3.301609e-05
0,0.0,3.5416113e-05
0,0.0,2.8448918e-05
0,0.0,3.305743e-05
0,0.0,3.0428464e-05
0,0.0,3.35408e-05
0,0.0,2.8085062e-05
1,1.0,0.9999377
0,0.0,2.986938e-05
0,0.0,3.711022e-05
0,0.0,3.3560314e-05
1,1.0,0.9998622
1,1.0,0.9999385
0,0.0,3.4092114e-05
1,1.0,0.9999337
0,0.0,2.5956413e-05
0,0.0,3.9879316e-05
0,0.0,2.789227e-05
1,1.0,0.99988836
1,1.0,0.9999376
0,0.0,0.0002799239
0,0.0,2.8778877e-05
1,1.0,0.99984807
0,0.0,4.458948e-05
0,0.0,3.6769998e-05
0,0.0,3.3406217e-05
0,0.0,3.285948e-05
1,1.0,0.9998507
0,0.0,3.677105e-05
0,0.0,3.339198e-05
0,0.0,4.4546294e-05
1,1.0,0.99990696
0,0.0,3.4286953e-05
0,0.0,2.8084472e-05
0,0.0,3.0094e-05
0,0.0,3.346795e-05
0,0.0,3.5595873e-05
0,0.0,4.264702e-05
0,0.0,4.2347532e-05
0,0.0,3.5657373e-05
0,0.0,2.8084633e-05
1,1.0,0.9998505
0,0.0,3.4002824e-05
1,1.0,0.99996895
0,0.0,3.468651e-05
1,1.0,0.99985045
0,0.0,0.00027953374
0,0.0,3.0015635e-05
1,1.0,0.9999381
0,0.0,3.3549502e-05
0,0.0,3.3559994e-05
0,0.0,2.837625e-05
1,1.0,0.99985427
1,1.0,0.99973273
1,1.0,0.9998625
0,0.0,3.3539938e-05
0,0.0,3.213366e-05
0,0.0,3.5919587e-05
0,0.0,2.8979342e-05
0,0.0,3.3549182e-05
1,1.0,0.9999989
0,0.0,2.812776e-05
0,0.0,0.00014780238
1,1.0,0.9998515
1,1.0,0.9999362
0,0.0,3.2609616e-05
0,0.0,2.809125e-05
1,1.0,0.99999344
0,0.0,2.5969783e-05
0,0.0,3.465404e-05
1,1.0,0.9999333
0,0.0,3.549723e-05
0,0.0,2.8084258e-05
1,1.0,0.99985087
0,0.0,3.2351232e-05
1,1.0,0.99986
0,0.0,3.042336e-05
1,1.0,0.99984574
0,0.0,3.906805e-05
1,1.0,0.99992746
0,0.0,3.450239e-05
0,0.0,3.33923e-05
0,0.0,3.6664667e-05
0,0.0,0.0002795937
0,0.0,3.0428464e-05
1,1.0,0.9998939
0,0.0,2.7740323e-05
0,0.0,3.3469867e-05
0,0.0,3.214132e-05
0,0.0,3.5567376e-05
1,1.0,0.99992424
0,0.0,3.0403462e-05
0,0.0,3.388028e-05
1,1.0,0.9999368
1,1.0,0.9998553
0,0.0,3.545126e-05
0,0.0,4.2578144e-05
1,1.0,0.99993294
1,1.0,0.9999452
1,1.0,0.99985564
1,1.0,0.9999009
0,0.0,3.4988865e-05
1,1.0,0.99985206
0,0.0,3.5757923e-05
1,1.0,0.9999376
0,0.0,3.3288714e-05
0,0.0,4.128927e-05
0,0.0,3.4087887e-05
0,0.0,3.4430144e-05
0,0.0,3.299906e-05
1,1.0,0.9999962
0,0.0,3.0047771e-05
0,0.0,3.5013032e-05
0,0.0,3.449022e-05
0,0.0,3.4570825e-05
0,0.0,2.8084954e-05
0,0.0,4.496546e-05
0,0.0,3.5386136e-05
0,0.0,3.255872e-05
0,0.0,3.7459886e-05
0,0.0,2.8520171e-05
0,0.0,2.7053147e-05
0,0.0,4.122573e-05
1,1.0,0.9999968
0,0.0,3.4091172e-05
1,1.0,0.99993557
0,0.0,3.0903328e-05
1,1.0,0.9998492
1,1.0,0.9999939
1,1.0,0.9994173
0,0.0,3.7555168e-05
0,0.0,3.7218953e-05
1,1.0,0.99994993
0,0.0,2.7710026e-05
0,0.0,3.7448026e-05
1,1.0,0.99986297
0,0.0,3.3539043e-05
0,0.0,3.455949e-05
1,1.0,0.999935
0,0.0,3.285415e-05
1,1.0,0.9997973
1,1.0,0.99978757
0,0.0,3.539248e-05
0,0.0,2.9570598e-05
0,0.0,3.457122e-05
0,0.0,2.808482e-05
0,0.0,2.8081366e-05
0,0.0,3.429598e-05
0,0.0,3.9884868e-05
0,0.0,2.5987423e-05
1,1.0,0.99993324
0,0.0,3.3005483e-05
1,1.0,0.99972945
0,0.0,3.5941408e-05
0,0.0,0.00027924072
0,0.0,3.5227513e-05
0,0.0,3.4421933e-05
0,0.0,2.8376167e-05
0,0.0,2.5978577e-05
0,0.0,3.2659507e-05
0,0.0,3.538455e-05
0,0.0,3.538556e-05
0,0.0,0.00014779167
0,0.0,3.2570522e-05
0,0.0,3.3036315e-05
1,1.0,0.99985576
1,1.0,0.9998608
0,0.0,3.4092565e-05
0,0.0,3.289331e-05
0,0.0,3.4429748e-05
1,1.0,0.9989505
1,1.0,0.9999377
0,0.0,2.8508288e-05
0,0.0,3.246868e-05
0,0.0,3.161311e-05
0,0.0,3.5373483e-05
0,0.0,3.1296167e-05
0,0.0,3.3193075e-05
0,0.0,3.5572157e-05
0,0.0,2.5970056e-05
0,0.0,2.5964855e-05
1,1.0,0.99999714
0,0.0,3.436952e-05
0,0.0,3.328659e-05
1,1.0,0.99973696
0,0.0,2.8083079e-05
0,0.0,3.5524557e-05
0,0.0,0.0002799674
0,0.0,0.000279996
0,0.0,0.00028008997
1,1.0,0.9997693
1,1.0,0.99952745
1,1.0,0.9998953
0,0.0,3.285277e-05
1,1.0,0.99993134
0,0.0,3.5337373e-05
0,0.0,3.4655728e-05
1,1.0,0.99993485
0,0.0,3.2853965e-05
0,0.0,4.209283e-05
0,0.0,3.445146e-05
0,0.0,3.575496e-05
1,1.0,0.99999785
0,0.0,4.200117e-05
0,0.0,2.8161498e-05
0,0.0,3.5415946e-05
0,0.0,3.5383975e-05
0,0.0,3.433388e-05
1,1.0,0.9999633
0,0.0,3.4429748e-05
1,1.0,0.9999333
1,1.0,0.9999353
0,0.0,3.7334277e-05
0,0.0,3.5362184e-05
1,1.0,0.9994361
1,1.0,0.9998614
1,1.0,0.999959
1,1.0,0.9998112
0,0.0,4.3107382e-05
0,0.0,3.2572883e-05
0,0.0,0.00028000984
1,1.0,0.99985814
0,0.0,0.00014771208
0,0.0,3.4630288e-05
0,0.0,3.2694657e-05
0,0.0,3.5348392e-05
0,0.0,3.7556743e-05
0,0.0,2.82144e-05
0,0.0,2.9034973e-05
0,0.0,3.5573143e-05
1,1.0,0.9999435
0,0.0,3.2050353e-05
0,0.0,3.042745e-05
1,1.0,0.99993587
0,0.0,3.5936035e-05
1,1.0,0.9999447
1,1.0,0.99993426
1,1.0,0.9999933
1,1.0,0.99993163
0,0.0,3.3100296e-05
1,1.0,0.9994368
1,1.0,0.9999364
1,1.0,0.99993515
1,1.0,0.9998625
0,0.0,2.8085007e-05
0,0.0,3.0180881e-05
0,0.0,3.746267e-05
0,0.0,0.0002797905
0,0.0,3.4430013e-05
0,0.0,5.634744e-05
0,0.0,3.2557105e-05
0,0.0,3.043688e-05
0,0.0,4.296215e-05
0,0.0,3.5314362e-05
0,0.0,4.006859e-05
0,0.0,0.00014779773
0,0.0,2.606752e-05
0,0.0,3.5386507e-05
1,1.0,0.9999344
0,0.0,3.4570166e-05
0,0.0,3.9080085e-05
0,0.0,0.00014764813
0,0.0,3.3178327e-05
0,0.0,3.3460004e-05
0,0.0,2.9128158e-05
0,0.0,0.00027982573
0,0.0,4.398491e-05
0,0.0,3.356038e-05
0,0.0,3.2857533e-05
0,0.0,3.5507554e-05
1,1.0,0.9999189
0,0.0,3.42467e-05
0,0.0,4.5123666e-05
0,0.0,3.4747594e-05
0,0.0,3.4003213e-05
1,1.0,0.9999086
0,0.0,3.2356664e-05
0,0.0,2.7691243e-05
1,1.0,0.99987894
0,0.0,3.3391952e-05
0,0.0,3.410961e-05
0,0.0,3.559689e-05
0,0.0,3.3263645e-05
1,1.0,0.99985135
0,0.0,4.3558684e-05
1,1.0,0.9998767
0,0.0,0.00014779744
0,0.0,3.755642e-05
0,0.0,3.2181008e-05
0,0.0,3.6772733e-05
0,0.0,3.5733963e-05
1,1.0,0.9997545
0,0.0,3.5402772e-05
0,0.0,2.830749e-05
0,0.0,3.2254993e-05
1,1.0,0.9997773
0,0.0,3.534529e-05
1,1.0,0.99986196
0,0.0,4.1994645e-05
0,0.0,3.9150516e-05
1,1.0,0.99985677
0,0.0,3.7219168e-05
1,1.0,0.99985266
0,0.0,3.289394e-05
1,1.0,0.9999358
0,0.0,3.414362e-05
0,0.0,9.093368e-05
0,0.0,3.0539602e-05
0,0.0,3.4018554e-05
0,0.0,3.2804248e-05
0,0.0,2.868845e-05
1,1.0,0.9995938
0,0.0,2.8921584e-05
0,0.0,3.317877e-05
0,0.0,2.5878162e-05
1,1.0,0.99999803
0,0.0,3.284851e-05
0,0.0,2.883635e-05
0,0.0,3.44307e-05
0,0.0,3.4392404e-05
0,0.0,2.7912309e-05
0,0.0,3.353805e-05
0,0.0,3.1951415e-05
0,0.0,3.7445952e-05
0,0.0,3.0419993e-05
0,0.0,3.5523542e-05
0,0.0,3.3398323e-05
1,1.0,0.99991226
0,0.0,4.3274817e-05
0,0.0,3.4429944e-05
0,0.0,3.7090478e-05
0,0.0,2.825468e-05
0,0.0,3.5386136e-05
0,0.0,3.4246503e-05
0,0.0,0.0002802262
0,0.0,3.2742675e-05
0,0.0,3.277498e-05
0,0.0,2.8539462e-05
0,0.0,4.4915658e-05
0,0.0,2.8682542e-05
0,0.0,3.3931687e-05
0,0.0,3.3064178e-05
0,0.0,2.918833e-05
0,0.0,3.7351903e-05
0,0.0,3.2802873e-05
0,0.0,4.0753108e-05
1,1.0,0.9998515
0,0.0,3.4986864e-05
0,0.0,4.59481e-05
1,1.0,0.9999381
0,0.0,3.2339878e-05
1,1.0,0.99993396
0,0.0,3.7445523e-05
1,1.0,0.9999369
1,1.0,0.999997
0,0.0,4.1204934e-05
0,0.0,3.6665926e-05
1,1.0,0.99993813
1,1.0,0.9995668
1,1.0,0.9998567
0,0.0,3.3560475e-05
0,0.0,3.7199014e-05
0,0.0,3.3467855e-05
1,1.0,0.99998665
1,1.0,0.99995613
0,0.0,2.8777285e-05
0,0.0,3.2801712e-05
0,0.0,2.883866e-05
0,0.0,3.3560253e-05
1,1.0,0.99987864
0,0.0,3.3395358e-05
0,0.0,3.266032e-05
0,0.0,4.2581596e-05
0,0.0,3.3247594e-05
1,1.0,0.99988925
0,0.0,3.3042237e-05
0,0.0,4.2118932e-05
0,0.0,3.321799e-05
1,1.0,0.9999362
0,0.0,3.498086e-05
0,0.0,3.3392684e-05
1,1.0,0.99984914
0,0.0,3.4426695e-05
0,0.0,3.3285443e-05
1,1.0,0.9999435
0,0.0,3.327789e-05
1,1.0,0.9999398
0,0.0,2.5920892e-05
0,0.0,3.7555525e-05
1,1.0,0.9999963
0,0.0,3.2130225e-05
1,1.0,0.9998445
0,0.0,3.3069697e-05
0,0.0,2.5965697e-05
0,0.0,3.7110083e-05
0,0.0,3.7460457e-05
0,0.0,3.2613472e-05
1,1.0,0.9999374
0,0.0,3.7112135e-05
0,0.0,3.3390836e-05
0,0.0,3.9152794e-05
1,1.0,0.99985945
0,0.0,3.424657e-05
1,1.0,0.9998509
1,1.0,0.9998618
0,0.0,2.9939423e-05
1,1.0,0.99993855
0,0.0,3.9910898e-05
1,1.0,0.99993414
0,0.0,3.261229e-05
0,0.0,3.541125e-05
0,0.0,0.0002801706
0,0.0,3.2254407e-05
1,1.0,0.9999622
0,0.0,0.00014776531
0,0.0,2.960731e-05
1,1.0,0.9999996
0,0.0,3.5524085e-05
1,1.0,0.9998508
1,1.0,0.99985415
0,0.0,4.503863e-05
0,0.0,3.457152e-05
1,1.0,0.9999345
0,0.0,3.8928512e-05
0,0.0,2.9957586e-05
0,0.0,3.677424e-05
0,0.0,2.8277163e-05
0,0.0,3.2614313e-05
1,1.0,0.99993306
0,0.0,3.2920107e-05
0,0.0,2.5902633e-05
1,1.0,0.99993545
0,0.0,0.00014779576
0,0.0,3.407879e-05
0,0.0,2.8295077e-05
0,0.0,3.3165103e-05
0,0.0,3.1947424e-05
1,1.0,0.9999384
1,1.0,0.9994666
0,0.0,3.7460457e-05
0,0.0,3.3548702e-05
1,1.0,0.99993366
1,1.0,0.99964136
0,0.0,3.0431715e-05
0,0.0,2.9069299e-05
1,1.0,0.9999336
1,1.0,0.99993134
0,0.0,3.534738e-05
0,0.0,3.538374e-05
0,0.0,2.8345416e-05
0,0.0,3.2557666e-05
0,0.0,3.677105e-05
1,1.0,0.9998584
1,1.0,0.99993205
0,0.0,3.212661e-05
0,0.0,3.2594355e-05
0,0.0,3.6772803e-05
0,0.0,3.5940284e-05
0,0.0,3.711001e-05
0,0.0,3.456226e-05
0,0.0,3.041982e-05
0,0.0,3.3418644e-05
1,1.0,0.99986106
0,0.0,3.303814e-05
0,0.0,3.6771715e-05
1,1.0,0.9999391
0,0.0,3.2853084e-05
0,0.0,3.3391698e-05
0,0.0,3.539616e-05
1,1.0,0.99981976
1,1.0,0.9998923
0,0.0,3.9155853e-05
0,0.0,3.5523815e-05
0,0.0,3.558793e-05
0,0.0,3.5368557e-05
1,1.0,0.9996766
0,0.0,8.983615e-05
0,0.0,2.915617e-05
0,0.0,3.7444417e-05
0,0.0,3.3040506e-05
1,1.0,0.9998811
0,0.0,2.8247272e-05
1,1.0,0.99985695
1,1.0,0.9998618
1,1.0,0.999807
0,0.0,3.3916287e-05
1,1.0,0.99986297
1,1.0,0.99989444
0,0.0,3.428218e-05
0,0.0,2.8769988e-05
0,0.0,3.9141218e-05
1,1.0,0.9999966
1,1.0,0.9999333
0,0.0,2.8117085e-05
0,0.0,3.54888e-05
0,0.0,2.9709669e-05
0,0.0,3.0025856e-05
0,0.0,3.9150702e-05
0,0.0,3.5560828e-05
0,0.0,3.6772803e-05
0,0.0,3.6072888e-05
1,1.0,0.9997773
0,0.0,3.5572328e-05
0,0.0,3.339227e-05
0,0.0,3.2116077e-05
0,0.0,3.4067707e-05
0,0.0,3.4285255e-05
1,1.0,0.9998603
1,1.0,0.9999348
0,0.0,3.3247627e-05
0,0.0,3.6770347e-05
1,1.0,0.99991816
0,0.0,3.595135e-05
0,0.0,3.55124e-05
0,0.0,3.3539713e-05
1,1.0,0.999853
0,0.0,3.6772242e-05
1,1.0,0.9998465
0,0.0,4.214585e-05
0,0.0,3.3927674e-05
0,0.0,3.042748e-05
0,0.0,3.7535192e-05
0,0.0,3.1971715e-05
1,1.0,0.9998589
0,0.0,3.2995067e-05
1,1.0,0.99995124
1,1.0,0.999851
0,0.0,4.236959e-05
1,1.0,0.9999923
1,1.0,0.99987847
0,0.0,3.3004948e-05
0,0.0,2.5982938e-05
0,0.0,2.8085222e-05
0,0.0,3.5572193e-05
1,1.0,0.99993485
0,0.0,3.326044e-05
0,0.0,3.317896e-05
0,0.0,3.217573e-05
1,1.0,0.99982834
0,0.0,2.8084525e-05
0,0.0,3.0428e-05
1,1.0,0.9996693
1,1.0,0.99989706
0,0.0,3.6665893e-05
1,1.0,0.99973726
1,1.0,0.99985737
0,0.0,2.854409e-05
0,0.0,3.745917e-05
0,0.0,3.315473e-05
0,0.0,2.9264422e-05
1,1.0,0.9998586
0,0.0,3.438231e-05
0,0.0,4.2117084e-05
0,0.0,3.0456598e-05
1,1.0,0.9998932
0,0.0,3.4672186e-05
0,0.0,3.442942e-05
1,1.0,0.9998556
0,0.0,4.3251835e-05
1,1.0,0.9998008
0,0.0,3.5572193e-05
0,0.0,2.5971714e-05
0,0.0,3.3548513e-05
0,0.0,3.6719255e-05
1,1.0,0.999938
0,0.0,3.1948308e-05
0,0.0,2.908003e-05
0,0.0,3.3289096e-05
0,0.0,3.534772e-05
1,1.0,0.9998932
0,0.0,3.270342e-05
1,1.0,0.99993855
0,0.0,3.29546e-05
1,1.0,0.9998578
0,0.0,0.000279834
0,0.0,2.8084525e-05
0,0.0,3.3404533e-05
0,0.0,2.8245198e-05
1,1.0,0.99994546
0,0.0,0.00014778475
1,1.0,0.99990445
0,0.0,3.4152345e-05
0,0.0,3.820415e-05
0,0.0,3.0424113e-05
1,1.0,0.9999366
1,1.0,0.99985516
0,0.0,3.677133e-05
0,0.0,4.5157587e-05
1,1.0,0.99996614
0,0.0,2.8099581e-05
0,0.0,3.340663e-05
0,0.0,3.6693495e-05
0,0.0,3.2888103e-05
1,1.0,0.9998585
0,0.0,4.234151e-05
0,0.0,2.8181972e-05
0,0.0,3.4251043e-05
0,0.0,3.2783173e-05
1,1.0,0.99992645
0,0.0,3.2847227e-05
0,0.0,2.8281642e-05
0,0.0,3.4363657e-05
1,1.0,0.9999342
0,0.0,3.5323726e-05
1,1.0,0.9998505
0,0.0,3.39313e-05
0,0.0,3.3169028e-05
1,1.0,0.999861
0,0.0,3.7460242e-05
0,0.0,3.3168646e-05
1,1.0,0.9999375
0,0.0,2.5973746e-05
1,1.0,0.9999338
0,0.0,3.2572574e-05
0,0.0,3.53862e-05
0,0.0,3.7556027e-05
0,0.0,3.246927e-05
0,0.0,3.3177537e-05
0,0.0,4.1291714e-05
0,0.0,3.4432967e-05
0,0.0,3.409247e-05
1,1.0,0.9998631
1,1.0,0.9996829
1,1.0,0.9999515
0,0.0,3.157858e-05
0,0.0,2.8072533e-05
0,0.0,3.538526e-05
0,0.0,3.4370507e-05
0,0.0,3.534856e-05
0,0.0,3.755474e-05
0,0.0,2.5866319e-05
0,0.0,3.3392556e-05
0,0.0,3.4618173e-05
0,0.0,4.1225965e-05
0,0.0,4.0758394e-05
1,1.0,0.99985087
0,0.0,2.5964087e-05
0,0.0,2.81206e-05
1,1.0,0.99986327
0,0.0,3.735055e-05
0,0.0,3.4694945e-05
0,0.0,3.3929195e-05
0,0.0,3.326831e-05
0,0.0,3.4517754e-05
1,1.0,0.9999376
0,0.0,0.00014778505
0,0.0,3.340609e-05
0,0.0,3.6664074e-05
0,0.0,3.3178898e-05
1,1.0,0.9998792
0,0.0,3.28539e-05
0,0.0,3.557321e-05
1,1.0,0.9998531
0,0.0,3.303524e-05
0,0.0,4.2002295e-05
0,0.0,0.00027968863
1,1.0,0.99910915
0,0.0,3.159943e-05
0,0.0,2.8093069e-05
1,1.0,0.9999329
1,1.0,0.99972296
0,0.0,3.2893622e-05
0,0.0,2.7997723e-05
0,0.0,3.0300274e-05
0,0.0,3.442965e-05
0,0.0,2.9753133e-05
0,0.0,3.428872e-05
0,0.0,5.317148e-05
1,1.0,0.9998503
0,0.0,3.558115e-05
0,0.0,3.5347177e-05
1,1.0,0.99993724
0,0.0,3.721981e-05
0,0.0,3.23454e-05
0,0.0,2.5952799e-05
0,0.0,3.744638e-05
0,0.0,3.3559932e-05
0,0.0,0.00027970836
0,0.0,2.8084338e-05
0,0.0,3.217269e-05
0,0.0,4.4669745e-05
0,0.0,3.2114116e-05
1,1.0,0.999932
1,1.0,0.99944496
0,0.0,3.9148796e-05
0,0.0,3.250914e-05
1,1.0,0.9999391
0,0.0,3.414756e-05
1,1.0,0.9999335
0,0.0,2.59577e-05
0,0.0,3.4364803e-05
1,1.0,0.999862
0,0.0,3.3166907e-05
0,0.0,3.7218884e-05
0,0.0,3.7199796e-05
0,0.0,4.2093234e-05
0,0.0,3.6698602e-05
1,1.0,0.9999113
1,1.0,0.9998546
1,1.0,0.9999378
0,0.0,3.26998e-05
1,1.0,0.999915
