true_labels,predicted_labels,scores
0,0.0,0.00034625045
0,0.0,0.00093463616
0,0.0,0.00046857432
0,0.0,0.006267924
0,0.0,0.014668375
0,0.0,0.00076186034
0,0.0,0.0008185952
1,1.0,0.9989918
0,0.0,0.014668705
0,0.0,0.0007735604
0,0.0,0.00081332435
0,0.0,0.0005315558
0,0.0,0.00050829456
0,0.0,0.020048577
1,1.0,0.99945533
0,0.0,0.01192425
0,0.0,0.0037839871
0,0.0,0.008737508
0,0.0,0.0007602047
0,0.0,0.01700069
0,0.0,0.0024179262
0,0.0,0.00069929287
0,0.0,0.001177243
0,0.0,0.000600674
0,0.0,0.020102046
1,1.0,0.9995312
0,0.0,0.00079754496
0,0.0,0.00075074215
0,0.0,0.0007583011
0,0.0,0.00037255586
0,0.0,0.020069487
0,0.0,0.0024428722
0,0.0,0.0009468344
0,0.0,0.00037641355
0,0.0,0.00081340957
0,0.0,0.0014020189
0,0.0,0.0005210146
0,0.0,0.0005745279
0,0.0,0.0008348814
1,1.0,0.99903744
0,0.0,0.0003471887
0,0.0,0.000766566
0,0.0,0.012476972
0,0.0,0.00033940581
0,0.0,0.002193789
0,0.0,0.0009888725
0,0.0,0.00034232312
0,0.0,0.00083361176
1,1.0,0.99845093
0,0.0,0.006267883
0,0.0,0.0013933112
0,0.0,0.0013247783
0,0.0,0.00078470784
0,0.0,0.00080849865
0,0.0,0.00036304162
0,0.0,0.00033928177
0,0.0,0.0009740053
0,0.0,0.0023777075
1,1.0,0.9993732
1,1.0,0.9992845
0,0.0,0.0007681203
0,0.0,0.0019633034
0,0.0,0.0011394019
0,0.0,0.0041247285
1,1.0,0.9992635
0,0.0,0.0005166979
0,0.0,0.020027705
0,0.0,0.0037828675
0,0.0,0.0004993768
0,0.0,0.00077922386
0,0.0,0.00073829945
0,0.0,0.001802323
0,0.0,0.0011738194
0,0.0,0.008758592
0,0.0,0.00082854123
1,1.0,0.99900544
0,0.0,0.0014190153
0,0.0,0.00049887435
0,0.0,0.0006930814
0,0.0,0.011935784
0,0.0,0.0008834385
0,0.0,0.00049587165
0,0.0,0.00091658917
0,0.0,0.012445527
1,1.0,0.99968046
0,0.0,0.0004212525
0,0.0,0.0023954485
0,0.0,0.0007735426
0,0.0,0.0013345694
0,0.0,0.0010031306
0,0.0,0.0007245986
0,0.0,0.0013381535
0,0.0,0.0005731578
0,0.0,0.0062680966
0,0.0,0.0009850379
0,0.0,0.0005351943
0,0.0,0.0014688016
0,0.0,0.0009544685
0,0.0,0.0006483952
0,0.0,0.0005044776
0,0.0,0.002870161
0,0.0,0.0005049028
0,0.0,0.0011656536
0,0.0,0.000556881
0,0.0,0.0013644756
0,0.0,0.0009074541
0,0.0,0.0033912254
1,1.0,0.9989927
0,0.0,0.0013268575
0,0.0,0.00097210065
1,1.0,0.99892706
0,0.0,0.0022631793
0,0.0,0.0009696679
0,0.0,0.0013631987
0,0.0,0.000736894
0,0.0,0.00087023515
0,0.0,0.0025366955
0,0.0,0.010845813
0,0.0,0.0024170452
0,0.0,0.0007750929
0,0.0,0.011652441
0,0.0,0.0017965501
0,0.0,0.002415921
1,1.0,0.99751276
0,0.0,0.00045369056
0,0.0,0.00069603
0,0.0,0.0037826984
0,0.0,0.003781527
0,0.0,0.0005562221
0,0.0,0.00082853093
0,0.0,0.0008216574
1,1.0,0.9979805
0,0.0,0.0015683711
0,0.0,0.009550158
0,0.0,0.002262925
0,0.0,0.0005865792
0,0.0,0.01950737
0,0.0,0.00084947096
0,0.0,0.002376207
0,0.0,0.00084390544
0,0.0,0.00056807755
0,0.0,0.0011774359
0,0.0,0.0008285547
0,0.0,0.0013404074
1,1.0,0.9989709
0,0.0,0.00081386196
1,1.0,0.99899423
1,1.0,0.99945414
0,0.0,0.00087820936
0,0.0,0.0024952807
0,0.0,0.0007582462
0,0.0,0.0006070764
1,1.0,0.99893224
1,1.0,0.9978905
0,0.0,0.014669686
0,0.0,0.00034419398
0,0.0,0.0003731537
0,0.0,0.0007974781
0,0.0,0.0009777701
0,0.0,0.0021901366
0,0.0,0.0020075755
0,0.0,0.002375824
1,1.0,0.9989959
0,0.0,0.0025572015
0,0.0,0.0037827953
0,0.0,0.00083481293
0,0.0,0.0071708946
0,0.0,0.0008285278
0,0.0,0.0009708373
0,0.0,0.00065919367
1,1.0,0.9994688
0,0.0,0.0013933495
0,0.0,0.0006800202
0,0.0,0.00080558565
0,0.0,0.0027446798
0,0.0,0.00078477483
0,0.0,0.00070077187
0,0.0,0.0008070982
0,0.0,0.0021945063
0,0.0,0.00034736237
0,0.0,0.0020045405
0,0.0,0.00070074724
0,0.0,0.0007864509
1,1.0,0.99892265
0,0.0,0.0007001224
0,0.0,0.00036576873
0,0.0,0.00053858873
0,0.0,0.0037818972
0,0.0,0.0005919438
0,0.0,0.0008299948
0,0.0,0.0009954191
0,0.0,0.00076072797
0,0.0,0.0007792398
0,0.0,0.00082524295
0,0.0,0.0007607866
0,0.0,0.005760709
1,1.0,0.99886686
1,1.0,0.998991
0,0.0,0.0013663833
0,0.0,0.00077916746
0,0.0,0.00081217266
0,0.0,0.007430342
0,0.0,0.0004403117
0,0.0,0.0008596849
0,0.0,0.0007169099
0,0.0,0.008372528
0,0.0,0.00031734782
0,0.0,0.00076812465
0,0.0,0.0011691187
0,0.0,0.0006998622
0,0.0,0.0009879788
0,0.0,0.0003423295
0,0.0,0.006267927
0,0.0,0.0008252595
0,0.0,0.00043091289
0,0.0,0.0018851848
0,0.0,0.0013959543
0,0.0,0.0010183763
0,0.0,0.00081397523
0,0.0,0.014667355
0,0.0,0.00060080143
1,1.0,0.9989464
1,1.0,0.99897444
0,0.0,0.0007004023
0,0.0,0.014665715
0,0.0,0.00077887974
0,0.0,0.00042469628
1,1.0,0.9993306
0,0.0,0.0022647914
0,0.0,0.0004789988
0,0.0,0.0008779696
0,0.0,0.00083007745
0,0.0,0.0009664255
0,0.0,0.000788187
0,0.0,0.0018811265
0,0.0,0.0032372447
0,0.0,0.00078511884
0,0.0,0.000366024
0,0.0,0.0005821313
0,0.0,0.008049879
0,0.0,0.00050312333
0,0.0,0.0023789485
0,0.0,0.014667714
0,0.0,0.0020871067
0,0.0,0.0011980394
0,0.0,0.0007003189
0,0.0,0.0007606873
0,0.0,0.00039330026
0,0.0,0.00088350155
0,0.0,0.00034112978
0,0.0,0.0021817496
0,0.0,0.00087027904
0,0.0,0.00073920656
0,0.0,0.0013643146
0,0.0,0.0021839016
0,0.0,0.0014592989
0,0.0,0.0024087837
1,1.0,0.9996442
0,0.0,0.00087711756
0,0.0,0.00698174
0,0.0,0.014670925
0,0.0,0.00095550297
0,0.0,0.0008134084
0,0.0,0.00075960654
0,0.0,0.0007595892
1,1.0,0.99846894
0,0.0,0.00060078653
0,0.0,0.00076069095
0,0.0,0.00075971725
1,1.0,0.9999004
0,0.0,0.0008286178
1,1.0,0.9989688
0,0.0,0.0087655205
0,0.0,0.0004199518
0,0.0,0.0018846188
0,0.0,0.0013286462
0,0.0,0.0010559199
0,0.0,0.0062679057
1,1.0,0.9992389
0,0.0,0.014667451
0,0.0,0.0006482751
0,0.0,0.0007368884
0,0.0,0.0008986738
1,1.0,0.99899817
0,0.0,0.0006804701
0,0.0,0.0022641711
0,0.0,0.00036422917
0,0.0,0.00035762432
0,0.0,0.0005871542
0,0.0,0.0007707099
0,0.0,0.00069885515
0,0.0,0.00034632342
1,1.0,0.99759847
0,0.0,0.00083272264
0,0.0,0.0011858619
0,0.0,0.011930335
0,0.0,0.0010055389
0,0.0,0.0008299833
0,0.0,0.00037283511
0,0.0,0.00079754647
1,1.0,0.9994502
1,1.0,0.9989463
0,0.0,0.00082519575
0,0.0,0.0008253207
0,0.0,0.0008136088
0,0.0,0.0025545647
0,0.0,0.0011899195
0,0.0,0.0011971308
0,0.0,0.003032831
0,0.0,0.0007681071
0,0.0,0.0023898634
0,0.0,0.0006993069
0,0.0,0.0069521647
0,0.0,0.00082519336
1,1.0,0.99843144
1,1.0,0.99892086
0,0.0,0.00031203046
0,0.0,0.0059791706
0,0.0,0.00060049724
0,0.0,0.0008252414
0,0.0,0.0009476697
0,0.0,0.0008136096
0,0.0,0.0018006553
0,0.0,0.0005569166
0,0.0,0.0020044176
0,0.0,0.0024148503
0,0.0,0.0013392066
0,0.0,0.0011975139
0,0.0,0.00050390617
0,0.0,0.00063862273
0,0.0,0.0005834961
0,0.0,0.0008387622
0,0.0,0.008990584
0,0.0,0.0057355445
0,0.0,0.0007598614
0,0.0,0.00034413836
0,0.0,0.012013321
0,0.0,0.020130731
0,0.0,0.0062676803
0,0.0,0.008260606
0,0.0,0.0007638493
0,0.0,0.00079759513
0,0.0,0.014665108
0,0.0,0.0004994667
0,0.0,0.00077069335
0,0.0,0.00081864116
0,0.0,0.00050468073
0,0.0,0.011951652
0,0.0,0.001978673
0,0.0,0.0007974477
0,0.0,0.0016049723
0,0.0,0.00063614186
0,0.0,0.00077925506
0,0.0,0.00034745294
0,0.0,0.020143282
0,0.0,0.0033615858
0,0.0,0.014669312
0,0.0,0.000499081
0,0.0,0.0007750324
0,0.0,0.0011774763
0,0.0,0.0007681181
0,0.0,0.0009062708
0,0.0,0.00036401147
0,0.0,0.0011397835
1,1.0,0.9979279
0,1.0,0.99983287
0,0.0,0.0014434019
0,0.0,0.0006027989
0,0.0,0.0006390903
1,1.0,0.9995616
1,1.0,0.998954
0,0.0,0.0009789043
0,0.0,0.00042451452
0,0.0,0.00199987
1,1.0,0.9997222
0,0.0,0.020123107
0,0.0,0.00075968145
0,0.0,0.0008143565
0,0.0,0.00031354293
0,0.0,0.007565629
0,0.0,0.00069916656
0,0.0,0.0007589091
1,1.0,0.99932545
0,0.0,0.0028699941
0,0.0,0.00083485193
0,0.0,0.0018873179
0,0.0,0.002181519
0,0.0,0.0008685207
0,0.0,0.0062681674
0,0.0,0.0014292581
0,0.0,0.0022649372
0,0.0,0.00050750014
0,0.0,0.0037829874
1,1.0,0.99900687
0,0.0,0.00079138787
0,0.0,0.00039715687
0,0.0,0.0005597416
0,0.0,0.0018854864
0,0.0,0.0072966754
0,0.0,0.001185365
1,1.0,0.99998343
0,0.0,0.020084856
0,0.0,0.009981517
0,0.0,0.00055960956
0,0.0,0.00083367736
0,0.0,0.0028144848
0,0.0,0.001894081
0,0.0,0.00055909075
0,0.0,0.00081335614
0,0.0,0.0022655774
0,0.0,0.00075974263
0,0.0,0.0008122795
0,0.0,0.0008931898
1,1.0,0.9989218
0,0.0,0.00076068006
0,0.0,0.00076170353
0,0.0,0.0007496522
0,0.0,0.00078479643
0,0.0,0.0011769879
0,0.0,0.0008956741
1,1.0,0.9989959
0,0.0,0.0048102774
0,0.0,0.0005024782
0,0.0,0.00075180025
0,0.0,0.000791579
0,0.0,0.0024164922
1,1.0,0.9996201
0,0.0,0.0011778633
0,0.0,0.0007681381
0,0.0,0.0103860665
1,1.0,0.99933195
0,0.0,0.0008514171
1,1.0,0.99704367
0,0.0,0.0037840893
0,0.0,0.0005842697
0,0.0,0.0012888624
0,0.0,0.00033766046
0,0.0,0.00077917
0,0.0,0.0007275958
0,0.0,0.0037827846
0,0.0,0.0016126796
0,0.0,0.00055980426
0,0.0,0.00069971883
0,0.0,0.00034412835
0,0.0,0.0024200156
1,1.0,0.9978131
0,0.0,0.0006585955
0,0.0,0.0009589078
0,0.0,0.0006991889
0,0.0,0.00080719
1,1.0,0.9994649
0,0.0,0.0004777573
0,0.0,0.0008286663
0,0.0,0.00036364954
0,0.0,0.00082965364
0,0.0,0.0004109705
0,0.0,0.0005159102
0,0.0,0.00159847
0,0.0,0.0058804085
0,0.0,0.00837294
0,0.0,0.001189165
0,0.0,0.0007596058
0,0.0,0.0031393538
0,0.0,0.00076220965
0,0.0,0.0005151788
1,1.0,0.99953043
1,1.0,0.9994543
0,0.0,0.0011899037
0,0.0,0.00078480016
0,0.0,0.0013913474
0,0.0,0.0013948288
0,0.0,0.0020037387
0,0.0,0.00061535434
1,1.0,0.99907506
0,0.0,0.00060283684
0,0.0,0.0007110586
0,0.0,0.000969782
0,0.0,0.002087222
1,1.0,0.99899423
0,0.0,0.0007579937
0,0.0,0.00053178787
0,0.0,0.00098887
0,0.0,0.00082992436
0,0.0,0.0007704485
0,0.0,0.001393572
0,0.0,0.0005341997
0,0.0,0.0007000187
0,0.0,0.0009469331
0,0.0,0.0003383668
0,0.0,0.0010482181
0,0.0,0.002182385
1,1.0,0.999436
0,0.0,0.00067801605
0,0.0,0.00041502246
0,0.0,0.0005569442
0,0.0,0.0013401897
0,0.0,0.0009695427
0,0.0,0.0009987097
0,0.0,0.011650276
0,0.0,0.0008347302
0,0.0,0.0007584804
1,1.0,0.9994156
0,0.0,0.00037628942
0,0.0,0.00057023147
0,0.0,0.0008073682
0,0.0,0.000503048
0,0.0,0.0019362422
0,0.0,0.0011982362
0,0.0,0.006261782
0,0.0,0.00075837545
0,0.0,0.00082858704
0,0.0,0.0012803883
1,1.0,0.9990529
0,0.0,0.0018892465
0,0.0,0.0037829964
0,0.0,0.0008287212
1,1.0,0.99795926
0,0.0,0.0007606978
0,0.0,0.0051053744
0,0.0,0.0005011724
0,0.0,0.00039235863
0,0.0,0.00034746667
0,0.0,0.0014658748
0,0.0,0.0009562056
0,0.0,0.0015232431
0,0.0,0.0019979551
0,0.0,0.0007596471
0,0.0,0.001996953
0,0.0,0.0007597238
0,0.0,0.00085139717
1,1.0,0.999378
0,0.0,0.0037833883
1,1.0,0.9990815
1,1.0,0.9990907
0,0.0,0.00079139124
0,0.0,0.000763798
0,0.0,0.0007981722
0,0.0,0.0004935417
0,0.0,0.0006031449
0,0.0,0.0013342814
0,0.0,0.0003419319
0,0.0,0.0020344297
0,0.0,0.001340311
0,0.0,0.0028746054
0,0.0,0.0010225591
0,0.0,0.000700595
1,1.0,0.99939865
0,0.0,0.0020871547
0,0.0,0.0007369783
0,0.0,0.000833495
0,0.0,0.0019823883
0,0.0,0.00076395273
0,0.0,0.0006062196
1,1.0,0.99937356
0,0.0,0.0019447145
0,0.0,0.0037831012
0,0.0,0.0013953893
0,0.0,0.00081361266
0,0.0,0.0013231859
0,0.0,0.0003647966
0,0.0,0.000310793
0,0.0,0.0009974944
0,0.0,0.0014434638
1,1.0,0.9989443
0,0.0,0.0013940576
0,0.0,0.0005692496
0,0.0,0.0008763824
0,0.0,0.00082494254
0,0.0,0.007319518
0,0.0,0.00076009316
0,0.0,0.0037824395
0,0.0,0.0009398812
0,0.0,0.008540982
0,0.0,0.0008018074
0,0.0,0.014668113
0,0.0,0.0008252044
0,0.0,0.0007638152
0,0.0,0.00097073737
0,0.0,0.0007914165
0,0.0,0.00078167365
0,0.0,0.0119265085
0,0.0,0.0016259606
1,1.0,0.9989938
0,0.0,0.0020343533
0,0.0,0.0008991397
0,0.0,0.003782684
0,0.0,0.0005811409
0,0.0,0.00044046954
0,0.0,0.0008514576
0,0.0,0.000585392
0,0.0,0.00082873425
0,0.0,0.0005829859
0,0.0,0.0007749955
0,0.0,0.0009541938
0,0.0,0.0007885702
0,0.0,0.0013639501
0,0.0,0.0013134688
0,0.0,0.0013908983
0,0.0,0.0008186443
0,0.0,0.0007848158
0,0.0,0.00061494973
0,0.0,0.00079137314
0,0.0,0.0011781482
0,0.0,0.0018886621
0,0.0,0.00081211195
1,1.0,0.99886596
0,0.0,0.00078479754
0,0.0,0.0021614754
0,0.0,0.0006506879
0,0.0,0.00079160766
0,0.0,0.0008137258
0,0.0,0.0009994232
0,0.0,0.0036963285
1,1.0,0.9993806
0,0.0,0.0006738228
0,0.0,0.0009707782
0,0.0,0.0020585782
0,0.0,0.0006795682
0,0.0,0.00084265746
0,0.0,0.00069171615
1,1.0,0.998994
0,0.0,0.014669374
0,0.0,0.0012264339
0,0.0,0.005984589
0,0.0,0.0008282835
0,0.0,0.00081870286
0,0.0,0.0008287047
0,0.0,0.01246521
0,0.0,0.0007326144
1,1.0,0.9989939
0,0.0,0.000977483
0,0.0,0.00077917485
0,0.0,0.0016345232
0,0.0,0.0016056777
0,0.0,0.00080552226
1,1.0,0.99891794
0,0.0,0.00093694276
0,0.0,0.0030370269
1,1.0,0.9989759
0,0.0,0.0008641206
0,0.0,0.0033915443
0,0.0,0.012464318
0,0.0,0.0007365956
0,0.0,0.0062678377
1,1.0,0.999591
0,0.0,0.0014406124
0,0.0,0.0008299742
0,0.0,0.0011857073
0,0.0,0.014676531
0,0.0,0.0006362431
0,0.0,0.003783784
0,0.0,0.0008135119
0,0.0,0.0055286586
0,0.0,0.001003315
0,0.0,0.00097245135
0,0.0,0.00091734936
0,0.0,0.00095851603
0,0.0,0.0013287811
0,0.0,0.00071163516
0,0.0,0.009008849
1,1.0,0.9989999
0,0.0,0.0007847905
0,0.0,0.0013648701
0,0.0,0.0005040123
0,0.0,0.00073690456
0,0.0,0.0008252091
0,0.0,0.0007597922
0,0.0,0.0019357686
0,0.0,0.00067415845
0,0.0,0.00076275575
1,1.0,0.99881566
1,1.0,0.9995617
0,0.0,0.0023782833
0,0.0,0.008930959
1,1.0,0.9989525
1,1.0,0.99723554
0,0.0,0.0006154734
0,0.0,0.0010166425
0,0.0,0.0008299944
0,0.0,0.00076813996
1,1.0,0.99952185
0,0.0,0.000585783
0,0.0,0.0012755973
0,0.0,0.0014690429
1,1.0,0.9996778
0,0.0,0.0011660901
0,0.0,0.00037257286
0,0.0,0.000951304
0,0.0,0.002986568
1,1.0,0.999734
0,0.0,0.00077928626
0,0.0,0.0037831294
0,0.0,0.0008055891
0,0.0,0.00054036273
0,0.0,0.0008314588
0,0.0,0.00076381007
0,0.0,0.0007736355
0,0.0,0.0008300782
0,0.0,0.0012902387
1,1.0,0.99886084
1,1.0,0.9989056
0,0.0,0.00081337424
0,0.0,0.0008186228
0,0.0,0.020106556
1,1.0,0.99897665
0,0.0,0.0008286489
0,0.0,0.000770693
0,0.0,0.0008122288
0,0.0,0.0007586567
0,0.0,0.00082520826
1,1.0,0.9996671
0,0.0,0.00084262097
0,0.0,0.00053118705
0,0.0,0.00046047638
0,0.0,0.0009887443
0,0.0,0.0008186263
0,0.0,0.00082452607
0,0.0,0.0009609872
0,0.0,0.011638412
0,0.0,0.00045782386
1,1.0,0.99897397
0,0.0,0.0003719823
0,0.0,0.0022643628
0,0.0,0.0007750885
0,0.0,0.01203455
0,0.0,0.0009722391
0,0.0,0.00081829214
0,0.0,0.0008072216
0,0.0,0.0005039923
0,0.0,0.0008335332
0,0.0,0.0062674936
0,0.0,0.008076269
0,0.0,0.0008286588
1,1.0,0.99954605
0,0.0,0.0009793866
0,0.0,0.00046126585
1,1.0,0.99955684
0,0.0,0.00081231276
0,0.0,0.0039092437
0,0.0,0.0007704639
0,0.0,0.0007973812
1,1.0,0.99971485
0,0.0,0.0009985383
0,0.0,0.0008071016
0,0.0,0.00056278973
0,0.0,0.0024409972
1,1.0,0.9989378
0,0.0,0.020138135
0,0.0,0.0008701654
0,0.0,0.00094821694
0,0.0,0.002184105
0,0.0,0.00053991657
0,0.0,0.00081384915
0,0.0,0.001339581
0,0.0,0.00082525634
0,0.0,0.008214971
0,0.0,0.0037830109
0,0.0,0.0012392459
0,0.0,0.0011210417
0,0.0,0.002179888
0,0.0,0.0006994002
0,0.0,0.003704058
1,1.0,0.99759316
0,0.0,0.000775107
0,0.0,0.00082999363
0,0.0,0.00053781766
0,0.0,0.00046078488
0,0.0,0.0037830074
0,0.0,0.002278579
0,0.0,0.0013296317
0,0.0,0.014668279
1,1.0,0.99963164
0,0.0,0.00080815976
0,0.0,0.00042642443
0,0.0,0.002375271
0,0.0,0.00087723584
0,0.0,0.0017255675
0,0.0,0.00034746784
0,0.0,0.005936655
0,0.0,0.00034962053
0,0.0,0.0019148361
1,1.0,0.999497
0,0.0,0.0013302093
0,0.0,0.00036362844
0,0.0,0.0011970995
0,0.0,0.000659171
0,0.0,0.0008266553
0,0.0,0.0005831109
0,0.0,0.0014580765
0,0.0,0.000791358
0,0.0,0.003782991
0,0.0,0.0037816314
1,1.0,0.99882454
0,0.0,0.016298104
0,0.0,0.000311998
1,1.0,0.9993648
1,1.0,0.99895495
0,0.0,0.0006028012
0,0.0,0.000784869
0,0.0,0.00073434156
0,0.0,0.00033871183
0,0.0,0.0008018135
0,0.0,0.0048398236
0,0.0,0.00034312299
0,0.0,0.0014828037
1,1.0,0.99945396
0,0.0,0.0007498705
0,0.0,0.007093391
0,0.0,0.0037829536
0,0.0,0.0005349457
0,0.0,0.0006633676
0,0.0,0.0008336022
0,0.0,0.00034184128
0,0.0,0.00081360684
0,0.0,0.0019954997
0,0.0,0.00088900735
1,1.0,0.99886703
0,0.0,0.0005631877
0,0.0,0.00075477426
1,1.0,0.99938846
0,0.0,0.0018062235
0,0.0,0.00042759863
0,0.0,0.0003441275
0,0.0,0.00075959024
0,0.0,0.00077504484
1,1.0,0.9989938
1,1.0,0.99820167
0,0.0,0.0012887293
0,0.0,0.0014988091
1,1.0,0.9989804
0,0.0,0.0006139784
0,0.0,0.0005040675
0,0.0,0.006271044
1,1.0,0.99635714
0,0.0,0.00081860524
0,0.0,0.0013400001
0,0.0,0.0008287079
1,1.0,0.99933195
1,1.0,0.99980825
0,0.0,0.0013643081
0,0.0,0.0014038252
0,0.0,0.0026432932
0,0.0,0.02011767
0,0.0,0.0014434983
0,0.0,0.0037820318
1,1.0,0.9994636
0,0.0,0.0013385785
1,1.0,0.9989219
0,0.0,0.0020298006
0,0.0,0.00075952767
0,0.0,0.0008514333
0,0.0,0.008917926
0,0.0,0.00034601646
0,0.0,0.0024978623
0,0.0,0.0018008009
0,0.0,0.0037829392
0,0.0,0.0013250458
0,0.0,0.00049822876
0,0.0,0.00034173895
0,0.0,0.0018617779
0,0.0,0.0011395203
0,0.0,0.00076379185
0,0.0,0.003140751
0,0.0,0.0008282831
0,0.0,0.0008774829
0,0.0,0.0008769362
0,0.0,0.0007596981
0,0.0,0.0013406276
0,0.0,0.00031204414
0,0.0,0.002942136
0,0.0,0.0009579741
0,0.0,0.0007848638
0,0.0,0.000763759
0,0.0,0.00037218505
0,0.0,0.00061547686
0,0.0,0.00034788036
0,0.0,0.00069986354
0,0.0,0.0060861725
0,0.0,0.0006990193
0,0.0,0.0007601851
0,0.0,0.0009777215
0,0.0,0.00036020388
0,0.0,0.00080718694
0,0.0,0.0006375475
0,0.0,0.0004994963
0,0.0,0.00073380786
0,0.0,0.0005596906
0,0.0,0.00031081255
0,0.0,0.0005920567
0,0.0,0.00063005247
0,0.0,0.0007847808
0,0.0,0.00081332517
0,0.0,0.0023904992
0,0.0,0.0008186322
1,1.0,0.9983658
0,0.0,0.011036588
0,0.0,0.00076727604
0,0.0,0.002004929
0,0.0,0.0007024548
1,1.0,0.99892163
0,0.0,0.0004993277
0,0.0,0.0008186341
0,0.0,0.0010381457
0,0.0,0.0008426474
0,0.0,0.002852068
0,0.0,0.0010450318
0,0.0,0.0020265423
0,0.0,0.00083003385
0,0.0,0.0011979999
0,0.0,0.00081338704
0,0.0,0.00072277104
0,0.0,0.0004777728
0,0.0,0.00059040583
0,0.0,0.001317687
0,0.0,0.000967602
1,1.0,0.9988659
0,0.0,0.00056239223
0,0.0,0.0021093534
0,0.0,0.00083360384
0,0.0,0.00041952726
0,0.0,0.0005831331
0,0.0,0.0008186005
0,0.0,0.00087943475
0,0.0,0.0005792212
0,0.0,0.0008082549
1,1.0,0.99992037
0,0.0,0.0022650966
0,0.0,0.00080564164
0,0.0,0.0009697991
1,1.0,0.9994522
0,0.0,0.0073833587
0,0.0,0.0006844368
0,0.0,0.0062677697
0,0.0,0.0010027502
0,0.0,0.0020611226
0,0.0,0.0011768026
0,0.0,0.0005630887
0,0.0,0.00083475845
0,0.0,0.00626537
0,0.0,0.0053979764
0,0.0,0.0146672595
0,0.0,0.0010224432
0,0.0,0.0007597187
1,1.0,0.9989199
0,0.0,0.0009694933
1,1.0,0.9994544
0,0.0,0.0008186099
0,0.0,0.0007847994
0,0.0,0.0005583005
0,0.0,0.0018014963
0,0.0,0.0024783823
0,0.0,0.00075868494
0,0.0,0.0004990537
1,1.0,0.99965507
0,0.0,0.0024416128
0,0.0,0.000360105
0,0.0,0.0011776602
1,1.0,0.9994872
0,0.0,0.00052867085
0,0.0,0.32470688
0,0.0,0.001030114
0,0.0,0.0008282239
0,0.0,0.0009781729
0,0.0,0.0010539913
0,0.0,0.0008541657
0,0.0,0.014667451
0,0.0,0.0007777894
0,0.0,0.00527693
0,0.0,0.00083468325
0,0.0,0.002002505
0,0.0,0.000627279
0,0.0,0.0076410025
0,0.0,0.0013098228
1,1.0,0.99933183
1,1.0,0.9989309
0,0.0,0.000499178
0,0.0,0.000813774
0,0.0,0.0007750427
0,0.0,0.0017250451
0,0.0,0.0013097525
0,0.0,0.0005357565
0,0.0,0.00034162804
0,0.0,0.00076376525
0,0.0,0.0014083433
0,0.0,0.00079744693
0,0.0,0.00116868
0,0.0,0.0007604119
0,0.0,0.00077925797
0,0.0,0.00073858065
0,0.0,0.00070034596
0,0.0,0.0008252735
0,0.0,0.0007847871
0,0.0,0.0007368877
0,0.0,0.0006150201
0,0.0,0.006267633
0,0.0,0.0005842948
0,0.0,0.0006123199
0,0.0,0.0004190001
0,0.0,0.0007848387
0,0.0,0.0005055134
0,0.0,0.0033809075
0,0.0,0.0020572315
0,0.0,0.0014001057
0,0.0,0.00086488057
0,0.0,0.00078480016
0,0.0,0.0007792573
0,0.0,0.00080551225
0,0.0,0.0003364253
0,0.0,0.0005233632
0,0.0,0.0007619606
1,1.0,0.9994509
0,0.0,0.0007750974
0,0.0,0.00078481063
0,0.0,0.0008121943
0,0.0,0.012009246
0,0.0,0.0062679956
0,0.0,0.001189506
0,0.0,0.0013284993
0,0.0,0.0037828814
0,0.0,0.00055831706
0,0.0,0.0008123081
0,0.0,0.0007369063
0,0.0,0.006524248
0,0.0,0.0005176996
0,0.0,0.00084524776
1,1.0,0.9996962
0,0.0,0.000999634
0,0.0,0.003783996
0,0.0,0.0006845526
0,0.0,0.0011984543
0,0.0,0.00078470336
0,0.0,0.0007637445
0,0.0,0.0003732302
0,0.0,0.0008412122
0,0.0,0.0078025367
0,0.0,0.02013602
0,0.0,0.00077073707
1,1.0,0.99895346
0,0.0,0.00081343943
0,0.0,0.00078482257
1,1.0,0.99703205
0,0.0,0.0007521392
0,0.0,0.0008335915
0,0.0,0.0008252044
0,0.0,0.00080719386
0,0.0,0.0004466786
0,0.0,0.0018904939
1,1.0,0.9993227
0,0.0,0.0008453646
0,0.0,0.000371988
0,0.0,0.00079012197
0,0.0,0.00053595216
0,0.0,0.00082527316
0,0.0,0.0005003037
0,0.0,0.00050478417
0,0.0,0.0008116629
0,0.0,0.006267877
0,0.0,0.00087103853
1,1.0,0.99899423
0,0.0,0.0025562749
0,0.0,0.0027490086
0,0.0,0.0035961797
0,0.0,0.0017167502
0,0.0,0.00055748434
0,0.0,0.0008132906
0,0.0,0.0013405649
0,0.0,0.002582582
0,0.0,0.00076068006
0,0.0,0.0008186755
1,1.0,0.99937373
1,1.0,0.99894184
0,0.0,0.0007862659
0,0.0,0.001526918
0,0.0,0.00031078854
0,0.0,0.0005377593
0,0.0,0.00059319823
0,0.0,0.00047887987
0,0.0,0.00077925436
0,0.0,0.00058609806
0,0.0,0.00081337156
0,0.0,0.00061529793
1,1.0,0.99900705
0,0.0,0.010009512
0,0.0,0.0003663054
0,0.0,0.0003448571
0,0.0,0.0013190185
0,0.0,0.00034135912
0,0.0,0.0007368751
1,1.0,0.9978924
0,0.0,0.00042459427
0,0.0,0.0005285335
0,0.0,0.00037134936
1,1.0,0.99909586
0,0.0,0.0007368937
0,0.0,0.0003604225
1,1.0,0.998923
0,0.0,0.0003416481
0,0.0,0.0037829536
0,0.0,0.0062675322
0,0.0,0.002182871
0,0.0,0.00075971155
0,0.0,0.0011978586
0,0.0,0.0007582325
0,0.0,0.0007595863
1,1.0,0.9996331
0,0.0,0.0021838974
0,0.0,0.00082841964
0,0.0,0.00067783415
0,0.0,0.00053289725
0,0.0,0.00077508774
0,0.0,0.0011982899
0,0.0,0.0007974275
0,0.0,0.0011764689
0,0.0,0.012028406
0,0.0,0.0011776692
0,0.0,0.0007144212
0,0.0,0.0007368842
0,0.0,0.00083352125
0,0.0,0.0010412534
0,0.0,0.0008966168
1,1.0,0.99679095
0,0.0,0.0009775138
1,1.0,0.9989652
0,0.0,0.00778071
0,0.0,0.0008252232
0,0.0,0.0013939085
0,0.0,0.00074312877
0,0.0,0.0075168856
0,0.0,0.000829954
0,0.0,0.003580202
0,0.0,0.00072082196
0,0.0,0.0007606743
0,0.0,0.00034978456
0,0.0,0.0119338995
0,0.0,0.0014533798
0,0.0,0.002378876
0,0.0,0.00055993337
1,1.0,0.99894637
0,0.0,0.00088391884
0,0.0,0.005936557
0,0.0,0.0018884266
0,0.0,0.0008299801
0,0.0,0.00076068804
1,1.0,0.9967451
1,1.0,0.99897665
1,1.0,0.9988167
1,1.0,0.9994663
0,0.0,0.0039206687
0,0.0,0.020154303
0,0.0,0.0028930649
0,0.0,0.0037826123
0,0.0,0.001140074
0,0.0,0.00036518785
0,0.0,0.0005039683
0,0.0,0.00047907938
0,0.0,0.006118517
0,0.0,0.0007645754
0,0.0,0.0008185546
0,0.0,0.00066205394
0,0.0,0.0005357971
0,0.0,0.00082987896
0,0.0,0.0008336539
0,0.0,0.0014678446
0,0.0,0.00081374525
0,0.0,0.0020867358
0,0.0,0.0024992079
1,1.0,0.9989463
0,0.0,0.014668989
0,0.0,0.00047908712
0,0.0,0.0007139519
0,0.0,0.0014236579
0,0.0,0.00034997604
0,0.0,0.0008123201
0,0.0,0.0024927682
1,1.0,0.99964416
0,0.0,0.0031382977
0,0.0,0.00083369133
0,0.0,0.00038481303
0,0.0,0.0062681288
0,0.0,0.00954848
0,0.0,0.0024437134
0,0.0,0.0014185937
0,0.0,0.00083329895
0,0.0,0.00038942174
0,0.0,0.0005973519
0,0.0,0.0030973253
0,0.0,0.002077908
0,0.0,0.00077927177
1,1.0,0.9994124
0,0.0,0.00075829966
0,0.0,0.00047904332
0,0.0,0.0004191569
0,0.0,0.008836234
0,0.0,0.0007585982
0,0.0,0.00049805874
0,0.0,0.0007583394
0,0.0,0.0007707477
0,0.0,0.0004781165
0,0.0,0.0023789394
0,0.0,0.00043116475
0,0.0,0.00088341953
0,0.0,0.0008123809
0,0.0,0.0007792015
0,0.0,0.0011655648
0,0.0,0.020028697
0,0.0,0.00077911245
0,0.0,0.00059310097
0,0.0,0.00036641612
0,0.0,0.0013234522
0,0.0,0.0007841917
0,0.0,0.002822507
0,0.0,0.011525798
0,0.0,0.00042122699
0,0.0,0.0062645925
0,0.0,0.0005166622
0,0.0,0.003783056
0,0.0,0.003039423
0,0.0,0.002180274
0,0.0,0.00064552866
0,0.0,0.00079139235
0,0.0,0.00081248156
0,0.0,0.00073708926
0,0.0,0.0007706974
0,0.0,0.0008301051
0,0.0,0.0027245407
0,0.0,0.0008185858
0,0.0,0.0008348233
0,0.0,0.0013938254
0,0.0,0.00044037675
0,0.0,0.0023739538
0,0.0,0.00069897936
0,0.0,0.0021908516
0,0.0,0.014667121
0,0.0,0.00052822655
0,0.0,0.00038415563
0,0.0,0.00081366306
0,0.0,0.001367628
0,0.0,0.0007338239
0,0.0,0.0037696823
0,0.0,0.00097087154
0,0.0,0.0062679867
0,0.0,0.00076811365
0,0.0,0.00070770003
0,0.0,0.020130502
0,0.0,0.00076067715
0,0.0,0.00068036176
0,0.0,0.0014718701
0,0.0,0.0050566555
0,0.0,0.0006683784
0,0.0,0.00034309877
0,0.0,0.00087610056
1,1.0,0.99969465
0,0.0,0.002274907
0,0.0,0.000770693
0,0.0,0.0037818756
0,0.0,0.00073254044
1,1.0,0.99966764
0,0.0,0.00083353877
0,0.0,0.00082526804
1,1.0,0.99943584
0,0.0,0.00077920454
1,1.0,0.99952394
0,0.0,0.009518965
0,0.0,0.00083478744
0,0.0,0.0024579056
1,1.0,0.9988154
0,0.0,0.00082876586
0,0.0,0.005642608
0,0.0,0.002191005
0,0.0,0.0005573882
0,0.0,0.0031448924
0,0.0,0.00081325765
0,0.0,0.0007177743
0,0.0,0.0003640398
0,0.0,0.00036503997
0,0.0,0.014668567
0,0.0,0.0008117665
0,0.0,0.0008348289
0,0.0,0.00033885523
0,0.0,0.000816181
0,0.0,0.0005047916
0,0.0,0.0006485185
0,0.0,0.00091764174
0,0.0,0.00081323064
0,0.0,0.0005343968
0,0.0,0.0008824121
0,0.0,0.00031427975
0,0.0,0.0011863506
0,0.0,0.020094683
0,0.0,0.00043995763
0,0.0,0.0007582935
0,0.0,0.0005762217
0,0.0,0.00068912044
0,0.0,0.0020743427
0,0.0,0.00050475483
0,0.0,0.003783498
0,0.0,0.0008284378
1,1.0,0.9993722
0,0.0,0.011917297
0,0.0,0.0007602489
0,0.0,0.0007792421
0,0.0,0.00070014043
0,0.0,0.0009585429
0,0.0,0.0003601579
0,0.0,0.00044051826
0,0.0,0.00043052074
0,0.0,0.0018013865
0,0.0,0.00079140667
0,0.0,0.005122395
0,0.0,0.00036458333
0,0.0,0.016173154
0,0.0,0.0007606714
0,0.0,0.0010439288
0,0.0,0.0014451469
0,0.0,0.02839826
0,0.0,0.001736706
0,0.0,0.0018090594
0,0.0,0.00076812244
0,0.0,0.00046898524
0,0.0,0.00076811295
0,0.0,0.0003066653
0,0.0,0.0007847957
0,0.0,0.00066836
0,0.0,0.0006992115
1,1.0,0.99757856
0,0.0,0.005989638
0,0.0,0.0037828924
0,0.0,0.0008301201
1,1.0,0.9990917
0,0.0,0.0023065761
0,0.0,0.0037827184
0,0.0,0.00077937014
0,0.0,0.0009890863
0,0.0,0.0016059667
0,0.0,0.0008300826
0,0.0,0.000348834
0,0.0,0.0021838208
1,1.0,0.9994687
0,0.0,0.0013399331
0,0.0,0.0020298471
0,0.0,0.0008286564
0,0.0,0.0010274564
0,0.0,0.0009987724
0,0.0,0.0009509112
0,0.0,0.0008125671
0,0.0,0.00081223383
0,0.0,0.0013269612
0,0.0,0.0037831012
0,0.0,0.0007265257
0,0.0,0.00069914095
0,0.0,0.0010948532
0,0.0,0.0022775906
1,1.0,0.99945015
0,0.0,0.0013197617
0,0.0,0.008212451
0,0.0,0.0008135627
0,0.0,0.0008252948
0,0.0,0.00077912176
0,0.0,0.00036902283
0,0.0,0.0011653639
0,0.0,0.00081324484
1,1.0,0.9995126
0,0.0,0.00034050533
1,1.0,0.99894637
0,0.0,0.00083012966
0,0.0,0.0033047912
0,0.0,0.00036007856
0,0.0,0.00076128053
0,0.0,0.0005573204
0,0.0,0.0011870554
1,1.0,0.9994467
0,0.0,0.0017250928
0,0.0,0.020118874
0,0.0,0.0020041964
0,0.0,0.0013909573
1,1.0,0.99944615
0,0.0,0.0006998422
0,0.0,0.00090040034
0,0.0,0.00049177837
1,1.0,0.9989913
0,0.0,0.000584317
0,0.0,0.00076068804
0,0.0,0.00083329494
0,0.0,0.005752009
0,0.0,0.00079747586
0,0.0,0.0012771741
1,1.0,0.99894416
0,0.0,0.0010883143
0,0.0,0.0004210521
0,0.0,0.0015343095
0,0.0,0.0024777083
0,0.0,0.002005236
0,0.0,0.00084265706
0,0.0,0.00058585336
0,0.0,0.000830272
0,0.0,0.00081860524
0,0.0,0.00081220904
0,0.0,0.0007443268
0,0.0,0.0007752466
0,0.0,0.001363343
0,0.0,0.0013400976
0,0.0,0.00083874306
1,1.0,0.99934375
0,0.0,0.005936523
0,0.0,0.00049927615
0,0.0,0.002000981
0,0.0,0.0010356772
0,0.0,0.0024152612
0,0.0,0.0005870098
0,0.0,0.00077506335
1,1.0,0.9989938
0,0.0,0.0036501274
0,0.0,0.020072404
0,0.0,0.00081218814
1,1.0,0.9979305
0,0.0,0.00045811982
0,0.0,0.002006229
0,0.0,0.0006763503
0,0.0,0.00034124803
0,0.0,0.00064321136
0,0.0,0.009160494
0,0.0,0.020092161
0,0.0,0.014667852
0,0.0,0.0013669775
0,0.0,0.0004269911
0,0.0,0.0146673275
0,0.0,0.0007913686
0,0.0,0.0003467985
0,0.0,0.00033873876
0,0.0,0.02014398
0,0.0,0.0014346836
0,0.0,0.0057420195
0,0.0,0.014665122
0,0.0,0.00230483
0,0.0,0.020099884
1,1.0,0.9990409
1,1.0,0.9989781
0,0.0,0.00095852744
0,0.0,0.020056179
0,0.0,0.005377912
0,0.0,0.0008798274
0,0.0,0.00081335264
0,0.0,0.002748597
0,0.0,0.0008300283
0,0.0,0.008605179
0,0.0,0.00821174
0,0.0,0.00080705655
0,0.0,0.0062680542
0,0.0,0.00036350955
0,0.0,0.00081863493
1,1.0,0.99953043
0,0.0,0.0031402837
1,1.0,0.99902064
0,0.0,0.0007750863
0,0.0,0.0007597528
0,0.0,0.0203368
0,0.0,0.009402981
1,1.0,0.99991137
0,0.0,0.010207132
0,0.0,0.0020881174
0,0.0,0.0005378382
0,0.0,0.028395282
0,0.0,0.0014539314
1,1.0,0.9989767
0,0.0,0.0008123457
0,0.0,0.0007384177
0,0.0,0.0009662856
0,0.0,0.00081225246
0,0.0,0.0008287275
0,0.0,0.00064570195
0,0.0,0.020117795
0,0.0,0.0011390982
0,0.0,0.0008071339
0,0.0,0.0008824718
0,0.0,0.0009708294
0,0.0,0.006263509
0,0.0,0.0008123112
0,0.0,0.00070016115
0,0.0,0.00081369566
0,0.0,0.0004993258
0,0.0,0.007694362
0,0.0,0.00051772257
0,0.0,0.0013214995
0,0.0,0.00034694304
0,0.0,0.00067149766
0,0.0,0.00073690666
0,0.0,0.001357196
0,0.0,0.009837155
0,0.0,0.0011640615
0,0.0,0.0011856497
0,0.0,0.00082524214
0,0.0,0.001290061
1,1.0,0.9988913
0,0.0,0.0008861952
0,0.0,0.0024435392
0,0.0,0.00077507965
0,0.0,0.0018954851
0,0.0,0.0020611922
0,0.0,0.0011778105
0,0.0,0.0007601344
0,0.0,0.00078480464
0,0.0,0.0024421331
0,0.0,0.0005845195
0,0.0,0.0024192054
0,0.0,0.0028831586
1,1.0,0.99621665
0,0.0,0.005936692
0,0.0,0.00096942176
0,0.0,0.0007848054
0,0.0,0.00077502313
0,0.0,0.020117203
0,0.0,0.00077510625
0,0.0,0.00078476506
0,0.0,0.0007325844
0,0.0,0.00091909384
0,0.0,0.0008332564
1,1.0,0.9987824
0,0.0,0.0015136423
0,0.0,0.00050155
0,0.0,0.0009133801
0,0.0,0.008041958
0,0.0,0.000955189
1,1.0,0.99932
0,0.0,0.00069975085
0,0.0,0.00061727274
0,0.0,0.0008286786
1,1.0,0.9976955
0,0.0,0.00096743065
0,0.0,0.0009261007
0,0.0,0.0013441108
0,0.0,0.0009478416
0,0.0,0.0011778022
0,0.0,0.00094332214
0,0.0,0.0003559237
0,0.0,0.0009988177
1,1.0,0.99954444
0,1.0,0.9430132
0,0.0,0.0053866087
0,0.0,0.014671146
0,0.0,0.00058570487
0,0.0,0.0011324135
0,0.0,0.001884094
0,0.0,0.0011980959
0,0.0,0.0013111391
0,0.0,0.0005418884
0,0.0,0.0020031207
0,0.0,0.0008287793
0,0.0,0.00037098775
0,0.0,0.0020887505
0,0.0,0.0013135844
0,0.0,0.00082860194
0,0.0,0.028442863
0,0.0,0.0008701829
0,0.0,0.0013206181
0,0.0,0.0039349888
0,0.0,0.001277466
1,1.0,0.99904275
0,0.0,0.00081177655
0,0.0,0.0005037414
0,0.0,0.0019210514
0,0.0,0.00034672956
0,0.0,0.0007013926
1,1.0,0.9995878
1,1.0,0.9985808
0,0.0,0.0061749993
0,0.0,0.002181594
0,0.0,0.00092630315
0,0.0,0.00078486116
0,0.0,0.0008161818
0,0.0,0.012021814
0,0.0,0.028440822
1,1.0,0.9989241
0,0.0,0.0005177317
0,0.0,0.0011773788
0,0.0,0.0023776744
0,0.0,0.006998282
0,0.0,0.00287324
0,0.0,0.001168622
1,1.0,1.0
0,0.0,0.0008298928
0,0.0,0.00087772205
0,0.0,0.0007792866
0,0.0,0.0031400109
0,0.0,0.00043118565
0,0.0,0.002183112
0,0.0,0.001139955
0,0.0,0.0005939923
0,0.0,0.0004270081
0,0.0,0.013295914
0,0.0,0.0007794137
1,1.0,0.99899423
0,0.0,0.00077927957
0,0.0,0.0007597245
1,1.0,0.9993689
1,1.0,0.9994512
0,0.0,0.0011979413
0,0.0,0.0007794429
0,0.0,0.00378396
0,0.0,0.0007847867
0,0.0,0.014668471
1,1.0,0.99894196
1,1.0,0.9985809
0,0.0,0.0013658402
0,0.0,0.00042471368
0,0.0,0.0010669779
1,1.0,0.9997945
0,0.0,0.00079576136
0,0.0,0.0007898374
0,0.0,0.0007337967
0,0.0,0.0037817785
0,0.0,0.0023782435
1,1.0,0.9994206
1,1.0,0.99960333
0,0.0,0.0009708664
0,0.0,0.00070221693
0,0.0,0.008160519
0,0.0,0.0007501821
0,0.0,0.00034170935
0,0.0,0.020071916
0,0.0,0.0038265681
1,1.0,0.99892056
0,0.0,0.0007847949
0,0.0,0.0013944667
0,0.0,0.014667989
0,0.0,0.0022261154
0,0.0,0.00060083356
0,0.0,0.00081364874
0,0.0,0.0005870216
0,0.0,0.0062680454
0,0.0,0.000791375
0,0.0,0.00080182217
0,0.0,0.0016349861
0,0.0,0.0062679625
0,0.0,0.0005047079
0,0.0,0.00050462375
0,0.0,0.0062678345
0,0.0,0.0028598926
0,0.0,0.002030302
0,0.0,0.005956039
0,0.0,0.00083358964
0,0.0,0.0005799573
0,0.0,0.011124861
0,0.0,0.00064825284
1,1.0,0.9989742
0,0.0,0.0034079524
0,0.0,0.0014311697
0,0.0,0.001425239
0,0.0,0.00036022364
1,1.0,0.9993658
0,0.0,0.00042608147
1,1.0,0.9989619
1,1.0,0.9989211
0,0.0,0.0011774696
0,0.0,0.0007264541
0,0.0,0.00097118376
0,0.0,0.0005464481
0,0.0,0.012464026
0,0.0,0.00037235094
0,0.0,0.0010006821
0,0.0,0.00083352125
0,0.0,0.0022622515
0,0.0,0.00077505596
0,0.0,0.0007000117
0,0.0,0.0011976018
0,0.0,0.0007792606
0,0.0,0.0011397044
0,0.0,0.0007750593
0,0.0,0.0013401214
0,0.0,0.015324145
0,0.0,0.00080715166
0,0.0,0.00055745215
0,0.0,0.00059222063
0,0.0,0.00082859874
0,0.0,0.006149686
0,0.0,0.009371699
0,0.0,0.00082526135
0,0.0,0.00626785
0,0.0,0.00081357785
0,0.0,0.00219446
0,0.0,0.029908316
0,0.0,0.0007681074
0,0.0,0.00081860134
1,1.0,0.9989952
0,0.0,0.0037824973
0,0.0,0.00087599835
0,0.0,0.00082522875
0,0.0,0.0037838449
0,0.0,0.00041913235
1,1.0,0.99763036
0,0.0,0.00077505223
0,0.0,0.0008122949
0,0.0,0.000833561
0,0.0,0.0004205712
1,1.0,0.9979216
0,0.0,0.00095843885
0,0.0,0.00076178636
0,0.0,0.0008336237
0,0.0,0.00078089786
0,0.0,0.0008286707
1,1.0,0.9989217
0,0.0,0.0005682725
0,0.0,0.0026791517
0,0.0,0.00079743017
0,0.0,0.009476018
0,0.0,0.0008253318
0,0.0,0.0007601851
0,0.0,0.003783919
0,0.0,0.0007953167
1,1.0,0.99944675
0,0.0,0.0008834598
0,0.0,0.0007636947
0,0.0,0.0012977481
0,0.0,0.002004385
0,0.0,0.0008137042
0,0.0,0.0008775129
0,0.0,0.0007368937
0,0.0,0.0074979947
0,0.0,0.002182793
0,0.0,0.008632617
0,0.0,0.00070469436
0,0.0,0.00034612438
0,0.0,0.00075093954
0,0.0,0.0011054843
0,0.0,0.0008335805
0,0.0,0.0007847538
0,0.0,0.00062402023
0,0.0,0.010457026
0,0.0,0.0005048915
0,0.0,0.00031200665
0,0.0,0.00080719776
0,0.0,0.0007681451
0,0.0,0.0012890405
1,1.0,0.99747235
0,0.0,0.00078483904
0,0.0,0.00058692956
0,0.0,0.00050397887
0,0.0,0.0005498404
1,1.0,0.99616456
0,0.0,0.0006031236
0,0.0,0.0008286699
0,0.0,0.0009993903
0,0.0,0.00035776588
0,0.0,0.0040719686
0,0.0,0.00069656386
0,0.0,0.0009698005
1,1.0,0.9989919
0,0.0,0.001469837
0,0.0,0.0007597187
1,1.0,0.9990789
0,0.0,0.0024121534
0,0.0,0.0008286027
0,0.0,0.00041955087
0,0.0,0.001963723
1,1.0,0.99899185
0,0.0,0.00082873466
0,0.0,0.0007351174
1,1.0,0.9999258
0,0.0,0.0009986309
0,0.0,0.005367195
0,0.0,0.0014350737
0,0.0,0.0008072447
0,0.0,0.00076067494
0,0.0,0.000784802
0,0.0,0.01164065
0,0.0,0.00062944426
0,0.0,0.0011976133
0,0.0,0.00082878047
0,0.0,0.00072182284
1,1.0,0.99879557
1,1.0,0.99899423
0,0.0,0.0005337343
0,0.0,0.0013643237
0,0.0,0.008523105
0,0.0,0.0008123782
0,0.0,0.0007497676
0,0.0,0.0062678345
0,0.0,0.000371573
0,0.0,0.0013643106
0,0.0,0.0010032406
0,0.0,0.014668858
0,0.0,0.014668996
0,0.0,0.00085153757
0,0.0,0.0023949337
0,0.0,0.00073383516
0,0.0,0.038300954
0,0.0,0.007624706
0,0.0,0.0019450512
0,0.0,0.0008286659
0,0.0,0.011704009
0,0.0,0.00043067406
0,0.0,0.0007596956
1,1.0,0.9995297
0,0.0,0.0007368908
0,0.0,0.020228628
0,0.0,0.00052844005
0,0.0,0.020094616
0,0.0,0.00095839
0,0.0,0.0015933568
0,0.0,0.001041128
0,0.0,0.00077508035
1,1.0,0.9996562
0,0.0,0.00080646464
0,0.0,0.0013634294
0,0.0,0.00076067355
0,0.0,0.00082988647
0,0.0,0.00081342045
0,0.0,0.009582013
1,1.0,0.9994927
0,0.0,0.001882995
1,1.0,0.99824774
0,0.0,0.0007681421
1,1.0,0.9975277
0,0.0,0.0033104802
0,0.0,0.0022777303
0,0.0,0.0008513769
0,0.0,0.00082997815
0,0.0,0.002866476
0,0.0,0.0024430766
0,0.0,0.0007913905
0,0.0,0.000693936
1,1.0,0.99783385
0,0.0,0.0005950227
0,0.0,0.0009468997
0,0.0,0.001185522
0,0.0,0.0009888012
0,0.0,0.0006997258
0,0.0,0.0005645576
1,1.0,0.9999878
0,0.0,0.00080716243
0,0.0,0.00073690736
0,0.0,0.0007914029
0,0.0,0.0016131895
0,0.0,0.0007975426
0,0.0,0.0013854449
0,0.0,0.0009722128
0,0.0,0.00080822414
0,0.0,0.00075091195
0,0.0,0.0014451185
0,0.0,0.0060592536
0,0.0,0.020108659
0,0.0,0.0021928228
0,0.0,0.00028947557
0,0.0,0.0005977044
0,0.0,0.00039187417
0,0.0,0.0010626839
0,0.0,0.0011184359
0,0.0,0.0006851638
0,0.0,0.00058991514
1,1.0,0.9982238
0,0.0,0.001118418
0,0.0,0.00055979943
0,0.0,0.00059950957
0,0.0,0.0015297397
0,0.0,0.0003678809
0,0.0,0.0012185912
1,1.0,0.9985551
0,0.0,0.00167648
0,0.0,0.00063892285
0,0.0,0.0019115092
0,0.0,0.0006783308
0,0.0,0.0023309893
0,0.0,0.0012665875
0,0.0,0.0007888295
0,0.0,0.0006999886
0,0.0,0.0003488847
0,0.0,0.0012152214
1,1.0,0.9990549
0,0.0,0.0005881674
0,0.0,0.0007764591
0,0.0,0.0006621328
0,0.0,0.000342277
0,0.0,0.0012148428
0,0.0,0.0013163146
0,0.0,0.0012766644
0,0.0,0.00028588675
0,0.0,0.00059958897
0,0.0,0.00074440276
0,0.0,0.00038354215
0,0.0,0.00042941122
0,0.0,0.00072565133
1,1.0,0.9987102
0,0.0,0.00028178009
0,0.0,0.0005679059
0,0.0,0.0018299478
0,0.0,0.00025771165
0,0.0,0.0012050172
0,0.0,0.0008443546
0,0.0,0.00027993726
0,0.0,0.00059108017
1,1.0,0.99809396
0,0.0,0.0010626646
0,0.0,0.00083403056
0,0.0,0.00088514714
0,0.0,0.0005583189
0,0.0,0.0010997655
0,0.0,0.00030095733
0,0.0,0.00025760185
0,0.0,0.00059177744
0,0.0,0.0012369646
1,1.0,0.9984946
1,1.0,0.99826145
0,0.0,0.00054615125
0,0.0,0.0012067455
0,0.0,0.0016366808
0,0.0,0.007348884
1,1.0,0.99825233
0,0.0,0.00037871717
0,0.0,0.0012139307
0,0.0,0.0006372572
0,0.0,0.001524851
0,0.0,0.0005661559
0,0.0,0.0034901774
0,0.0,0.0008850831
0,0.0,0.00071269186
0,0.0,0.008435893
0,0.0,0.0005836903
1,1.0,0.9982384
0,0.0,0.0009582485
0,0.0,0.0015249107
0,0.0,0.0004858565
0,0.0,0.0018727143
0,0.0,0.00078938814
0,0.0,0.00040060302
0,0.0,0.0005861963
0,0.0,0.0018230632
1,1.0,0.999106
0,0.0,0.0003569851
0,0.0,0.0018483971
0,0.0,0.00055978296
0,0.0,0.0010592559
0,0.0,0.000868841
0,0.0,0.00054067647
0,0.0,0.00074441946
0,0.0,0.00044809
0,0.0,0.0010627597
0,0.0,0.0026307397
0,0.0,0.00062501396
0,0.0,0.0007839817
0,0.0,0.0012823899
0,0.0,0.00046041672
0,0.0,0.00040782575
0,0.0,0.0015147547
0,0.0,0.0004081756
0,0.0,0.0006962446
0,0.0,0.00043068107
0,0.0,0.0011218543
0,0.0,0.00059078133
0,0.0,0.0077680447
1,1.0,0.9983509
0,0.0,0.0008864913
0,0.0,0.0008268494
1,1.0,0.9984211
0,0.0,0.0012651279
0,0.0,0.000837263
0,0.0,0.0011219061
0,0.0,0.0005261061
0,0.0,0.00074709655
0,0.0,0.0011333448
0,0.0,0.016128996
0,0.0,0.0012662472
0,0.0,0.0005529963
0,0.0,0.001905322
0,0.0,0.0008833719
0,0.0,0.0012660242
1,1.0,0.9964897
0,0.0,0.0003731121
0,0.0,0.0005208419
0,0.0,0.00063699693
0,0.0,0.0006351913
0,0.0,0.00042822657
0,0.0,0.0005837059
0,0.0,0.0005221539
1,1.0,0.9980461
0,0.0,0.0067130355
0,0.0,0.0015736313
0,0.0,0.0012650412
0,0.0,0.0003771875
0,0.0,0.0034824226
0,0.0,0.0005461793
0,0.0,0.0012365964
0,0.0,0.0005431954
0,0.0,0.00044379846
0,0.0,0.000700015
0,0.0,0.0005836998
0,0.0,0.0010618292
1,1.0,0.99849105
0,0.0,0.00057438144
1,1.0,0.9982359
1,1.0,0.9985986
0,0.0,0.0008112487
0,0.0,0.0013522517
0,0.0,0.0005492197
0,0.0,0.0005526409
1,1.0,0.9981393
1,1.0,0.9973452
0,0.0,0.0011183923
0,0.0,0.0002763562
0,0.0,0.00029500888
0,0.0,0.00058815
0,0.0,0.00059266924
0,0.0,0.0012037123
0,0.0,0.001969447
0,0.0,0.001236507
1,1.0,0.99824065
0,0.0,0.001904353
0,0.0,0.0006371473
0,0.0,0.00072558294
0,0.0,0.0092509305
0,0.0,0.0005836839
0,0.0,0.0008381766
0,0.0,0.00051056175
1,1.0,0.9986352
0,0.0,0.0008340373
0,0.0,0.00047401583
0,0.0,0.00059234624
0,0.0,0.0012121744
0,0.0,0.0005583675
0,0.0,0.0007887126
0,0.0,0.00059297495
0,0.0,0.001702471
0,0.0,0.00028194263
0,0.0,0.0014436501
0,0.0,0.0005464512
0,0.0,0.00052962994
1,1.0,0.9982091
0,0.0,0.00078879227
0,0.0,0.00028312518
0,0.0,0.0018702904
0,0.0,0.0006357612
0,0.0,0.00036630593
0,0.0,0.0005852737
0,0.0,0.0008685585
0,0.0,0.0005396683
0,0.0,0.0005661629
0,0.0,0.0005839701
0,0.0,0.00053971
0,0.0,0.012792066
1,1.0,0.99816316
1,1.0,0.99822235
0,0.0,0.0009205333
0,0.0,0.00056612724
0,0.0,0.0005727701
0,0.0,0.001618881
0,0.0,0.0003560406
0,0.0,0.0026543003
0,0.0,0.00049303484
0,0.0,0.0014481975
0,0.0,0.00027624582
0,0.0,0.0005461549
0,0.0,0.0006988518
0,0.0,0.0007881803
0,0.0,0.00063691597
0,0.0,0.00028001468
0,0.0,0.0010626848
0,0.0,0.0005839824
0,0.0,0.00034874867
0,0.0,0.0010247504
0,0.0,0.0054096933
0,0.0,0.0008481894
0,0.0,0.0005744119
0,0.0,0.001118471
0,0.0,0.00034904404
1,1.0,0.9981969
1,1.0,0.99836934
0,0.0,0.0007886897
0,0.0,0.0011185525
0,0.0,0.00056586694
0,0.0,0.00032975516
1,1.0,0.99836355
0,0.0,0.0012654443
0,0.0,0.00036076322
0,0.0,0.00057732436
0,0.0,0.0005852905
0,0.0,0.0008354376
0,0.0,0.00054328184
0,0.0,0.00093736325
0,0.0,0.004286141
0,0.0,0.0004977726
0,0.0,0.00028327422
0,0.0,0.00039123927
0,0.0,0.0015948609
0,0.0,0.00036939522
0,0.0,0.0012371566
0,0.0,0.0011184663
0,0.0,0.0009962796
0,0.0,0.0007165062
0,0.0,0.00078864605
0,0.0,0.0005396401
0,0.0,0.00028116177
0,0.0,0.00078939943
0,0.0,0.0002688412
0,0.0,0.0011835125
0,0.0,0.00074712967
0,0.0,0.00051675277
0,0.0,0.0011218879
0,0.0,0.0011841214
0,0.0,0.00087649556
0,0.0,0.0037315874
1,1.0,0.9992335
0,0.0,0.0008121812
0,0.0,0.002350002
0,0.0,0.0011183608
0,0.0,0.00057676644
0,0.0,0.00059954845
0,0.0,0.00065260136
0,0.0,0.00065259764
1,1.0,0.9983292
0,0.0,0.0003978183
0,0.0,0.00053964474
0,0.0,0.00054983934
1,1.0,0.99970853
0,0.0,0.00058371975
1,1.0,0.99852693
0,0.0,0.001657833
0,0.0,0.0003379274
0,0.0,0.0010245987
0,0.0,0.0007288783
0,0.0,0.0006902871
0,0.0,0.0010626737
1,1.0,0.9983423
0,0.0,0.001118599
0,0.0,0.00048828166
0,0.0,0.0005261028
0,0.0,0.000571274
1,1.0,0.99831474
0,0.0,0.00043760813
0,0.0,0.0012652768
0,0.0,0.00030245047
0,0.0,0.000282595
0,0.0,0.0003774348
0,0.0,0.0005561479
0,0.0,0.00049844873
0,0.0,0.00028950098
1,1.0,0.9958213
0,0.0,0.0028276918
0,0.0,0.0007127883
0,0.0,0.0016818494
0,0.0,0.00063486537
0,0.0,0.00052954454
0,0.0,0.00029500294
0,0.0,0.00058817945
1,1.0,0.99854416
1,1.0,0.9981969
0,0.0,0.0005839385
0,0.0,0.0005840239
0,0.0,0.0005742763
0,0.0,0.0063823457
0,0.0,0.00071498065
0,0.0,0.00071628223
0,0.0,0.0015462715
0,0.0,0.0005461419
0,0.0,0.0018456507
0,0.0,0.0007893513
0,0.0,0.0053207465
0,0.0,0.000583934
1,1.0,0.9979302
1,1.0,0.9981422
0,0.0,0.0002742229
0,0.0,0.0030453063
0,0.0,0.00035995655
0,0.0,0.0005839696
0,0.0,0.0012794922
0,0.0,0.00057427713
0,0.0,0.000884549
0,0.0,0.00043076192
0,0.0,0.0010240254
0,0.0,0.0012655811
0,0.0,0.00074480684
0,0.0,0.00071638194
0,0.0,0.00036982584
0,0.0,0.00043781992
0,0.0,0.00035450683
0,0.0,0.00075691566
0,0.0,0.0011278242
0,0.0,0.00094959704
0,0.0,0.0005498713
0,0.0,0.00027629116
0,0.0,0.0016347386
0,0.0,0.0012155443
0,0.0,0.0010625725
0,0.0,0.0019392301
0,0.0,0.0005554873
0,0.0,0.0005882316
0,0.0,0.0011185942
0,0.0,0.0015247334
0,0.0,0.0005561373
0,0.0,0.0005899466
0,0.0,0.00037042354
0,0.0,0.0016860161
0,0.0,0.0009820234
0,0.0,0.0005881299
0,0.0,0.00085108844
0,0.0,0.00036669007
0,0.0,0.000566164
0,0.0,0.00028191358
0,0.0,0.0012153457
0,0.0,0.007051087
0,0.0,0.0011181196
0,0.0,0.0015245433
0,0.0,0.00056040374
0,0.0,0.0007001657
0,0.0,0.00054614915
0,0.0,0.0005903837
0,0.0,0.00030229593
0,0.0,0.0016368802
1,1.0,0.9977421
0,1.0,0.9953945
0,0.0,0.0007909336
0,0.0,0.00036757623
0,0.0,0.0004583769
1,1.0,0.9991101
1,1.0,0.9985155
0,0.0,0.00058963185
0,0.0,0.00032964733
0,0.0,0.00094048626
1,1.0,0.9988988
0,0.0,0.0012153069
0,0.0,0.00054981676
0,0.0,0.0005206056
0,0.0,0.0002697629
0,0.0,0.0017012178
0,0.0,0.000789193
0,0.0,0.00053922896
1,1.0,0.99835473
0,0.0,0.0015132187
0,0.0,0.0007256161
0,0.0,0.0010255303
0,0.0,0.0011834494
0,0.0,0.002670489
0,0.0,0.0010627932
0,0.0,0.0073412317
0,0.0,0.0012655323
0,0.0,0.0003675076
0,0.0,0.00063744147
1,1.0,0.9981853
0,0.0,0.0005817658
0,0.0,0.0027957817
0,0.0,0.0004312124
0,0.0,0.0010249077
0,0.0,0.00082220486
0,0.0,0.0007126823
1,1.0,0.99955297
0,0.0,0.0012161598
0,0.0,0.0019495385
0,0.0,0.0004092948
0,0.0,0.00059112516
0,0.0,0.0049666595
0,0.0,0.0009301934
0,0.0,0.00042783713
0,0.0,0.00059954956
0,0.0,0.0012659784
0,0.0,0.0005498467
0,0.0,0.0005728132
0,0.0,0.000582262
1,1.0,0.99820775
0,0.0,0.0005396357
0,0.0,0.0006850472
0,0.0,0.003496284
0,0.0,0.0005583814
0,0.0,0.00069994025
0,0.0,0.0008387846
1,1.0,0.99824065
0,0.0,0.008054822
0,0.0,0.0015270248
0,0.0,0.00051975227
0,0.0,0.00058183254
0,0.0,0.0012660983
1,1.0,0.99801576
0,0.0,0.0007001764
0,0.0,0.0005461627
0,0.0,0.007191551
1,1.0,0.99835765
0,0.0,0.0007591919
1,1.0,0.9978308
0,0.0,0.0006390554
0,0.0,0.00043934866
0,0.0,0.00069764873
0,0.0,0.00031957813
0,0.0,0.0005661305
0,0.0,0.0008322511
0,0.0,0.00063712784
0,0.0,0.00085465895
0,0.0,0.0004231471
0,0.0,0.0007890426
0,0.0,0.00027624742
0,0.0,0.0012670436
1,1.0,0.9975521
0,0.0,0.00051042164
0,0.0,0.0005774579
0,0.0,0.00078895804
0,0.0,0.0005930371
1,1.0,0.9986175
0,0.0,0.00036001782
0,0.0,0.0005837445
0,0.0,0.00029415422
0,0.0,0.0005851797
0,0.0,0.0003192511
0,0.0,0.00038715787
0,0.0,0.0009584379
0,0.0,0.0033771081
0,0.0,0.0008984109
0,0.0,0.00071469013
0,0.0,0.0005499491
0,0.0,0.0016909069
0,0.0,0.00054613355
0,0.0,0.0003867202
1,1.0,0.9990543
1,1.0,0.9985528
0,0.0,0.00071494863
0,0.0,0.00055839046
0,0.0,0.00072844536
0,0.0,0.0007262394
0,0.0,0.0010238731
0,0.0,0.00034520924
1,1.0,0.9987399
0,0.0,0.00036766793
0,0.0,0.000487034
0,0.0,0.00083781924
0,0.0,0.0009963855
1,1.0,0.9982359
0,0.0,0.00050849566
0,0.0,0.0015298738
0,0.0,0.0008444568
0,0.0,0.0005852395
0,0.0,0.00055615295
0,0.0,0.00072912703
0,0.0,0.00043673074
0,0.0,0.0007890219
0,0.0,0.0012783167
0,0.0,0.00032079278
0,0.0,0.00069708907
0,0.0,0.001183517
1,1.0,0.9985173
0,0.0,0.00047131564
0,0.0,0.0020946905
0,0.0,0.00043078593
0,0.0,0.0010618281
0,0.0,0.00083781325
0,0.0,0.00087060133
0,0.0,0.0019036508
0,0.0,0.00072551693
0,0.0,0.00065714685
1,1.0,0.9988166
0,0.0,0.0002858919
0,0.0,0.00043892374
0,0.0,0.00059310155
0,0.0,0.00036920846
0,0.0,0.0009945963
0,0.0,0.0007167233
0,0.0,0.0010598955
0,0.0,0.0006621808
0,0.0,0.00058372424
0,0.0,0.0006949804
1,1.0,0.9984294
0,0.0,0.0010215401
0,0.0,0.0006374588
0,0.0,0.0005837776
1,1.0,0.9975337
0,0.0,0.00053964887
0,0.0,0.004774658
0,0.0,0.0015261584
0,0.0,0.00028077682
0,0.0,0.0002820058
0,0.0,0.0008093829
0,0.0,0.00057636417
0,0.0,0.0035046274
0,0.0,0.0009786191
0,0.0,0.0006526666
0,0.0,0.00093975
0,0.0,0.0005498388
0,0.0,0.0007591669
1,1.0,0.99720925
0,0.0,0.00063805934
1,1.0,0.9987253
1,1.0,0.9987304
0,0.0,0.0005817674
0,0.0,0.0005554646
0,0.0,0.00058860873
0,0.0,0.00040446414
0,0.0,0.0003676248
0,0.0,0.0010587818
0,0.0,0.00027979183
0,0.0,0.00094727107
0,0.0,0.0010616952
0,0.0,0.0015153831
0,0.0,0.0008501188
0,0.0,0.00078899856
1,1.0,0.998548
0,0.0,0.0009962119
0,0.0,0.00052616047
0,0.0,0.0005909984
0,0.0,0.0009831655
0,0.0,0.0005555376
0,0.0,0.0006434976
1,1.0,0.998495
0,0.0,0.00091836025
0,0.0,0.00063761807
0,0.0,0.0008468811
0,0.0,0.0005331945
0,0.0,0.000813212
0,0.0,0.00030281977
0,0.0,0.00027282903
0,0.0,0.0006325549
0,0.0,0.0007909619
1,1.0,0.9981627
0,0.0,0.0007292507
0,0.0,0.00047301018
0,0.0,0.00081253727
0,0.0,0.0005836886
0,0.0,0.011744331
0,0.0,0.0006782138
0,0.0,0.0006365982
0,0.0,0.0045014424
0,0.0,0.0010535843
0,0.0,0.0005779777
0,0.0,0.001118453
0,0.0,0.0005839474
0,0.0,0.0005554714
0,0.0,0.00083856727
0,0.0,0.0005817799
0,0.0,0.0004874367
0,0.0,0.0016796833
0,0.0,0.0008740969
1,1.0,0.99825
0,0.0,0.0011544268
0,0.0,0.0008406057
0,0.0,0.0006369721
0,0.0,0.00039089742
0,0.0,0.00035601837
0,0.0,0.0007592523
0,0.0,0.00037663037
0,0.0,0.0005837782
0,0.0,0.00039150973
0,0.0,0.0005603795
0,0.0,0.0012814949
0,0.0,0.00056338904
0,0.0,0.0011217342
0,0.0,0.00079707237
0,0.0,0.00072841515
0,0.0,0.0005899528
0,0.0,0.00055839686
0,0.0,0.00034501663
0,0.0,0.00058175495
0,0.0,0.00070025853
0,0.0,0.0010213393
0,0.0,0.0005728053
1,1.0,0.9984866
0,0.0,0.0005583803
0,0.0,0.003013501
0,0.0,0.0004629887
0,0.0,0.00058186
0,0.0,0.00057433266
0,0.0,0.00060477166
0,0.0,0.007401161
1,1.0,0.99894357
0,0.0,0.0021187144
0,0.0,0.00083818135
0,0.0,0.0009560198
0,0.0,0.0004699819
0,0.0,0.0007588035
0,0.0,0.00048101885
1,1.0,0.99833333
0,0.0,0.0011186618
0,0.0,0.00073265284
0,0.0,0.0030428332
0,0.0,0.0005836892
0,0.0,0.0005899992
0,0.0,0.0005837693
0,0.0,0.0018242656
0,0.0,0.00079579966
1,1.0,0.9982135
0,0.0,0.0005924394
0,0.0,0.0005661248
0,0.0,0.0008780432
0,0.0,0.0008514264
0,0.0,0.0005922994
1,1.0,0.9984263
0,0.0,0.0012692914
0,0.0,0.0015473416
1,1.0,0.99827576
0,0.0,0.0005598421
0,0.0,0.0071557495
0,0.0,0.0018247667
0,0.0,0.00071454956
0,0.0,0.0010626438
1,1.0,0.99915874
0,0.0,0.0006085816
0,0.0,0.0005852462
0,0.0,0.0007127524
0,0.0,0.0011177436
0,0.0,0.0004866027
0,0.0,0.00063866534
0,0.0,0.0005995976
0,0.0,0.0009245732
0,0.0,0.0008687451
0,0.0,0.00082691177
0,0.0,0.0005927921
0,0.0,0.0005772914
0,0.0,0.0008866826
0,0.0,0.0005125707
0,0.0,0.0018343709
1,1.0,0.9986861
0,0.0,0.00055837823
0,0.0,0.0008126782
0,0.0,0.00037004924
0,0.0,0.0005261101
0,0.0,0.0005839463
0,0.0,0.00065275497
0,0.0,0.000994142
0,0.0,0.00047245392
0,0.0,0.00068823376
1,1.0,0.99843484
1,1.0,0.9990979
0,0.0,0.0012370382
0,0.0,0.0013641377
1,1.0,0.99814594
1,1.0,0.9965128
0,0.0,0.00034519902
0,0.0,0.0006743686
0,0.0,0.0005852727
0,0.0,0.00054616295
1,1.0,0.99810344
0,0.0,0.00037682825
0,0.0,0.0007065773
0,0.0,0.0007841401
1,1.0,0.9996668
0,0.0,0.00069642375
0,0.0,0.00029480923
0,0.0,0.001280065
0,0.0,0.0072274143
1,1.0,0.99854964
0,0.0,0.0005661883
0,0.0,0.00660393
0,0.0,0.00059234595
0,0.0,0.00041886632
0,0.0,0.00057889585
0,0.0,0.0005554691
0,0.0,0.00055985496
0,0.0,0.00058531336
0,0.0,0.0006989191
1,1.0,0.9982298
1,1.0,0.9984627
0,0.0,0.0005995433
0,0.0,0.00058993534
0,0.0,0.0012170317
1,1.0,0.9981495
0,0.0,0.000583742
0,0.0,0.00055613625
0,0.0,0.00057279
0,0.0,0.00065731094
0,0.0,0.0005839443
1,1.0,0.99967384
0,0.0,0.0007587507
0,0.0,0.0015296676
0,0.0,0.00036899437
0,0.0,0.0008443715
0,0.0,0.00058993953
0,0.0,0.0005307672
0,0.0,0.0012884476
0,0.0,0.0019011365
0,0.0,0.00037185964
1,1.0,0.9986737
0,0.0,0.0002966164
0,0.0,0.0012655306
0,0.0,0.0005604358
0,0.0,0.0016378656
0,0.0,0.00082690624
0,0.0,0.0005896324
0,0.0,0.0005930659
0,0.0,0.00036999417
0,0.0,0.00059102545
0,0.0,0.0010624875
0,0.0,0.0009123837
0,0.0,0.0005837487
1,1.0,0.99912053
0,0.0,0.00058993674
0,0.0,0.00036943238
1,1.0,0.9973766
0,0.0,0.0005728247
0,0.0,0.003281571
0,0.0,0.000556163
0,0.0,0.00058810436
1,1.0,0.99929416
0,0.0,0.0008705266
0,0.0,0.0005929874
0,0.0,0.00043729748
0,0.0,0.0013159305
1,1.0,0.99823713
0,0.0,0.0012150407
0,0.0,0.0007470453
0,0.0,0.0006135108
0,0.0,0.0011841847
0,0.0,0.002167968
0,0.0,0.0005744042
0,0.0,0.00091049966
0,0.0,0.0005839782
0,0.0,0.0014313634
0,0.0,0.0006374777
0,0.0,0.0013303189
0,0.0,0.00070611056
0,0.0,0.0011829709
0,0.0,0.00078895054
0,0.0,0.006254215
1,1.0,0.9958133
0,0.0,0.00056044705
0,0.0,0.0005852649
0,0.0,0.00043400677
0,0.0,0.0003693523
0,0.0,0.00063747464
0,0.0,0.0012900833
0,0.0,0.0007289936
0,0.0,0.0011185388
1,1.0,0.9992242
0,0.0,0.00057224924
0,0.0,0.0003343089
0,0.0,0.0012362
0,0.0,0.00081220514
0,0.0,0.0008630336
0,0.0,0.00028196225
0,0.0,0.009507206
0,0.0,0.00028598733
0,0.0,0.003405736
1,1.0,0.9990541
0,0.0,0.0007423778
0,0.0,0.00030117607
0,0.0,0.0007162601
0,0.0,0.00051063986
0,0.0,0.0005409623
0,0.0,0.00039161355
0,0.0,0.000848746
0,0.0,0.00058175414
0,0.0,0.00063744787
0,0.0,0.00063535117
1,1.0,0.9983977
0,0.0,0.0027301474
0,0.0,0.0002741944
1,1.0,0.99842757
1,1.0,0.9985235
0,0.0,0.00046656487
0,0.0,0.00055843365
0,0.0,0.0044053523
0,0.0,0.0002571454
0,0.0,0.0005779799
0,0.0,0.0042400244
0,0.0,0.00027569727
0,0.0,0.0019176444
1,1.0,0.99859816
0,0.0,0.0034986206
0,0.0,0.0016081508
0,0.0,0.0006373884
0,0.0,0.000400842
0,0.0,0.00045565108
0,0.0,0.0005910737
0,0.0,0.00027967608
0,0.0,0.0005742766
0,0.0,0.0009393593
0,0.0,0.0007245834
1,1.0,0.9981632
0,0.0,0.0004218593
0,0.0,0.00077464065
1,1.0,0.99937844
0,0.0,0.00096559396
0,0.0,0.00012632934
0,0.0,0.00027631086
0,0.0,0.0006526156
0,0.0,0.00056041015
1,1.0,0.99825007
1,1.0,0.99782073
0,0.0,0.0006975304
0,0.0,0.0011211502
1,1.0,0.9981727
0,0.0,0.0004719941
0,0.0,0.00036988186
0,0.0,0.0010640996
1,1.0,0.9964724
0,0.0,0.00058992463
0,0.0,0.0010617265
0,0.0,0.0005837682
1,1.0,0.99835765
1,1.0,0.99936134
0,0.0,0.0011217799
0,0.0,0.00077381026
0,0.0,0.0015496409
0,0.0,0.0012158123
0,0.0,0.00079091894
0,0.0,0.00063596637
1,1.0,0.99862736
0,0.0,0.0007445719
1,1.0,0.9981706
0,0.0,0.001441363
0,0.0,0.0006525187
0,0.0,0.0007591952
0,0.0,0.0018325173
0,0.0,0.00026956006
0,0.0,0.0013530736
0,0.0,0.0008845086
0,0.0,0.0006373644
0,0.0,0.00081591547
0,0.0,0.00041174522
0,0.0,0.0002795913
0,0.0,0.0007515029
0,0.0,0.0016367431
0,0.0,0.00055546645
0,0.0,0.0016905946
0,0.0,0.000584559
0,0.0,0.0008114711
0,0.0,0.00055352383
0,0.0,0.00054982543
0,0.0,0.0010615956
0,0.0,0.00027422185
0,0.0,0.0014737177
0,0.0,0.0030300482
0,0.0,0.000558428
0,0.0,0.0005554452
0,0.0,0.00029646372
0,0.0,0.00034522192
0,0.0,0.00026374427
0,0.0,0.00078900234
0,0.0,0.007280329
0,0.0,0.0007891558
0,0.0,0.0006782984
0,0.0,0.00059264555
0,0.0,0.00028808988
0,0.0,0.0005930374
0,0.0,0.00036715023
0,0.0,0.0015249985
0,0.0,0.00079301535
0,0.0,0.00042312755
0,0.0,0.00027284233
0,0.0,0.00046554225
0,0.0,0.00036547487
0,0.0,0.0005583713
0,0.0,0.0005995073
0,0.0,0.0018925826
0,0.0,0.0005899421
1,1.0,0.99763983
0,0.0,0.0017850047
0,0.0,0.00054604764
0,0.0,0.0010242097
0,0.0,0.00050058466
1,1.0,0.99820775
0,0.0,0.001524756
0,0.0,0.0005899438
0,0.0,0.0006187191
0,0.0,0.0007588035
0,0.0,0.0015089128
0,0.0,0.0004479768
0,0.0,0.00095798966
0,0.0,0.0005852835
0,0.0,0.00071658957
0,0.0,0.00059955014
0,0.0,0.00049089035
0,0.0,0.0003600125
0,0.0,0.00044232493
0,0.0,0.0007885348
0,0.0,0.0008362595
1,1.0,0.99848664
0,0.0,0.00044020868
0,0.0,0.0009923211
0,0.0,0.0005910734
0,0.0,0.00033768907
0,0.0,0.00039155324
0,0.0,0.00058991957
0,0.0,0.0008099437
0,0.0,0.0004415533
0,0.0,0.0010996414
1,1.0,0.9998041
0,0.0,0.0012658736
0,0.0,0.0005923818
0,0.0,0.0008379402
1,1.0,0.99886346
0,0.0,0.0016019227
0,0.0,0.0004692399
0,0.0,0.0010626131
0,0.0,0.00086858985
0,0.0,0.00095790206
0,0.0,0.00069994427
0,0.0,0.0004307644
0,0.0,0.00072555424
0,0.0,0.0010615243
0,0.0,0.00096991693
0,0.0,0.0011185781
0,0.0,0.00085013895
0,0.0,0.0005498362
1,1.0,0.99814194
0,0.0,0.00083784683
1,1.0,0.998553
0,0.0,0.0005899252
0,0.0,0.0005583859
0,0.0,0.0004164198
0,0.0,0.00088477065
0,0.0,0.0011060595
0,0.0,0.00065733574
0,0.0,0.0015245766
1,1.0,0.99926656
0,0.0,0.0013160458
0,0.0,0.00028797894
0,0.0,0.00069998024
1,1.0,0.9990494
0,0.0,0.00039179553
0,0.0,0.2785952
0,0.0,0.004573363
0,0.0,0.0005836446
0,0.0,0.00059279014
0,0.0,0.004545531
0,0.0,0.0005120709
0,0.0,0.0011184465
0,0.0,0.0005655616
0,0.0,0.0008675671
0,0.0,0.0007254789
0,0.0,0.0009413703
0,0.0,0.00047951934
0,0.0,0.0007402478
0,0.0,0.0055503724
1,1.0,0.9983574
1,1.0,0.9987192
0,0.0,0.0015246238
0,0.0,0.00057434116
0,0.0,0.00056041015
0,0.0,0.0008630537
0,0.0,0.0010515297
0,0.0,0.00038133282
0,0.0,0.0002690663
0,0.0,0.0005554503
0,0.0,0.00087502686
0,0.0,0.0005881323
0,0.0,0.00069870567
0,0.0,0.00050174596
0,0.0,0.00056617236
0,0.0,0.0005245371
0,0.0,0.0007888505
0,0.0,0.0005839916
0,0.0,0.00055837765
0,0.0,0.0005260978
0,0.0,0.00034520167
0,0.0,0.0010625497
0,0.0,0.0003549928
0,0.0,0.00035169636
0,0.0,0.0027023482
0,0.0,0.00055841124
0,0.0,0.00039381353
0,0.0,0.003464495
0,0.0,0.00095483504
0,0.0,0.00085244107
0,0.0,0.0029217172
0,0.0,0.0005583862
0,0.0,0.00056617963
0,0.0,0.00059229205
0,0.0,0.00030866926
0,0.0,0.00037459403
0,0.0,0.0006852507
1,1.0,0.9986017
0,0.0,0.0005604428
0,0.0,0.0005583913
0,0.0,0.00057277136
0,0.0,0.0016381416
0,0.0,0.0010627153
0,0.0,0.0007148281
0,0.0,0.00088688085
0,0.0,0.0006372797
0,0.0,0.00041643134
0,0.0,0.0005728203
0,0.0,0.00052611635
0,0.0,0.0056591975
0,0.0,0.0003755802
0,0.0,0.0027249933
1,1.0,0.9992341
0,0.0,0.00060482865
0,0.0,0.0006389351
0,0.0,0.0004562252
0,0.0,0.00071681873
0,0.0,0.00055831653
0,0.0,0.00055543915
0,0.0,0.0002950789
0,0.0,0.00073773967
0,0.0,0.001256945
0,0.0,0.0012162398
0,0.0,0.0005561678
1,1.0,0.9985149
0,0.0,0.00057425717
0,0.0,0.0005584009
1,1.0,0.9973327
0,0.0,0.0005821591
0,0.0,0.0005910675
0,0.0,0.0005839446
0,0.0,0.0005930493
0,0.0,0.00038676037
0,0.0,0.0009292491
1,1.0,0.9977545
0,0.0,0.00073968613
0,0.0,0.00029443228
0,0.0,0.0005076034
0,0.0,0.0004351327
0,0.0,0.0005839941
0,0.0,0.0015250195
0,0.0,0.00037035288
0,0.0,0.00059880316
0,0.0,0.0010626626
0,0.0,0.0005433537
1,1.0,0.9982359
0,0.0,0.0063810395
0,0.0,0.0012150279
0,0.0,0.011952542
0,0.0,0.0008763544
0,0.0,0.00043193938
0,0.0,0.00059949927
0,0.0,0.0010618005
0,0.0,0.0016137455
0,0.0,0.000539636
0,0.0,0.00058997364
1,1.0,0.9984957
1,1.0,0.99818873
0,0.0,0.0005669319
0,0.0,0.0019714115
0,0.0,0.0002728496
0,0.0,0.00043396704
0,0.0,0.00033889333
0,0.0,0.00038929962
0,0.0,0.0005661702
0,0.0,0.00037701527
0,0.0,0.00059953786
0,0.0,0.00034518717
1,1.0,0.99818575
0,0.0,0.0016609675
0,0.0,0.0003309573
0,0.0,0.00025578053
0,0.0,0.00075446605
0,0.0,0.00027936537
0,0.0,0.00052609376
1,1.0,0.9976234
0,0.0,0.00032966243
0,0.0,0.0003917076
0,0.0,0.00029610613
1,1.0,0.9987667
0,0.0,0.00052610633
0,0.0,0.00030272108
1,1.0,0.9981447
0,0.0,0.00027959637
0,0.0,0.0006373911
0,0.0,0.0010625038
0,0.0,0.0011838614
0,0.0,0.00054983643
0,0.0,0.0007165496
0,0.0,0.00054921553
0,0.0,0.0006525662
1,1.0,0.99808496
0,0.0,0.001184183
0,0.0,0.0005836341
0,0.0,0.00047120446
0,0.0,0.0004202387
0,0.0,0.00056043424
0,0.0,0.00071674865
0,0.0,0.0005881215
0,0.0,0.00069973484
0,0.0,0.0016401799
0,0.0,0.00070012506
0,0.0,0.00052436086
0,0.0,0.0005260978
0,0.0,0.0005910159
0,0.0,0.00061488117
0,0.0,0.00059358624
1,1.0,0.99765927
0,0.0,0.0005926213
1,1.0,0.99756396
0,0.0,0.0015860564
0,0.0,0.0005839549
0,0.0,0.0008403798
0,0.0,0.0005248762
0,0.0,0.001655493
0,0.0,0.0005852401
0,0.0,0.0032752294
0,0.0,0.00048545908
0,0.0,0.0005396334
0,0.0,0.00028833363
0,0.0,0.0016807104
0,0.0,0.00082831935
0,0.0,0.0012370263
0,0.0,0.00040413553
1,1.0,0.99819696
0,0.0,0.0044047837
0,0.0,0.009506565
0,0.0,0.0010261007
0,0.0,0.0005852554
0,0.0,0.00053963985
1,1.0,0.9969709
1,1.0,0.99814945
1,1.0,0.9984361
1,1.0,0.99862057
0,0.0,0.009557827
0,0.0,0.0012158015
0,0.0,0.0015175188
0,0.0,0.00063686614
0,0.0,0.0016370314
0,0.0,0.0003303007
0,0.0,0.0003699612
0,0.0,0.00036090455
0,0.0,0.010527284
0,0.0,0.00055593887
0,0.0,0.00058988476
0,0.0,0.00045783477
0,0.0,0.000381423
0,0.0,0.00058521965
0,0.0,0.00059111166
0,0.0,0.00078376656
0,0.0,0.0005743384
0,0.0,0.0010796902
0,0.0,0.0013534693
1,1.0,0.99819684
0,0.0,0.0011184025
0,0.0,0.0003608781
0,0.0,0.0005043006
0,0.0,0.0006452218
0,0.0,0.00028961638
0,0.0,0.0005728197
0,0.0,0.0013516081
1,1.0,0.9990561
0,0.0,0.001690791
0,0.0,0.00059113477
0,0.0,0.002158808
0,0.0,0.001062776
0,0.0,0.0036745302
0,0.0,0.0013166638
0,0.0,0.0009583429
0,0.0,0.0005907895
0,0.0,0.0021359476
0,0.0,0.00041327233
0,0.0,0.004283375
0,0.0,0.0010843611
0,0.0,0.00056618126
1,1.0,0.99899226
0,0.0,0.00066212076
0,0.0,0.00036076288
0,0.0,0.00033748342
0,0.0,0.0015639039
0,0.0,0.000657237
0,0.0,0.00039082285
0,0.0,0.00066217134
0,0.0,0.0005561739
0,0.0,0.00037722252
0,0.0,0.0012373027
0,0.0,0.00034879707
0,0.0,0.00078932906
0,0.0,0.00057284866
0,0.0,0.00056614913
0,0.0,0.0006961689
0,0.0,0.0012158505
0,0.0,0.00056610303
0,0.0,0.00046321226
0,0.0,0.00030574712
0,0.0,0.00080552226
0,0.0,0.0005569691
0,0.0,0.0027556769
0,0.0,0.0016850557
0,0.0,0.0003569113
0,0.0,0.0010611705
0,0.0,0.0003829934
0,0.0,0.0006375475
0,0.0,0.0015478375
0,0.0,0.0011831687
0,0.0,0.00035185076
0,0.0,0.0005817716
0,0.0,0.00057290273
0,0.0,0.0034839886
0,0.0,0.00055614207
0,0.0,0.00058531924
0,0.0,0.0072409036
0,0.0,0.00058990956
0,0.0,0.00072560547
0,0.0,0.0007292285
0,0.0,0.00035601042
0,0.0,0.0012359917
0,0.0,0.0007891215
0,0.0,0.0012042244
0,0.0,0.0011184817
0,0.0,0.0003990917
0,0.0,0.002155059
0,0.0,0.00057435705
0,0.0,0.0008189385
0,0.0,0.0007930237
0,0.0,0.0020058337
0,0.0,0.00083856325
0,0.0,0.0010627112
0,0.0,0.0005461458
0,0.0,0.00050515524
0,0.0,0.0012150175
0,0.0,0.0005396337
0,0.0,0.00047354234
0,0.0,0.000784802
0,0.0,0.004688024
0,0.0,0.0007435027
0,0.0,0.0002665856
0,0.0,0.0044042296
1,1.0,0.99944675
0,0.0,0.0012890736
0,0.0,0.0005561352
0,0.0,0.0006357258
0,0.0,0.00079572614
1,1.0,0.9992839
0,0.0,0.0005910294
0,0.0,0.0005839874
1,1.0,0.99851704
0,0.0,0.00056614884
1,1.0,0.9981101
0,0.0,0.0016239616
0,0.0,0.00072556286
0,0.0,0.0018752196
1,1.0,0.9984348
0,0.0,0.00058379845
0,0.0,0.0009842451
0,0.0,0.001204162
0,0.0,0.00042443845
0,0.0,0.0016921043
0,0.0,0.00059948524
0,0.0,0.00053451984
0,0.0,0.00029441432
0,0.0,0.00030296014
0,0.0,0.0011185948
0,0.0,0.00059883203
0,0.0,0.00072559644
0,0.0,0.00025719887
0,0.0,0.0005791566
0,0.0,0.0003705443
0,0.0,0.0004884535
0,0.0,0.0005903617
0,0.0,0.00059947214
0,0.0,0.0004473039
0,0.0,0.00058584055
0,0.0,0.00028224709
0,0.0,0.0007129565
0,0.0,0.0012142784
0,0.0,0.00035583822
0,0.0,0.0006621284
0,0.0,0.00039675005
0,0.0,0.0005180622
0,0.0,0.0010830949
0,0.0,0.0003703398
0,0.0,0.00063822756
0,0.0,0.0005846312
1,1.0,0.9984406
0,0.0,0.0016743874
0,0.0,0.0006783337
0,0.0,0.00056616345
0,0.0,0.000788137
0,0.0,0.0005772319
0,0.0,0.00028799922
0,0.0,0.00035616165
0,0.0,0.00034856456
0,0.0,0.000961807
0,0.0,0.0005817735
0,0.0,0.0047664847
0,0.0,0.00026593296
0,0.0,0.0033305138
0,0.0,0.0005396298
0,0.0,0.00090265344
0,0.0,0.00079148094
0,0.0,0.005250146
0,0.0,0.0030464805
0,0.0,0.0009665268
0,0.0,0.0005461525
0,0.0,0.0003830686
0,0.0,0.000546146
0,0.0,0.00025906757
0,0.0,0.00055838085
0,0.0,0.00074345665
0,0.0,0.00078928133
1,1.0,0.9972643
0,0.0,0.003042499
0,0.0,0.0006372931
0,0.0,0.00058533653
1,1.0,0.9987638
0,0.0,0.0012958903
0,0.0,0.0006370243
0,0.0,0.00056623144
0,0.0,0.0008443639
0,0.0,0.0023938173
0,0.0,0.00058530027
0,0.0,0.0002685466
0,0.0,0.0011843368
1,1.0,0.9986348
0,0.0,0.0010618332
0,0.0,0.0014413958
0,0.0,0.0005837526
0,0.0,0.0009713993
0,0.0,0.00087053364
0,0.0,0.0006341494
0,0.0,0.0005248534
0,0.0,0.00057278835
0,0.0,0.00072845194
0,0.0,0.00063761504
0,0.0,0.001440373
0,0.0,0.0007890464
0,0.0,0.0005089855
0,0.0,0.0012898227
1,1.0,0.99854404
0,0.0,0.00075464445
0,0.0,0.0013493316
0,0.0,0.00057431223
0,0.0,0.000584008
0,0.0,0.00056612754
0,0.0,0.00034254484
0,0.0,0.00069620606
0,0.0,0.00059949356
1,1.0,0.9979378
0,0.0,0.00026842192
1,1.0,0.99819696
0,0.0,0.00058533653
0,0.0,0.005051493
0,0.0,0.00030258775
0,0.0,0.0005392403
0,0.0,0.0004317002
0,0.0,0.0027172964
1,1.0,0.99853766
0,0.0,0.00086307264
0,0.0,0.001215565
0,0.0,0.0014433856
0,0.0,0.000831058
1,1.0,0.9985366
0,0.0,0.00078874297
0,0.0,0.0008414736
0,0.0,0.0004065568
1,1.0,0.9982234
0,0.0,0.00087592454
0,0.0,0.0005396401
0,0.0,0.0005432816
0,0.0,0.0011032209
0,0.0,0.0005881427
0,0.0,0.0007071283
1,1.0,0.9981868
0,0.0,0.0009332987
0,0.0,0.0003568466
0,0.0,0.00075906893
0,0.0,0.001105086
0,0.0,0.0010243288
0,0.0,0.0007587926
0,0.0,0.00037689382
0,0.0,0.00052718027
0,0.0,0.00058992126
0,0.0,0.00057277305
0,0.0,0.00051794865
0,0.0,0.0005604887
0,0.0,0.00112189
0,0.0,0.0010617696
0,0.0,0.0007569019
1,1.0,0.998375
0,0.0,0.009506332
0,0.0,0.0015247902
0,0.0,0.0010227101
0,0.0,0.00042011196
0,0.0,0.001265865
0,0.0,0.00037744417
0,0.0,0.0005604214
1,1.0,0.99825007
0,0.0,0.0021378135
0,0.0,0.0012143013
0,0.0,0.00057276327
1,1.0,0.9972187
0,0.0,0.00037869136
0,0.0,0.0010220114
0,0.0,0.0004833528
0,0.0,0.00026889142
0,0.0,0.0004320106
0,0.0,0.001988976
0,0.0,0.0012158441
0,0.0,0.0011183214
0,0.0,0.0007385645
0,0.0,0.00033471294
0,0.0,0.0011184743
0,0.0,0.000581753
0,0.0,0.00028975366
0,0.0,0.00025723517
0,0.0,0.0012156948
0,0.0,0.0007728055
0,0.0,0.010217481
0,0.0,0.001118599
0,0.0,0.0012953554
0,0.0,0.0012173876
1,1.0,0.9987133
1,1.0,0.9984354
0,0.0,0.0012836178
0,0.0,0.0012151639
0,0.0,0.0051115346
0,0.0,0.00080991595
0,0.0,0.0005995285
0,0.0,0.0012146941
0,0.0,0.0005852874
0,0.0,0.001606449
0,0.0,0.0018088615
0,0.0,0.0005929588
0,0.0,0.0010627426
0,0.0,0.00029391426
0,0.0,0.0005899449
1,1.0,0.9990538
0,0.0,0.0016911146
1,1.0,0.9985357
0,0.0,0.00056043314
0,0.0,0.0006527239
0,0.0,0.0012157306
0,0.0,0.0017666892
1,1.0,0.9995539
0,0.0,0.0020348104
0,0.0,0.0010798346
0,0.0,0.00043393724
0,0.0,0.005251267
0,0.0,0.00084550586
1,1.0,0.99814993
0,0.0,0.0005728514
0,0.0,0.003490474
0,0.0,0.0008354121
0,0.0,0.000572796
0,0.0,0.0005837785
0,0.0,0.00035191755
0,0.0,0.0012170051
0,0.0,0.0016365218
0,0.0,0.000592995
0,0.0,0.0005883362
0,0.0,0.00083819975
0,0.0,0.0010606792
0,0.0,0.00057283253
0,0.0,0.00046623324
0,0.0,0.0005743111
0,0.0,0.0015245809
0,0.0,0.0012047356
0,0.0,0.00037562603
0,0.0,0.00080273655
0,0.0,0.00028169408
0,0.0,0.00048417915
0,0.0,0.00052611285
0,0.0,0.001118486
0,0.0,0.0019060224
0,0.0,0.0007339337
0,0.0,0.00071271806
0,0.0,0.0005839679
0,0.0,0.0006989238
1,1.0,0.99843925
0,0.0,0.00058769615
0,0.0,0.0013166106
0,0.0,0.00056043314
0,0.0,0.0009306801
0,0.0,0.0009581467
0,0.0,0.0007002031
0,0.0,0.0006782693
0,0.0,0.00055838726
0,0.0,0.0013162239
0,0.0,0.00043947893
0,0.0,0.001266877
0,0.0,0.0015179842
1,1.0,0.99651456
0,0.0,0.009507421
0,0.0,0.0008373951
0,0.0,0.00055839046
0,0.0,0.00056039146
0,0.0,0.0012161749
0,0.0,0.0005604476
0,0.0,0.00055836124
0,0.0,0.0007957522
0,0.0,0.00060066173
0,0.0,0.0005907622
1,1.0,0.99760103
0,0.0,0.00093225704
0,0.0,0.0004099489
0,0.0,0.0029017723
0,0.0,0.0017165107
0,0.0,0.0012848385
1,1.0,0.9976632
0,0.0,0.00078818254
0,0.0,0.00046381206
0,0.0,0.0005837685
1,1.0,0.99736184
0,0.0,0.00083666964
0,0.0,0.0006489003
0,0.0,0.00074531446
0,0.0,0.0012757041
0,0.0,0.000700107
0,0.0,0.0012755038
0,0.0,0.00029131395
0,0.0,0.0008706494
1,1.0,0.9988877
0,1.0,0.51755875
0,0.0,0.0048394534
0,0.0,0.0011182335
0,0.0,0.00037696515
0,0.0,0.0007607247
0,0.0,0.0010244816
0,0.0,0.0007166554
0,0.0,0.00079417473
0,0.0,0.00039866712
0,0.0,0.0010236021
0,0.0,0.000583791
0,0.0,0.00027676625
0,0.0,0.0009967164
0,0.0,0.0007971305
0,0.0,0.000583737
0,0.0,0.005237997
0,0.0,0.0007470564
0,0.0,0.0007548242
0,0.0,0.0065736123
0,0.0,0.0007072308
1,1.0,0.9984568
0,0.0,0.0005988494
0,0.0,0.0004034421
0,0.0,0.001468366
0,0.0,0.00028969866
0,0.0,0.00052514934
1,1.0,0.9993094
1,1.0,0.9982195
0,0.0,0.005458979
0,0.0,0.0011834156
0,0.0,0.0007629451
0,0.0,0.000558428
0,0.0,0.0005791569
0,0.0,0.0016413983
0,0.0,0.0052382085
1,1.0,0.99788994
0,0.0,0.00037569512
0,0.0,0.0006999796
0,0.0,0.0012367943
0,0.0,0.01174729
0,0.0,0.0015132747
0,0.0,0.0006986867
1,1.0,1.0
0,0.0,0.0005852278
0,0.0,0.0005769558
0,0.0,0.0005661937
0,0.0,0.0016902477
0,0.0,0.00034890283
0,0.0,0.0011837622
0,0.0,0.00163697
0,0.0,0.0004647304
0,0.0,0.0003346957
0,0.0,0.0022502686
0,0.0,0.0005662287
1,1.0,0.9982359
0,0.0,0.00056617643
0,0.0,0.000549838
1,1.0,0.9986551
1,1.0,0.99886274
0,0.0,0.000686258
0,0.0,0.00056623085
0,0.0,0.0006388906
0,0.0,0.00055837823
0,0.0,0.0011184572
1,1.0,0.9981888
1,1.0,0.9982196
0,0.0,0.0008152855
0,0.0,0.000329758
0,0.0,0.00065274694
1,1.0,0.99929315
0,0.0,0.0005740875
0,0.0,0.0005810975
0,0.0,0.000793007
0,0.0,0.0006355768
0,0.0,0.0012370847
1,1.0,0.99767375
1,1.0,0.9990165
0,0.0,0.00083804043
0,0.0,0.0007881795
0,0.0,0.010775643
0,0.0,0.0034995882
0,0.0,0.0002691964
0,0.0,0.0012173958
0,0.0,0.0020855088
1,1.0,0.998162
0,0.0,0.00055838114
0,0.0,0.00072605815
0,0.0,0.0011184646
0,0.0,0.001749621
0,0.0,0.00039770335
0,0.0,0.00052645546
0,0.0,0.00037738658
0,0.0,0.0010627377
0,0.0,0.0005817591
0,0.0,0.00057798455
0,0.0,0.0008780499
0,0.0,0.0010627006
0,0.0,0.00037036542
0,0.0,0.00040819697
0,0.0,0.0010626422
0,0.0,0.0015107236
0,0.0,0.0014417378
0,0.0,0.009525809
0,0.0,0.000591065
0,0.0,0.00045275412
0,0.0,0.0012590381
0,0.0,0.0004882642
1,1.0,0.9983689
0,0.0,0.0016397394
0,0.0,0.0007744498
0,0.0,0.0007387883
0,0.0,0.00028807175
1,1.0,0.998901
0,0.0,0.00033429265
1,1.0,0.99852
1,1.0,0.9981422
0,0.0,0.0007001324
0,0.0,0.0005505484
0,0.0,0.00083861395
0,0.0,0.00036059628
0,0.0,0.0018234826
0,0.0,0.00029686876
0,0.0,0.0006282497
0,0.0,0.0005910156
0,0.0,0.0012644022
0,0.0,0.0005604214
0,0.0,0.0007887054
0,0.0,0.0007164328
0,0.0,0.0005661791
0,0.0,0.0016368398
0,0.0,0.000560415
0,0.0,0.0007449435
0,0.0,0.002675967
0,0.0,0.0005930139
0,0.0,0.00043189488
0,0.0,0.0004656734
0,0.0,0.00058371807
0,0.0,0.0020103422
0,0.0,0.0014319585
0,0.0,0.0005839824
0,0.0,0.0010626493
0,0.0,0.00057426566
0,0.0,0.001702523
0,0.0,0.043666426
0,0.0,0.0005461424
0,0.0,0.00058992096
1,1.0,0.99823713
0,0.0,0.0006366829
0,0.0,0.0008127627
0,0.0,0.0005839602
0,0.0,0.0006387414
0,0.0,0.0003372374
1,1.0,0.9968304
0,0.0,0.0005604128
0,0.0,0.00057281484
0,0.0,0.00059104495
0,0.0,0.00035655522
1,1.0,0.9977354
0,0.0,0.00057721545
0,0.0,0.00068510044
0,0.0,0.00059108913
0,0.0,0.0005340019
0,0.0,0.0005837584
1,1.0,0.99820775
0,0.0,0.0004444867
0,0.0,0.004209707
0,0.0,0.0005881195
0,0.0,0.0016357765
0,0.0,0.00058403256
0,0.0,0.0006783136
0,0.0,0.00063883583
0,0.0,0.0005398098
1,1.0,0.9985378
0,0.0,0.00078938965
0,0.0,0.00055543595
0,0.0,0.0007110593
0,0.0,0.0014435312
0,0.0,0.00057431386
0,0.0,0.0008122323
0,0.0,0.0005261046
0,0.0,0.0016969965
0,0.0,0.0011836399
0,0.0,0.0011079608
0,0.0,0.0004899475
0,0.0,0.00027225557
0,0.0,0.0007764879
0,0.0,0.0005103068
0,0.0,0.00059105846
0,0.0,0.0005583541
0,0.0,0.0019412135
0,0.0,0.0021202979
0,0.0,0.00040817034
0,0.0,0.00027420933
0,0.0,0.0005930416
0,0.0,0.00054616743
0,0.0,0.00069764606
1,1.0,0.9974508
0,0.0,0.0005584107
0,0.0,0.0003773513
0,0.0,0.00037007884
0,0.0,0.0003827065
1,1.0,0.996494
0,0.0,0.00041581882
0,0.0,0.0005837548
0,0.0,0.00060471747
0,0.0,0.00028266665
0,0.0,0.0067685544
0,0.0,0.00047780195
0,0.0,0.0051211175
1,1.0,0.99823177
0,0.0,0.0007843523
0,0.0,0.0005498367
1,1.0,0.99874717
0,0.0,0.0012646876
0,0.0,0.0005837334
0,0.0,0.00033765144
0,0.0,0.0012071024
1,1.0,0.9982319
0,0.0,0.0005837776
0,0.0,0.0005110133
1,1.0,0.9995078
0,0.0,0.0008704855
0,0.0,0.005961764
0,0.0,0.0007729731
0,0.0,0.00059307105
0,0.0,0.0005396308
0,0.0,0.0005583857
0,0.0,0.0019041563
0,0.0,0.0004479495
0,0.0,0.00071647443
0,0.0,0.00058380683
0,0.0,0.0005198514
1,1.0,0.9978558
1,1.0,0.9982358
0,0.0,0.001530842
0,0.0,0.0011219071
0,0.0,0.0014293024
0,0.0,0.0005728593
0,0.0,0.0007218979
0,0.0,0.0010626413
0,0.0,0.0002771808
0,0.0,0.0011218126
0,0.0,0.0008686598
0,0.0,0.0011184072
0,0.0,0.0011183049
0,0.0,0.0007592903
0,0.0,0.0018489575
0,0.0,0.00079301954
0,0.0,0.037260782
0,0.0,0.0063770497
0,0.0,0.0009182189
0,0.0,0.000583759
0,0.0,0.0019124929
0,0.0,0.00034863534
0,0.0,0.00054981705
1,1.0,0.99893683
0,0.0,0.00052610255
0,0.0,0.0012147399
0,0.0,0.00039172854
0,0.0,0.0012173853
0,0.0,0.0005771965
0,0.0,0.0017253219
0,0.0,0.0006470347
0,0.0,0.0005604294
1,1.0,0.9992679
0,0.0,0.00082725217
0,0.0,0.0011218067
0,0.0,0.0005396324
0,0.0,0.00058529497
0,0.0,0.0005995695
0,0.0,0.0017978231
1,1.0,0.99895376
0,0.0,0.0015111725
1,1.0,0.9970582
0,0.0,0.00054616557
1,1.0,0.9972537
0,0.0,0.0015683059
0,0.0,0.0012898621
0,0.0,0.0007591905
0,0.0,0.0005852674
0,0.0,0.0015111631
0,0.0,0.0013162903
0,0.0,0.0005817663
0,0.0,0.000479715
1,1.0,0.9971705
0,0.0,0.00033977846
0,0.0,0.0012795503
0,0.0,0.0007127031
0,0.0,0.0008443091
0,0.0,0.00078928965
0,0.0,0.0004314809
1,1.0,0.9999701
0,0.0,0.00059301953
0,0.0,0.00052611035
0,0.0,0.0005817738
0,0.0,0.000854839
0,0.0,0.0005881708
0,0.0,0.0008319267
0,0.0,0.0008269149
0,0.0,0.0010996268
0,0.0,0.00077650126
0,0.0,0.0007914437
0,0.0,0.010215702
0,0.0,0.0012167188
0,0.0,0.0012045957
0,0.0,0.00029044758
0,0.0,0.0003466772
0,0.0,0.0003161595
0,0.0,0.00040304236
0,0.0,0.00025698342
0,0.0,0.0005154059
0,0.0,0.0003326557
1,1.0,0.9987074
0,0.0,0.0002569822
0,0.0,0.00033735397
0,0.0,0.00034259853
0,0.0,0.0030420248
0,0.0,0.00031638835
0,0.0,0.00028740184
1,1.0,0.9986937
0,0.0,0.00047040856
0,0.0,0.00022079298
0,0.0,0.0005810637
0,0.0,0.0005145861
0,0.0,0.0005806836
0,0.0,0.0005353244
0,0.0,0.0005817369
0,0.0,0.00036512577
0,0.0,0.00031123566
0,0.0,0.0002866064
1,1.0,0.99917954
0,0.0,0.00033895313
0,0.0,0.0005335903
0,0.0,0.0005160841
0,0.0,0.000312525
0,0.0,0.00028662523
0,0.0,0.0005336045
0,0.0,0.0012322085
0,0.0,0.00028661324
0,0.0,0.0003426289
0,0.0,0.00039111398
0,0.0,0.00032023693
0,0.0,0.00035812365
0,0.0,0.0005362751
1,1.0,0.9992854
0,0.0,0.00028936603
0,0.0,0.00033994365
0,0.0,0.00050556136
0,0.0,0.0002792109
0,0.0,0.00052911724
0,0.0,0.0005722517
0,0.0,0.00028794134
0,0.0,0.0003340091
1,1.0,0.9990508
0,0.0,0.00040303852
0,0.0,0.0004043785
0,0.0,0.0005800422
0,0.0,0.00032837014
0,0.0,0.0010031526
0,0.0,0.00029523566
0,0.0,0.00027911004
0,0.0,0.0003286072
0,0.0,0.0005286978
1,1.0,0.99884194
1,1.0,0.9986721
0,0.0,0.00031915767
0,0.0,0.0006644433
0,0.0,0.0012297572
0,0.0,0.011426346
1,1.0,0.9986887
0,0.0,0.00030246604
0,0.0,0.00028656266
0,0.0,0.00022045642
0,0.0,0.0031212159
0,0.0,0.00033790054
0,0.0,0.006479272
0,0.0,0.0004263893
0,0.0,0.000443576
0,0.0,0.0076821824
0,0.0,0.0003427909
1,1.0,0.9992824
0,0.0,0.00059516134
0,0.0,0.0031241372
0,0.0,0.0003298259
0,0.0,0.00051996583
0,0.0,0.00054335676
0,0.0,0.0003053242
0,0.0,0.00032939384
0,0.0,0.00050479115
1,1.0,0.998983
0,0.0,0.00032635147
0,0.0,0.00080091314
0,0.0,0.00033734477
0,0.0,0.00066477293
0,0.0,0.0005756168
0,0.0,0.00032000654
0,0.0,0.00038616575
0,0.0,0.00031935002
0,0.0,0.00040305677
0,0.0,0.0047597354
0,0.0,0.00036662573
0,0.0,0.0003923867
0,0.0,0.0012341412
0,0.0,0.00032376847
0,0.0,0.00033669482
0,0.0,0.0009898901
0,0.0,0.0003368759
0,0.0,0.00036392338
0,0.0,0.0003125744
0,0.0,0.0006700041
0,0.0,0.0003409534
0,0.0,0.007766778
1,1.0,0.9986885
0,0.0,0.0005804553
0,0.0,0.0005700105
1,1.0,0.99895936
0,0.0,0.0005272615
0,0.0,0.0005692428
0,0.0,0.00066993287
0,0.0,0.0003172256
0,0.0,0.00054489635
0,0.0,0.00044899283
0,0.0,0.009465131
0,0.0,0.00053524994
0,0.0,0.0003412402
0,0.0,0.0005254203
0,0.0,0.0004259633
0,0.0,0.00053524226
1,1.0,0.99893427
0,0.0,0.0003013449
0,0.0,0.00031811814
0,0.0,0.00022040369
0,0.0,0.00022003852
0,0.0,0.00031161157
0,0.0,0.0003428012
0,0.0,0.00032483236
1,1.0,0.9993552
0,0.0,0.0145100895
0,0.0,0.00049084774
0,0.0,0.00052724744
0,0.0,0.00032410602
0,0.0,0.0011347632
0,0.0,0.0003321854
0,0.0,0.00052863604
0,0.0,0.00033599228
0,0.0,0.00032567175
0,0.0,0.00036512647
0,0.0,0.0003427973
0,0.0,0.0006657861
1,1.0,0.9989867
0,0.0,0.0003392132
1,1.0,0.9983416
1,1.0,0.9988594
0,0.0,0.00057762576
0,0.0,0.000540701
0,0.0,0.00033364218
0,0.0,0.00040990824
1,1.0,0.9983792
1,1.0,0.99908555
0,0.0,0.00025697387
0,0.0,0.0002875789
0,0.0,0.0002981969
0,0.0,0.0003389528
0,0.0,0.00032852602
0,0.0,0.00052885653
0,0.0,0.0031760235
0,0.0,0.00052862416
1,1.0,0.9984193
0,0.0,0.00081884285
0,0.0,0.00022043413
0,0.0,0.0005362178
0,0.0,0.0060511287
0,0.0,0.0003427937
0,0.0,0.00056945195
0,0.0,0.00036618076
1,1.0,0.9988685
0,0.0,0.0004043787
0,0.0,0.0003308866
0,0.0,0.00034138796
0,0.0,0.00046578105
0,0.0,0.0003283848
0,0.0,0.0005814775
0,0.0,0.00034159436
0,0.0,0.00080924446
0,0.0,0.00028948387
0,0.0,0.00071012817
0,0.0,0.00037947594
0,0.0,0.0003241734
1,1.0,0.9983943
0,0.0,0.0005816904
0,0.0,0.00028767652
0,0.0,0.001570392
0,0.0,0.00022015396
0,0.0,0.00031535394
0,0.0,0.00034296993
0,0.0,0.0005751662
0,0.0,0.00031817605
0,0.0,0.00033790118
0,0.0,0.00033303644
0,0.0,0.00031819125
0,0.0,0.010086297
1,1.0,0.99838156
1,1.0,0.9987065
0,0.0,0.0005862078
0,0.0,0.00033789457
0,0.0,0.00033904085
0,0.0,0.00052747014
0,0.0,0.00032303497
0,0.0,0.0020222794
0,0.0,0.0003204159
0,0.0,0.0004632147
0,0.0,0.00027843763
0,0.0,0.00031915706
0,0.0,0.00036530037
0,0.0,0.0005815496
0,0.0,0.00036727084
0,0.0,0.0002879265
0,0.0,0.00040304236
0,0.0,0.0003330396
0,0.0,0.00032135905
0,0.0,0.00044657494
0,0.0,0.003968806
0,0.0,0.00057925377
0,0.0,0.00033923791
0,0.0,0.00025699468
0,0.0,0.0003113544
1,1.0,0.9984411
1,1.0,0.9991188
0,0.0,0.00058166374
0,0.0,0.0002570172
0,0.0,0.00033779902
0,0.0,0.00031732937
1,1.0,0.9986464
0,0.0,0.0005272419
0,0.0,0.00031777198
0,0.0,0.00034132678
0,0.0,0.00034298547
0,0.0,0.00056868565
0,0.0,0.0003675994
0,0.0,0.0004298898
0,0.0,0.0068956492
0,0.0,0.0003174032
0,0.0,0.00028776046
0,0.0,0.00033046893
0,0.0,0.00051475246
0,0.0,0.00031571012
0,0.0,0.0005286983
0,0.0,0.000256991
0,0.0,0.00044047204
0,0.0,0.00036727014
0,0.0,0.00058197405
0,0.0,0.00031816756
0,0.0,0.0002884752
0,0.0,0.00054336496
0,0.0,0.00028332957
0,0.0,0.0005233021
0,0.0,0.0005449095
0,0.0,0.00034047075
0,0.0,0.0006700022
0,0.0,0.00052339287
0,0.0,0.0004667128
0,0.0,0.0027284175
1,1.0,0.99935526
0,0.0,0.0005782755
0,0.0,0.0011510985
0,0.0,0.00025696307
0,0.0,0.0003266179
0,0.0,0.0003426075
0,0.0,0.0005198526
0,0.0,0.00051985437
1,1.0,0.999255
0,0.0,0.0003279568
0,0.0,0.00031816727
0,0.0,0.00033385374
1,1.0,0.99967176
0,0.0,0.00034280107
1,1.0,0.9990514
0,0.0,0.0005001463
0,0.0,0.0003225598
0,0.0,0.00044645023
0,0.0,0.00038671817
0,0.0,0.00037471936
0,0.0,0.00040304023
1,1.0,0.99896246
0,0.0,0.00025701473
0,0.0,0.0003643566
0,0.0,0.0003172256
0,0.0,0.0003271945
1,1.0,0.99856395
0,0.0,0.00033074222
0,0.0,0.00052724243
0,0.0,0.0002973801
0,0.0,0.0002915876
0,0.0,0.0003242222
0,0.0,0.00032159136
0,0.0,0.0003327372
0,0.0,0.00029045256
1,1.0,0.9975346
0,0.0,0.0020606685
0,0.0,0.00036625096
0,0.0,0.00047086301
0,0.0,0.00042134282
0,0.0,0.00032378238
0,0.0,0.00029827678
0,0.0,0.00033895927
1,1.0,0.9986827
1,1.0,0.9984411
0,0.0,0.00033302436
0,0.0,0.000333052
0,0.0,0.0003391857
0,0.0,0.0038295193
0,0.0,0.00036735064
0,0.0,0.00036724543
0,0.0,0.0005898803
0,0.0,0.00031915342
0,0.0,0.00080015254
0,0.0,0.00058234716
0,0.0,0.0020283957
0,0.0,0.0003330212
1,1.0,0.9990183
1,1.0,0.9986827
0,0.0,0.00027358127
0,0.0,0.0010526793
0,0.0,0.0003163576
0,0.0,0.0003330336
0,0.0,0.0012348954
0,0.0,0.00033918652
0,0.0,0.0004262867
0,0.0,0.0003126096
0,0.0,0.00045230312
0,0.0,0.00053520146
0,0.0,0.00038624642
0,0.0,0.0003672579
0,0.0,0.00031587118
0,0.0,0.0003113081
0,0.0,0.0003134443
0,0.0,0.0005341379
0,0.0,0.0003676898
0,0.0,0.0003389945
0,0.0,0.00033387062
0,0.0,0.00028752486
0,0.0,0.00046345522
0,0.0,0.00028657168
0,0.0,0.0004030214
0,0.0,0.00058558653
0,0.0,0.00033421046
0,0.0,0.00033897816
0,0.0,0.00025702847
0,0.0,0.0031201506
0,0.0,0.0003215828
0,0.0,0.00033266644
0,0.0,0.0003161384
0,0.0,0.00047134102
0,0.0,0.0004390112
0,0.0,0.00033894894
0,0.0,0.00038818433
0,0.0,0.00031790894
0,0.0,0.00033789745
0,0.0,0.00028942587
0,0.0,0.00028652526
0,0.0,0.004227589
0,0.0,0.00025692655
0,0.0,0.0031204945
0,0.0,0.00033755405
0,0.0,0.00036517365
0,0.0,0.00031915767
0,0.0,0.0003433766
0,0.0,0.00029727464
0,0.0,0.0012294792
1,1.0,0.9992811
0,0.0,0.26456267
0,0.0,0.00039698693
0,0.0,0.00031702186
0,0.0,0.0003422378
1,1.0,0.9989704
1,1.0,0.99901855
0,0.0,0.00033042103
0,0.0,0.00031727494
0,0.0,0.00043627282
1,1.0,0.99876446
0,0.0,0.00028657386
0,0.0,0.0003338433
0,0.0,0.00031714153
0,0.0,0.0002923141
0,0.0,0.000545802
0,0.0,0.0005823466
0,0.0,0.0003182395
1,1.0,0.9986398
0,0.0,0.0009889025
0,0.0,0.00053623546
0,0.0,0.00044672014
0,0.0,0.00052330707
0,0.0,0.0020699468
0,0.0,0.00040306294
0,0.0,0.012842909
0,0.0,0.00052726606
0,0.0,0.00031618573
0,0.0,0.00022049384
1,1.0,0.9986561
0,0.0,0.00033789923
0,0.0,0.005058453
0,0.0,0.00032827337
0,0.0,0.00044661923
0,0.0,0.00030022624
0,0.0,0.0003662485
1,1.0,0.99983454
0,0.0,0.00028684066
0,0.0,0.0005290713
0,0.0,0.00031334424
0,0.0,0.00033402248
0,0.0,0.0029777398
0,0.0,0.00043486484
0,0.0,0.0003073206
0,0.0,0.00034261486
0,0.0,0.00052740215
0,0.0,0.00033385315
0,0.0,0.0003390525
0,0.0,0.00033985765
1,1.0,0.9983934
0,0.0,0.0003181642
0,0.0,0.00051536073
0,0.0,0.006459877
0,0.0,0.00032839106
0,0.0,0.00036511515
0,0.0,0.0005707069
1,1.0,0.9984192
0,0.0,0.010611928
0,0.0,0.0031191662
0,0.0,0.00033820703
0,0.0,0.00033793465
0,0.0,0.0005353004
1,1.0,0.9956889
0,0.0,0.0003651569
0,0.0,0.0003191601
0,0.0,0.0022325197
1,1.0,0.99862856
0,0.0,0.0005363973
1,1.0,0.9992037
0,0.0,0.00022081973
0,0.0,0.00032186005
0,0.0,0.0003783305
0,0.0,0.00028708798
0,0.0,0.0003378949
0,0.0,0.00060490594
0,0.0,0.00022043035
0,0.0,0.00038870255
0,0.0,0.00030946423
0,0.0,0.0005822595
0,0.0,0.00028746732
0,0.0,0.0005353558
1,1.0,0.9992538
0,0.0,0.0003661874
0,0.0,0.00032643677
0,0.0,0.00058191107
0,0.0,0.00034161127
1,1.0,0.9988579
0,0.0,0.0003174855
0,0.0,0.00034280907
0,0.0,0.00029613322
0,0.0,0.00034292837
0,0.0,0.00030928434
0,0.0,0.0003189791
0,0.0,0.0004828762
0,0.0,0.002512528
0,0.0,0.0003214136
0,0.0,0.00036728903
0,0.0,0.00033396072
0,0.0,0.0008745572
0,0.0,0.0003395136
0,0.0,0.0003187265
1,1.0,0.9991791
1,1.0,0.99869126
0,0.0,0.00036734328
0,0.0,0.00032839764
0,0.0,0.0003841573
0,0.0,0.00038250885
0,0.0,0.00045227792
0,0.0,0.00031257622
1,1.0,0.9992942
0,0.0,0.00031709377
0,0.0,0.000338401
0,0.0,0.0005693115
0,0.0,0.0004405048
1,1.0,0.9983416
0,0.0,0.000350861
0,0.0,0.003041773
0,0.0,0.0005722746
0,0.0,0.00034295634
0,0.0,0.0003217088
0,0.0,0.00038435202
0,0.0,0.00031853814
0,0.0,0.0005820212
0,0.0,0.0012330397
0,0.0,0.00028770725
0,0.0,0.00038428936
0,0.0,0.0005232472
1,1.0,0.99866027
0,0.0,0.0003166597
0,0.0,0.0037179426
0,0.0,0.00031262092
0,0.0,0.00066577626
0,0.0,0.0005692846
0,0.0,0.00057575386
0,0.0,0.0005252405
0,0.0,0.00053620304
0,0.0,0.000517763
1,1.0,0.9988217
0,0.0,0.00028664054
0,0.0,0.00033011468
0,0.0,0.0003416419
0,0.0,0.00031559487
0,0.0,0.000424251
0,0.0,0.0003673454
0,0.0,0.00040251957
0,0.0,0.0005161025
0,0.0,0.0003428037
0,0.0,0.0003780554
1,1.0,0.99913126
0,0.0,0.00044609798
0,0.0,0.000220497
0,0.0,0.00034281838
1,1.0,0.9990594
0,0.0,0.00031816907
0,0.0,0.004756412
0,0.0,0.0031202575
0,0.0,0.00028722463
0,0.0,0.0002895195
0,0.0,0.0003944261
0,0.0,0.00032624134
0,0.0,0.0022630717
0,0.0,0.00044022338
0,0.0,0.0005198851
0,0.0,0.0004360504
0,0.0,0.00033384963
0,0.0,0.0005363694
1,1.0,0.99601525
0,0.0,0.00022061856
1,1.0,0.9992856
1,1.0,0.99928653
0,0.0,0.00033790068
0,0.0,0.0003342057
0,0.0,0.0003391697
0,0.0,0.00034654865
0,0.0,0.0003170155
0,0.0,0.0006647026
0,0.0,0.0002878601
0,0.0,0.0004036135
0,0.0,0.0006657573
0,0.0,0.0009898419
0,0.0,0.0005798648
0,0.0,0.00058187445
1,1.0,0.9988647
0,0.0,0.00044045132
0,0.0,0.0003172486
0,0.0,0.00033398237
0,0.0,0.00043921696
0,0.0,0.0003342222
0,0.0,0.00075736915
1,1.0,0.9988419
0,0.0,0.0003993823
0,0.0,0.00022052939
0,0.0,0.00040183158
0,0.0,0.00032069278
0,0.0,0.00038239107
0,0.0,0.0002976019
0,0.0,0.00027299058
0,0.0,0.00037631346
0,0.0,0.00039699808
1,1.0,0.9983412
0,0.0,0.0003843727
0,0.0,0.0011213969
0,0.0,0.0005785186
0,0.0,0.00033293202
0,0.0,0.006383425
0,0.0,0.0005145332
0,0.0,0.0002203232
0,0.0,0.0074794693
0,0.0,0.00035526522
0,0.0,0.000328756
0,0.0,0.00025698956
0,0.0,0.00033302692
0,0.0,0.0003342079
0,0.0,0.00056946336
0,0.0,0.00033790327
0,0.0,0.00031818668
0,0.0,0.00047040137
0,0.0,0.00038971382
1,1.0,0.9984531
0,0.0,0.0005253707
0,0.0,0.00057140336
0,0.0,0.00022039864
0,0.0,0.00033029757
0,0.0,0.00032298325
0,0.0,0.0005364254
0,0.0,0.0003238191
0,0.0,0.0003428192
0,0.0,0.00033061387
0,0.0,0.00033754623
0,0.0,0.0012333468
0,0.0,0.00036129617
0,0.0,0.00066994596
0,0.0,0.00038014233
0,0.0,0.0003841529
0,0.0,0.000332669
0,0.0,0.00032839764
0,0.0,0.00031246446
0,0.0,0.0003378978
0,0.0,0.00036517365
0,0.0,0.00044606946
0,0.0,0.00033903294
1,1.0,0.99901503
0,0.0,0.0003283945
0,0.0,0.0012854892
0,0.0,0.00032480664
0,0.0,0.00033794157
0,0.0,0.00033920107
0,0.0,0.00033244453
0,0.0,0.004688484
1,1.0,0.9993036
0,0.0,0.0021590157
0,0.0,0.0005694495
0,0.0,0.00040602253
0,0.0,0.00031650937
0,0.0,0.00053484295
0,0.0,0.00033386168
1,1.0,0.9986571
0,0.0,0.0002570145
0,0.0,0.0003693248
0,0.0,0.0010512301
0,0.0,0.00034277985
0,0.0,0.00033268516
0,0.0,0.00034281315
0,0.0,0.0005051627
0,0.0,0.00053880125
1,1.0,0.9983506
0,0.0,0.0003284515
0,0.0,0.00033788892
0,0.0,0.00039025716
0,0.0,0.0003882824
0,0.0,0.00034137265
1,1.0,0.9989662
0,0.0,0.0012276957
0,0.0,0.000590081
1,1.0,0.9985278
0,0.0,0.00032761745
0,0.0,0.0076819495
0,0.0,0.00050524226
0,0.0,0.00050994015
0,0.0,0.00040303447
1,1.0,0.9992947
0,0.0,0.00032777523
0,0.0,0.00034295602
0,0.0,0.000366252
0,0.0,0.00025682148
0,0.0,0.00033412155
0,0.0,0.00022074101
0,0.0,0.00034264117
0,0.0,0.0003371321
0,0.0,0.0005756179
0,0.0,0.0005700551
0,0.0,0.00034511628
0,0.0,0.00032639722
0,0.0,0.0005806263
0,0.0,0.00033379678
0,0.0,0.00052614446
1,1.0,0.99927956
0,0.0,0.0003283898
0,0.0,0.00039994807
0,0.0,0.0003160058
0,0.0,0.00031723286
0,0.0,0.00033302724
0,0.0,0.00051991746
0,0.0,0.0004241052
0,0.0,0.00031710768
0,0.0,0.00051607157
1,1.0,0.9989957
1,1.0,0.999227
0,0.0,0.0005286887
0,0.0,0.000416727
1,1.0,0.9990417
1,1.0,0.99728805
0,0.0,0.0003125473
0,0.0,0.0003750839
0,0.0,0.00034296812
0,0.0,0.00031916256
1,1.0,0.9987899
0,0.0,0.00032401766
0,0.0,0.00038341695
0,0.0,0.00039243215
1,1.0,0.9997168
0,0.0,0.00036395443
0,0.0,0.0002981426
0,0.0,0.0012325278
0,0.0,0.008979685
1,1.0,0.9985932
0,0.0,0.00033790516
0,0.0,0.0054928805
0,0.0,0.00034139087
0,0.0,0.00030445014
0,0.0,0.00035826265
0,0.0,0.00033420726
0,0.0,0.00033737326
0,0.0,0.00034298317
0,0.0,0.00037882224
1,1.0,0.99855906
1,1.0,0.999002
0,0.0,0.000342607
0,0.0,0.00033266295
0,0.0,0.00028695283
1,1.0,0.9986437
0,0.0,0.00034280613
0,0.0,0.000321584
0,0.0,0.00033904263
0,0.0,0.0005178304
0,0.0,0.00033302532
1,1.0,0.9996252
0,0.0,0.0005348236
0,0.0,0.0030428492
0,0.0,0.00032815538
0,0.0,0.0005722446
0,0.0,0.00033266612
0,0.0,0.00032336934
0,0.0,0.0012388151
0,0.0,0.0005247233
0,0.0,0.0002981625
1,1.0,0.999279
0,0.0,0.0002953953
0,0.0,0.0005273339
0,0.0,0.00033756404
0,0.0,0.0004640743
0,0.0,0.0005700355
0,0.0,0.00033255864
0,0.0,0.00034162006
0,0.0,0.000315973
0,0.0,0.00033398936
0,0.0,0.00040300543
0,0.0,0.00032133365
0,0.0,0.00034280628
1,1.0,0.9993292
0,0.0,0.00033049888
0,0.0,0.00032830468
1,1.0,0.99220526
0,0.0,0.00033905267
0,0.0,0.0030082162
0,0.0,0.00032171278
0,0.0,0.00033894004
1,1.0,0.9994884
0,0.0,0.00057572074
0,0.0,0.00034159387
0,0.0,0.00032433908
0,0.0,0.00053355325
1,1.0,0.9985402
0,0.0,0.00028647552
0,0.0,0.0005448893
0,0.0,0.00037104395
0,0.0,0.00052340934
0,0.0,0.0018484973
0,0.0,0.00033922595
0,0.0,0.0005803801
0,0.0,0.0003330374
0,0.0,0.00047840306
0,0.0,0.000220501
0,0.0,0.0018680292
0,0.0,0.00036796473
0,0.0,0.00052322383
0,0.0,0.00058186974
0,0.0,0.0023950224
1,1.0,0.9975312
0,0.0,0.0003375708
0,0.0,0.00034296355
0,0.0,0.00031695262
0,0.0,0.0003282984
0,0.0,0.00022050035
0,0.0,0.00053294835
0,0.0,0.00038678563
0,0.0,0.0002570035
1,1.0,0.9993545
0,0.0,0.00032913138
0,0.0,0.00031708562
0,0.0,0.0005285418
0,0.0,0.0005782799
0,0.0,0.00038329817
0,0.0,0.00028947392
0,0.0,0.009910011
0,0.0,0.00028989592
0,0.0,0.0035093199
1,1.0,0.99927014
0,0.0,0.00038592212
0,0.0,0.00029534657
0,0.0,0.00036723912
0,0.0,0.00036623032
0,0.0,0.00036957418
0,0.0,0.0003306766
0,0.0,0.00040539462
0,0.0,0.00033789634
0,0.0,0.0002204951
0,0.0,0.00022007085
1,1.0,0.9989325
0,0.0,0.0006250762
0,0.0,0.0002735659
1,1.0,0.9987164
1,1.0,0.9990261
0,0.0,0.00032751786
0,0.0,0.00032841205
0,0.0,0.007440386
0,0.0,0.00027898554
0,0.0,0.00032875474
0,0.0,0.0016161458
0,0.0,0.0002871723
0,0.0,0.0023544433
1,1.0,0.9988591
0,0.0,0.0064641936
0,0.0,0.0005336198
0,0.0,0.00022048313
0,0.0,0.0003232827
0,0.0,0.00031502615
0,0.0,0.0003340088
0,0.0,0.00028776238
0,0.0,0.0003391891
0,0.0,0.00043604916
0,0.0,0.0005329918
1,1.0,0.9983816
0,0.0,0.00030945745
0,0.0,0.00053495157
1,1.0,0.99936485
0,0.0,0.00044183375
0,0.0,0.00010928523
0,0.0,0.00028755201
0,0.0,0.0005198618
0,0.0,0.00033755793
1,1.0,0.9984532
1,1.0,0.9991033
0,0.0,0.00037824776
0,0.0,0.0006269897
1,1.0,0.9984075
0,0.0,0.00032933633
0,0.0,0.00031596186
0,0.0,0.0004033073
1,1.0,0.9989797
0,0.0,0.0003326595
0,0.0,0.00066572806
0,0.0,0.0003428323
1,1.0,0.99862856
1,1.0,0.9994291
0,0.0,0.0006699817
0,0.0,0.00039778985
0,0.0,0.0009854852
0,0.0,0.0002866646
0,0.0,0.00039697104
0,0.0,0.0002201953
1,1.0,0.998871
0,0.0,0.0003862055
1,1.0,0.9983263
0,0.0,0.00071295514
0,0.0,0.0005198149
0,0.0,0.00053638726
0,0.0,0.0005662865
0,0.0,0.00028919446
0,0.0,0.00054085837
0,0.0,0.000426255
0,0.0,0.00022047808
0,0.0,0.00038292626
0,0.0,0.00032675994
0,0.0,0.00028770888
0,0.0,0.000350223
0,0.0,0.0012296712
0,0.0,0.00033420918
0,0.0,0.0008742786
0,0.0,0.00034273378
0,0.0,0.00057780225
0,0.0,0.00034013044
0,0.0,0.0003338455
0,0.0,0.00066575914
0,0.0,0.00027358232
0,0.0,0.00058619044
0,0.0,0.0057467613
0,0.0,0.00032841048
0,0.0,0.0003342025
0,0.0,0.00029531476
0,0.0,0.00031256757
0,0.0,0.00028751884
0,0.0,0.000581956
0,0.0,0.003331929
0,0.0,0.00058213493
0,0.0,0.0005145697
0,0.0,0.00032851976
0,0.0,0.00029433487
0,0.0,0.00034161046
0,0.0,0.00031814634
0,0.0,0.0031217588
0,0.0,0.0005380032
0,0.0,0.00030946897
0,0.0,0.00027299632
0,0.0,0.00032697653
0,0.0,0.00032055125
0,0.0,0.000328387
0,0.0,0.00034259722
0,0.0,0.0007973063
0,0.0,0.00033266423
1,1.0,0.99886465
0,0.0,0.00050131767
0,0.0,0.00031927213
0,0.0,0.00045233377
0,0.0,0.00032135475
1,1.0,0.99839354
0,0.0,0.0031207944
0,0.0,0.00033266612
0,0.0,0.00038847254
0,0.0,0.000534833
0,0.0,0.0009875294
0,0.0,0.00026979018
0,0.0,0.0004083244
0,0.0,0.00034296975
0,0.0,0.00036730288
0,0.0,0.00034261274
0,0.0,0.00034164582
0,0.0,0.0003174819
0,0.0,0.0003246206
0,0.0,0.00040350636
0,0.0,0.0005688794
1,1.0,0.99901515
0,0.0,0.00032289213
0,0.0,0.0004159804
0,0.0,0.00033400624
0,0.0,0.00032246145
0,0.0,0.00033062365
0,0.0,0.0003326576
0,0.0,0.00057679886
0,0.0,0.00031957784
0,0.0,0.0010032825
1,1.0,0.99979514
0,0.0,0.00052742835
0,0.0,0.0003414039
0,0.0,0.0005693356
1,1.0,0.9988364
0,0.0,0.0005366599
0,0.0,0.00032109418
0,0.0,0.00040302926
0,0.0,0.00057552045
0,0.0,0.00040650685
0,0.0,0.00036513447
0,0.0,0.00030801253
0,0.0,0.0005362188
0,0.0,0.0004028247
0,0.0,0.00034871048
0,0.0,0.00025701473
0,0.0,0.00057985896
0,0.0,0.00033385123
1,1.0,0.9986832
0,0.0,0.0005692895
1,1.0,0.9986914
0,0.0,0.00033266045
0,0.0,0.0003283923
0,0.0,0.00032862753
0,0.0,0.00042631346
0,0.0,0.00044362995
0,0.0,0.00051784574
0,0.0,0.0031212335
1,1.0,0.99947596
0,0.0,0.00053357106
0,0.0,0.00029425212
0,0.0,0.0003650967
1,1.0,0.999281
0,0.0,0.00032128431
0,0.0,0.08877436
0,0.0,0.0066754026
0,0.0,0.00034276416
0,0.0,0.00032854138
0,0.0,0.0067516724
0,0.0,0.00032599698
0,0.0,0.0002569937
0,0.0,0.0003376944
0,0.0,0.00031996015
0,0.0,0.000536193
0,0.0,0.00043646226
0,0.0,0.00033196533
0,0.0,0.0002751479
0,0.0,0.008565774
1,1.0,0.9986283
1,1.0,0.9993285
0,0.0,0.0031204594
0,0.0,0.00033920497
0,0.0,0.0003375542
0,0.0,0.0003833296
0,0.0,0.00046730644
0,0.0,0.00032251893
0,0.0,0.0002835347
0,0.0,0.0003342044
0,0.0,0.00041564924
0,0.0,0.00033894667
0,0.0,0.00036527147
0,0.0,0.00035204843
0,0.0,0.00033790068
0,0.0,0.0003369273
0,0.0,0.00058168377
0,0.0,0.0003330444
0,0.0,0.00032839295
0,0.0,0.000317225
0,0.0,0.0003126239
0,0.0,0.00040301715
0,0.0,0.00031367238
0,0.0,0.0003134243
0,0.0,0.004388576
0,0.0,0.0003284011
0,0.0,0.00030336503
0,0.0,0.0012626535
0,0.0,0.0004056751
0,0.0,0.00040231357
0,0.0,0.0023839786
0,0.0,0.0003283942
0,0.0,0.00033791
0,0.0,0.0003413707
0,0.0,0.00028172473
0,0.0,0.0003054896
0,0.0,0.0005154383
1,1.0,0.9988705
0,0.0,0.00033756517
0,0.0,0.00032839607
0,0.0,0.0003390365
0,0.0,0.00046399783
0,0.0,0.0004030483
0,0.0,0.00036732233
0,0.0,0.000580543
0,0.0,0.00022046105
0,0.0,0.0003286316
0,0.0,0.00033905072
0,0.0,0.00031723076
0,0.0,0.0021412026
0,0.0,0.00031880767
0,0.0,0.0019909334
1,1.0,0.9991949
0,0.0,0.00033245626
0,0.0,0.00022079551
0,0.0,0.00037084435
0,0.0,0.00036736327
0,0.0,0.00032837293
0,0.0,0.0003342012
0,0.0,0.0002982523
0,0.0,0.0005364149
0,0.0,0.0003930632
0,0.0,0.00028668618
0,0.0,0.00032159657
1,1.0,0.99901825
0,0.0,0.00033917115
0,0.0,0.00032839703
1,1.0,0.9991411
0,0.0,0.00033985198
0,0.0,0.00033400432
0,0.0,0.000333025
0,0.0,0.00034161698
0,0.0,0.00074483635
0,0.0,0.00043471396
1,1.0,0.9971462
0,0.0,0.0005371962
0,0.0,0.00029792124
0,0.0,0.00031683326
0,0.0,0.00031769503
0,0.0,0.00033304057
0,0.0,0.0031182219
0,0.0,0.00031615165
0,0.0,0.0003423783
0,0.0,0.0004030383
0,0.0,0.00034535886
1,1.0,0.9983415
0,0.0,0.0038246927
0,0.0,0.00046646284
0,0.0,0.0076911077
0,0.0,0.00042551444
0,0.0,0.00031311458
0,0.0,0.00034259705
0,0.0,0.0006657899
0,0.0,0.0012469771
0,0.0,0.00031816543
0,0.0,0.000332676
1,1.0,0.9988426
1,1.0,0.998336
0,0.0,0.00032509444
0,0.0,0.002399618
0,0.0,0.00027300674
0,0.0,0.0003169369
0,0.0,0.00030907828
0,0.0,0.0002995689
0,0.0,0.00033790182
0,0.0,0.00032399202
0,0.0,0.00034260488
0,0.0,0.00031256696
1,1.0,0.9986565
0,0.0,0.0005064689
0,0.0,0.0003101099
0,0.0,0.0002791673
0,0.0,0.00039118258
0,0.0,0.00028751444
0,0.0,0.00031722136
1,1.0,0.99925894
0,0.0,0.00031731938
0,0.0,0.0003212399
0,0.0,0.00029511127
1,1.0,0.9993032
0,0.0,0.00031722774
0,0.0,0.00029669105
1,1.0,0.9986837
0,0.0,0.000287614
0,0.0,0.00022048355
0,0.0,0.0004030083
0,0.0,0.0005233684
0,0.0,0.00033385027
0,0.0,0.0003672978
0,0.0,0.0003336409
0,0.0,0.00051983696
1,1.0,0.9957584
0,0.0,0.00052343635
0,0.0,0.00034277953
0,0.0,0.00031663006
0,0.0,0.00031206553
0,0.0,0.00033756418
0,0.0,0.00036735277
0,0.0,0.0003389423
0,0.0,0.0003650723
0,0.0,0.00046419556
0,0.0,0.00036514856
0,0.0,0.00033581757
0,0.0,0.0003172232
0,0.0,0.0003339884
0,0.0,0.00041780336
0,0.0,0.00036162147
1,1.0,0.9991891
0,0.0,0.0003285298
1,1.0,0.9989863
0,0.0,0.0005178094
0,0.0,0.00033303042
0,0.0,0.00039021677
0,0.0,0.000337664
0,0.0,0.0005291041
0,0.0,0.00034295407
0,0.0,0.002088971
0,0.0,0.00032188892
0,0.0,0.00031816727
0,0.0,0.00029435902
0,0.0,0.00047070798
0,0.0,0.00039824893
0,0.0,0.00052866223
0,0.0,0.00031703123
1,1.0,0.9984413
0,0.0,0.0077969898
0,0.0,0.009913586
0,0.0,0.00044686536
0,0.0,0.00034296224
0,0.0,0.00031816695
1,1.0,0.99832976
1,1.0,0.99864364
1,1.0,0.99899626
1,1.0,0.9988595
0,0.0,0.015781265
0,0.0,0.000286587
0,0.0,0.0009897338
0,0.0,0.0002203772
0,0.0,0.0012292671
0,0.0,0.0003097869
0,0.0,0.0003159531
0,0.0,0.00031785775
0,0.0,0.010434855
0,0.0,0.00033442685
0,0.0,0.00033264584
0,0.0,0.00031755635
0,0.0,0.00032258074
0,0.0,0.00034295078
0,0.0,0.00033401867
0,0.0,0.0003923355
0,0.0,0.00033920447
0,0.0,0.00045571514
0,0.0,0.0005409216
1,1.0,0.998441
0,0.0,0.00025697902
0,0.0,0.00031783804
0,0.0,0.0003368481
0,0.0,0.00033970037
0,0.0,0.000291189
0,0.0,0.00033904894
0,0.0,0.00054059556
1,1.0,0.9989485
0,0.0,0.0008745906
0,0.0,0.00033403045
0,0.0,0.0038957475
0,0.0,0.00040305947
0,0.0,0.002874481
0,0.0,0.0005336855
0,0.0,0.0005952158
0,0.0,0.00033390438
0,0.0,0.0038594662
0,0.0,0.00033421646
0,0.0,0.007010862
0,0.0,0.00045578252
0,0.0,0.00033790548
1,1.0,0.9992741
0,0.0,0.0005160779
0,0.0,0.00031776837
0,0.0,0.00032230007
0,0.0,0.000496924
0,0.0,0.0005177983
0,0.0,0.00030391684
0,0.0,0.0005161018
0,0.0,0.0003216018
0,0.0,0.00030787018
0,0.0,0.00052875216
0,0.0,0.0003213532
0,0.0,0.00054333295
0,0.0,0.00033905654
0,0.0,0.00033790068
0,0.0,0.0003638996
0,0.0,0.0002869342
0,0.0,0.0003378907
0,0.0,0.00032642868
0,0.0,0.00030187287
0,0.0,0.00038104193
0,0.0,0.0003226761
0,0.0,0.0031672237
0,0.0,0.00047830047
0,0.0,0.00032629893
0,0.0,0.00040275868
0,0.0,0.0003185588
0,0.0,0.00022051508
0,0.0,0.0005901645
0,0.0,0.00052327814
0,0.0,0.00031694962
0,0.0,0.0003378984
0,0.0,0.00033907077
0,0.0,0.006467759
0,0.0,0.00032159014
0,0.0,0.00034298186
0,0.0,0.011339744
0,0.0,0.00033265314
0,0.0,0.00053623953
0,0.0,0.0003843811
0,0.0,0.0003229839
0,0.0,0.0005285327
0,0.0,0.00058224204
0,0.0,0.00052903726
0,0.0,0.00025699762
0,0.0,0.00032206692
0,0.0,0.0038864866
0,0.0,0.00033919397
0,0.0,0.00039996256
0,0.0,0.00053800707
0,0.0,0.0006378399
0,0.0,0.0005694794
0,0.0,0.00040304754
0,0.0,0.00031915586
0,0.0,0.00033429742
0,0.0,0.00028647334
0,0.0,0.00031816543
0,0.0,0.00032757994
0,0.0,0.00039255808
0,0.0,0.004656451
0,0.0,0.00055845437
0,0.0,0.00028191332
0,0.0,0.0078751985
1,1.0,0.9994566
0,0.0,0.00053291884
0,0.0,0.000321584
0,0.0,0.00022014682
0,0.0,0.00053876964
1,1.0,0.9995012
0,0.0,0.00033398997
0,0.0,0.00033303993
1,1.0,0.99866
0,0.0,0.00033789795
1,1.0,0.99879384
0,0.0,0.00047078717
0,0.0,0.0005362104
0,0.0,0.00080691936
1,1.0,0.9989957
0,0.0,0.00034282656
0,0.0,0.00035675106
0,0.0,0.0005289944
0,0.0,0.00030961446
0,0.0,0.00087469385
0,0.0,0.0003425946
0,0.0,0.0003197418
0,0.0,0.00029628092
0,0.0,0.00029769324
0,0.0,0.00025700594
0,0.0,0.00034238189
0,0.0,0.00053623033
0,0.0,0.00027898714
0,0.0,0.00033008668
0,0.0,0.00031620896
0,0.0,0.00036442347
0,0.0,0.0003452418
0,0.0,0.00034258972
0,0.0,0.00032228505
0,0.0,0.00034064704
0,0.0,0.00029450163
0,0.0,0.00036628023
0,0.0,0.0002864343
0,0.0,0.0003228678
0,0.0,0.0005160833
0,0.0,0.0003257683
0,0.0,0.00037932725
0,0.0,0.00045553123
0,0.0,0.00031614566
0,0.0,0.00022065263
0,0.0,0.00034275747
1,1.0,0.99872375
0,0.0,0.00046999712
0,0.0,0.0005145817
0,0.0,0.00033790214
0,0.0,0.000581416
0,0.0,0.00032636517
0,0.0,0.000294258
0,0.0,0.00032307717
0,0.0,0.0003213272
0,0.0,0.00044147272
0,0.0,0.00033790295
0,0.0,0.004726446
0,0.0,0.00028441267
0,0.0,0.00073324516
0,0.0,0.0003181627
0,0.0,0.0005830208
0,0.0,0.00039709613
0,0.0,0.001121545
0,0.0,0.0016165728
0,0.0,0.00044211856
0,0.0,0.00031915738
0,0.0,0.00029831062
0,0.0,0.00031915432
0,0.0,0.00026711432
0,0.0,0.00032839074
0,0.0,0.0005583649
0,0.0,0.0005824343
1,1.0,0.9992201
0,0.0,0.0010509167
0,0.0,0.00022046357
0,0.0,0.00034298678
1,1.0,0.99930245
0,0.0,0.00053804123
0,0.0,0.00022040955
0,0.0,0.0003379171
0,0.0,0.00057227025
0,0.0,0.0030795068
0,0.0,0.00034297467
0,0.0,0.000282723
0,0.0,0.0005235024
1,1.0,0.99886835
0,0.0,0.0006657395
0,0.0,0.0007129639
0,0.0,0.0003428148
0,0.0,0.00054837385
0,0.0,0.00057575194
0,0.0,0.00038142863
0,0.0,0.00032183548
0,0.0,0.00033904458
0,0.0,0.00038661534
0,0.0,0.00022052854
0,0.0,0.00095161906
0,0.0,0.00058227393
0,0.0,0.0002945516
0,0.0,0.0005329184
1,1.0,0.99868256
0,0.0,0.00039117437
0,0.0,0.00042861045
0,0.0,0.0003391836
0,0.0,0.00033304788
0,0.0,0.00033790228
0,0.0,0.0003119861
0,0.0,0.00036391435
0,0.0,0.0003425974
1,1.0,0.9986381
0,0.0,0.00028311598
1,1.0,0.9984412
0,0.0,0.0003429861
0,0.0,0.0042556757
0,0.0,0.00029663875
0,0.0,0.00033604493
0,0.0,0.00031301726
0,0.0,0.0043949583
1,1.0,0.9986771
0,0.0,0.00038333345
0,0.0,0.0002866378
0,0.0,0.00071005576
0,0.0,0.00040366655
1,1.0,0.9986762
0,0.0,0.00058175856
0,0.0,0.0005715384
0,0.0,0.00032151688
1,1.0,0.9987074
0,0.0,0.00067313254
0,0.0,0.00031816665
0,0.0,0.00039865932
0,0.0,0.00038679354
0,0.0,0.0003389483
0,0.0,0.00038351933
1,1.0,0.9984079
0,0.0,0.0005946284
0,0.0,0.00032626936
0,0.0,0.00037546633
0,0.0,0.00044334753
0,0.0,0.0004523685
0,0.0,0.0005348348
0,0.0,0.00032393553
0,0.0,0.00031773926
0,0.0,0.00033265856
0,0.0,0.00033903745
0,0.0,0.0003441495
0,0.0,0.00033759075
0,0.0,0.0006699357
0,0.0,0.0006657573
0,0.0,0.00053414475
1,1.0,0.9986422
0,0.0,0.0099148825
0,0.0,0.00312137
0,0.0,0.0004519523
0,0.0,0.00034421874
0,0.0,0.00053530117
0,0.0,0.00032424758
0,0.0,0.0003375592
1,1.0,0.9984532
0,0.0,0.0012903427
0,0.0,0.0002865034
0,0.0,0.00033903358
1,1.0,0.998832
0,0.0,0.00031103755
0,0.0,0.00045183365
0,0.0,0.0003182607
0,0.0,0.0002833285
0,0.0,0.00031446948
0,0.0,0.00059546606
0,0.0,0.00028673786
0,0.0,0.00025696994
0,0.0,0.0003707157
0,0.0,0.00031721985
0,0.0,0.00025699564
0,0.0,0.0003378944
0,0.0,0.00029062817
0,0.0,0.00027895864
0,0.0,0.00028658836
0,0.0,0.00038910334
0,0.0,0.010505987
0,0.0,0.00025702847
0,0.0,0.00053802633
0,0.0,0.00028702946
1,1.0,0.9992864
1,1.0,0.99915653
0,0.0,0.0012337728
0,0.0,0.0002867198
0,0.0,0.0050520976
0,0.0,0.00057676015
0,0.0,0.00034260683
0,0.0,0.00046641688
0,0.0,0.00034297304
0,0.0,0.0005254002
0,0.0,0.0005575571
0,0.0,0.00034158654
0,0.0,0.0004030533
0,0.0,0.00029594384
0,0.0,0.0003326693
1,1.0,0.9991785
0,0.0,0.0008745772
1,1.0,0.99904186
0,0.0,0.00033756322
0,0.0,0.00051990285
0,0.0,0.0002860173
0,0.0,0.0004990275
1,1.0,0.9994656
0,0.0,0.0005517356
0,0.0,0.00045572274
0,0.0,0.00031691516
0,0.0,0.0011218104
0,0.0,0.00040414633
1,1.0,0.9986442
0,0.0,0.00033906286
0,0.0,0.0064794687
0,0.0,0.00056866906
0,0.0,0.0003390462
0,0.0,0.00034281774
0,0.0,0.0003169895
0,0.0,0.00028692215
0,0.0,0.0012299786
0,0.0,0.00034159876
0,0.0,0.0003402047
0,0.0,0.0005694593
0,0.0,0.00040266616
0,0.0,0.00033905476
0,0.0,0.00035577526
0,0.0,0.00033919816
0,0.0,0.0031197192
0,0.0,0.00038203836
0,0.0,0.00031883654
0,0.0,0.00038049565
0,0.0,0.00028929047
0,0.0,0.00034462987
0,0.0,0.00031722832
0,0.0,0.00066894846
0,0.0,0.0005264916
0,0.0,0.00037245764
0,0.0,0.0003662408
0,0.0,0.00033303295
0,0.0,0.00037884736
1,1.0,0.9989935
0,0.0,0.00033918262
0,0.0,0.0005336751
0,0.0,0.00033756404
0,0.0,0.0004349714
0,0.0,0.0004065789
0,0.0,0.00036517574
0,0.0,0.00051456114
0,0.0,0.00032839607
0,0.0,0.000533604
0,0.0,0.00032189258
0,0.0,0.00053535734
0,0.0,0.0009910247
1,1.0,0.9989456
0,0.0,0.009908823
0,0.0,0.0005692477
0,0.0,0.00032839578
0,0.0,0.00033754954
0,0.0,0.00028676083
0,0.0,0.00033756773
0,0.0,0.00032838574
0,0.0,0.0005387812
0,0.0,0.00034020323
0,0.0,0.00033389515
1,1.0,0.99768937
0,0.0,0.0004834784
0,0.0,0.00032613814
0,0.0,0.006413075
0,0.0,0.00055468734
0,0.0,0.0012369663
1,1.0,0.9968152
0,0.0,0.00058126886
0,0.0,0.00033054294
0,0.0,0.00034281888
1,1.0,0.99923146
0,0.0,0.00056888675
0,0.0,0.00038340877
0,0.0,0.00038505046
0,0.0,0.001229218
0,0.0,0.00036513116
0,0.0,0.0012321661
0,0.0,0.0002943245
0,0.0,0.0005757761
1,1.0,0.9987657
0,0.0,0.45663413
0,0.0,0.0047140783
0,0.0,0.0002569425
0,0.0,0.00032400162
0,0.0,0.00038695437
0,0.0,0.00044654898
0,0.0,0.00036732337
0,0.0,0.00037963115
0,0.0,0.0003253943
0,0.0,0.0004522152
0,0.0,0.00034283573
0,0.0,0.00028429937
0,0.0,0.00044055586
0,0.0,0.00038015863
0,0.0,0.0003428089
0,0.0,0.0011186464
0,0.0,0.0005448576
0,0.0,0.0003911893
0,0.0,0.010932263
0,0.0,0.00038354582
1,1.0,0.99914426
0,0.0,0.00034238744
0,0.0,0.00032241258
0,0.0,0.0007384993
0,0.0,0.00029059465
0,0.0,0.00037773245
1,1.0,0.999483
1,1.0,0.9991369
0,0.0,0.0051819473
0,0.0,0.0005232801
0,0.0,0.00053873373
0,0.0,0.00032840643
0,0.0,0.0003300873
0,0.0,0.00046442106
0,0.0,0.0011186831
1,1.0,0.9979751
0,0.0,0.00031888697
0,0.0,0.00036511358
0,0.0,0.000528634
0,0.0,0.0070341444
0,0.0,0.0009886012
0,0.0,0.00036526207
1,1.0,0.9999967
0,0.0,0.00034295634
0,0.0,0.00034117384
0,0.0,0.00033791177
0,0.0,0.0008741781
0,0.0,0.00032144025
0,0.0,0.00052330433
0,0.0,0.0012293532
0,0.0,0.00032509383
0,0.0,0.00031721563
0,0.0,0.00060045766
0,0.0,0.00033793383
1,1.0,0.99834156
0,0.0,0.00033790295
0,0.0,0.00033385027
1,1.0,0.99914753
1,1.0,0.99883926
0,0.0,0.00037842302
0,0.0,0.0003379258
0,0.0,0.00022078668
0,0.0,0.0003283923
0,0.0,0.0002569893
1,1.0,0.9983361
1,1.0,0.999137
0,0.0,0.00040043372
0,0.0,0.0003173481
0,0.0,0.00034229868
1,1.0,0.9990592
0,0.0,0.00036455187
0,0.0,0.00033768182
0,0.0,0.0005379997
0,0.0,0.00022011639
0,0.0,0.0005287036
1,1.0,0.99848795
1,1.0,0.9989242
0,0.0,0.00056942576
0,0.0,0.0005813057
0,0.0,0.0042914073
0,0.0,0.00646809
0,0.0,0.0002834971
0,0.0,0.00028711153
0,0.0,0.00085047487
1,1.0,0.99830157
0,0.0,0.00032838917
0,0.0,0.0003824383
0,0.0,0.00025698883
0,0.0,0.00080987316
0,0.0,0.00032787584
0,0.0,0.0003383884
0,0.0,0.00032420678
0,0.0,0.00040305214
0,0.0,0.0003378984
0,0.0,0.00032875664
0,0.0,0.0003902393
0,0.0,0.00040304562
0,0.0,0.00031616734
0,0.0,0.0003368449
0,0.0,0.00040303447
0,0.0,0.000988094
0,0.0,0.0007130563
0,0.0,0.009776852
0,0.0,0.00033400304
0,0.0,0.00032421606
0,0.0,0.00039120644
0,0.0,0.00036434413
1,1.0,0.9991187
0,0.0,0.0006051458
0,0.0,0.000390876
0,0.0,0.00038587503
0,0.0,0.00029431327
1,1.0,0.99934965
0,0.0,0.00031696982
1,1.0,0.99904054
1,1.0,0.99868256
0,0.0,0.00036516876
0,0.0,0.00032243744
0,0.0,0.0005695199
0,0.0,0.00031830685
0,0.0,0.0005050443
0,0.0,0.00029548715
0,0.0,0.0003675328
0,0.0,0.0003339868
0,0.0,0.000527065
0,0.0,0.0003375605
0,0.0,0.0005817009
0,0.0,0.00036727363
0,0.0,0.0003379084
0,0.0,0.0012295359
0,0.0,0.00033755615
0,0.0,0.00038624162
0,0.0,0.00061948167
0,0.0,0.00034160345
0,0.0,0.00031309636
0,0.0,0.00032702327
0,0.0,0.00034279845
0,0.0,0.0005947083
0,0.0,0.00045783064
0,0.0,0.00033303897
0,0.0,0.000403036
0,0.0,0.00033918538
0,0.0,0.00080927496
0,0.0,0.034497473
0,0.0,0.0003191537
0,0.0,0.0003326639
1,1.0,0.99834204
0,0.0,0.00022034021
0,0.0,0.0005786595
0,0.0,0.00033302914
0,0.0,0.00022075638
0,0.0,0.00032206447
1,1.0,0.9991466
0,0.0,0.00033755598
0,0.0,0.00033905203
0,0.0,0.00033399445
0,0.0,0.00032616546
1,1.0,0.99928015
0,0.0,0.0003263689
0,0.0,0.0005153764
0,0.0,0.0003340094
0,0.0,0.00033827938
0,0.0,0.00034281088
1,1.0,0.9983935
0,0.0,0.00032164686
0,0.0,0.003152269
0,0.0,0.00033894248
0,0.0,0.0004691672
0,0.0,0.0003330539
0,0.0,0.0005145797
0,0.0,0.00022077531
0,0.0,0.00035559168
1,1.0,0.99867713
0,0.0,0.00054335856
0,0.0,0.00033420982
0,0.0,0.00035896656
0,0.0,0.00071009464
0,0.0,0.00033919443
0,0.0,0.0005782779
0,0.0,0.00031722742
0,0.0,0.0005520564
0,0.0,0.0005232751
0,0.0,0.0003696196
0,0.0,0.00033338842
0,0.0,0.00028986196
0,0.0,0.0005335974
0,0.0,0.00029488627
0,0.0,0.0003340005
0,0.0,0.0003283823
0,0.0,0.0021462156
0,0.0,0.00056856475
0,0.0,0.00033687268
0,0.0,0.00027357685
0,0.0,0.00034161142
0,0.0,0.00031916346
0,0.0,0.00037828775
1,1.0,0.99882245
0,0.0,0.00032840078
0,0.0,0.00032419505
0,0.0,0.0003160257
0,0.0,0.00031210572
1,1.0,0.99893034
0,0.0,0.00033962622
0,0.0,0.00034281056
0,0.0,0.00033243027
0,0.0,0.00029161878
0,0.0,0.00546495
0,0.0,0.00031958727
0,0.0,0.008937384
1,1.0,0.99833834
0,0.0,0.0003924918
0,0.0,0.0003338506
1,1.0,0.99929696
0,0.0,0.00053504895
0,0.0,0.0003428058
0,0.0,0.0003224313
0,0.0,0.0006645689
1,1.0,0.9983387
0,0.0,0.00034281707
0,0.0,0.0003400777
1,1.0,0.99946856
0,0.0,0.00057572295
0,0.0,0.0018244323
0,0.0,0.00038916917
0,0.0,0.00034162382
0,0.0,0.00031816118
0,0.0,0.00032839546
0,0.0,0.0005250816
0,0.0,0.00036922732
0,0.0,0.00036728554
0,0.0,0.00034282706
0,0.0,0.0003353169
1,1.0,0.99872774
1,1.0,0.9983414
0,0.0,0.0030397016
0,0.0,0.00067000726
0,0.0,0.0004333457
0,0.0,0.00033906286
0,0.0,0.00044758758
0,0.0,0.0004030341
0,0.0,0.0002845266
0,0.0,0.0006699865
0,0.0,0.00057559344
0,0.0,0.00025698025
0,0.0,0.0002569638
0,0.0,0.00053644483
0,0.0,0.00080077763
0,0.0,0.00053800526
0,0.0,0.023341073
0,0.0,0.0065547526
0,0.0,0.00039932347
0,0.0,0.00034281187
0,0.0,0.0005269018
0,0.0,0.0003213395
0,0.0,0.00033384265
1,1.0,0.99889016
0,0.0,0.0003172247
0,0.0,0.00028615945
0,0.0,0.00032126743
0,0.0,0.000287033
0,0.0,0.00032636206
0,0.0,0.0017636209
0,0.0,0.00034013626
0,0.0,0.0003375608
1,1.0,0.99947643
0,0.0,0.00055551325
0,0.0,0.0006699255
0,0.0,0.00031816302
0,0.0,0.00034296126
0,0.0,0.00034261518
0,0.0,0.00055961276
1,1.0,0.99898314
0,0.0,0.0007323264
1,1.0,0.9980898
0,0.0,0.00031916163
1,1.0,0.99922276
0,0.0,0.00060254615
0,0.0,0.0005329433
0,0.0,0.0005363893
0,0.0,0.00034296748
0,0.0,0.0009876465
0,0.0,0.0005335802
0,0.0,0.0003378965
0,0.0,0.00031832504
1,1.0,0.9985956
0,0.0,0.00030950468
0,0.0,0.001235835
0,0.0,0.00036624537
0,0.0,0.00057223527
0,0.0,0.00058234716
0,0.0,0.00032405878
1,1.0,0.9993582
0,0.0,0.00034160638
0,0.0,0.00031723196
0,0.0,0.00033790132
0,0.0,0.00038874446
0,0.0,0.00033895185
0,0.0,0.0003892465
0,0.0,0.00057003496
0,0.0,0.0010032977
0,0.0,0.0005336053
0,0.0,0.0003970825
0,0.0,0.009830845
0,0.0,0.00028688335
0,0.0,0.0005290197
0,0.0,0.0002248338
0,0.0,0.00025346526
0,0.0,0.00028394046
0,0.0,0.00021191928
0,0.0,0.0001672654
0,0.0,0.00034964303
0,0.0,0.00025953804
1,1.0,0.998458
0,0.0,0.00016726651
0,0.0,0.00026967833
0,0.0,0.00026871508
0,0.0,0.001811122
0,0.0,0.0002238475
0,0.0,0.00018030923
1,1.0,0.99840355
0,0.0,0.0002544602
0,0.0,0.00012917133
0,0.0,0.00032249652
0,0.0,0.0003498633
0,0.0,0.0002949301
0,0.0,0.00031507056
0,0.0,0.00032041315
0,0.0,0.00026707127
0,0.0,0.00022792006
0,0.0,0.00017992813
1,1.0,0.99930495
0,0.0,0.00026681495
0,0.0,0.00039281414
0,0.0,0.00035189174
0,0.0,0.00023248435
0,0.0,0.00017994031
0,0.0,0.00031141288
0,0.0,0.00087224203
0,0.0,0.00022163286
0,0.0,0.00026877248
0,0.0,0.00024838044
0,0.0,0.00022300008
0,0.0,0.0003224522
0,0.0,0.0003664058
1,1.0,0.99941736
0,0.0,0.00022428417
0,0.0,0.00026514358
0,0.0,0.0002697231
0,0.0,0.00021870657
0,0.0,0.00031899795
0,0.0,0.000375916
0,0.0,0.00022429273
0,0.0,0.00025919307
1,1.0,0.9992068
0,0.0,0.00021191807
0,0.0,0.00029578447
0,0.0,0.00036051945
0,0.0,0.00025993527
0,0.0,0.0005200692
0,0.0,0.00022533703
0,0.0,0.00021866444
0,0.0,0.000248352
0,0.0,0.0003103243
1,1.0,0.998614
1,1.0,0.99926865
0,0.0,0.00025147962
0,0.0,0.00034663192
0,0.0,0.00063319854
0,0.0,0.006485817
1,1.0,0.99927396
0,0.0,0.00023745614
0,0.0,0.00017991288
0,0.0,0.00012902777
0,0.0,0.0018618276
0,0.0,0.0002686938
0,0.0,0.0044666682
0,0.0,0.00026274583
0,0.0,0.0003754263
0,0.0,0.007110577
0,0.0,0.00026586096
1,1.0,0.99940485
0,0.0,0.00035727795
0,0.0,0.0018637743
0,0.0,0.0002563039
0,0.0,0.0002757582
0,0.0,0.0003605545
0,0.0,0.00026187577
0,0.0,0.00024914887
0,0.0,0.00026932298
1,1.0,0.9986232
0,0.0,0.00024225617
0,0.0,0.00038802117
0,0.0,0.00026967213
0,0.0,0.0004260762
0,0.0,0.00037516834
0,0.0,0.0002527917
0,0.0,0.00025120546
0,0.0,0.00026027154
0,0.0,0.00021192394
0,0.0,0.0031486226
0,0.0,0.00018845449
0,0.0,0.0002479335
0,0.0,0.0008738342
0,0.0,0.00025493518
0,0.0,0.00024062522
0,0.0,0.0006447103
0,0.0,0.00024069542
0,0.0,0.0002660613
0,0.0,0.00023340454
0,0.0,0.0004249992
0,0.0,0.00025100462
0,0.0,0.0031926197
1,1.0,0.9984379
0,0.0,0.0003605495
0,0.0,0.00037801705
1,1.0,0.9989837
0,0.0,0.00031601003
0,0.0,0.00037553205
0,0.0,0.000425124
0,0.0,0.0002541191
0,0.0,0.00036957505
0,0.0,0.0002844558
0,0.0,0.0030454786
0,0.0,0.0003150516
0,0.0,0.0002565491
0,0.0,0.0002754143
0,0.0,0.00026262912
0,0.0,0.00031508258
1,1.0,0.99951744
0,0.0,0.0002647626
0,0.0,0.0002554807
0,0.0,0.00012900529
0,0.0,0.00012884951
0,0.0,0.00023355812
0,0.0,0.00026586754
0,0.0,0.00024434275
1,1.0,0.9995513
0,0.0,0.010759787
0,0.0,0.00028278524
0,0.0,0.000316007
0,0.0,0.00023303743
0,0.0,0.0005676883
0,0.0,0.00024985592
0,0.0,0.00031032815
0,0.0,0.00025219875
0,0.0,0.00026424465
0,0.0,0.0002670588
0,0.0,0.00026586754
0,0.0,0.00042653215
1,1.0,0.9990114
0,0.0,0.0002636211
1,1.0,0.9981739
1,1.0,0.9985732
0,0.0,0.00043049548
0,0.0,0.00031483904
0,0.0,0.00026755984
0,0.0,0.00020048048
1,1.0,0.99842286
1,1.0,0.9994309
0,0.0,0.00016726206
0,0.0,0.00022424164
0,0.0,0.00022863528
0,0.0,0.0002668292
0,0.0,0.00024790867
0,0.0,0.00031895845
0,0.0,0.0014290902
0,0.0,0.00031032608
1,1.0,0.9981916
0,0.0,0.00038746596
0,0.0,0.00012901831
0,0.0,0.00036636688
0,0.0,0.0027858235
0,0.0,0.00026586448
0,0.0,0.00037554704
0,0.0,0.00024325328
1,1.0,0.9985783
0,0.0,0.00029578136
0,0.0,0.00025819195
0,0.0,0.00026760678
0,0.0,0.00029246352
0,0.0,0.0002599432
0,0.0,0.00032002942
0,0.0,0.00026772163
0,0.0,0.00041578757
0,0.0,0.00022433636
0,0.0,0.00034247214
0,0.0,0.00024883458
0,0.0,0.00024303651
1,1.0,0.99822
0,0.0,0.00032025526
0,0.0,0.00021926488
0,0.0,0.00067294587
0,0.0,0.0001288988
0,0.0,0.00023204855
0,0.0,0.00026562178
0,0.0,0.0003758827
0,0.0,0.00025164918
0,0.0,0.00026868947
0,0.0,0.00025946778
0,0.0,0.00025165855
0,0.0,0.004822515
1,1.0,0.9982135
1,1.0,0.9984574
0,0.0,0.0003587483
0,0.0,0.00026869716
0,0.0,0.00026389872
0,0.0,0.0002975704
0,0.0,0.00023695022
0,0.0,0.00078632357
0,0.0,0.00024303651
0,0.0,0.0002703
0,0.0,0.00023215188
0,0.0,0.00025147747
0,0.0,0.00026719554
0,0.0,0.00032026778
0,0.0,0.0002694072
0,0.0,0.00022427796
0,0.0,0.00021191928
0,0.0,0.00025946827
0,0.0,0.00023932196
0,0.0,0.00026713975
0,0.0,0.0017853157
0,0.0,0.0003800845
0,0.0,0.00026361155
0,0.0,0.00016727034
0,0.0,0.00022796786
1,1.0,0.99819994
1,1.0,0.9992047
0,0.0,0.00032019726
0,0.0,0.00016727974
0,0.0,0.00026864058
0,0.0,0.00023748285
1,1.0,0.9984073
0,0.0,0.0003159356
0,0.0,0.00023169348
0,0.0,0.00025113963
0,0.0,0.0002656015
0,0.0,0.0003751901
0,0.0,0.0002930413
0,0.0,0.0002619597
0,0.0,0.0032275838
0,0.0,0.00024229799
0,0.0,0.00021929751
0,0.0,0.00023607661
0,0.0,0.00029194506
0,0.0,0.00022315196
0,0.0,0.00031027192
0,0.0,0.00016726875
0,0.0,0.00026047957
0,0.0,0.00026680325
0,0.0,0.00032043055
0,0.0,0.00025164633
0,0.0,0.0002224755
0,0.0,0.000360555
0,0.0,0.00022116023
0,0.0,0.00031371787
0,0.0,0.000369583
0,0.0,0.0002543331
0,0.0,0.0004250235
0,0.0,0.0003137134
0,0.0,0.0003619167
0,0.0,0.00062074594
1,1.0,0.99929327
0,0.0,0.00043111335
0,0.0,0.0006494803
0,0.0,0.00016725821
0,0.0,0.00024847517
0,0.0,0.00026870868
0,0.0,0.00035555486
0,0.0,0.00035556336
1,1.0,0.9994601
0,0.0,0.00023211536
0,0.0,0.00025164487
0,0.0,0.00026767416
1,1.0,0.99977386
0,0.0,0.00026586498
1,1.0,0.9991032
0,0.0,0.00028334442
0,0.0,0.00024034937
0,0.0,0.0002670351
0,0.0,0.00024717278
0,0.0,0.0002672478
0,0.0,0.00021191848
1,1.0,0.99927086
0,0.0,0.00016727895
0,0.0,0.00024438187
0,0.0,0.0002541203
0,0.0,0.00024925702
1,1.0,0.99825776
0,0.0,0.00027906933
0,0.0,0.00031596818
0,0.0,0.00022866883
0,0.0,0.00022480443
0,0.0,0.00023308962
0,0.0,0.0002540643
0,0.0,0.00025269628
0,0.0,0.00022484128
1,1.0,0.99778
0,0.0,0.00083352684
0,0.0,0.0002659365
0,0.0,0.0002547899
0,0.0,0.00032306177
0,0.0,0.00024288085
0,0.0,0.00022868671
0,0.0,0.00026683303
1,1.0,0.99839616
1,1.0,0.9982
0,0.0,0.00025946036
0,0.0,0.0002594742
0,0.0,0.0002636108
0,0.0,0.0020853013
0,0.0,0.00026703408
0,0.0,0.00026686487
0,0.0,0.00032607876
0,0.0,0.00025147674
0,0.0,0.00038775604
0,0.0,0.00032076
0,0.0,0.0011034443
0,0.0,0.0002594564
1,1.0,0.9991544
1,1.0,0.9984478
0,0.0,0.0002274622
0,0.0,0.0004661077
0,0.0,0.00023236248
0,0.0,0.00025946382
0,0.0,0.0008758535
0,0.0,0.00026361304
0,0.0,0.00026274158
0,0.0,0.000233423
0,0.0,0.00026616023
0,0.0,0.00031511983
0,0.0,0.00025120066
0,0.0,0.00026684118
0,0.0,0.00022314301
0,0.0,0.00024539334
0,0.0,0.00023209037
0,0.0,0.0003603528
0,0.0,0.00023899703
0,0.0,0.00024886022
0,0.0,0.00026765093
0,0.0,0.0002242149
0,0.0,0.00025384253
0,0.0,0.0001799103
0,0.0,0.00021191241
0,0.0,0.00032446528
0,0.0,0.0002666436
0,0.0,0.00026684804
0,0.0,0.00016728451
0,0.0,0.0018611196
0,0.0,0.00025405825
0,0.0,0.000259545
0,0.0,0.00022329453
0,0.0,0.00025492208
0,0.0,0.00026174725
0,0.0,0.00026683506
0,0.0,0.0002702289
0,0.0,0.00022820491
0,0.0,0.00026868258
0,0.0,0.00022430343
0,0.0,0.00017989006
0,0.0,0.0011903176
0,0.0,0.00016724068
0,0.0,0.0018613976
0,0.0,0.0002697848
0,0.0,0.00026709825
0,0.0,0.00025147916
0,0.0,0.00025162328
0,0.0,0.00022861958
0,0.0,0.00063294993
1,1.0,0.9995144
0,0.0,0.027538855
0,0.0,0.00024937134
0,0.0,0.0002322267
0,0.0,0.00027946153
1,1.0,0.9994503
1,1.0,0.9990743
0,0.0,0.0002500804
0,0.0,0.00023744596
0,0.0,0.00026193447
1,1.0,0.9994815
0,0.0,0.00017991492
0,0.0,0.00026766802
0,0.0,0.00024304463
0,0.0,0.0002244748
0,0.0,0.00030394667
0,0.0,0.00032077442
0,0.0,0.00025179223
1,1.0,0.99840045
0,0.0,0.00064424693
0,0.0,0.00036637837
0,0.0,0.00026714688
0,0.0,0.00031374564
0,0.0,0.0008006037
0,0.0,0.00021192576
0,0.0,0.0060555707
0,0.0,0.00031594347
0,0.0,0.00022373932
0,0.0,0.00012904365
1,1.0,0.9984068
0,0.0,0.0002658422
0,0.0,0.0035259605
0,0.0,0.00028193483
0,0.0,0.00026715835
0,0.0,0.00022190987
0,0.0,0.00026597705
1,1.0,0.9993975
0,0.0,0.00018005926
0,0.0,0.0003038027
0,0.0,0.00026126055
0,0.0,0.00025920026
0,0.0,0.0015315214
0,0.0,0.0002630085
0,0.0,0.0002485079
0,0.0,0.0002687356
0,0.0,0.00031601154
0,0.0,0.00026767288
0,0.0,0.00026390274
0,0.0,0.00024995717
1,1.0,0.99821985
0,0.0,0.00025164368
0,0.0,0.00034962554
0,0.0,0.0044530127
0,0.0,0.0002599474
0,0.0,0.00026707762
0,0.0,0.0003920618
1,1.0,0.99819154
0,0.0,0.005002942
0,0.0,0.0018602818
0,0.0,0.00025878072
0,0.0,0.00026584015
0,0.0,0.00031512463
1,1.0,0.9974348
0,0.0,0.00026704834
0,0.0,0.00025147962
0,0.0,0.0011680656
1,1.0,0.9983924
0,0.0,0.00036014794
1,1.0,0.99954075
0,0.0,0.00012918278
0,0.0,0.00026382622
0,0.0,0.00024850955
0,0.0,0.0002295772
0,0.0,0.0002686992
0,0.0,0.0003274938
0,0.0,0.0001290166
0,0.0,0.00027006015
0,0.0,0.00023445461
0,0.0,0.00032063742
0,0.0,0.00022419181
0,0.0,0.00031505132
1,1.0,0.9995067
0,0.0,0.00024330869
0,0.0,0.0002480167
0,0.0,0.00032051274
0,0.0,0.00026773108
1,1.0,0.99856764
0,0.0,0.00023165571
0,0.0,0.00026586853
0,0.0,0.00022809702
0,0.0,0.00026565118
0,0.0,0.00023007988
0,0.0,0.00022510599
0,0.0,0.00037646238
0,0.0,0.0012584741
0,0.0,0.00022195622
0,0.0,0.00026704886
0,0.0,0.00026776528
0,0.0,0.0005568677
0,0.0,0.00025507525
0,0.0,0.00022500879
1,1.0,0.9993048
1,1.0,0.9984023
0,0.0,0.00026702872
0,0.0,0.0002599546
0,0.0,0.0002474279
0,0.0,0.0002472496
0,0.0,0.0002661521
0,0.0,0.00022863441
1,1.0,0.9994246
0,0.0,0.00023225838
0,0.0,0.00026106855
0,0.0,0.0003755798
0,0.0,0.000260492
1,1.0,0.9981739
0,0.0,0.0002722018
0,0.0,0.001810947
0,0.0,0.0003759601
0,0.0,0.00026561366
0,0.0,0.00025424536
0,0.0,0.00024748239
0,0.0,0.00023553928
0,0.0,0.00032036094
0,0.0,0.0008729371
0,0.0,0.00022966957
0,0.0,0.00027428177
0,0.0,0.0003136679
1,1.0,0.99837375
0,0.0,0.0002419231
0,0.0,0.0025648996
0,0.0,0.00023342812
0,0.0,0.00042656672
0,0.0,0.00037560848
0,0.0,0.00037632242
0,0.0,0.00027533135
0,0.0,0.00036635814
0,0.0,0.00035345883
1,1.0,0.9985274
0,0.0,0.00022164597
0,0.0,0.0002821021
0,0.0,0.0002677242
0,0.0,0.0002230745
0,0.0,0.00028779227
0,0.0,0.00026685366
0,0.0,0.00021175043
0,0.0,0.00035189843
0,0.0,0.000265866
0,0.0,0.0002487193
1,1.0,0.9991837
0,0.0,0.0002659882
0,0.0,0.00012904513
0,0.0,0.0002658746
1,1.0,0.99941593
0,0.0,0.00025164656
0,0.0,0.0042204484
0,0.0,0.0018610576
0,0.0,0.00022185994
0,0.0,0.0002243539
0,0.0,0.00026986428
0,0.0,0.00024812054
0,0.0,0.0011990799
0,0.0,0.0002608208
0,0.0,0.0003555871
0,0.0,0.00026184035
0,0.0,0.00026766828
0,0.0,0.0003601309
1,1.0,0.9978946
0,0.0,0.00012909708
1,1.0,0.9994171
1,1.0,0.99941766
0,0.0,0.0002658432
0,0.0,0.00026664307
0,0.0,0.0002669608
0,0.0,0.00031281143
0,0.0,0.00023222869
0,0.0,0.00042595642
0,0.0,0.0002242985
0,0.0,0.00026265168
0,0.0,0.0004264964
0,0.0,0.00064462586
0,0.0,0.00038043884
0,0.0,0.00032030715
1,1.0,0.99863267
0,0.0,0.0002604736
0,0.0,0.0002541329
0,0.0,0.00025917726
0,0.0,0.00026171727
0,0.0,0.00026663597
0,0.0,0.0003832889
1,1.0,0.99861366
0,0.0,0.00026398074
0,0.0,0.00012905891
0,0.0,0.00028996338
0,0.0,0.00024153083
0,0.0,0.00027650248
0,0.0,0.00022875782
0,0.0,0.0002273228
0,0.0,0.0002783041
0,0.0,0.00024937562
1,1.0,0.9980977
0,0.0,0.0002474534
0,0.0,0.00047018979
0,0.0,0.0004314274
0,0.0,0.00025940718
0,0.0,0.002937899
0,0.0,0.00034982574
0,0.0,0.00012897096
0,0.0,0.0044568386
0,0.0,0.0002243569
0,0.0,0.00025765193
0,0.0,0.00016726811
0,0.0,0.00025946257
0,0.0,0.00026664283
0,0.0,0.0003755635
0,0.0,0.0002658437
0,0.0,0.0002436279
0,0.0,0.00025459225
0,0.0,0.00026842268
1,1.0,0.99821514
0,0.0,0.00031304773
0,0.0,0.00039243273
0,0.0,0.0001290032
0,0.0,0.0002359758
0,0.0,0.00023687162
0,0.0,0.00036016735
0,0.0,0.00023291547
0,0.0,0.0002658731
0,0.0,0.00023613583
0,0.0,0.00026977964
0,0.0,0.0008724706
0,0.0,0.00027843204
0,0.0,0.00042501255
0,0.0,0.00027650353
0,0.0,0.00024745433
0,0.0,0.00025954598
0,0.0,0.00025995262
0,0.0,0.00022859231
0,0.0,0.00026584117
0,0.0,0.00026704656
0,0.0,0.00026599938
0,0.0,0.00026393592
1,1.0,0.9991002
0,0.0,0.00025995015
0,0.0,0.0004976573
0,0.0,0.00025478212
0,0.0,0.00026584117
0,0.0,0.00026361932
0,0.0,0.00024993165
0,0.0,0.0012633259
1,1.0,0.9993645
0,0.0,0.0010421948
0,0.0,0.00037555795
0,0.0,0.00026348588
0,0.0,0.0002428739
0,0.0,0.0003607357
0,0.0,0.00025814743
1,1.0,0.9984745
0,0.0,0.00016727943
0,0.0,0.00025827173
0,0.0,0.00046536874
0,0.0,0.000265901
0,0.0,0.00025955486
0,0.0,0.00026587007
0,0.0,0.00026948762
0,0.0,0.00038746523
1,1.0,0.9981134
0,0.0,0.00024787887
0,0.0,0.00026868714
0,0.0,0.00026827838
0,0.0,0.00027025305
0,0.0,0.0002676004
1,1.0,0.9990032
0,0.0,0.00086973235
0,0.0,0.00032604206
1,1.0,0.998224
0,0.0,0.00024329271
0,0.0,0.002371006
0,0.0,0.00026952487
0,0.0,0.00037274198
0,0.0,0.00021191685
1,1.0,0.99920285
0,0.0,0.00025432097
0,0.0,0.00026561238
0,0.0,0.0002659507
0,0.0,0.00016719617
0,0.0,0.00026365023
0,0.0,0.00012914902
0,0.0,0.00026872536
0,0.0,0.00025506064
0,0.0,0.00037511106
0,0.0,0.0003779754
0,0.0,0.0002528228
0,0.0,0.00024802002
0,0.0,0.00036081858
0,0.0,0.0002525763
0,0.0,0.00028943003
1,1.0,0.9994194
0,0.0,0.00025994718
0,0.0,0.0002950072
0,0.0,0.00022330986
0,0.0,0.00025412612
0,0.0,0.00025946158
0,0.0,0.00035559354
0,0.0,0.00028773936
0,0.0,0.00024223422
0,0.0,0.00034987662
1,1.0,0.9990933
1,1.0,0.99940735
0,0.0,0.0003102808
0,0.0,0.00025043212
1,1.0,0.9990909
1,1.0,0.9986245
0,0.0,0.00022862415
0,0.0,0.00026779514
0,0.0,0.0002656205
0,0.0,0.00025148035
1,1.0,0.99939185
0,0.0,0.00023308095
0,0.0,0.0002505415
0,0.0,0.00024798408
1,1.0,0.9995452
0,0.0,0.00026605013
0,0.0,0.00022863332
0,0.0,0.00087080617
0,0.0,0.0038146626
1,1.0,0.9994492
0,0.0,0.00026868284
0,0.0,0.002660766
0,0.0,0.00026760984
0,0.0,0.00024803542
0,0.0,0.00027351608
0,0.0,0.00026664612
0,0.0,0.00026968835
0,0.0,0.00026562787
0,0.0,0.0002499655
1,1.0,0.9984416
1,1.0,0.9990714
0,0.0,0.00026871482
0,0.0,0.0002595435
0,0.0,0.00018009532
1,1.0,0.9984011
0,0.0,0.00026586727
0,0.0,0.00025405947
0,0.0,0.0002638937
0,0.0,0.00035349777
0,0.0,0.0002594596
1,1.0,0.9997978
0,0.0,0.00036071835
0,0.0,0.001811647
0,0.0,0.00023966013
0,0.0,0.00037594666
0,0.0,0.00025954598
0,0.0,0.00024218459
0,0.0,0.0008777504
0,0.0,0.00027506793
0,0.0,0.00026316204
1,1.0,0.9994237
0,0.0,0.00022852891
0,0.0,0.00031602118
0,0.0,0.00026979018
0,0.0,0.0002541249
0,0.0,0.0003780149
0,0.0,0.00025948757
0,0.0,0.00026773335
0,0.0,0.00022328732
0,0.0,0.00025918195
0,0.0,0.00021190716
0,0.0,0.00021344626
0,0.0,0.00026586422
1,1.0,0.9992908
0,0.0,0.00025008828
0,0.0,0.00023965396
1,1.0,0.9956389
0,0.0,0.0002638977
0,0.0,0.002548491
0,0.0,0.00025424827
0,0.0,0.0002668371
1,1.0,0.9994836
0,0.0,0.00037631812
0,0.0,0.0002677188
0,0.0,0.00026547693
0,0.0,0.00031147315
1,1.0,0.9982405
0,0.0,0.00017990138
0,0.0,0.00036957065
0,0.0,0.0002828028
0,0.0,0.00031371397
0,0.0,0.00080416066
0,0.0,0.00026363187
0,0.0,0.00035695077
0,0.0,0.0002594663
0,0.0,0.00027850238
0,0.0,0.00012904673
0,0.0,0.0009734413
0,0.0,0.00026771703
0,0.0,0.0003137594
0,0.0,0.00032045986
0,0.0,0.0013751802
1,1.0,0.9977784
0,0.0,0.00026979687
0,0.0,0.00026561823
0,0.0,0.00023599493
0,0.0,0.00023975749
0,0.0,0.00012904649
0,0.0,0.00032036644
0,0.0,0.00024720767
0,0.0,0.0001672748
1,1.0,0.9992906
0,0.0,0.00025746727
0,0.0,0.0002342964
0,0.0,0.00031029855
0,0.0,0.0004311049
0,0.0,0.00026510717
0,0.0,0.00022432888
0,0.0,0.0041657495
0,0.0,0.00022213426
0,0.0,0.0014507567
1,1.0,0.9992432
0,0.0,0.00025138445
0,0.0,0.00022539656
0,0.0,0.00026686306
0,0.0,0.00024328528
0,0.0,0.00032812823
0,0.0,0.00023617453
0,0.0,0.00029236125
0,0.0,0.00026584015
0,0.0,0.00012904414
0,0.0,0.00012886315
1,1.0,0.9990046
0,0.0,0.0003248091
0,0.0,0.00022745246
1,1.0,0.9985022
1,1.0,0.9990846
0,0.0,0.00026111712
0,0.0,0.0002599608
0,0.0,0.0052863997
0,0.0,0.00021867863
0,0.0,0.00025765167
0,0.0,0.00088732626
0,0.0,0.00022408026
0,0.0,0.0012520464
1,1.0,0.9985731
0,0.0,0.0044567306
0,0.0,0.00030167238
0,0.0,0.00012903898
0,0.0,0.00022480272
0,0.0,0.00024600406
0,0.0,0.00025919257
0,0.0,0.00022419437
0,0.0,0.00026361606
0,0.0,0.00026190997
0,0.0,0.00035418945
1,1.0,0.99821365
0,0.0,0.00023470243
0,0.0,0.00039577376
1,1.0,0.99968904
0,0.0,0.00026778874
0,0.0,9.601229e-05
0,0.0,0.00022422752
0,0.0,0.0003555725
0,0.0,0.00026978942
1,1.0,0.9982153
1,1.0,0.9994203
0,0.0,0.00024845882
0,0.0,0.00038205183
1,1.0,0.99845356
0,0.0,0.00026089913
0,0.0,0.00022328306
0,0.0,0.00021200476
1,1.0,0.999304
0,0.0,0.00025954103
0,0.0,0.00042654842
0,0.0,0.0002658569
1,1.0,0.9983924
1,1.0,0.99938434
0,0.0,0.00042499718
0,0.0,0.00024985542
0,0.0,0.0005837807
0,0.0,0.00017995198
0,0.0,0.00024932143
0,0.0,0.00012891623
1,1.0,0.99858284
0,0.0,0.0002512165
1,1.0,0.9981559
0,0.0,0.0003436217
0,0.0,0.0003555288
0,0.0,0.00036013988
0,0.0,0.0003154977
0,0.0,0.00022369217
0,0.0,0.0003147976
0,0.0,0.00026271807
0,0.0,0.000129037
0,0.0,0.00027648616
0,0.0,0.00029184544
0,0.0,0.00022416595
0,0.0,0.00023456618
0,0.0,0.0006331219
0,0.0,0.00026665555
0,0.0,0.000556617
0,0.0,0.0002654982
0,0.0,0.0004306451
0,0.0,0.00025382076
0,0.0,0.00026766726
0,0.0,0.00042641303
0,0.0,0.00022745853
0,0.0,0.000331841
0,0.0,0.003472967
0,0.0,0.0002599586
0,0.0,0.00026664868
0,0.0,0.00022849078
0,0.0,0.00022863201
0,0.0,0.00022333307
0,0.0,0.00032044033
0,0.0,0.0015523349
0,0.0,0.0003206457
0,0.0,0.00034984792
0,0.0,0.00024790442
0,0.0,0.0002279557
0,0.0,0.00026773056
0,0.0,0.0002283098
0,0.0,0.0018620932
0,0.0,0.00038763482
0,0.0,0.0002344631
0,0.0,0.00022732714
0,0.0,0.00026119428
0,0.0,0.00023301409
0,0.0,0.0002599452
0,0.0,0.00026871535
0,0.0,0.0003859738
0,0.0,0.00025954252
1,1.0,0.9990029
0,0.0,0.0002670117
0,0.0,0.0002517195
0,0.0,0.00026615185
0,0.0,0.00024857183
1,1.0,0.99821997
0,0.0,0.0018615678
0,0.0,0.0002595445
0,0.0,0.0003334441
0,0.0,0.00036073156
0,0.0,0.000643421
0,0.0,0.00021781254
0,0.0,0.00026570863
0,0.0,0.00026561922
0,0.0,0.0002668315
0,0.0,0.00026872483
0,0.0,0.0002633975
0,0.0,0.00023165085
0,0.0,0.0002651577
0,0.0,0.0002818077
0,0.0,0.000375171
1,1.0,0.9991004
0,0.0,0.00026396714
0,0.0,0.0002689927
0,0.0,0.0002591916
0,0.0,0.00024036219
0,0.0,0.00023614551
0,0.0,0.00025954004
0,0.0,0.00042967286
0,0.0,0.00026195496
0,0.0,0.00052021764
1,1.0,0.99970853
0,0.0,0.00031604257
0,0.0,0.00026761543
0,0.0,0.00037561925
1,1.0,0.99853474
0,0.0,0.000305019
0,0.0,0.00024658573
0,0.0,0.00021191483
0,0.0,0.00037512754
0,0.0,0.00026376438
0,0.0,0.00026711583
0,0.0,0.00024839182
0,0.0,0.00036637456
0,0.0,0.000211849
0,0.0,0.00025507377
0,0.0,0.00016727927
0,0.0,0.00038047115
0,0.0,0.00026767133
1,1.0,0.99844843
0,0.0,0.00037562996
1,1.0,0.99840236
0,0.0,0.00025954153
0,0.0,0.00025994866
0,0.0,0.00022484256
0,0.0,0.00026272458
0,0.0,0.00028295952
0,0.0,0.0003535114
0,0.0,0.0018618444
1,1.0,0.9996207
0,0.0,0.00031143607
0,0.0,0.00022791789
0,0.0,0.00026702438
1,1.0,0.9992427
0,0.0,0.00022544815
0,0.0,0.033073086
0,0.0,0.003656376
0,0.0,0.00026589085
0,0.0,0.0002478796
0,0.0,0.003671785
0,0.0,0.0002470022
0,0.0,0.0001672705
0,0.0,0.00026856756
0,0.0,0.00024523196
0,0.0,0.00036635326
0,0.0,0.00026193872
0,0.0,0.00026202388
0,0.0,0.00020304405
0,0.0,0.0042978385
1,1.0,0.9983922
1,1.0,0.9994482
0,0.0,0.0018613695
0,0.0,0.00026362034
0,0.0,0.00026978453
0,0.0,0.00026513674
0,0.0,0.00032823082
0,0.0,0.00022444504
0,0.0,0.00022126822
0,0.0,0.00026665122
0,0.0,0.0002930209
0,0.0,0.00026683483
0,0.0,0.00026720777
0,0.0,0.00027280874
0,0.0,0.00026868386
0,0.0,0.00025246534
0,0.0,0.00032021373
0,0.0,0.00025947025
0,0.0,0.00025995114
0,0.0,0.00025411983
0,0.0,0.0002286566
0,0.0,0.00021191119
0,0.0,0.00023220106
0,0.0,0.00022800353
0,0.0,0.0030013295
0,0.0,0.00025995212
0,0.0,0.00026399182
0,0.0,0.0007440988
0,0.0,0.00026331338
0,0.0,0.00028970445
0,0.0,0.00092929637
0,0.0,0.00025995038
0,0.0,0.00026870074
0,0.0,0.00026759837
0,0.0,0.0002288287
0,0.0,0.00027421847
0,0.0,0.00034965787
1,1.0,0.9985884
0,0.0,0.00026979018
0,0.0,0.00025995064
0,0.0,0.00026389092
0,0.0,0.0002540723
0,0.0,0.0002119211
0,0.0,0.00026705064
0,0.0,0.00036073895
0,0.0,0.00012902962
0,0.0,0.00022484428
0,0.0,0.0002638972
0,0.0,0.0002541237
0,0.0,0.0011516814
0,0.0,0.0002235178
0,0.0,0.0007810907
1,1.0,0.9989626
0,0.0,0.0002499183
0,0.0,0.0001291723
0,0.0,0.0003152322
0,0.0,0.00026684118
0,0.0,0.0002599395
0,0.0,0.00026665148
0,0.0,0.00022865421
0,0.0,0.0003635168
0,0.0,0.00024680328
0,0.0,0.0001799683
0,0.0,0.00025406698
1,1.0,0.99907386
0,0.0,0.00026365553
0,0.0,0.00025995038
1,1.0,0.9995348
0,0.0,0.00026824282
0,0.0,0.00025919013
0,0.0,0.00025945937
0,0.0,0.00026773207
0,0.0,0.00033699747
0,0.0,0.00026304013
1,1.0,0.9967652
0,0.0,0.00036390516
0,0.0,0.00022853044
0,0.0,0.00024221276
0,0.0,0.00023572933
0,0.0,0.00025946728
0,0.0,0.0018597444
0,0.0,0.00022330624
0,0.0,0.00026862058
0,0.0,0.00021191807
0,0.0,0.00025936193
1,1.0,0.9981738
0,0.0,0.0020817695
0,0.0,0.00029282708
0,0.0,0.0028037452
0,0.0,0.00026402783
0,0.0,0.00023348979
0,0.0,0.00026872073
0,0.0,0.0004264964
0,0.0,0.00058921776
0,0.0,0.00025164464
0,0.0,0.00025954994
1,1.0,0.99861425
1,1.0,0.99816483
0,0.0,0.00025579467
0,0.0,0.0012404439
0,0.0,0.00022733539
0,0.0,0.00023599245
0,0.0,0.00022828544
0,0.0,0.0002597497
0,0.0,0.00026869075
0,0.0,0.00023298364
0,0.0,0.0002687179
0,0.0,0.00022863245
1,1.0,0.99840707
0,0.0,0.0002923863
0,0.0,0.00023237489
0,0.0,0.00021870845
0,0.0,0.0002531151
0,0.0,0.0002241591
0,0.0,0.0002541174
1,1.0,0.999504
0,0.0,0.00023748896
0,0.0,0.00022543546
0,0.0,0.00022839212
1,1.0,0.9994272
0,0.0,0.000254122
0,0.0,0.0002289138
1,1.0,0.998448
0,0.0,0.00022416317
0,0.0,0.00012903922
0,0.0,0.00021190837
0,0.0,0.00031373787
0,0.0,0.00026767008
0,0.0,0.000266846
0,0.0,0.0002675573
0,0.0,0.00035554232
1,1.0,0.99743176
0,0.0,0.00031375224
0,0.0,0.00026585994
0,0.0,0.00024192865
0,0.0,0.00025522168
0,0.0,0.0002697907
0,0.0,0.00026685468
0,0.0,0.0002668305
0,0.0,0.00026708806
0,0.0,0.00025418715
0,0.0,0.00026706033
0,0.0,0.0002575284
0,0.0,0.00025411838
0,0.0,0.0002591822
0,0.0,0.0003803174
0,0.0,0.00027029793
1,1.0,0.9994991
0,0.0,0.00024793565
1,1.0,0.99957377
0,0.0,0.00029002366
0,0.0,0.00025946306
0,0.0,0.00028023528
0,0.0,0.00025230768
0,0.0,0.00029521144
0,0.0,0.0002656114
0,0.0,0.0008677878
0,0.0,0.00024277806
0,0.0,0.0002516475
0,0.0,0.00022721446
0,0.0,0.00025471798
0,0.0,0.0002904221
0,0.0,0.000310248
0,0.0,0.0002759568
1,1.0,0.9982002
0,0.0,0.0045380397
0,0.0,0.004167166
0,0.0,0.00026719147
0,0.0,0.000265619
0,0.0,0.00025164583
1,1.0,0.9989057
1,1.0,0.9984009
1,1.0,0.99909353
1,1.0,0.9985679
0,0.0,0.0048317257
0,0.0,0.00017992058
0,0.0,0.00064481574
0,0.0,0.00012899397
0,0.0,0.00063276204
0,0.0,0.0002322896
0,0.0,0.00022327455
0,0.0,0.00023172951
0,0.0,0.0050402274
0,0.0,0.00026678137
0,0.0,0.00025953384
0,0.0,0.00024656527
0,0.0,0.00022448397
0,0.0,0.00026560985
0,0.0,0.0002591973
0,0.0,0.00024796845
0,0.0,0.00026361857
0,0.0,0.00026398528
0,0.0,0.00031481593
1,1.0,0.9981998
0,0.0,0.00016726492
0,0.0,0.00023172134
0,0.0,0.00025412175
0,0.0,0.0002559059
0,0.0,0.00022476884
0,0.0,0.00026389546
0,0.0,0.0003149465
1,1.0,0.99861676
0,0.0,0.00055707525
0,0.0,0.00025920544
0,0.0,0.002739894
0,0.0,0.00021192453
0,0.0,0.0011066592
0,0.0,0.00031141288
0,0.0,0.0003573532
0,0.0,0.00025913108
0,0.0,0.0027052257
0,0.0,0.00023515332
0,0.0,0.0032767518
0,0.0,0.0002651544
0,0.0,0.000268691
1,1.0,0.99926716
0,0.0,0.00035188466
0,0.0,0.00023168376
0,0.0,0.00024024352
0,0.0,0.0002862585
0,0.0,0.00035347554
0,0.0,0.0002642109
0,0.0,0.00035190347
0,0.0,0.00025406916
0,0.0,0.0002804972
0,0.0,0.00031029794
0,0.0,0.00023931694
0,0.0,0.0003605363
0,0.0,0.0002638977
0,0.0,0.00026869844
0,0.0,0.0002660532
0,0.0,0.00018009017
0,0.0,0.00026870638
0,0.0,0.00026068828
0,0.0,0.00023271766
0,0.0,0.00027558557
0,0.0,0.0002533034
0,0.0,0.0015953272
0,0.0,0.00026019165
0,0.0,0.00024221437
0,0.0,0.00021182778
0,0.0,0.00022572842
0,0.0,0.00012905276
0,0.0,0.00032602434
0,0.0,0.00031378097
0,0.0,0.00023004807
0,0.0,0.00026584117
0,0.0,0.00026389948
0,0.0,0.004455639
0,0.0,0.00025406285
0,0.0,0.00026562886
0,0.0,0.0043536318
0,0.0,0.00025953705
0,0.0,0.00036638379
0,0.0,0.0002474937
0,0.0,0.00023688334
0,0.0,0.00031031866
0,0.0,0.00032074357
0,0.0,0.00031905578
0,0.0,0.00016727144
0,0.0,0.00022465186
0,0.0,0.0027288585
0,0.0,0.0002636608
0,0.0,0.0002935449
0,0.0,0.00038763593
0,0.0,0.00023976824
0,0.0,0.00037554585
0,0.0,0.00021192069
0,0.0,0.00025147866
0,0.0,0.00025353656
0,0.0,0.00017986074
0,0.0,0.00025164537
0,0.0,0.0002564826
0,0.0,0.00024791434
0,0.0,0.004109001
0,0.0,0.0003136341
0,0.0,0.00021912779
0,0.0,0.0045720385
1,1.0,0.9997298
0,0.0,0.00032051242
0,0.0,0.0002540602
0,0.0,0.00012889573
0,0.0,0.00038744588
1,1.0,0.999657
0,0.0,0.00025918245
0,0.0,0.00025946752
1,1.0,0.9983736
0,0.0,0.0002686956
1,1.0,0.9993934
0,0.0,0.00028710358
0,0.0,0.0003663599
0,0.0,0.00038737437
1,1.0,0.99909335
0,0.0,0.00026587717
0,0.0,0.00026650887
0,0.0,0.00031901925
0,0.0,0.00023419924
0,0.0,0.00055691233
0,0.0,0.00026872536
0,0.0,0.00025399023
0,0.0,0.00022815706
0,0.0,0.00022879116
0,0.0,0.00016727559
0,0.0,0.00026859393
0,0.0,0.00036637456
0,0.0,0.00021868259
0,0.0,0.00025717777
0,0.0,0.00022333265
0,0.0,0.000244401
0,0.0,0.00025366957
0,0.0,0.00026872382
0,0.0,0.0002360037
0,0.0,0.00025060333
0,0.0,0.0002249929
0,0.0,0.00026591725
0,0.0,0.0001798453
0,0.0,0.00023689192
0,0.0,0.00035189273
0,0.0,0.00029411918
0,0.0,0.0003143361
0,0.0,0.000265162
0,0.0,0.00022330774
0,0.0,0.00012911136
0,0.0,0.00026550758
1,1.0,0.9985095
0,0.0,0.00025434548
0,0.0,0.00034984993
0,0.0,0.00026869433
0,0.0,0.00031996288
0,0.0,0.00024799898
0,0.0,0.00022791984
0,0.0,0.00023692244
0,0.0,0.00023937263
0,0.0,0.00026660238
0,0.0,0.00026584472
0,0.0,0.0041741272
0,0.0,0.00021904778
0,0.0,0.00036914667
0,0.0,0.00025164272
0,0.0,0.0003756355
0,0.0,0.0002493238
0,0.0,0.00050058943
0,0.0,0.0005206758
0,0.0,0.00026790876
0,0.0,0.0002514782
0,0.0,0.00026040507
0,0.0,0.000251477
0,0.0,0.00022654429
0,0.0,0.00025994692
0,0.0,0.00031356385
0,0.0,0.00032080134
1,1.0,0.9995017
0,0.0,0.00046525296
0,0.0,0.00012903086
0,0.0,0.0002656296
1,1.0,0.99942684
0,0.0,0.00030941796
0,0.0,0.00012900775
0,0.0,0.00026868284
0,0.0,0.0003758793
0,0.0,0.0014960627
0,0.0,0.00026562432
0,0.0,0.00021883778
0,0.0,0.00031378007
1,1.0,0.9985783
0,0.0,0.00042659562
0,0.0,0.0003436248
0,0.0,0.0002658746
0,0.0,0.00023668467
0,0.0,0.00037629122
0,0.0,0.00022125621
0,0.0,0.00024211832
0,0.0,0.00026389596
0,0.0,0.00024722016
0,0.0,0.00012905855
0,0.0,0.00041614086
0,0.0,0.00032071848
0,0.0,0.0002397664
0,0.0,0.00032036644
1,1.0,0.99839604
0,0.0,0.00025307384
0,0.0,0.00027842115
0,0.0,0.00026365527
0,0.0,0.00025947174
0,0.0,0.0002687415
0,0.0,0.00023298942
0,0.0,0.00026607062
0,0.0,0.00026873843
1,1.0,0.9993768
0,0.0,0.00022107485
1,1.0,0.9982001
0,0.0,0.00026562583
0,0.0,0.002797445
0,0.0,0.00022889875
0,0.0,0.00025292672
0,0.0,0.00023343724
0,0.0,0.0027831858
1,1.0,0.99839044
0,0.0,0.000265139
0,0.0,0.00017996503
0,0.0,0.00034244749
0,0.0,0.00029570863
1,1.0,0.99838954
0,0.0,0.00032036245
0,0.0,0.0003924346
0,0.0,0.00027891615
1,1.0,0.99845815
0,0.0,0.0003385149
0,0.0,0.00025164537
0,0.0,0.0003180954
0,0.0,0.00028010094
0,0.0,0.0002668277
0,0.0,0.0002505434
1,1.0,0.99817795
0,0.0,0.0003885549
0,0.0,0.00024221253
0,0.0,0.00025199205
0,0.0,0.00028280035
0,0.0,0.00026616533
0,0.0,0.00036072897
0,0.0,0.00023293612
0,0.0,0.00024332866
0,0.0,0.00025954153
0,0.0,0.0002638932
0,0.0,0.00025743584
0,0.0,0.00026977216
0,0.0,0.00042510757
0,0.0,0.00042655555
0,0.0,0.00036035862
1,1.0,0.99840564
0,0.0,0.0041676806
0,0.0,0.0018619364
0,0.0,0.00026603515
0,0.0,0.0002542812
0,0.0,0.00031517568
0,0.0,0.00023310319
0,0.0,0.00026978916
1,1.0,0.99821526
0,0.0,0.00063828443
0,0.0,0.00017988046
0,0.0,0.00026388967
1,1.0,0.99912065
0,0.0,0.00027337842
0,0.0,0.00026490932
0,0.0,0.0002446703
0,0.0,0.00022114758
0,0.0,0.0002518251
0,0.0,0.0003296222
0,0.0,0.00017999591
0,0.0,0.00016725934
0,0.0,0.0002573598
0,0.0,0.00023430554
0,0.0,0.00016727066
0,0.0,0.00026583814
0,0.0,0.00022493071
0,0.0,0.00021866632
0,0.0,0.00017991851
0,0.0,0.000249109
0,0.0,0.0052333134
0,0.0,0.00016728468
0,0.0,0.00030950762
0,0.0,0.00018012778
1,1.0,0.9994177
1,1.0,0.99928254
0,0.0,0.0008713432
0,0.0,0.00018000056
0,0.0,0.0045284913
0,0.0,0.00042960735
0,0.0,0.00026872382
0,0.0,0.00029280529
0,0.0,0.00026562178
0,0.0,0.0002987911
0,0.0,0.0003098711
0,0.0,0.000267715
0,0.0,0.00021192271
0,0.0,0.00022800961
0,0.0,0.000259545
1,1.0,0.9993043
0,0.0,0.00055684836
1,1.0,0.9990303
0,0.0,0.00026978995
0,0.0,0.0003555854
0,0.0,0.00017962525
0,0.0,0.00029529195
1,1.0,0.9996619
0,0.0,0.00032025954
0,0.0,0.00026393868
0,0.0,0.00023597153
0,0.0,0.00050064287
0,0.0,0.00029148397
1,1.0,0.9984014
0,0.0,0.00026390576
0,0.0,0.004466655
0,0.0,0.00037520265
0,0.0,0.00026389846
0,0.0,0.0002658726
0,0.0,0.00023006498
0,0.0,0.00018008519
0,0.0,0.00063339586
0,0.0,0.0002677234
0,0.0,0.00025079245
0,0.0,0.0003755576
0,0.0,0.00021179789
0,0.0,0.000263901
0,0.0,0.00029442835
0,0.0,0.0002636206
0,0.0,0.001860861
0,0.0,0.00024152645
0,0.0,0.00022353524
0,0.0,0.0002756218
0,0.0,0.00022422816
0,0.0,0.000274952
0,0.0,0.00025412056
0,0.0,0.00042455216
0,0.0,0.00030830456
0,0.0,0.0002606117
0,0.0,0.00026594562
0,0.0,0.00025946283
0,0.0,0.00024999934
1,1.0,0.9990665
0,0.0,0.00025116332
0,0.0,0.000311431
0,0.0,0.00026979123
0,0.0,0.00026302683
0,0.0,0.00026381368
0,0.0,0.00026707203
0,0.0,0.00034984844
0,0.0,0.0002599509
0,0.0,0.00031144675
0,0.0,0.0002637991
0,0.0,0.00031508348
0,0.0,0.00064494176
1,1.0,0.999325
0,0.0,0.004165277
0,0.0,0.0003756135
0,0.0,0.0002599514
0,0.0,0.0002697835
0,0.0,0.00018000604
0,0.0,0.00026979353
0,0.0,0.00025994642
0,0.0,0.00038745068
0,0.0,0.00025055677
0,0.0,0.00025912665
1,1.0,0.99878144
0,0.0,0.00037405908
0,0.0,0.0002814184
0,0.0,0.0039458997
0,0.0,0.00031060286
0,0.0,0.0008756157
1,1.0,0.99659115
0,0.0,0.00032012034
0,0.0,0.00026456226
0,0.0,0.0002658754
1,1.0,0.99950415
0,0.0,0.0003752053
0,0.0,0.00022073154
0,0.0,0.00025225838
0,0.0,0.0008686574
0,0.0,0.00026703713
0,0.0,0.00087321666
0,0.0,0.00022797917
0,0.0,0.00037632493
1,1.0,0.998531
0,0.0,0.20107763
0,0.0,0.0041956482
0,0.0,0.00016724913
0,0.0,0.00023299697
0,0.0,0.0002774119
0,0.0,0.00026715835
0,0.0,0.00026683888
0,0.0,0.00027650458
0,0.0,0.00022276079
0,0.0,0.0002661346
0,0.0,0.00026585336
0,0.0,0.00022119819
0,0.0,0.00026048828
0,0.0,0.00027651066
0,0.0,0.00026586954
0,0.0,0.0004998113
0,0.0,0.00036955337
0,0.0,0.00025304948
0,0.0,0.004489053
0,0.0,0.0002505496
1,1.0,0.99921507
0,0.0,0.0002686065
0,0.0,0.00028111943
0,0.0,0.00037653308
0,0.0,0.00022491849
0,0.0,0.000249728
1,1.0,0.9994728
1,1.0,0.9993151
0,0.0,0.004475589
0,0.0,0.00031373248
0,0.0,0.0003505878
0,0.0,0.0002599556
0,0.0,0.00025717926
0,0.0,0.0002542931
0,0.0,0.00049983227
1,1.0,0.9976027
0,0.0,0.00022356721
0,0.0,0.00026705547
0,0.0,0.0003102672
0,0.0,0.0032758177
0,0.0,0.0006440244
0,0.0,0.000267207
1,1.0,0.99997866
0,0.0,0.0002656162
0,0.0,0.0002510508
0,0.0,0.00026869355
0,0.0,0.00055662123
0,0.0,0.0002393594
0,0.0,0.00031367657
0,0.0,0.0006328386
0,0.0,0.00025922054
0,0.0,0.0002342812
0,0.0,0.00032371635
0,0.0,0.00026868435
1,1.0,0.99817383
0,0.0,0.00026868688
0,0.0,0.0002676711
1,1.0,0.9988646
1,1.0,0.9984804
0,0.0,0.00024945717
0,0.0,0.00026866441
0,0.0,0.00012916849
0,0.0,0.00025994988
0,0.0,0.00016726827
1,1.0,0.9981649
1,1.0,0.99931514
0,0.0,0.00029501814
0,0.0,0.00023747401
0,0.0,0.0002533348
1,1.0,0.99854416
0,0.0,0.00028020696
0,0.0,0.00026572056
0,0.0,0.00038763296
0,0.0,0.00012888282
0,0.0,0.00031029174
1,1.0,0.999157
1,1.0,0.99858177
0,0.0,0.00037549392
0,0.0,0.0003196437
0,0.0,0.0019852521
0,0.0,0.0044612773
0,0.0,0.00022119988
0,0.0,0.00018016985
0,0.0,0.00044595383
1,1.0,0.9981309
0,0.0,0.0002599452
0,0.0,0.0002472374
0,0.0,0.00016726795
0,0.0,0.00041315338
0,0.0,0.00023205807
0,0.0,0.00025663868
0,0.0,0.00023306983
0,0.0,0.00021192251
0,0.0,0.00026584094
0,0.0,0.00025765388
0,0.0,0.00026824922
0,0.0,0.00021192028
0,0.0,0.00022332923
0,0.0,0.00024065987
0,0.0,0.00021191685
0,0.0,0.0006437799
0,0.0,0.00034365442
0,0.0,0.0041166246
0,0.0,0.00025918987
0,0.0,0.00026134748
0,0.0,0.0002775362
0,0.0,0.0002443793
1,1.0,0.99920464
0,0.0,0.0003231733
0,0.0,0.00024930478
0,0.0,0.00024631387
0,0.0,0.00022793612
1,1.0,0.9993803
0,0.0,0.00023415525
1,1.0,0.99909365
1,1.0,0.9984476
0,0.0,0.00026709316
0,0.0,0.00025529275
0,0.0,0.00037551968
0,0.0,0.00023577543
0,0.0,0.0002694545
0,0.0,0.00022852718
0,0.0,0.0002782911
0,0.0,0.00025918146
0,0.0,0.00031590794
0,0.0,0.00026978916
0,0.0,0.00032025282
0,0.0,0.00026684653
0,0.0,0.00026870074
0,0.0,0.0006330018
0,0.0,0.0002697866
0,0.0,0.00025115494
0,0.0,0.0003228866
0,0.0,0.00026772547
0,0.0,0.00023348043
0,0.0,0.00026120152
0,0.0,0.00026586247
0,0.0,0.00034125356
0,0.0,0.00026631734
0,0.0,0.00025946778
0,0.0,0.00021191726
0,0.0,0.0002636118
0,0.0,0.0004158081
0,0.0,0.0057489276
0,0.0,0.000251477
0,0.0,0.000259544
1,1.0,0.99817353
0,0.0,0.00012897822
0,0.0,0.00043161112
0,0.0,0.00025945986
0,0.0,0.00012915567
0,0.0,0.00024010842
1,1.0,0.99945813
0,0.0,0.0002697871
0,0.0,0.00026389898
0,0.0,0.00025918343
0,0.0,0.00024220698
1,1.0,0.9995141
0,0.0,0.0002480101
0,0.0,0.00034962487
0,0.0,0.00025919234
0,0.0,0.00025107784
0,0.0,0.00026586754
1,1.0,0.99821997
0,0.0,0.00026115993
0,0.0,0.00068551657
0,0.0,0.0002668315
0,0.0,0.00028525724
0,0.0,0.00025947447
0,0.0,0.00034985828
0,0.0,0.0001291638
0,0.0,0.00026640497
1,1.0,0.99839044
0,0.0,0.00036055362
0,0.0,0.0002666906
0,0.0,0.00024019911
0,0.0,0.00034246038
0,0.0,0.00026361254
0,0.0,0.00043106524
0,0.0,0.00025412175
0,0.0,0.00031097262
0,0.0,0.00031367448
0,0.0,0.00023019707
0,0.0,0.00025646717
0,0.0,0.0002238744
0,0.0,0.0003927894
0,0.0,0.0002401375
0,0.0,0.00025918864
0,0.0,0.00025994345
0,0.0,0.0011786097
0,0.0,0.00032838105
0,0.0,0.00024069587
0,0.0,0.00022745937
0,0.0,0.00026773108
0,0.0,0.00025148204
0,0.0,0.0002484728
1,1.0,0.9989143
0,0.0,0.00025995163
0,0.0,0.00023306627
0,0.0,0.00022332903
0,0.0,0.00027919892
1,1.0,0.99930906
0,0.0,0.0002943641
0,0.0,0.00026587007
0,0.0,0.00024992236
0,0.0,0.00022481859
0,0.0,0.0026196502
0,0.0,0.00024242277
0,0.0,0.005398155
1,1.0,0.9981702
0,0.0,0.0002479623
0,0.0,0.00026767032
1,1.0,0.9994253
0,0.0,0.00031512073
0,0.0,0.0002658688
0,0.0,0.00024035144
0,0.0,0.00034667307
1,1.0,0.9981706
0,0.0,0.00026587106
0,0.0,0.00025474493
1,1.0,0.9994926
0,0.0,0.00037629265
0,0.0,0.0006280938
0,0.0,0.0002491508
0,0.0,0.00026773207
0,0.0,0.0002516413
0,0.0,0.00025995114
0,0.0,0.00027525495
0,0.0,0.00031972412
0,0.0,0.00026685695
0,0.0,0.0002658759
0,0.0,0.00025440656
1,1.0,0.998733
1,1.0,0.99817365
0,0.0,0.0018094331
0,0.0,0.00042502777
0,0.0,0.0002641278
0,0.0,0.00026390376
0,0.0,0.0002103904
0,0.0,0.00021191666
0,0.0,0.00022129818
0,0.0,0.00042500164
0,0.0,0.00037509034
0,0.0,0.00016726476
0,0.0,0.00016725757
0,0.0,0.00036017303
0,0.0,0.00038797717
0,0.0,0.00038763147
0,0.0,0.0050152144
0,0.0,0.00307525
0,0.0,0.0002639088
0,0.0,0.00026587083
0,0.0,0.00027628063
0,0.0,0.00023935483
0,0.0,0.00026766598
1,1.0,0.9985612
0,0.0,0.0002541191
0,0.0,0.00017970541
0,0.0,0.00022546813
0,0.0,0.0001801319
0,0.0,0.00024801126
0,0.0,0.0017473374
0,0.0,0.00025215428
0,0.0,0.00026978838
1,1.0,0.99962085
0,0.0,0.0003729595
0,0.0,0.00042507882
0,0.0,0.00025164345
0,0.0,0.00026566282
0,0.0,0.00026871715
0,0.0,0.000315222
1,1.0,0.9987113
0,0.0,0.0003757426
1,1.0,0.9981501
0,0.0,0.00025148058
1,1.0,0.99950546
0,0.0,0.00032728718
0,0.0,0.00032040794
0,0.0,0.0003601488
0,0.0,0.00026562304
0,0.0,0.0006435676
0,0.0,0.00031139923
0,0.0,0.00026584015
0,0.0,0.00024389355
1,1.0,0.9985533
0,0.0,0.00022837121
0,0.0,0.0008770691
0,0.0,0.00026596437
0,0.0,0.0003759072
0,0.0,0.00032069246
0,0.0,0.00026755934
1,1.0,0.99918234
0,0.0,0.000267728
0,0.0,0.00025412466
0,0.0,0.0002658422
0,0.0,0.00027007097
0,0.0,0.00026681853
0,0.0,0.00028120814
0,0.0,0.00037802538
0,0.0,0.0005202365
0,0.0,0.00039279653
0,0.0,0.00024932143
0,0.0,0.004722126
0,0.0,0.00018008519
0,0.0,0.00031896695
0,0.0,0.00012967916
0,0.0,0.00020415368
0,0.0,0.00021310037
0,0.0,9.597027e-05
0,0.0,0.00013576096
0,0.0,0.00023740271
0,0.0,0.00019026434
1,1.0,0.99892294
0,0.0,0.00013576394
0,0.0,0.00019806498
0,0.0,0.00019762867
0,0.0,0.0006327485
0,0.0,0.000114443545
0,0.0,0.00015711176
1,1.0,0.99896485
0,0.0,0.00015401612
0,0.0,6.693147e-05
0,0.0,0.00019831993
0,0.0,0.0002369353
0,0.0,0.00018562037
0,0.0,0.00020446497
0,0.0,0.00016141695
0,0.0,0.00018828386
0,0.0,0.00011737791
0,0.0,0.00015669373
1,1.0,0.9996509
0,0.0,0.00019566741
0,0.0,0.00025649703
0,0.0,0.00023600055
0,0.0,0.0001304598
0,0.0,0.00015662741
0,0.0,0.00020310485
0,0.0,0.0005110072
0,0.0,0.00012752147
0,0.0,0.0001976882
0,0.0,0.00014624528
0,0.0,0.00011404982
0,0.0,0.0001762581
0,0.0,0.00023458565
1,1.0,0.999706
0,0.0,0.00012890996
0,0.0,0.00019677615
0,0.0,0.00016676582
0,0.0,0.00012718218
0,0.0,0.00020913137
0,0.0,0.00025402632
0,0.0,0.00012958993
0,0.0,0.00018954097
1,1.0,0.99961185
0,0.0,9.5969444e-05
0,0.0,0.00018802515
0,0.0,0.00020242877
0,0.0,0.00019042095
0,0.0,0.000595379
0,0.0,0.00012836595
0,0.0,0.00012718145
0,0.0,0.0001690888
0,0.0,0.00020308471
1,1.0,0.9991498
1,1.0,0.999513
0,0.0,0.00018159568
0,0.0,0.0001424999
0,0.0,0.00073045294
0,0.0,0.0025676168
1,1.0,0.9995181
0,0.0,0.00012064206
0,0.0,0.0001564865
0,0.0,6.683311e-05
0,0.0,0.0006496438
0,0.0,0.00019736917
0,0.0,0.0020034236
0,0.0,0.00013926774
0,0.0,0.00030239226
0,0.0,0.0024531356
0,0.0,0.00019700987
1,1.0,0.99974406
0,0.0,0.00019839538
0,0.0,0.0006498317
0,0.0,0.00019414205
0,0.0,0.00017226281
0,0.0,0.00023215786
0,0.0,0.00020191562
0,0.0,0.00016972929
0,0.0,0.00016663405
1,1.0,0.99901485
0,0.0,0.00013469021
0,0.0,0.00018402096
0,0.0,0.00019806292
0,0.0,0.00027495885
0,0.0,0.00025464344
0,0.0,0.0001833444
0,0.0,0.00015007777
0,0.0,0.00020114296
0,0.0,9.597329e-05
0,0.0,0.0012621606
0,0.0,0.00014210504
0,0.0,0.00014761732
0,0.0,0.00051218393
0,0.0,0.00019513979
0,0.0,0.00012092308
0,0.0,0.00043132977
0,0.0,0.000120932986
0,0.0,0.00018597061
0,0.0,0.00011570112
0,0.0,0.00027602102
0,0.0,0.00019617648
0,0.0,0.002096185
1,1.0,0.9989609
0,0.0,0.00020232784
0,0.0,0.00025519493
1,1.0,0.99937785
0,0.0,0.00020691549
0,0.0,0.0002562609
0,0.0,0.00027600364
0,0.0,0.00018439157
0,0.0,0.00023118331
0,0.0,0.00016961685
0,0.0,0.0021970228
0,0.0,0.00020446205
0,0.0,0.00019275592
0,0.0,0.00017251463
0,0.0,0.00013926839
0,0.0,0.0002045067
1,1.0,0.999813
0,0.0,0.0001995407
0,0.0,0.00018620909
0,0.0,6.681769e-05
0,0.0,6.6710985e-05
0,0.0,0.00011557123
0,0.0,0.00019701305
0,0.0,0.00019251512
1,1.0,0.9998244
0,0.0,0.004915747
0,0.0,0.00017050008
0,0.0,0.00020691805
0,0.0,0.00011833654
0,0.0,0.00028585756
0,0.0,0.00019039155
0,0.0,0.00020310176
0,0.0,0.00019373304
0,0.0,0.00020417607
0,0.0,0.00018827865
0,0.0,0.00019701531
0,0.0,0.00027512637
1,1.0,0.9993935
0,0.0,0.00019479735
1,1.0,0.9988411
1,1.0,0.9990811
0,0.0,0.0003005281
0,0.0,0.00020482244
0,0.0,0.00019603885
0,0.0,0.00010091203
1,1.0,0.9990636
1,1.0,0.9997744
0,0.0,0.00013575914
0,0.0,0.00012955866
0,0.0,0.00012936546
0,0.0,0.00019567451
0,0.0,0.00016851469
0,0.0,0.00020916449
0,0.0,0.0004652887
0,0.0,0.00020309401
1,1.0,0.9988164
0,0.0,0.0001810269
0,0.0,6.6826615e-05
0,0.0,0.00023457379
0,0.0,0.0022910761
0,0.0,0.00019701099
0,0.0,0.00025614607
0,0.0,0.00012141227
1,1.0,0.99907964
0,0.0,0.00018802048
0,0.0,0.00020360084
0,0.0,0.00019667317
0,0.0,0.00017663835
0,0.0,0.00019043185
0,0.0,0.00016125233
0,0.0,0.00019671443
0,0.0,0.00022344725
0,0.0,0.00012891168
0,0.0,0.0001577275
0,0.0,0.00012440055
0,0.0,0.00018840705
1,1.0,0.998843
0,0.0,0.00016139925
0,0.0,0.00012546175
0,0.0,0.00043338723
0,0.0,6.674472e-05
0,0.0,0.000118042735
0,0.0,0.00019684894
0,0.0,0.00025626333
0,0.0,0.00018176042
0,0.0,0.00019736653
0,0.0,0.00018967837
0,0.0,0.00018177065
0,0.0,0.0034041908
1,1.0,0.9988468
1,1.0,0.9989228
0,0.0,0.0002004713
0,0.0,0.00019736786
0,0.0,0.00019497424
0,0.0,0.00018960712
0,0.0,0.00013568914
0,0.0,0.0004841663
0,0.0,0.00018622667
0,0.0,0.00016541539
0,0.0,0.00013312428
0,0.0,0.00018159325
0,0.0,0.00018825174
0,0.0,0.00016157447
0,0.0,0.00017053666
0,0.0,0.00012958597
0,0.0,9.597036e-05
0,0.0,0.00018967855
0,0.0,0.00013419474
0,0.0,0.00014174885
0,0.0,0.0016876903
0,0.0,0.00025141414
0,0.0,0.00019478975
0,0.0,0.00013576265
0,0.0,0.000117382944
1,1.0,0.99882376
1,1.0,0.99951553
0,0.0,0.00016142572
0,0.0,0.00013576756
0,0.0,0.0001973037
0,0.0,0.00013332233
1,1.0,0.99895823
0,0.0,0.00020687899
0,0.0,0.00011673443
0,0.0,0.00019390933
0,0.0,0.00019682775
0,0.0,0.0002561937
0,0.0,0.00018933846
0,0.0,0.00013849647
0,0.0,0.0010159551
0,0.0,0.00018453809
0,0.0,0.00012546858
0,0.0,0.00011947924
0,0.0,0.0001764313
0,0.0,0.00011463369
0,0.0,0.00020303669
0,0.0,0.00013576394
0,0.0,0.00013601987
0,0.0,0.00018801064
0,0.0,0.00016175237
0,0.0,0.00018175782
0,0.0,0.00012588658
0,0.0,0.00023216938
0,0.0,0.0001270222
0,0.0,0.00020691528
0,0.0,0.00023118728
0,0.0,0.00020658785
0,0.0,0.0002760192
0,0.0,0.00020690523
0,0.0,0.00025959595
0,0.0,0.00025323266
1,1.0,0.99953973
0,0.0,0.00030072243
0,0.0,0.00042042587
0,0.0,0.0001357607
0,0.0,0.00016914912
0,0.0,0.0001976281
0,0.0,0.00023581408
0,0.0,0.00023581294
1,1.0,0.99975836
0,0.0,0.00011799726
0,0.0,0.00018175661
0,0.0,0.00019608803
1,1.0,0.9998451
0,0.0,0.0001970125
1,1.0,0.9994592
0,0.0,0.00017379518
0,0.0,0.00013391124
0,0.0,0.00014170547
0,0.0,0.00014582516
0,0.0,0.00016972523
0,0.0,9.59699e-05
1,1.0,0.9994877
0,0.0,0.00013577598
0,0.0,0.0001215624
0,0.0,0.00018439438
0,0.0,0.00016992359
1,1.0,0.9988219
0,0.0,0.00021982653
0,0.0,0.00020690345
0,0.0,0.0001300348
0,0.0,0.00012818849
0,0.0,0.000118348165
0,0.0,0.00018442744
0,0.0,0.00019996273
0,0.0,0.00012968696
1,1.0,0.9989145
0,0.0,0.00055034587
0,0.0,0.0001857583
0,0.0,0.0001540772
0,0.0,0.0002137544
0,0.0,0.00018965322
0,0.0,0.00012937472
0,0.0,0.00019568327
1,1.0,0.9989684
1,1.0,0.9988238
0,0.0,0.0001896704
0,0.0,0.00018968558
0,0.0,0.00019478882
0,0.0,0.002143483
0,0.0,0.0001879791
0,0.0,0.0001880542
0,0.0,0.00018096065
0,0.0,0.00018159325
0,0.0,0.00018397569
0,0.0,0.00016171503
0,0.0,0.00093448797
0,0.0,0.00018966624
1,1.0,0.99959123
1,1.0,0.9989275
0,0.0,0.00013279401
0,0.0,0.00025842592
0,0.0,0.000117730895
0,0.0,0.00018967403
0,0.0,0.00051300036
0,0.0,0.00019479067
0,0.0,0.0001392879
0,0.0,0.00011570311
0,0.0,0.00014015444
0,0.0,0.00020453888
0,0.0,0.00015005443
0,0.0,0.00018804308
0,0.0,0.00011458867
0,0.0,0.00018979398
0,0.0,0.00011828747
0,0.0,0.00023540996
0,0.0,0.00019963355
0,0.0,0.00019463137
0,0.0,0.00019607456
0,0.0,0.00012955631
0,0.0,0.00015340874
0,0.0,0.000156787
0,0.0,9.5965785e-05
0,0.0,0.0002039494
0,0.0,0.00019531476
0,0.0,0.00019569522
0,0.0,0.00013577002
0,0.0,0.00064957817
0,0.0,0.00018442322
0,0.0,0.00019027232
0,0.0,0.00011463478
0,0.0,0.0001540681
0,0.0,0.00013675765
0,0.0,0.00019567955
0,0.0,0.00016132538
0,0.0,0.00011607309
0,0.0,0.00019736278
0,0.0,0.00012891045
0,0.0,0.00015673484
0,0.0,0.0006287137
0,0.0,0.0001357312
0,0.0,0.0006495621
0,0.0,0.00019810788
0,0.0,0.00018829697
0,0.0,0.00018159463
0,0.0,0.00019895479
0,0.0,0.0001300281
0,0.0,0.0007301527
1,1.0,0.99981
0,0.0,0.048147574
0,0.0,0.00014762364
0,0.0,0.00011756655
0,0.0,0.00022599804
1,1.0,0.9994261
1,1.0,0.99945676
0,0.0,0.00017027701
0,0.0,0.00013330874
0,0.0,0.00013699141
1,1.0,0.99968445
0,0.0,0.00015671944
0,0.0,0.00019608485
0,0.0,0.0001816459
0,0.0,0.00012512114
0,0.0,0.00019014193
0,0.0,0.00016178784
0,0.0,0.00018178798
1,1.0,0.99895996
0,0.0,0.00043133553
0,0.0,0.00023457893
0,0.0,0.00014173452
0,0.0,0.00020693365
0,0.0,0.00048466123
0,0.0,9.597466e-05
0,0.0,0.0035024846
0,0.0,0.000206878
0,0.0,0.00011441135
0,0.0,6.684401e-05
1,1.0,0.9989339
0,0.0,0.000194742
0,0.0,0.0014934686
0,0.0,0.00021927617
0,0.0,0.00014175683
0,0.0,0.00020373755
0,0.0,0.00018577618
1,1.0,0.9997385
0,0.0,0.00015684441
0,0.0,0.00021038658
0,0.0,0.00020849706
0,0.0,0.00018954946
0,0.0,0.0013776334
0,0.0,0.00013765844
0,0.0,0.00019488095
0,0.0,0.00019764394
0,0.0,0.00020689951
0,0.0,0.00019608915
0,0.0,0.00019498038
0,0.0,0.00019645876
1,1.0,0.99884313
0,0.0,0.00018175643
0,0.0,0.00023738437
0,0.0,0.0020083534
0,0.0,0.00019043656
0,0.0,0.00018828422
0,0.0,0.0002523012
1,1.0,0.9988164
0,0.0,0.001978583
0,0.0,0.00065017893
0,0.0,0.00019458962
0,0.0,0.0001947394
0,0.0,0.00020450767
1,1.0,0.9989032
0,0.0,0.00018826159
0,0.0,0.0001815955
0,0.0,0.0008857495
1,1.0,0.99896604
0,0.0,0.00023398586
1,1.0,0.9997967
0,0.0,6.693925e-05
0,0.0,0.00020868043
0,0.0,0.00014890662
0,0.0,0.00012908182
0,0.0,0.00019736991
0,0.0,0.00016563067
0,0.0,6.682553e-05
0,0.0,0.00016106732
0,0.0,0.000115521434
0,0.0,0.00016177967
0,0.0,0.00012955976
0,0.0,0.00020444745
1,1.0,0.9998116
0,0.0,0.000121439945
0,0.0,0.00016861016
0,0.0,0.00016150362
0,0.0,0.00019672698
1,1.0,0.99908346
0,0.0,0.000116770934
0,0.0,0.00019701495
0,0.0,0.00013000776
0,0.0,0.0001968557
0,0.0,0.00013166403
0,0.0,0.00011504544
0,0.0,0.00026729747
0,0.0,0.00032867643
0,0.0,0.00020598304
0,0.0,0.00018799487
0,0.0,0.00019617834
0,0.0,0.00038964953
0,0.0,0.00019287964
0,0.0,0.00011506256
1,1.0,0.9996506
1,1.0,0.99896556
0,0.0,0.00018799074
0,0.0,0.0001904442
0,0.0,0.00014790599
0,0.0,0.00014765475
0,0.0,0.0001401491
0,0.0,0.0001169111
1,1.0,0.99971426
0,0.0,0.00011756958
0,0.0,0.00021092185
0,0.0,0.00025628216
0,0.0,0.00013602272
1,1.0,0.99884105
0,0.0,0.00022536433
0,0.0,0.00063275726
0,0.0,0.0002540367
0,0.0,0.00019683993
0,0.0,0.00018458224
0,0.0,0.00014790529
0,0.0,0.00011654556
0,0.0,0.00016148883
0,0.0,0.00051068974
0,0.0,0.00012922639
0,0.0,0.00018067632
0,0.0,0.00020690857
1,1.0,0.9989726
0,0.0,0.00018595111
0,0.0,0.0011450986
0,0.0,0.000115705094
0,0.0,0.00027513242
0,0.0,0.00025627555
0,0.0,0.0002563408
0,0.0,0.00017251908
0,0.0,0.00023457021
0,0.0,0.00023590068
1,1.0,0.9989485
0,0.0,0.00012751794
0,0.0,0.00022055734
0,0.0,0.0001967174
0,0.0,0.00011461314
0,0.0,0.00017359594
0,0.0,0.00018804308
0,0.0,9.585786e-05
0,0.0,0.00023600775
0,0.0,0.00019701362
0,0.0,0.00014901799
1,1.0,0.9995144
0,0.0,0.00014026796
0,0.0,6.684503e-05
0,0.0,0.00019702452
1,1.0,0.99970555
0,0.0,0.00018175937
0,0.0,0.0015280567
0,0.0,0.0006499788
0,0.0,0.00012544346
0,0.0,0.00012891574
0,0.0,0.00018136034
0,0.0,0.00016873833
0,0.0,0.00092599215
0,0.0,0.00013542984
0,0.0,0.00023581857
0,0.0,0.00013696411
0,0.0,0.0001960843
0,0.0,0.00023397872
1,1.0,0.99907064
0,0.0,6.6880544e-05
1,1.0,0.9997105
1,1.0,0.9997108
0,0.0,0.00019474275
0,0.0,0.0001953101
0,0.0,0.00019577266
0,0.0,0.00022269643
0,0.0,0.00011757317
0,0.0,0.0002749342
0,0.0,0.00012963466
0,0.0,0.00015223525
0,0.0,0.00027511435
0,0.0,0.0004315317
0,0.0,0.00025150407
0,0.0,0.00016149314
1,1.0,0.9991447
0,0.0,0.00013602103
0,0.0,0.00018440353
0,0.0,0.00018952342
0,0.0,0.0001367094
0,0.0,0.00019531214
0,0.0,0.00042718425
1,1.0,0.9991498
0,0.0,0.00015181718
0,0.0,6.685447e-05
0,0.0,0.0001850249
0,0.0,0.00018233932
0,0.0,0.00017472134
0,0.0,0.00013005018
0,0.0,0.00013267352
0,0.0,0.00018883655
0,0.0,0.00014762378
1,1.0,0.9987713
0,0.0,0.0001478864
0,0.0,0.00044697104
0,0.0,0.0003007766
0,0.0,0.00018960495
0,0.0,0.0024096086
0,0.0,0.0002369258
0,0.0,6.6794186e-05
0,0.0,0.0027468682
0,0.0,0.0001802068
0,0.0,0.00018829176
0,0.0,0.00013576109
0,0.0,0.00018967403
0,0.0,0.0001953129
0,0.0,0.00025614828
0,0.0,0.00019474498
0,0.0,0.00018927638
0,0.0,0.00015397058
0,0.0,0.00016080753
1,1.0,0.9988179
0,0.0,0.00020257414
0,0.0,0.0002523854
0,0.0,6.6816225e-05
0,0.0,0.00011944358
0,0.0,0.0001356542
0,0.0,0.00023398564
0,0.0,0.00011831577
0,0.0,0.00019702077
0,0.0,0.00011949166
0,0.0,0.00019810259
0,0.0,0.0005111812
0,0.0,0.00018041431
0,0.0,0.00027600708
0,0.0,0.00017303257
0,0.0,0.00014792278
0,0.0,0.00019027304
0,0.0,0.0001904422
0,0.0,0.00011690574
0,0.0,0.0001947394
0,0.0,0.00018826715
0,0.0,0.00014027303
0,0.0,0.00019498839
1,1.0,0.99946237
0,0.0,0.00019043656
0,0.0,0.00027817866
0,0.0,0.00020877455
0,0.0,0.00019474034
0,0.0,0.00019479809
0,0.0,0.00017009447
0,0.0,0.00063497736
1,1.0,0.9996505
0,0.0,0.0005655707
0,0.0,0.0002561495
0,0.0,0.00015269917
0,0.0,0.00018729406
0,0.0,0.00023550019
0,0.0,0.00020524707
1,1.0,0.9990021
0,0.0,0.00013578725
0,0.0,0.00016884359
0,0.0,0.00025832048
0,0.0,0.00019702846
0,0.0,0.00019028175
0,0.0,0.00019701757
0,0.0,0.00016673878
0,0.0,0.000259156
1,1.0,0.99876463
0,0.0,0.00016850777
0,0.0,0.00019736352
0,0.0,0.00016054185
0,0.0,0.00016131585
0,0.0,0.00019666698
1,1.0,0.9993987
0,0.0,0.00050852454
0,0.0,0.00018091439
1,1.0,0.99880105
0,0.0,0.00018718212
0,0.0,0.00097317144
0,0.0,0.00016675373
0,0.0,0.00018399271
0,0.0,9.596862e-05
1,1.0,0.9994724
0,0.0,0.0002048201
0,0.0,0.00019683862
0,0.0,0.00018576096
0,0.0,0.00013571203
0,0.0,0.00020094955
0,0.0,6.691634e-05
0,0.0,0.00019763621
0,0.0,0.00020521888
0,0.0,0.0002546364
0,0.0,0.0002552027
0,0.0,0.00020217936
0,0.0,0.00016862365
0,0.0,0.00020250771
0,0.0,0.00019388122
0,0.0,0.0001778935
1,1.0,0.9997099
0,0.0,0.00019043693
0,0.0,0.00018703725
0,0.0,0.000114680704
0,0.0,0.00018439614
0,0.0,0.00018967186
0,0.0,0.00023583477
0,0.0,0.0001736158
0,0.0,0.00018636308
0,0.0,0.00023764707
1,1.0,0.999466
1,1.0,0.99969053
0,0.0,0.00020305373
0,0.0,0.00019118817
1,1.0,0.99947846
1,1.0,0.99936163
0,0.0,0.00011691154
0,0.0,0.00017693368
0,0.0,0.00019684613
0,0.0,0.0001815955
1,1.0,0.9996332
0,0.0,0.000118384734
0,0.0,0.00014946867
0,0.0,0.00014763391
1,1.0,0.999738
0,0.0,0.00018597009
0,0.0,0.00012937323
0,0.0,0.00050954125
0,0.0,0.0024999282
1,1.0,0.9997199
0,0.0,0.00019736297
0,0.0,0.0019209711
0,0.0,0.00019667599
0,0.0,0.00019071551
0,0.0,0.00017796188
0,0.0,0.00019531438
0,0.0,0.00019807501
0,0.0,0.00019685269
0,0.0,0.00015056368
1,1.0,0.99899477
1,1.0,0.9994611
0,0.0,0.00019762848
0,0.0,0.00019027051
0,0.0,0.00015693298
1,1.0,0.99893653
0,0.0,0.00019701588
0,0.0,0.00018442393
0,0.0,0.00019496997
0,0.0,0.0002359189
0,0.0,0.00018967004
1,1.0,0.9998827
0,0.0,0.00023549885
0,0.0,0.0006327617
0,0.0,0.00013604567
0,0.0,0.00025402682
0,0.0,0.00019027323
0,0.0,0.00018727637
0,0.0,0.00051599724
0,0.0,0.00017236138
0,0.0,0.0001948804
1,1.0,0.9997097
0,0.0,0.00013222695
0,0.0,0.00020691568
0,0.0,0.00019811468
0,0.0,0.00015358246
0,0.0,0.0002552027
0,0.0,0.00019020247
0,0.0,0.00019672772
0,0.0,0.00011467393
0,0.0,0.00018952921
0,0.0,9.596231e-05
0,0.0,0.00017631258
0,0.0,0.00019701231
1,1.0,0.99955565
0,0.0,0.00017025933
0,0.0,0.00013600274
1,1.0,0.99832445
0,0.0,0.00019497424
0,0.0,0.00092446
0,0.0,0.00018458506
0,0.0,0.00019567955
1,1.0,0.9995135
0,0.0,0.00025633202
0,0.0,0.00019671199
0,0.0,0.00020629259
0,0.0,0.00020314437
1,1.0,0.99882936
0,0.0,0.00015677085
0,0.0,0.00023118198
0,0.0,0.00019041204
0,0.0,0.00020689891
0,0.0,0.00053842267
0,0.0,0.00019481053
0,0.0,0.00020147332
0,0.0,0.00018967639
0,0.0,0.00017052446
0,0.0,6.684618e-05
0,0.0,0.00032053594
0,0.0,0.0001878191
0,0.0,0.00020696069
0,0.0,0.00016146497
0,0.0,0.0013295056
1,1.0,0.9989143
0,0.0,0.0001981196
0,0.0,0.00019684444
0,0.0,0.00011661004
0,0.0,0.0001360545
0,0.0,6.684599e-05
0,0.0,0.00020953236
0,0.0,0.00014586297
0,0.0,0.00013577196
1,1.0,0.9995365
0,0.0,0.00018763689
0,0.0,0.00013454659
0,0.0,0.0002031037
0,0.0,0.0003007273
0,0.0,0.00015840995
0,0.0,0.00012891427
0,0.0,0.0027851346
0,0.0,0.00012544956
0,0.0,0.00058271916
1,1.0,0.9995061
0,0.0,0.00015017153
0,0.0,0.00012839166
0,0.0,0.00018805402
0,0.0,0.00012141945
0,0.0,0.00025753994
0,0.0,0.00011950236
0,0.0,0.00018402288
0,0.0,0.0001947396
0,0.0,6.684446e-05
0,0.0,6.67204e-05
1,1.0,0.9993978
0,0.0,0.00017737658
0,0.0,0.00013279021
1,1.0,0.999051
1,1.0,0.9994629
0,0.0,0.00020575339
0,0.0,0.00019044947
0,0.0,0.0023822202
0,0.0,0.0001272438
0,0.0,0.00018829247
0,0.0,0.0006914383
0,0.0,0.0001295484
0,0.0,0.0005104931
1,1.0,0.999081
0,0.0,0.0020102216
0,0.0,0.0001861791
0,0.0,6.684089e-05
0,0.0,0.00011436009
0,0.0,0.00018623481
0,0.0,0.00018953934
0,0.0,0.000129561
0,0.0,0.00019479476
0,0.0,0.00013700197
0,0.0,0.00023928453
1,1.0,0.99884695
0,0.0,0.000115575305
0,0.0,0.00025653467
1,1.0,0.9997978
0,0.0,0.00014245574
0,0.0,6.639328e-05
0,0.0,0.00012955483
0,0.0,0.00023581115
0,0.0,0.00019811204
1,1.0,0.998818
1,1.0,0.9997652
0,0.0,0.0001488998
0,0.0,0.00021579277
1,1.0,0.9990607
0,0.0,0.00020313817
0,0.0,0.00011466737
0,0.0,9.602721e-05
1,1.0,0.99976367
0,0.0,0.0001902676
0,0.0,0.00027511592
0,0.0,0.00019700629
1,1.0,0.99896604
1,1.0,0.99974877
0,0.0,0.00027601313
0,0.0,0.0001494088
0,0.0,0.00030302975
0,0.0,0.00015678207
0,0.0,0.00014761365
0,0.0,6.675681e-05
1,1.0,0.99907756
0,0.0,0.00015007591
1,1.0,0.9988468
0,0.0,0.00015774643
0,0.0,0.0002358053
0,0.0,0.00023398631
0,0.0,0.00020001481
0,0.0,0.00012801442
0,0.0,0.00020476269
0,0.0,0.0001392761
0,0.0,6.683942e-05
0,0.0,0.00017470134
0,0.0,0.00021571173
0,0.0,0.00012955656
0,0.0,0.00014459851
0,0.0,0.00073035934
0,0.0,0.00019531923
0,0.0,0.00038958865
0,0.0,0.00019679077
0,0.0,0.00030059114
0,0.0,0.00020227383
0,0.0,0.00019608335
0,0.0,0.00027510096
0,0.0,0.00013279174
0,0.0,0.00018242592
0,0.0,0.0013519389
0,0.0,0.00019044474
0,0.0,0.00019531308
0,0.0,0.00013222329
0,0.0,0.00011691221
0,0.0,0.0001277034
0,0.0,0.00016153365
0,0.0,0.0013219217
0,0.0,0.00016158556
0,0.0,0.0002369353
0,0.0,0.0001685097
0,0.0,0.00013068641
0,0.0,0.0001967266
0,0.0,0.00011609545
0,0.0,0.0006495392
0,0.0,0.00025883177
0,0.0,0.0001155243
0,0.0,0.00013267656
0,0.0,0.00019928683
0,0.0,0.000117189695
0,0.0,0.00019043403
0,0.0,0.00019762981
0,0.0,0.00018376637
0,0.0,0.00019026906
1,1.0,0.9994069
0,0.0,0.00016391394
0,0.0,0.00018179389
0,0.0,0.00014014388
0,0.0,0.000182937
1,1.0,0.99884313
0,0.0,0.0006496004
0,0.0,0.00019027086
0,0.0,0.000261424
0,0.0,0.000235493
0,0.0,0.00042999492
0,0.0,0.00016332512
0,0.0,0.00015308405
0,0.0,0.00019684425
0,0.0,0.00018802658
0,0.0,0.00019763941
0,0.0,0.00021465038
0,0.0,0.000116767704
0,0.0,0.00021184777
0,0.0,0.00019402677
0,0.0,0.00025607672
1,1.0,0.9994625
0,0.0,0.00020193141
0,0.0,0.00015521383
0,0.0,0.0001895397
0,0.0,0.00013394111
0,0.0,0.00011949757
0,0.0,0.00019026651
0,0.0,0.00030028578
0,0.0,0.00020464014
0,0.0,0.0005955827
1,1.0,0.9997821
0,0.0,0.00020690818
0,0.0,0.00019668086
0,0.0,0.00025628973
1,1.0,0.9989473
0,0.0,0.00019166838
0,0.0,0.00019903561
0,0.0,9.596752e-05
0,0.0,0.00025461044
0,0.0,0.00015277768
0,0.0,0.00018831296
0,0.0,0.00019252577
0,0.0,0.00023456663
0,0.0,9.592352e-05
0,0.0,0.0002006702
0,0.0,0.00013577378
0,0.0,0.00025150672
0,0.0,0.00019608503
1,1.0,0.99892735
0,0.0,0.00025628044
1,1.0,0.9989656
0,0.0,0.0001902676
0,0.0,0.00019043802
0,0.0,0.000113557035
0,0.0,0.00013926667
0,0.0,0.00016896534
0,0.0,0.0002359227
0,0.0,0.000649559
1,1.0,0.9998203
0,0.0,0.00020312036
0,0.0,0.00013068492
0,0.0,0.00018825551
1,1.0,0.9995209
0,0.0,0.000114437644
0,0.0,0.018142838
0,0.0,0.0023961891
0,0.0,0.00019701682
0,0.0,0.00016848494
0,0.0,0.0023248983
0,0.0,0.0002005193
0,0.0,0.00013576135
0,0.0,0.00019731496
0,0.0,0.0001946453
0,0.0,0.00023456842
0,0.0,0.00013696488
0,0.0,0.00020185247
0,0.0,0.00018519237
0,0.0,0.0025990638
1,1.0,0.998966
1,1.0,0.999689
0,0.0,0.0006495624
0,0.0,0.00019479588
0,0.0,0.00019810958
0,0.0,0.00015842581
0,0.0,0.00020691489
0,0.0,0.000113068534
0,0.0,0.00012703662
0,0.0,0.00019531736
0,0.0,0.00019511596
0,0.0,0.00019567974
0,0.0,0.00018825944
0,0.0,0.00022688365
0,0.0,0.00019736165
0,0.0,0.00019537978
0,0.0,0.00016137124
0,0.0,0.00018967746
0,0.0,0.0001904402
0,0.0,0.00018439192
0,0.0,0.00011691132
0,0.0,9.596487e-05
0,0.0,0.00011831284
0,0.0,0.0001168966
0,0.0,0.0013377399
0,0.0,0.00019044003
0,0.0,0.00020481113
0,0.0,0.0005654837
0,0.0,0.00015262768
0,0.0,0.00018521093
0,0.0,0.00055846927
0,0.0,0.00019043947
0,0.0,0.0001973752
0,0.0,0.00019666435
0,0.0,0.00012810453
0,0.0,0.00020863922
0,0.0,0.00023741245
1,1.0,0.9990746
0,0.0,0.00019811468
0,0.0,0.00019043784
0,0.0,0.00019496719
0,0.0,0.000153528
0,0.0,9.597146e-05
0,0.0,0.00018800024
0,0.0,0.0002024917
0,0.0,6.683445e-05
0,0.0,0.00011355812
0,0.0,0.00019497574
0,0.0,0.00018439736
0,0.0,0.0009758077
0,0.0,0.00011394601
0,0.0,0.0005162546
1,1.0,0.99959433
0,0.0,0.00017008862
0,0.0,6.6932225e-05
0,0.0,0.0002394169
0,0.0,0.00018802586
0,0.0,0.00019042549
0,0.0,0.00019531531
0,0.0,0.00012936053
0,0.0,0.00023330662
0,0.0,0.00017826026
0,0.0,0.0001569032
0,0.0,0.00018443166
1,1.0,0.9994566
0,0.0,0.00019480794
0,0.0,0.00019043947
1,1.0,0.9998083
0,0.0,0.00019766636
0,0.0,0.0001895379
0,0.0,0.00018966969
0,0.0,0.00019672548
0,0.0,0.00034484937
0,0.0,0.0001377011
1,1.0,0.9979356
0,0.0,0.00023341278
0,0.0,0.00012935227
0,0.0,0.00018190868
0,0.0,0.0001165689
0,0.0,0.00018967819
0,0.0,0.00064948347
0,0.0,0.00011463238
0,0.0,0.00019759813
0,0.0,9.5969444e-05
0,0.0,0.0002114986
1,1.0,0.99884105
0,0.0,0.002139692
0,0.0,0.00017680433
0,0.0,0.002427413
0,0.0,0.00014009379
0,0.0,0.00011577552
0,0.0,0.00019763282
0,0.0,0.0002751193
0,0.0,0.00025527496
0,0.0,0.00018175608
0,0.0,0.00019027668
1,1.0,0.99914986
1,1.0,0.99884665
0,0.0,0.00018625631
0,0.0,0.0005057404
0,0.0,0.00013267543
0,0.0,0.000116612595
0,0.0,0.00011753314
0,0.0,0.00019698526
0,0.0,0.00019736748
0,0.0,0.00011832333
0,0.0,0.00019763451
0,0.0,0.00011691054
1,1.0,0.99893385
0,0.0,0.00017669327
0,0.0,0.00013095397
0,0.0,0.00012685395
0,0.0,0.00015059629
0,0.0,0.00012956817
0,0.0,0.00018439085
1,1.0,0.99980855
0,0.0,0.00013332245
0,0.0,0.00011443557
0,0.0,0.00013219593
1,1.0,0.9997134
0,0.0,0.00018439561
0,0.0,0.00013081955
1,1.0,0.9989277
0,0.0,0.00012952482
0,0.0,6.684102e-05
0,0.0,9.596304e-05
0,0.0,0.00020692515
0,0.0,0.00019608579
0,0.0,0.00018803231
0,0.0,0.00019603566
0,0.0,0.00023581272
1,1.0,0.99883443
0,0.0,0.0002069222
0,0.0,0.00019700818
0,0.0,0.00018596087
0,0.0,0.00019289473
0,0.0,0.00019811373
0,0.0,0.0001880603
0,0.0,0.0001956788
0,0.0,0.00018829374
0,0.0,0.00015353854
0,0.0,0.00018827344
0,0.0,0.00019135012
0,0.0,0.00018439138
0,0.0,0.00018952957
0,0.0,0.00030151245
0,0.0,0.00017803401
1,1.0,0.9997833
0,0.0,0.00016853123
1,1.0,0.9998159
0,0.0,0.0001823501
0,0.0,0.00018967276
0,0.0,0.00017635156
0,0.0,0.00019847334
0,0.0,0.00018138663
0,0.0,0.00019683843
0,0.0,0.00040780223
0,0.0,0.0001920877
0,0.0,0.00018175851
0,0.0,0.00012857225
0,0.0,0.00015407398
0,0.0,0.00018390028
0,0.0,0.00020302665
0,0.0,0.00021677003
1,1.0,0.99882394
0,0.0,0.0027384823
0,0.0,0.0027852657
0,0.0,0.00014174033
0,0.0,0.0001968448
0,0.0,0.00018175782
1,1.0,0.9994478
1,1.0,0.9989364
1,1.0,0.99946606
1,1.0,0.99908334
0,0.0,0.0026461054
0,0.0,0.00015680195
0,0.0,0.00043208041
0,0.0,6.681005e-05
0,0.0,0.0007299244
0,0.0,0.00013098707
0,0.0,0.000114669994
0,0.0,0.00011673476
0,0.0,0.0038359659
0,0.0,0.00019541981
0,0.0,0.0001902598
0,0.0,0.00019766674
0,0.0,0.00011307738
0,0.0,0.0001968347
0,0.0,0.00018954475
0,0.0,0.0001476384
0,0.0,0.00019479365
0,0.0,0.000138094
0,0.0,0.00020476758
1,1.0,0.9988237
0,0.0,0.00013576135
0,0.0,0.00011673576
0,0.0,0.00020509017
0,0.0,0.0001982662
0,0.0,0.00012894218
0,0.0,0.00019497517
0,0.0,0.0002049078
1,1.0,0.99900645
0,0.0,0.000389722
0,0.0,0.00018955307
0,0.0,0.0012393238
0,0.0,9.597402e-05
0,0.0,0.00043915727
0,0.0,0.00020308974
0,0.0,0.00019840995
0,0.0,0.00018946524
0,0.0,0.0012159605
0,0.0,0.000119071374
0,0.0,0.00103961
0,0.0,0.00013950578
0,0.0,0.00019737048
1,1.0,0.99953926
0,0.0,0.00023600033
0,0.0,0.00011672641
0,0.0,0.00013389884
0,0.0,0.0001749584
0,0.0,0.00023591304
0,0.0,0.00020511716
0,0.0,0.00023600415
0,0.0,0.00018443166
0,0.0,0.00020895498
0,0.0,0.00020305005
0,0.0,0.00013420242
0,0.0,0.00023215786
0,0.0,0.00019498057
0,0.0,0.00019737067
0,0.0,0.000185977
0,0.0,0.00015673664
0,0.0,0.00019737048
0,0.0,0.00020440864
0,0.0,0.00013363519
0,0.0,0.00017286009
0,0.0,0.00018340297
0,0.0,0.0006159907
0,0.0,0.00015831256
0,0.0,0.00013467339
0,0.0,9.5909425e-05
0,0.0,0.00011488965
0,0.0,6.685033e-05
0,0.0,0.00018089903
0,0.0,0.00020696029
0,0.0,0.00011619535
0,0.0,0.000194742
0,0.0,0.0001949843
0,0.0,0.0019966527
0,0.0,0.0001844248
0,0.0,0.00019685645
0,0.0,0.0026728802
0,0.0,0.00019026379
0,0.0,0.0002345711
0,0.0,0.00014790685
0,0.0,0.00013565834
0,0.0,0.00020311493
0,0.0,0.0001617249
0,0.0,0.00020917846
0,0.0,0.00013576316
0,0.0,0.000114816605
0,0.0,0.0012335458
0,0.0,0.00019481183
0,0.0,0.00018636663
0,0.0,0.00025883352
0,0.0,0.00011810927
0,0.0,0.0002561544
0,0.0,9.597128e-05
0,0.0,0.00018159498
0,0.0,0.00020042427
0,0.0,0.00015669792
0,0.0,0.00018175696
0,0.0,0.00019836532
0,0.0,0.00014758579
0,0.0,0.0014855661
0,0.0,0.00015746
0,0.0,0.00012750845
0,0.0,0.0027453285
1,1.0,0.9998307
0,0.0,0.00020962207
0,0.0,0.00018442533
0,0.0,6.674255e-05
0,0.0,0.00025914467
1,1.0,0.99983513
0,0.0,0.0001895303
0,0.0,0.00018967765
1,1.0,0.99897254
0,0.0,0.00019736862
1,1.0,0.99963343
0,0.0,0.00021108078
0,0.0,0.00023456887
0,0.0,0.000182491
1,1.0,0.99946606
0,0.0,0.00019702547
0,0.0,0.00021830156
0,0.0,0.00020916648
0,0.0,0.000115498195
0,0.0,0.000389693
0,0.0,0.00019763263
0,0.0,0.00018449637
0,0.0,0.00013001173
0,0.0,0.0001300477
0,0.0,0.00013577973
0,0.0,0.00019758174
0,0.0,0.00023457916
0,0.0,0.00012725181
0,0.0,0.00018746716
0,0.0,0.00011464396
0,0.0,0.00012156704
0,0.0,0.00020451723
0,0.0,0.00019763377
0,0.0,0.00011702575
0,0.0,0.00019169947
0,0.0,0.00012558492
0,0.0,0.00018573829
0,0.0,0.00015657395
0,0.0,0.00013567775
0,0.0,0.00023599943
0,0.0,0.00021392424
0,0.0,0.00019652263
0,0.0,0.00013954873
0,0.0,0.00011463478
0,0.0,6.689043e-05
0,0.0,0.00019679715
1,1.0,0.9990493
0,0.0,0.00015399144
0,0.0,0.0002369423
0,0.0,0.00019736953
0,0.0,0.00016134045
0,0.0,0.00016861304
0,0.0,0.00013068592
0,0.0,0.00013565757
0,0.0,0.0001342266
0,0.0,0.00014102811
0,0.0,0.00019474424
0,0.0,0.0015095135
0,0.0,0.00012507998
0,0.0,0.00020439597
0,0.0,0.00018175505
0,0.0,0.00025234645
0,0.0,0.00014758663
0,0.0,0.00031194507
0,0.0,0.0002603487
0,0.0,0.00014248985
0,0.0,0.00018159377
0,0.0,0.00019639282
0,0.0,0.00018159325
0,0.0,0.00013146883
0,0.0,0.00019043566
0,0.0,0.0001573923
0,0.0,0.0001618062
1,1.0,0.9998173
0,0.0,0.00025828526
0,0.0,6.683528e-05
0,0.0,0.00019685682
1,1.0,0.99971336
0,0.0,0.00019920725
0,0.0,6.6819346e-05
0,0.0,0.00019736653
0,0.0,0.00025402583
0,0.0,0.0015932862
0,0.0,0.00019685176
0,0.0,0.00012643827
0,0.0,0.00020690465
1,1.0,0.99907964
0,0.0,0.0002751248
0,0.0,0.00015774794
0,0.0,0.00019702208
0,0.0,0.00010483866
0,0.0,0.00025633886
0,0.0,9.871951e-05
0,0.0,0.00018684276
0,0.0,0.00019496941
0,0.0,0.00014587438
0,0.0,6.685428e-05
0,0.0,0.00024783402
0,0.0,0.00016177274
0,0.0,0.00018701512
0,0.0,0.00020954934
1,1.0,0.99896836
0,0.0,0.00015057919
0,0.0,0.00021133856
0,0.0,0.00019480589
0,0.0,0.00018968
0,0.0,0.00019740833
0,0.0,0.00013148539
0,0.0,0.00018597842
0,0.0,0.00019764432
1,1.0,0.99966896
0,0.0,0.00012699992
1,1.0,0.99882394
0,0.0,0.00019684988
0,0.0,0.0015375672
0,0.0,0.00013082042
0,0.0,0.00019152516
0,0.0,0.000115768235
0,0.0,0.0010832677
1,1.0,0.99896973
0,0.0,0.00015842688
0,0.0,0.00015679224
0,0.0,0.00015771395
0,0.0,0.00018795059
1,1.0,0.99896985
0,0.0,0.00016150546
0,0.0,0.00025227835
0,0.0,0.00020993073
1,1.0,0.9989228
0,0.0,0.00015516958
0,0.0,0.00018175764
0,0.0,0.00020511971
0,0.0,0.0002275353
0,0.0,0.00019567563
0,0.0,0.00014944459
1,1.0,0.99882203
0,0.0,0.00025803669
0,0.0,0.00013468225
0,0.0,0.00017208878
0,0.0,0.00016896293
0,0.0,0.00014014923
0,0.0,0.00023549952
0,0.0,0.00011830235
0,0.0,0.00018212786
0,0.0,0.00019026852
0,0.0,0.00019496793
0,0.0,0.0002118914
0,0.0,0.00019810561
0,0.0,0.00027600443
0,0.0,0.00027512637
0,0.0,0.00023541332
1,1.0,0.9989622
0,0.0,0.002785312
0,0.0,0.0006496624
0,0.0,0.00014012237
0,0.0,0.00021540323
0,0.0,0.00020456834
0,0.0,0.00011834828
0,0.0,0.00019811392
1,1.0,0.998818
0,0.0,0.00026166163
0,0.0,0.00015656231
0,0.0,0.00019496644
1,1.0,0.9996501
0,0.0,0.00021106952
0,0.0,0.00013874813
0,0.0,0.00018137626
0,0.0,0.00012700669
0,0.0,0.00020113663
0,0.0,0.00020344132
0,0.0,0.0001568127
0,0.0,0.00013574607
0,0.0,0.00017212456
0,0.0,0.00013450913
0,0.0,0.00013576238
0,0.0,0.00019473792
0,0.0,0.00012970922
0,0.0,0.00012725643
0,0.0,0.00015677924
0,0.0,0.00014888107
0,0.0,0.0040780683
0,0.0,0.00013577042
0,0.0,0.00019926918
0,0.0,0.00015697234
1,1.0,0.99970603
1,1.0,0.99964297
0,0.0,0.0005113035
0,0.0,0.00015669642
0,0.0,0.0016434186
0,0.0,0.00030028663
0,0.0,0.0001976364
0,0.0,0.00017675459
0,0.0,0.00019684706
0,0.0,0.00018924262
0,0.0,0.00019078079
0,0.0,0.00019670674
0,0.0,9.5972646e-05
0,0.0,0.00013000627
0,0.0,0.00019026978
1,1.0,0.9996504
0,0.0,0.00038967148
1,1.0,0.99939317
0,0.0,0.00019811316
0,0.0,0.00023583072
0,0.0,0.00015693088
0,0.0,0.00021577819
1,1.0,0.99976635
0,0.0,0.00022056197
0,0.0,0.00013805844
0,0.0,0.00011660582
0,0.0,0.00031194062
0,0.0,0.00018326555
1,1.0,0.9989365
0,0.0,0.00019498578
0,0.0,0.0020034227
0,0.0,0.00025619345
0,0.0,0.00019497407
0,0.0,0.00019702133
0,0.0,0.00011619646
0,0.0,0.00015694331
0,0.0,0.0007306907
0,0.0,0.00019671721
0,0.0,0.00019016041
0,0.0,0.00025615317
0,0.0,9.58895e-05
0,0.0,0.00019498187
0,0.0,0.00023623626
0,0.0,0.00019479773
0,0.0,0.00064951536
0,0.0,0.00017764114
0,0.0,0.00011395058
0,0.0,0.00017289123
0,0.0,0.00012888528
0,0.0,0.00022659506
0,0.0,0.00018439331
0,0.0,0.00027589814
0,0.0,0.00021838653
0,0.0,0.00016694654
0,0.0,0.0001857599
0,0.0,0.00018967276
0,0.0,0.00015057948
1,1.0,0.9994621
0,0.0,0.00019090362
0,0.0,0.00020309846
0,0.0,0.00019811468
0,0.0,0.00013765266
0,0.0,0.00015278392
0,0.0,0.00018829625
0,0.0,0.00023692829
0,0.0,0.00019043748
0,0.0,0.0002031281
0,0.0,0.00020865853
0,0.0,0.00020447707
0,0.0,0.0004314159
1,1.0,0.99979
0,0.0,0.0027850908
0,0.0,0.00025627066
0,0.0,0.00019044039
0,0.0,0.00019810788
0,0.0,0.00015683095
0,0.0,0.00019811752
0,0.0,0.00019043547
0,0.0,0.00025914985
0,0.0,0.00019065604
0,0.0,0.00018946144
1,1.0,0.99901116
0,0.0,0.00026499468
0,0.0,0.00021492524
0,0.0,0.0014750467
0,0.0,0.00019383669
0,0.0,0.00051316374
1,1.0,0.99773365
0,0.0,0.00016132677
0,0.0,0.00021465325
0,0.0,0.00019702189
1,1.0,0.99981534
0,0.0,0.0002560782
0,0.0,9.9240126e-05
0,0.0,0.00015149356
0,0.0,0.0005079262
0,0.0,0.00018825907
0,0.0,0.0005108246
0,0.0,0.00013073925
0,0.0,0.00025634788
1,1.0,0.9989541
0,0.0,0.07627254
0,0.0,0.0015080789
0,0.0,0.00013574684
0,0.0,0.000118323675
0,0.0,0.00018750025
0,0.0,0.00014176196
0,0.0,0.0001880212
0,0.0,0.00017304957
0,0.0,0.00011331711
0,0.0,0.00014014749
0,0.0,0.00019700405
0,0.0,0.00012744465
0,0.0,0.0001360196
0,0.0,0.00017303653
0,0.0,0.00019701644
0,0.0,0.00031168142
0,0.0,0.00023117008
0,0.0,0.00015056123
0,0.0,0.001558548
0,0.0,0.00014944258
1,1.0,0.99951
0,0.0,0.0001975921
0,0.0,0.00021350123
0,0.0,0.00020096276
0,0.0,0.00012970837
0,0.0,0.00012475967
1,1.0,0.9996483
1,1.0,0.9996506
0,0.0,0.0015981703
0,0.0,0.00020694213
0,0.0,0.00023901797
0,0.0,0.00019044474
0,0.0,0.00018746931
0,0.0,0.00015359344
0,0.0,0.00031170485
1,1.0,0.99838555
0,0.0,0.00011395948
0,0.0,0.00018827972
0,0.0,0.0002030549
0,0.0,0.0027013975
0,0.0,0.00043105052
0,0.0,0.00018825372
1,1.0,0.99995524
0,0.0,0.00019684105
0,0.0,0.00019379954
0,0.0,0.00019736917
0,0.0,0.00038957177
0,0.0,0.00013419922
0,0.0,0.00020689951
0,0.0,0.00073001767
0,0.0,0.00020283584
0,0.0,0.00013449951
0,0.0,0.00020346305
0,0.0,0.00019736691
1,1.0,0.99884105
0,0.0,0.00019736541
0,0.0,0.00019608784
1,1.0,0.99966955
1,1.0,0.99895674
0,0.0,0.00014886232
0,0.0,0.00019735223
0,0.0,6.692961e-05
0,0.0,0.00019043838
0,0.0,0.00013576265
1,1.0,0.9988467
1,1.0,0.99965066
0,0.0,0.00018706311
0,0.0,0.00013330593
0,0.0,0.00019762
1,1.0,0.99897826
0,0.0,0.0001796023
0,0.0,0.00019468967
0,0.0,0.0002588303
0,0.0,6.6733766e-05
0,0.0,0.00020305759
1,1.0,0.9994602
1,1.0,0.99899
0,0.0,0.00025613583
0,0.0,0.00016133738
0,0.0,0.0016013392
0,0.0,0.0020135266
0,0.0,0.0001269952
0,0.0,0.00015695812
0,0.0,0.00026143147
1,1.0,0.99883115
0,0.0,0.0001904342
0,0.0,0.00014765869
0,0.0,0.00013576484
0,0.0,0.00022203664
0,0.0,0.00011798151
0,0.0,0.00021123905
0,0.0,0.000118335636
0,0.0,9.597238e-05
0,0.0,0.00019473977
0,0.0,0.00018829571
0,0.0,0.00016051813
0,0.0,9.597091e-05
0,0.0,0.00011464047
0,0.0,0.000120938064
0,0.0,9.596862e-05
0,0.0,0.00043057775
0,0.0,0.00015776508
0,0.0,0.0027802507
0,0.0,0.00018953824
0,0.0,0.00020699186
0,0.0,0.00022641731
0,0.0,0.00012156704
1,1.0,0.9995155
0,0.0,0.00017685101
0,0.0,0.00014918289
0,0.0,0.0001461679
0,0.0,0.00013067943
1,1.0,0.99966097
0,0.0,0.00013446066
1,1.0,0.99945676
1,1.0,0.9989276
0,0.0,0.00018830181
0,0.0,0.0001861878
0,0.0,0.00025616123
0,0.0,0.00012129134
0,0.0,0.00016674673
0,0.0,0.00013217374
0,0.0,0.00018578504
0,0.0,0.00018952957
0,0.0,0.000206878
0,0.0,0.00019811241
0,0.0,0.00016142495
0,0.0,0.00018804164
0,0.0,0.00019737481
0,0.0,0.00073021423
0,0.0,0.0001981111
0,0.0,0.00015003185
0,0.0,0.00017611195
0,0.0,0.00019671985
0,0.0,0.00011577441
0,0.0,0.00019929482
0,0.0,0.00019700892
0,0.0,0.00019570958
0,0.0,0.0001633974
0,0.0,0.00018967783
0,0.0,9.59689e-05
0,0.0,0.00019478863
0,0.0,0.00022344873
0,0.0,0.0020471262
0,0.0,0.00018159325
0,0.0,0.00019026833
1,1.0,0.9988407
0,0.0,6.679922e-05
0,0.0,0.0003008099
0,0.0,0.00018966987
0,0.0,6.6920875e-05
0,0.0,0.00013389514
1,1.0,0.9998129
0,0.0,0.00019811241
0,0.0,0.000194975
0,0.0,0.00018953138
0,0.0,0.0001346983
1,1.0,0.99981
0,0.0,0.00016862687
0,0.0,0.00023739366
0,0.0,0.00018954078
0,0.0,0.0001992914
0,0.0,0.00019701644
1,1.0,0.99884313
0,0.0,0.00020610151
0,0.0,0.00027258854
0,0.0,0.0001956773
0,0.0,0.0002134874
0,0.0,0.00018968542
0,0.0,0.00023693597
0,0.0,6.692636e-05
0,0.0,0.00022335246
1,1.0,0.9989697
0,0.0,0.0002321614
0,0.0,0.00019535498
0,0.0,0.00015540309
0,0.0,0.00015772147
0,0.0,0.00019478993
0,0.0,0.00030074018
0,0.0,0.00018439455
0,0.0,0.00019785624
0,0.0,0.00020690582
0,0.0,0.00018558676
0,0.0,0.00020107317
0,0.0,0.00012825461
0,0.0,0.00025650926
0,0.0,0.00018779258
0,0.0,0.00018953717
0,0.0,0.00019043221
0,0.0,0.00062187813
0,0.0,0.00022206799
0,0.0,0.00012093437
0,0.0,0.00013279148
0,0.0,0.00019672717
0,0.0,0.00018159758
0,0.0,0.00014889569
1,1.0,0.9994106
0,0.0,0.00019043911
0,0.0,0.000118334174
0,0.0,0.000114686394
0,0.0,0.00021297422
1,1.0,0.99978584
0,0.0,0.00023028925
0,0.0,0.00019701794
0,0.0,0.00017009495
0,0.0,0.00012819277
0,0.0,0.0018875048
0,0.0,0.00019051922
0,0.0,0.0031133504
1,1.0,0.99884135
0,0.0,0.00014761169
0,0.0,0.00019608503
1,1.0,0.9997139
0,0.0,0.00020458802
0,0.0,0.00019701644
0,0.0,0.00013394162
0,0.0,0.00014252042
1,1.0,0.9988415
0,0.0,0.00019702001
0,0.0,0.00020733377
1,1.0,0.99974686
0,0.0,0.0002563281
0,0.0,0.00037898988
0,0.0,0.00014888789
0,0.0,0.00019672341
0,0.0,0.00018175348
0,0.0,0.00019043911
0,0.0,0.00017242368
0,0.0,0.00023610903
0,0.0,0.00018804452
0,0.0,0.00019702471
0,0.0,0.00019363033
1,1.0,0.99917567
1,1.0,0.9988409
0,0.0,0.0006329306
0,0.0,0.0002760197
0,0.0,0.00020213965
0,0.0,0.00019498504
0,0.0,9.492242e-05
0,0.0,9.596853e-05
0,0.0,0.00012746337
0,0.0,0.000276016
0,0.0,0.00025462836
0,0.0,0.00013575876
0,0.0,0.00013574788
0,0.0,0.0002340006
0,0.0,0.00018401325
0,0.0,0.00025883425
0,0.0,0.0028933196
0,0.0,0.0010801577
0,0.0,0.0001517794
0,0.0,0.00019701889
0,0.0,0.0001731075
0,0.0,0.00013421265
0,0.0,0.00019608335
1,1.0,0.9989909
0,0.0,0.00018439192
0,0.0,0.00015670061
0,0.0,0.00011444649
0,0.0,0.00015699764
0,0.0,0.00016862493
0,0.0,0.0006538963
0,0.0,0.00018957221
0,0.0,0.00019811335
1,1.0,0.99982035
0,0.0,0.00017540055
0,0.0,0.0002760026
0,0.0,0.00018175608
0,0.0,0.00019686509
0,0.0,0.00019763396
0,0.0,0.00019885485
1,1.0,0.9990878
0,0.0,0.00020230896
1,1.0,0.9991518
0,0.0,0.00018159689
1,1.0,0.999819
0,0.0,0.00017862931
0,0.0,0.00020956073
0,0.0,0.0002339727
0,0.0,0.00019685063
0,0.0,0.00043074528
0,0.0,0.00020311009
0,0.0,0.00019474125
0,0.0,0.00018681606
1,1.0,0.99921834
0,0.0,0.00011751533
0,0.0,0.00051401876
0,0.0,0.0001857744
0,0.0,0.00025402123
0,0.0,0.00016174788
0,0.0,0.00020938856
1,1.0,0.9996603
0,0.0,0.00019672247
0,0.0,0.00018439544
0,0.0,0.000194742
0,0.0,0.00016106256
0,0.0,0.0001956717
0,0.0,0.00017653427
0,0.0,0.0002552032
0,0.0,0.00059560797
0,0.0,0.0002565095
0,0.0,0.00014759085
0,0.0,0.0035806277
0,0.0,0.00015694571
0,0.0,0.00020913316
0,0.0,0.00011196911
0,0.0,0.00021569403
0,0.0,0.000214102
0,0.0,5.0382856e-05
0,0.0,9.3863266e-05
0,0.0,0.00023092401
0,0.0,0.00018558162
1,1.0,0.99856293
0,0.0,9.386596e-05
0,0.0,0.00019355485
0,0.0,0.00019119254
0,0.0,0.00046790016
0,0.0,0.000101676356
0,0.0,0.00011353657
1,1.0,0.9987504
0,0.0,0.00013714079
0,0.0,4.327094e-05
0,0.0,0.00020486405
0,0.0,0.00023134294
0,0.0,0.00016585762
0,0.0,0.00020068321
0,0.0,9.2083326e-05
0,0.0,0.00018680662
0,0.0,9.74333e-05
0,0.0,0.000113188704
1,1.0,0.99953645
0,0.0,0.00018893632
0,0.0,0.00023340098
0,0.0,0.00023251961
0,0.0,0.000113034366
0,0.0,0.000113121816
0,0.0,0.00019876061
0,0.0,0.00056327035
0,0.0,0.00010805141
0,0.0,0.00019124374
0,0.0,0.00013674369
0,0.0,0.0001001738
0,0.0,8.009435e-05
0,0.0,0.00022934398
1,1.0,0.99963176
0,0.0,0.000111998466
0,0.0,0.00019183145
0,0.0,0.00015150598
0,0.0,0.0001086284
0,0.0,0.0002067729
0,0.0,0.0002471579
0,0.0,0.00011285106
0,0.0,0.00018669871
1,1.0,0.9992684
0,0.0,5.0382423e-05
0,0.0,0.000179215
0,0.0,0.00021060895
0,0.0,0.00018744393
0,0.0,0.00045572905
0,0.0,0.000109849636
0,0.0,0.00010863886
0,0.0,0.00016479135
0,0.0,0.00020081547
1,1.0,0.9988612
1,1.0,0.9992076
0,0.0,0.00017774245
0,0.0,0.00012990875
0,0.0,0.00056622736
0,0.0,0.001580833
1,1.0,0.9992153
0,0.0,9.7486256e-05
0,0.0,0.000112988244
0,0.0,4.319347e-05
0,0.0,0.00048498777
0,0.0,0.00019319476
0,0.0,0.0013630878
0,0.0,0.000126511
0,0.0,0.00036997936
0,0.0,0.0007896346
0,0.0,0.00019022098
1,1.0,0.9998125
0,0.0,0.00020419361
0,0.0,0.0004850481
0,0.0,0.00020907476
0,0.0,0.00015866588
0,0.0,0.00022250734
0,0.0,0.0002042006
0,0.0,0.00016660751
0,0.0,0.00015140141
1,1.0,0.99872226
0,0.0,0.0001149348
0,0.0,0.00016394565
0,0.0,0.00019355226
0,0.0,0.00025616246
0,0.0,0.0002459084
0,0.0,0.00018138853
0,0.0,0.00013988047
0,0.0,0.00021313084
0,0.0,5.0384682e-05
0,0.0,0.0010736468
0,0.0,0.0001453249
0,0.0,0.00013570402
0,0.0,0.00056482997
0,0.0,0.00021032238
0,0.0,0.000103229315
0,0.0,0.0003833607
0,0.0,0.000103231476
0,0.0,0.000184284
0,0.0,9.1455455e-05
0,0.0,0.00025370464
0,0.0,0.00020872739
0,0.0,0.0022279718
1,1.0,0.9986156
0,0.0,0.00021047686
0,0.0,0.0002492729
1,1.0,0.9991418
0,0.0,0.0002036121
0,0.0,0.00024930644
0,0.0,0.00025365577
0,0.0,0.00018071976
0,0.0,0.00022510835
0,0.0,0.00017582253
0,0.0,0.002077301
0,0.0,0.00020067306
0,0.0,0.00019837686
0,0.0,0.00015938097
0,0.0,0.00012655686
0,0.0,0.00020074005
1,1.0,0.9998202
0,0.0,0.0002038071
0,0.0,0.0001844888
0,0.0,4.3181364e-05
0,0.0,4.3097356e-05
0,0.0,9.16712e-05
0,0.0,0.0001902295
0,0.0,0.00020498656
1,1.0,0.99983084
0,0.0,0.003991675
0,0.0,0.00016772952
0,0.0,0.00020361345
0,0.0,0.00010237938
0,0.0,0.00022200405
0,0.0,0.000205268
0,0.0,0.00020083424
0,0.0,0.00021018868
0,0.0,0.00021463851
0,0.0,0.00018680305
0,0.0,0.00019022824
0,0.0,0.000256202
1,1.0,0.99917406
0,0.0,0.00018789452
1,1.0,0.998495
1,1.0,0.9988234
0,0.0,0.0002713496
0,0.0,0.00019872027
0,0.0,0.00019129776
0,0.0,5.9201375e-05
1,1.0,0.9987474
1,1.0,0.999757
0,0.0,9.386228e-05
0,0.0,0.00011294472
0,0.0,0.000111250614
0,0.0,0.00018894461
0,0.0,0.00016404918
0,0.0,0.00020679971
0,0.0,0.00043634433
0,0.0,0.0002008216
1,1.0,0.99845153
0,0.0,0.00016090553
0,0.0,4.3188407e-05
0,0.0,0.00022933807
0,0.0,0.0018046715
0,0.0,0.00019022243
0,0.0,0.00024915673
0,0.0,0.000106330466
1,1.0,0.9988359
0,0.0,0.00017921004
0,0.0,0.00022087448
0,0.0,0.00019138677
0,0.0,0.0001850069
0,0.0,0.00018745555
0,0.0,9.2038914e-05
0,0.0,0.00019138861
0,0.0,0.00018848901
0,0.0,0.00011199099
0,0.0,0.0001426821
0,0.0,0.00010973886
0,0.0,0.00020236237
1,1.0,0.99847317
0,0.0,9.209844e-05
0,0.0,0.00010486897
0,0.0,0.00039400338
0,0.0,4.312387e-05
0,0.0,9.73446e-05
0,0.0,0.00019010638
0,0.0,0.00024709338
0,0.0,0.00017817412
0,0.0,0.00019319217
0,0.0,0.00018713178
0,0.0,0.00017818618
0,0.0,0.002386628
1,1.0,0.99846494
1,1.0,0.998563
0,0.0,0.00020759033
0,0.0,0.0001931931
0,0.0,0.00018803375
0,0.0,0.00020256429
0,0.0,0.00011779749
0,0.0,0.00035188888
0,0.0,0.00019362019
0,0.0,0.00016860371
0,0.0,0.00010826831
0,0.0,0.00017773957
0,0.0,0.00018624974
0,0.0,9.219052e-05
0,0.0,0.0001690448
0,0.0,0.000112842776
0,0.0,5.0382903e-05
0,0.0,0.00018713142
0,0.0,0.000114559385
0,0.0,0.00013058314
0,0.0,0.0010960501
0,0.0,0.00024491627
0,0.0,0.00018788842
0,0.0,9.3863804e-05
0,0.0,9.7428005e-05
1,1.0,0.9984467
1,1.0,0.9993223
0,0.0,9.21247e-05
0,0.0,9.386694e-05
0,0.0,0.00019311998
0,0.0,0.00011574384
1,1.0,0.9987024
0,0.0,0.00020357191
0,0.0,9.76882e-05
0,0.0,0.00020796018
0,0.0,0.00019008589
0,0.0,0.00024931785
0,0.0,0.0001917393
0,0.0,0.00012482084
0,0.0,0.0008956686
0,0.0,0.00019858616
0,0.0,0.00010487577
0,0.0,0.00010412243
0,0.0,0.00017543517
0,0.0,0.000101608326
0,0.0,0.00020073373
0,0.0,9.386515e-05
0,0.0,0.00012175638
0,0.0,0.00018580648
0,0.0,9.230004e-05
0,0.0,0.0001781714
0,0.0,0.000107243664
0,0.0,0.00022252304
0,0.0,0.00010727619
0,0.0,0.00020586504
0,0.0,0.0002251122
0,0.0,0.00021769608
0,0.0,0.00025369663
0,0.0,0.00020586171
0,0.0,0.00032576738
0,0.0,0.0001540731
1,1.0,0.9993605
0,0.0,0.00027140448
0,0.0,0.00038010243
0,0.0,9.3864524e-05
0,0.0,0.00016564521
0,0.0,0.00019119236
0,0.0,0.00023340854
0,0.0,0.00023340543
1,1.0,0.9996227
0,0.0,0.00010139982
0,0.0,0.00017816936
0,0.0,0.00019130451
1,1.0,0.9997295
0,0.0,0.00019022007
1,1.0,0.99926543
0,0.0,0.00017652132
0,0.0,0.00011610597
0,0.0,0.000130558
0,0.0,0.00013710404
0,0.0,0.0001657182
0,0.0,5.0382663e-05
1,1.0,0.9991536
0,0.0,9.38757e-05
0,0.0,0.00010751757
0,0.0,0.00018072285
0,0.0,0.000167466
1,1.0,0.9984509
0,0.0,0.00023023633
0,0.0,0.00020360647
0,0.0,0.000111422174
0,0.0,0.00011123195
0,0.0,0.00010238407
0,0.0,0.00017888566
0,0.0,0.00021409035
0,0.0,0.00011197712
1,1.0,0.9986421
0,0.0,0.00039496904
0,0.0,0.00018333286
0,0.0,0.00013712994
0,0.0,0.00022643438
0,0.0,0.00020152016
0,0.0,0.00011124892
0,0.0,0.00018895128
1,1.0,0.9987468
1,1.0,0.9984468
0,0.0,0.0001871225
0,0.0,0.00018713927
0,0.0,0.00018789594
0,0.0,0.001300288
0,0.0,0.00018530278
0,0.0,0.00018585077
0,0.0,0.00018051307
0,0.0,0.00017773957
0,0.0,0.00016394128
0,0.0,9.224178e-05
0,0.0,0.0008362591
0,0.0,0.00018711857
1,1.0,0.9992523
1,1.0,0.998553
0,0.0,0.000106178886
0,0.0,0.00022209783
0,0.0,9.7786244e-05
0,0.0,0.00018712642
0,0.0,0.00056445214
0,0.0,0.00018789792
0,0.0,0.00012654575
0,0.0,9.1454145e-05
0,0.0,0.00012858206
0,0.0,0.00020077832
0,0.0,0.0001398438
0,0.0,0.00018583715
0,0.0,0.00010154652
0,0.0,0.0002040128
0,0.0,9.843158e-05
0,0.0,0.00022730329
0,0.0,0.00018879458
0,0.0,0.00016063495
0,0.0,0.00019129009
0,0.0,0.00011294871
0,0.0,0.00013603283
0,0.0,0.00011327607
0,0.0,5.038021e-05
0,0.0,0.00022236248
0,0.0,0.00019093693
0,0.0,0.00018896478
0,0.0,9.386863e-05
0,0.0,0.00048498015
0,0.0,0.00017887952
0,0.0,0.00018559083
0,0.0,0.00010153277
0,0.0,0.00013718134
0,0.0,0.00012348556
0,0.0,0.0001889484
0,0.0,0.00015361044
0,0.0,9.562843e-05
0,0.0,0.0001931883
0,0.0,0.00011200082
0,0.0,0.000113234164
0,0.0,0.00055020605
0,0.0,9.383767e-05
0,0.0,0.0004849471
0,0.0,0.00019355485
0,0.0,0.00018682516
0,0.0,0.00017774159
0,0.0,0.00021185038
0,0.0,0.00011142621
0,0.0,0.0005660409
1,1.0,0.99982065
0,0.0,0.005286422
0,0.0,0.00013527663
0,0.0,9.701313e-05
0,0.0,0.00023598321
1,1.0,0.9992195
1,1.0,0.9992663
0,0.0,0.00016626519
0,0.0,0.00011573799
0,0.0,0.00012330509
1,1.0,0.9996319
0,0.0,0.00011321505
0,0.0,0.00019130103
0,0.0,0.00019221999
0,0.0,0.00010707752
0,0.0,0.00019893296
0,0.0,9.227971e-05
0,0.0,0.00017832642
1,1.0,0.9987004
0,0.0,0.00038348002
0,0.0,0.00022934243
0,0.0,0.00013055201
0,0.0,0.0002058972
0,0.0,0.00035193283
0,0.0,5.038545e-05
0,0.0,0.002832728
0,0.0,0.00020356997
0,0.0,0.00010167015
0,0.0,4.3202082e-05
1,1.0,0.99859035
0,0.0,0.00018913818
0,0.0,0.0010566425
0,0.0,0.00022617198
0,0.0,0.00013059346
0,0.0,0.00018983179
0,0.0,0.00018334737
1,1.0,0.99988455
0,0.0,0.00011331247
0,0.0,0.00018596105
0,0.0,0.00021858212
0,0.0,0.00018670723
0,0.0,0.0009940512
0,0.0,0.000125007
0,0.0,0.000202125
0,0.0,0.00019120822
0,0.0,0.00020360627
0,0.0,0.00019130541
0,0.0,0.00018803465
0,0.0,0.00020877157
1,1.0,0.9984732
0,0.0,0.00017816918
0,0.0,0.00023090202
0,0.0,0.0013547402
0,0.0,0.00018746109
0,0.0,0.00018680662
0,0.0,0.00024094523
1,1.0,0.99845153
0,0.0,0.0010517978
0,0.0,0.00048560183
0,0.0,0.00020333253
0,0.0,0.00018913421
0,0.0,0.00020074408
1,1.0,0.9988021
0,0.0,0.0001867806
0,0.0,0.00017774227
0,0.0,0.000815945
1,1.0,0.9987176
0,0.0,0.00022615776
1,1.0,0.99974823
0,0.0,4.3277087e-05
0,0.0,0.00022149917
0,0.0,0.00014135365
0,0.0,0.00010284789
0,0.0,0.00019319568
0,0.0,9.533779e-05
0,0.0,4.31875e-05
0,0.0,0.00015319459
0,0.0,9.262875e-05
0,0.0,9.229767e-05
0,0.0,0.00011295689
0,0.0,0.00020065602
1,1.0,0.9998258
0,0.0,0.000106344865
0,0.0,0.00016488819
0,0.0,9.212733e-05
0,0.0,0.000191401
1,1.0,0.99883693
0,0.0,9.77635e-05
0,0.0,0.00019022262
0,0.0,0.00011200552
0,0.0,0.00019014663
0,0.0,0.00011598624
0,0.0,0.00010141162
0,0.0,0.0003347723
0,0.0,0.00012567801
0,0.0,0.0001987415
0,0.0,0.00018532062
0,0.0,0.00019142311
0,0.0,0.0003267908
0,0.0,0.0002003213
0,0.0,0.00010146153
1,1.0,0.99953604
1,1.0,0.99874955
0,0.0,0.00018530719
0,0.0,0.00018746895
0,0.0,0.00013997642
0,0.0,0.00013921542
0,0.0,0.0001285714
0,0.0,9.767916e-05
1,1.0,0.9996471
0,0.0,9.70098e-05
0,0.0,0.00022512036
0,0.0,0.0002492798
0,0.0,0.00012175799
1,1.0,0.998495
0,0.0,0.00023601024
0,0.0,0.00046792201
0,0.0,0.00024716122
0,0.0,0.00019010059
0,0.0,0.0001791038
0,0.0,0.00013995719
0,0.0,9.401196e-05
0,0.0,9.2153525e-05
0,0.0,0.0005623651
0,0.0,0.00010275398
0,0.0,0.00018708379
0,0.0,0.00020585739
1,1.0,0.99874073
0,0.0,0.00019663715
0,0.0,0.00083656446
0,0.0,9.145624e-05
0,0.0,0.00025619907
0,0.0,0.0002492646
0,0.0,0.00024708017
0,0.0,0.00015940788
0,0.0,0.0002293339
0,0.0,0.00023296876
1,1.0,0.9985686
0,0.0,0.000108042965
0,0.0,0.00022599912
0,0.0,0.00019138951
0,0.0,0.000101610654
0,0.0,0.00016833322
0,0.0,0.00018584069
0,0.0,5.0316787e-05
0,0.0,0.00023252916
0,0.0,0.00019022533
0,0.0,0.0001415538
1,1.0,0.99933964
0,0.0,0.00012852531
0,0.0,4.3202865e-05
0,0.0,0.00019023115
1,1.0,0.9995342
0,0.0,0.00017817276
0,0.0,0.0004186406
0,0.0,0.00048536397
0,0.0,0.000106709944
0,0.0,0.000111992806
0,0.0,0.00018516571
0,0.0,0.00016498301
0,0.0,0.0005885743
0,0.0,0.00012175359
0,0.0,0.00023340655
0,0.0,0.00012330025
0,0.0,0.00019129994
0,0.0,0.00022615322
1,1.0,0.9989324
0,0.0,4.3230804e-05
1,1.0,0.9996389
1,1.0,0.99963915
0,0.0,0.00018913909
0,0.0,0.00019093238
0,0.0,0.00018905886
0,0.0,0.00022076185
0,0.0,9.702201e-05
0,0.0,0.00025616074
0,0.0,0.000112904345
0,0.0,0.00015317064
0,0.0,0.00025619494
0,0.0,0.00038381814
0,0.0,0.0002449212
0,0.0,9.216029e-05
1,1.0,0.99886787
0,0.0,0.000121762176
0,0.0,0.00018073422
0,0.0,0.00018668037
0,0.0,0.00012341236
0,0.0,0.00019093402
0,0.0,0.0003173563
1,1.0,0.9988614
0,0.0,0.00014880642
0,0.0,4.321028e-05
0,0.0,0.00017502965
0,0.0,0.00019314261
0,0.0,0.00016580513
0,0.0,0.00011143493
0,0.0,0.00010626711
0,0.0,0.00019884916
0,0.0,0.00013527973
1,1.0,0.9983826
0,0.0,0.00013991969
0,0.0,0.00032928737
0,0.0,0.00027138012
0,0.0,0.0001870476
0,0.0,0.0020644276
0,0.0,0.00023133877
0,0.0,4.3162836e-05
0,0.0,0.0021962214
0,0.0,0.00016966747
0,0.0,0.00018331414
0,0.0,9.3863266e-05
0,0.0,0.00018712571
0,0.0,0.0001909353
0,0.0,0.00024911185
0,0.0,0.00018914053
0,0.0,0.00020455566
0,0.0,0.00013707712
0,0.0,0.00015261039
1,1.0,0.9984569
0,0.0,0.00020465007
0,0.0,0.00024094363
0,0.0,4.318025e-05
0,0.0,0.00010411549
0,0.0,0.0001177766
0,0.0,0.00022615366
0,0.0,0.00010240262
0,0.0,0.00019022606
0,0.0,0.000104121835
0,0.0,0.00019354913
0,0.0,0.0005641278
0,0.0,0.00018549211
0,0.0,0.0002536843
0,0.0,0.00016557274
0,0.0,0.00013999855
0,0.0,0.00018559118
0,0.0,0.00018746752
0,0.0,9.7677395e-05
0,0.0,0.00018913657
0,0.0,0.00018678613
0,0.0,0.00012853683
0,0.0,0.00018806604
1,1.0,0.99925613
0,0.0,0.00018746161
0,0.0,0.00020697172
0,0.0,0.00022027636
0,0.0,0.00018913567
0,0.0,0.00018790166
0,0.0,0.00016537929
0,0.0,0.0005635122
1,1.0,0.9994412
0,0.0,0.00043756084
0,0.0,0.00024915862
0,0.0,0.00015375727
0,0.0,0.00019747118
0,0.0,0.00022731868
0,0.0,0.00022098846
1,1.0,0.99867034
0,0.0,9.38868e-05
0,0.0,0.0001727375
0,0.0,0.00022213384
0,0.0,0.00019027051
0,0.0,0.00018560074
0,0.0,0.00019022333
0,0.0,0.00015147174
0,0.0,0.00023131339
1,1.0,0.9983931
0,0.0,0.00016404886
0,0.0,0.00019318923
0,0.0,0.00015217836
0,0.0,0.0001535927
0,0.0,0.0001913793
1,1.0,0.9991682
0,0.0,0.0005597085
0,0.0,0.00018045492
1,1.0,0.9984295
0,0.0,0.00019718258
0,0.0,0.00088507676
0,0.0,0.00015148243
0,0.0,0.000102614045
0,0.0,5.0381892e-05
1,1.0,0.99926394
0,0.0,0.00020589269
0,0.0,0.00019009352
0,0.0,0.0001833353
0,0.0,9.3825496e-05
0,0.0,0.00020342365
0,0.0,4.325897e-05
0,0.0,0.00019119856
0,0.0,0.00017037803
0,0.0,0.0002459119
0,0.0,0.00024929407
0,0.0,0.0002144996
0,0.0,0.00016490075
0,0.0,0.00021061739
0,0.0,0.00020658865
0,0.0,0.00018730992
1,1.0,0.9996375
0,0.0,0.00018746144
0,0.0,0.00017770854
0,0.0,0.000101597856
0,0.0,0.00018072614
0,0.0,0.00018712446
0,0.0,0.00023342945
0,0.0,0.00016837752
0,0.0,0.00019691221
0,0.0,0.00023072617
1,1.0,0.99925226
1,1.0,0.9995652
0,0.0,0.00020076301
0,0.0,0.00017730505
1,1.0,0.9993989
1,1.0,0.9989049
0,0.0,9.768243e-05
0,0.0,0.00018188871
0,0.0,0.00019010276
0,0.0,0.00017774278
1,1.0,0.9995037
0,0.0,0.00010243495
0,0.0,0.00014099706
0,0.0,0.00013573158
1,1.0,0.99940026
0,0.0,0.00018427327
0,0.0,0.00011124987
0,0.0,0.00056214863
0,0.0,0.0026870247
1,1.0,0.9996961
0,0.0,0.00019318813
0,0.0,0.0016029319
0,0.0,0.00019139006
0,0.0,0.00019920459
0,0.0,0.00018071734
0,0.0,0.00019093693
0,0.0,0.00019356592
0,0.0,0.00019010965
0,0.0,0.00014358589
1,1.0,0.9986388
1,1.0,0.99926126
0,0.0,0.00019119236
0,0.0,0.00018558871
0,0.0,0.00011339635
1,1.0,0.99858576
0,0.0,0.00019022425
0,0.0,0.00017888089
0,0.0,0.00018802352
0,0.0,0.00023298364
0,0.0,0.0001871225
1,1.0,0.99986565
0,0.0,0.00022732
0,0.0,0.000467887
0,0.0,0.00011733729
0,0.0,0.0002471518
0,0.0,0.00018559153
0,0.0,0.00019937978
0,0.0,0.00056845264
0,0.0,0.00015930516
0,0.0,0.00019790474
1,1.0,0.999634
0,0.0,0.00011483238
0,0.0,0.0002036255
0,0.0,0.00019356223
0,0.0,0.00013618571
0,0.0,0.0002492834
0,0.0,0.0001855089
0,0.0,0.00019140248
0,0.0,0.00010159718
0,0.0,0.0001866859
0,0.0,5.0378192e-05
0,0.0,0.00016497861
0,0.0,0.00019021917
1,1.0,0.9993814
0,0.0,0.00016623824
0,0.0,0.00011727375
1,1.0,0.9981206
0,0.0,0.00018802461
0,0.0,0.00036698906
0,0.0,0.00017910755
0,0.0,0.00018894732
1,1.0,0.99927706
0,0.0,0.0002470698
0,0.0,0.00019138568
0,0.0,0.00021905363
0,0.0,0.00019882109
1,1.0,0.9984382
0,0.0,0.00011326127
0,0.0,0.00022510621
0,0.0,0.00020366393
0,0.0,0.00020585797
0,0.0,0.00048368517
0,0.0,0.00018791438
0,0.0,0.00020868321
0,0.0,0.00018712964
0,0.0,0.00016780756
0,0.0,4.320373e-05
0,0.0,0.00029849896
0,0.0,0.00018684276
0,0.0,0.00020592491
0,0.0,9.211143e-05
0,0.0,0.0008907519
1,1.0,0.9986423
0,0.0,0.00019356796
0,0.0,0.0001901004
0,0.0,9.458638e-05
0,0.0,0.00011730373
0,0.0,4.320365e-05
0,0.0,0.00020442736
0,0.0,0.00013713358
0,0.0,9.387248e-05
1,1.0,0.99935585
0,0.0,0.00018486564
0,0.0,0.00011895925
0,0.0,0.0002008329
0,0.0,0.00027141455
0,0.0,0.00014809257
0,0.0,0.00011199975
0,0.0,0.0025184257
0,0.0,0.00010848265
0,0.0,0.0004363096
1,1.0,0.9993024
0,0.0,0.00014002447
0,0.0,0.00010986189
0,0.0,0.00018585398
0,0.0,0.00010632499
0,0.0,0.0003048809
0,0.0,0.000104121034
0,0.0,0.00017407995
0,0.0,0.0001891362
0,0.0,4.3202414e-05
0,0.0,4.3104796e-05
1,1.0,0.99915737
0,0.0,0.00014953595
0,0.0,0.00010617645
1,1.0,0.9987916
1,1.0,0.99927515
0,0.0,0.00021388916
0,0.0,0.00018747557
0,0.0,0.0015010644
0,0.0,0.00010873161
0,0.0,0.00018331484
0,0.0,0.0005483423
0,0.0,0.00011294526
0,0.0,0.00037581622
1,1.0,0.99882334
0,0.0,0.0013559265
0,0.0,0.00019309309
0,0.0,4.3199612e-05
0,0.0,0.0001000496
0,0.0,0.00019728733
0,0.0,0.00018669729
0,0.0,0.00011284956
0,0.0,0.00018790559
0,0.0,0.0001233474
0,0.0,0.00023865639
1,1.0,0.9984651
0,0.0,9.2949755e-05
0,0.0,0.0002338661
1,1.0,0.9996614
0,0.0,0.00013233909
0,0.0,5.1397245e-05
0,0.0,0.000112942675
0,0.0,0.00023339987
0,0.0,0.00019355965
1,1.0,0.998457
1,1.0,0.9997265
0,0.0,0.00014135391
0,0.0,0.00021783
1,1.0,0.9987535
0,0.0,0.0002094872
0,0.0,0.00010161036
0,0.0,5.04164e-05
1,1.0,0.99978113
0,0.0,0.00018558516
0,0.0,0.000256181
0,0.0,0.00019022134
1,1.0,0.9987176
1,1.0,0.9997521
0,0.0,0.000253694
0,0.0,0.00014259575
0,0.0,0.00035487794
0,0.0,0.00011327056
0,0.0,0.00013526437
0,0.0,4.3133412e-05
1,1.0,0.9988276
0,0.0,0.00013988087
1,1.0,0.9984825
0,0.0,0.00014312947
0,0.0,0.00023340365
0,0.0,0.00022616035
0,0.0,0.0002103258
0,0.0,0.00010744409
0,0.0,0.00019864182
0,0.0,0.00012652861
0,0.0,4.319846e-05
0,0.0,0.00016582853
0,0.0,0.00021361913
0,0.0,0.000112850525
0,0.0,0.00013650933
0,0.0,0.0005661697
0,0.0,0.00019094149
0,0.0,0.0003268322
0,0.0,0.0001900906
0,0.0,0.00027135605
0,0.0,0.00021750812
0,0.0,0.00019129903
0,0.0,0.00025620445
0,0.0,0.000106178886
0,0.0,0.00018264471
0,0.0,0.0011396717
0,0.0,0.00018746985
0,0.0,0.0001909353
0,0.0,0.0001148615
0,0.0,9.768187e-05
0,0.0,0.000107951404
0,0.0,9.216319e-05
0,0.0,0.0011227737
0,0.0,9.2167764e-05
0,0.0,0.0002313467
0,0.0,0.00016404339
0,0.0,0.000112972615
0,0.0,0.00019139955
0,0.0,9.563253e-05
0,0.0,0.00048494502
0,0.0,0.00023145504
0,0.0,9.262839e-05
0,0.0,0.00010626903
0,0.0,0.000206316
0,0.0,9.722242e-05
0,0.0,0.0001874584
0,0.0,0.00019119309
0,0.0,0.00016178645
0,0.0,0.00018558693
1,1.0,0.99925184
0,0.0,0.00014936524
0,0.0,0.00017803264
0,0.0,0.00012855582
0,0.0,0.00018551263
1,1.0,0.99847317
0,0.0,0.00048497182
0,0.0,0.00018558906
0,0.0,0.0003171056
0,0.0,0.00022731045
0,0.0,0.00038231543
0,0.0,0.00016522435
0,0.0,0.00015208073
0,0.0,0.0001900984
0,0.0,0.00018581978
0,0.0,0.0001912042
0,0.0,0.00022793982
0,0.0,9.776145e-05
0,0.0,0.00022394741
0,0.0,0.00020754185
0,0.0,0.00024917265
1,1.0,0.99925625
0,0.0,0.00021296751
0,0.0,0.0001551761
0,0.0,0.00018669746
0,0.0,0.00011614739
0,0.0,0.0001041268
0,0.0,0.0001855841
0,0.0,0.0002712782
0,0.0,0.00021790917
0,0.0,0.0004558533
1,1.0,0.9996681
0,0.0,0.00020362297
0,0.0,0.00019139628
0,0.0,0.00024928027
1,1.0,0.99858755
0,0.0,0.00020338877
0,0.0,0.00020831384
0,0.0,5.038122e-05
0,0.0,0.00024587556
0,0.0,0.0001537385
0,0.0,0.0001868483
0,0.0,0.00019895023
0,0.0,0.0002293254
0,0.0,5.0355335e-05
0,0.0,0.00016768409
0,0.0,9.387337e-05
0,0.0,0.00024491674
0,0.0,0.00019130067
1,1.0,0.99855256
0,0.0,0.00024926625
1,1.0,0.9987496
0,0.0,0.00018558552
0,0.0,0.00018746252
0,0.0,9.8528115e-05
0,0.0,0.00012651016
0,0.0,0.00017513751
0,0.0,0.0002329863
0,0.0,0.0004849427
1,1.0,0.99978733
0,0.0,0.00019877484
0,0.0,0.00011297628
0,0.0,0.0001867831
1,1.0,0.99932706
0,0.0,0.00010062713
0,0.0,0.0036536683
0,0.0,0.0019505649
0,0.0,0.00019025835
0,0.0,0.00016402258
0,0.0,0.0018989842
0,0.0,0.000212666
0,0.0,9.3862735e-05
0,0.0,0.00019318241
0,0.0,0.00016003854
0,0.0,0.00022933216
0,0.0,0.00012327074
0,0.0,0.00020613549
0,0.0,0.00017470951
0,0.0,0.00218138
1,1.0,0.9987175
1,1.0,0.9995436
0,0.0,0.00048495518
0,0.0,0.00018789685
0,0.0,0.00019355632
0,0.0,0.00014810075
0,0.0,0.00019285703
0,0.0,0.000100017925
0,0.0,0.000107284475
0,0.0,0.0001909402
0,0.0,0.0002507233
0,0.0,0.00018894732
0,0.0,0.00018626128
0,0.0,0.00023882162
0,0.0,0.00019318628
0,0.0,0.00020638034
0,0.0,9.209009e-05
0,0.0,0.00018713142
0,0.0,0.00018746556
0,0.0,0.00018072079
0,0.0,9.767125e-05
0,0.0,5.037973e-05
0,0.0,9.841872e-05
0,0.0,9.703478e-05
0,0.0,0.00090587756
0,0.0,0.0001874643
0,0.0,0.00020972022
0,0.0,0.00038385842
0,0.0,0.00015373777
0,0.0,0.00017473417
0,0.0,0.0004084683
0,0.0,0.00018746377
0,0.0,0.000193201
0,0.0,0.00019137692
0,0.0,0.00010395369
0,0.0,0.00021946737
0,0.0,0.00023093415
1,1.0,0.9988102
0,0.0,0.00019356167
0,0.0,0.00018746252
0,0.0,0.00018802281
0,0.0,0.0001361452
0,0.0,5.0383624e-05
0,0.0,0.0001853268
0,0.0,0.00021058485
0,0.0,4.3194585e-05
0,0.0,9.852962e-05
0,0.0,0.00018802533
0,0.0,0.00018072648
0,0.0,0.00085373066
0,0.0,0.00010075002
0,0.0,0.0003747458
1,1.0,0.99966675
0,0.0,0.00016537834
0,0.0,4.3271513e-05
0,0.0,0.00025044024
0,0.0,0.00018581534
0,0.0,0.00018744965
0,0.0,0.00019093748
0,0.0,0.000111243615
0,0.0,0.00022726385
0,0.0,0.00015840163
0,0.0,0.000113375805
0,0.0,0.0001788901
1,1.0,0.99926627
0,0.0,0.00018794755
0,0.0,0.00018746377
1,1.0,0.99975365
0,0.0,0.00019297807
0,0.0,0.00018669498
0,0.0,0.00018712178
0,0.0,0.00019140083
0,0.0,0.000258856
0,0.0,0.00012507498
1,1.0,0.99753
0,0.0,0.0002272996
0,0.0,0.00011123513
0,0.0,0.00019470562
0,0.0,9.429955e-05
0,0.0,0.00018713053
0,0.0,0.00048501592
0,0.0,0.00010154536
0,0.0,0.00019120057
0,0.0,5.0382325e-05
0,0.0,0.00022795917
1,1.0,0.9984949
0,0.0,0.0012984811
0,0.0,0.00018509528
0,0.0,0.0014648619
0,0.0,0.00012840256
0,0.0,9.136645e-05
0,0.0,0.00019119655
0,0.0,0.00025620396
0,0.0,0.00022489083
0,0.0,0.00017816936
0,0.0,0.00018559578
1,1.0,0.9988613
1,1.0,0.99848557
0,0.0,0.00018099496
0,0.0,0.0003768033
0,0.0,0.00010626559
0,0.0,9.458854e-05
0,0.0,9.842839e-05
0,0.0,0.00020038513
0,0.0,0.00019319291
0,0.0,0.0001023827
0,0.0,0.00019119747
0,0.0,9.767786e-05
1,1.0,0.9985901
0,0.0,0.00017251364
0,0.0,0.00011455053
0,0.0,0.000108570195
0,0.0,0.00013936909
0,0.0,0.000112853966
0,0.0,0.00018071872
1,1.0,0.9998177
0,0.0,0.000115755094
0,0.0,0.000100623474
0,0.0,0.00011485109
1,1.0,0.9996484
0,0.0,0.00018072441
0,0.0,0.00011197541
1,1.0,0.99855334
0,0.0,0.000112787486
0,0.0,4.3199692e-05
0,0.0,5.0378578e-05
0,0.0,0.00020588624
0,0.0,0.00019130195
0,0.0,0.00018583148
0,0.0,0.00019129428
0,0.0,0.00023341122
1,1.0,0.9987146
0,0.0,0.00020589445
0,0.0,0.00019022533
0,0.0,0.0001966531
0,0.0,0.00019928323
0,0.0,0.00019356112
0,0.0,0.00018585185
0,0.0,0.00018894587
0,0.0,0.0001868269
0,0.0,0.00013616183
0,0.0,0.00018679575
0,0.0,0.00019959832
0,0.0,0.00018071976
0,0.0,0.00018668696
0,0.0,0.00034494276
0,0.0,0.00018630925
1,1.0,0.9997303
0,0.0,0.00016406264
1,1.0,0.9998033
0,0.0,0.00018633733
0,0.0,0.00018712571
0,0.0,0.00016947168
0,0.0,0.000209494
0,0.0,0.00018363814
0,0.0,0.00019009388
0,0.0,0.00051721674
0,0.0,0.00020069545
0,0.0,0.00017817241
0,0.0,0.000107008505
0,0.0,0.00013715164
0,0.0,0.00017267985
0,0.0,0.0002007301
0,0.0,0.00022216287
1,1.0,0.99844694
0,0.0,0.0022298212
0,0.0,0.0025185982
0,0.0,0.0001305555
0,0.0,0.0001901013
0,0.0,0.0001781714
1,1.0,0.99903214
1,1.0,0.9985857
1,1.0,0.99925226
1,1.0,0.99883693
0,0.0,0.0023443967
0,0.0,0.000113294656
0,0.0,0.00038400516
0,0.0,4.317531e-05
0,0.0,0.0005658999
0,0.0,0.00011461522
0,0.0,0.00010159612
0,0.0,9.768075e-05
0,0.0,0.0030101822
0,0.0,0.00019105239
0,0.0,0.00018557649
0,0.0,0.00020859131
0,0.0,0.00010001401
0,0.0,0.0001900946
0,0.0,0.00018670228
0,0.0,0.00013574438
0,0.0,0.00018789648
0,0.0,0.0001249093
0,0.0,0.00019865812
1,1.0,0.99844664
0,0.0,9.38639e-05
0,0.0,9.768522e-05
0,0.0,0.00021806295
0,0.0,0.00020254674
0,0.0,0.00011143663
0,0.0,0.00018802407
0,0.0,0.00019884082
1,1.0,0.99869776
0,0.0,0.00032676867
0,0.0,0.00018671222
0,0.0,0.0008946407
0,0.0,5.0385017e-05
0,0.0,0.00029766854
0,0.0,0.00019873316
0,0.0,0.00020418562
0,0.0,0.0001866154
0,0.0,0.00088543864
0,0.0,0.00010307763
0,0.0,0.00092433364
0,0.0,0.00012694966
0,0.0,0.0001931964
1,1.0,0.9993504
0,0.0,0.00023252162
0,0.0,9.768243e-05
0,0.0,0.00011612557
0,0.0,0.00017927021
0,0.0,0.00023298297
0,0.0,0.00021023377
0,0.0,0.00023252139
0,0.0,0.00017889096
0,0.0,0.00020991151
0,0.0,0.0002007611
0,0.0,0.00011457053
0,0.0,0.00022251073
0,0.0,0.00018802568
0,0.0,0.00019319677
0,0.0,0.00018429349
0,0.0,0.00011320512
0,0.0,0.00019319623
0,0.0,0.00021277106
0,0.0,0.00011650234
0,0.0,0.00016508404
0,0.0,0.00017981391
0,0.0,0.00037540068
0,0.0,0.00014225148
0,0.0,0.000114929106
0,0.0,5.0346982e-05
0,0.0,0.00010153994
0,0.0,4.3206983e-05
0,0.0,0.00018044029
0,0.0,0.00020592274
0,0.0,9.711716e-05
0,0.0,0.00018913692
0,0.0,0.00018802586
0,0.0,0.0013594112
0,0.0,0.00017888345
0,0.0,0.00019010965
0,0.0,0.002377411
0,0.0,0.00018558056
0,0.0,0.00022932974
0,0.0,0.00013995693
0,0.0,0.00011777492
0,0.0,0.00020084497
0,0.0,9.224249e-05
0,0.0,0.00020683206
0,0.0,9.386416e-05
0,0.0,0.000100502264
0,0.0,0.0008911356
0,0.0,0.00018794001
0,0.0,0.00017719316
0,0.0,0.00023145769
0,0.0,9.649829e-05
0,0.0,0.0002491235
0,0.0,5.0383525e-05
0,0.0,0.00017774194
0,0.0,0.0002139728
0,0.0,0.000113200585
0,0.0,0.00017817038
0,0.0,0.00021587385
0,0.0,0.00013563468
0,0.0,0.00041478992
0,0.0,8.902463e-05
0,0.0,0.0001077184
0,0.0,0.0022398373
1,1.0,0.99972135
0,0.0,0.00020452621
0,0.0,0.00017888243
0,0.0,4.3122225e-05
0,0.0,0.00023130103
1,1.0,0.9998025
0,0.0,0.00018668696
0,0.0,0.0001871307
1,1.0,0.9987407
0,0.0,0.00019319421
1,1.0,0.99950355
0,0.0,0.00018732654
0,0.0,0.00022933238
0,0.0,0.00016234463
1,1.0,0.9992523
0,0.0,0.00019023223
0,0.0,0.00018344633
0,0.0,0.00020681648
0,0.0,9.231923e-05
0,0.0,0.00032680607
0,0.0,0.00019119636
0,0.0,0.0001829602
0,0.0,0.00011200893
0,0.0,0.000111428766
0,0.0,9.387955e-05
0,0.0,0.00019118634
0,0.0,0.0002293431
0,0.0,0.000108745095
0,0.0,0.00018442287
0,0.0,0.000101533544
0,0.0,0.00010752485
0,0.0,0.00021666713
0,0.0,0.0001911971
0,0.0,9.295596e-05
0,0.0,0.00020474414
0,0.0,0.00010615428
0,0.0,0.00018331344
0,0.0,0.00011308309
0,0.0,0.00011777974
0,0.0,0.00023251785
0,0.0,0.00022058489
0,0.0,0.00019553835
0,0.0,0.00012702354
0,0.0,0.000101547674
0,0.0,4.3238637e-05
0,0.0,0.00019009152
1,1.0,0.9987941
0,0.0,0.00013712667
0,0.0,0.00023135685
0,0.0,0.00019319532
0,0.0,9.21045e-05
0,0.0,0.00016489447
0,0.0,0.000112978654
0,0.0,0.000117765594
0,0.0,0.000114594244
0,0.0,0.00013034402
0,0.0,0.00018914053
0,0.0,0.00041890208
0,0.0,0.00010604147
0,0.0,0.00017550061
0,0.0,0.00017816765
0,0.0,0.00024213885
0,0.0,0.0001352101
0,0.0,0.00021313532
0,0.0,0.000111881585
0,0.0,0.00013234287
0,0.0,0.00017774041
0,0.0,0.00019921239
0,0.0,0.00017773939
0,0.0,0.00010753408
0,0.0,0.00018746001
0,0.0,8.898771e-05
0,0.0,9.229353e-05
1,1.0,0.9998426
0,0.0,0.00022213235
0,0.0,4.3195163e-05
0,0.0,0.00019011073
1,1.0,0.99964833
0,0.0,0.00019720869
0,0.0,4.318264e-05
0,0.0,0.00019319217
0,0.0,0.00024716544
0,0.0,0.0012818592
0,0.0,0.00019010385
0,0.0,0.00010690427
0,0.0,0.00020586269
1,1.0,0.99883586
0,0.0,0.00025617806
0,0.0,0.00014313137
0,0.0,0.00019023368
0,0.0,6.199283e-05
0,0.0,0.0002470842
0,0.0,7.271323e-05
0,0.0,0.0001992177
0,0.0,0.00018802317
0,0.0,0.00013720291
0,0.0,4.3210115e-05
0,0.0,0.0002128104
0,0.0,9.227733e-05
0,0.0,0.00018546329
0,0.0,0.00020443634
1,1.0,0.99874675
0,0.0,0.00013935646
0,0.0,0.00018508187
0,0.0,0.0001879393
0,0.0,0.00018713338
0,0.0,0.00019323916
0,0.0,0.000113639915
0,0.0,0.0001842884
0,0.0,0.00019120677
1,1.0,0.9995971
0,0.0,0.000107287546
1,1.0,0.99844694
0,0.0,0.00019010203
0,0.0,0.0005083917
0,0.0,0.00011197413
0,0.0,0.00019847542
0,0.0,9.136584e-05
0,0.0,0.0009942907
1,1.0,0.9987451
0,0.0,0.0001481009
0,0.0,0.00011327499
0,0.0,0.00014266686
0,0.0,0.00017908055
1,1.0,0.99874485
0,0.0,9.214886e-05
0,0.0,0.00024079987
0,0.0,0.00021584627
1,1.0,0.9985627
0,0.0,9.489318e-05
0,0.0,0.0001781714
0,0.0,0.00021377865
0,0.0,0.00019357054
0,0.0,0.00018894371
0,0.0,0.0001409625
1,1.0,0.9984414
0,0.0,0.00024627606
0,0.0,0.00011493601
0,0.0,0.00017443452
0,0.0,0.00017523089
0,0.0,0.00012856306
0,0.0,0.00022731978
0,0.0,0.00010237899
0,0.0,0.00019200641
0,0.0,0.00018558658
0,0.0,0.00018802496
0,0.0,0.0002220934
0,0.0,0.00019355079
0,0.0,0.00025366063
0,0.0,0.00025619322
0,0.0,0.00022730611
1,1.0,0.9987221
0,0.0,0.0025186606
0,0.0,0.00048499403
0,0.0,0.00012859223
0,0.0,0.00024615094
0,0.0,0.0002008101
0,0.0,0.00010237801
0,0.0,0.0001935615
1,1.0,0.99845695
0,0.0,0.00019529184
0,0.0,0.00011306659
0,0.0,0.00018802192
1,1.0,0.9995628
0,0.0,0.00022074395
0,0.0,0.00012642803
0,0.0,0.00018897648
0,0.0,0.00010725552
0,0.0,0.00021576336
0,0.0,0.00021165414
0,0.0,0.000113285685
0,0.0,9.384984e-05
0,0.0,0.00017898224
0,0.0,0.000118891556
0,0.0,9.386363e-05
0,0.0,0.00018913367
0,0.0,0.0001119769
0,0.0,0.000108728294
0,0.0,0.000113273585
0,0.0,0.00013776505
0,0.0,0.003149883
0,0.0,9.386907e-05
0,0.0,0.00019730972
0,0.0,0.00011343052
1,1.0,0.9996318
1,1.0,0.99947935
0,0.0,0.0005646117
0,0.0,0.00011317683
0,0.0,0.00043249206
0,0.0,0.00027130384
0,0.0,0.00019120074
0,0.0,0.00018502948
0,0.0,0.0001901024
0,0.0,0.00020049329
0,0.0,0.0001996326
0,0.0,0.00019138094
0,0.0,5.038425e-05
0,0.0,0.00011201673
0,0.0,0.00018558871
1,1.0,0.999536
0,0.0,0.00032682536
1,1.0,0.99916893
0,0.0,0.00019356002
0,0.0,0.000233425
0,0.0,0.00011346016
0,0.0,0.00019392282
1,1.0,0.9997626
0,0.0,0.00019138677
0,0.0,0.00012488072
0,0.0,9.458764e-05
0,0.0,0.000213115
0,0.0,0.0001732401
1,1.0,0.9985856
0,0.0,0.0001880368
0,0.0,0.0013629697
0,0.0,0.00024931453
0,0.0,0.00018802819
0,0.0,0.00019022642
0,0.0,9.711605e-05
0,0.0,0.00011340555
0,0.0,0.0005663753
0,0.0,0.00019139043
0,0.0,0.00020217455
0,0.0,0.00024916313
0,0.0,5.0335362e-05
0,0.0,0.00018803142
0,0.0,0.00024747654
0,0.0,0.00018790239
0,0.0,0.00048494595
0,0.0,0.00015907185
0,0.0,0.00010074896
0,0.0,0.00016510814
0,0.0,0.0001119974
0,0.0,0.00023217557
0,0.0,0.00018072166
0,0.0,0.00025369375
0,0.0,0.00019262914
0,0.0,0.0001713407
0,0.0,0.0001833339
0,0.0,0.00018712571
0,0.0,0.00014360285
1,1.0,0.9992599
0,0.0,0.00020298501
0,0.0,0.00019875512
0,0.0,0.0001935626
0,0.0,0.00012498639
0,0.0,0.00015371373
0,0.0,0.00018681446
0,0.0,0.00023133679
0,0.0,0.00018746215
0,0.0,0.00019878507
0,0.0,0.0002214772
0,0.0,0.00020067995
0,0.0,0.00038347545
1,1.0,0.9998262
0,0.0,0.0025183705
0,0.0,0.00024930073
0,0.0,0.00018746538
0,0.0,0.00019355485
0,0.0,0.00011330945
0,0.0,0.00019356482
0,0.0,0.00018746019
0,0.0,0.00023130832
0,0.0,0.00020151824
0,0.0,0.00018661078
1,1.0,0.9983771
0,0.0,0.00033092764
0,0.0,0.00022217557
0,0.0,0.0013422564
0,0.0,0.00019652038
0,0.0,0.0005653878
1,1.0,0.99735266
0,0.0,9.2050504e-05
0,0.0,0.0002228345
0,0.0,0.0001902315
1,1.0,0.9998359
0,0.0,0.00024912276
0,0.0,7.20322e-05
0,0.0,0.00014129758
0,0.0,0.0005607481
0,0.0,0.00018678096
0,0.0,0.0005622668
0,0.0,0.00011288808
0,0.0,0.0002470882
1,1.0,0.9986349
0,0.0,0.020279096
0,0.0,0.0004160391
0,0.0,9.385271e-05
0,0.0,0.00010237176
0,0.0,0.00023605883
0,0.0,0.0001306013
0,0.0,0.00018581658
0,0.0,0.000165586
0,0.0,9.858131e-05
0,0.0,0.00012857164
0,0.0,0.000190213
0,0.0,0.00010891487
0,0.0,0.00012175278
0,0.0,0.0001655781
0,0.0,0.00019022824
0,0.0,0.00021307821
0,0.0,0.00022509547
0,0.0,0.00013934386
0,0.0,0.001441442
0,0.0,0.00014096303
1,1.0,0.9993272
0,0.0,0.0001911951
0,0.0,0.00022207435
0,0.0,0.00017103921
0,0.0,0.00011197562
0,0.0,0.00011095567
1,1.0,0.99939436
1,1.0,0.99959713
0,0.0,0.00044648384
0,0.0,0.00020590998
0,0.0,0.00023534597
0,0.0,0.00018746966
0,0.0,0.0001844255
0,0.0,0.00013620182
0,0.0,0.00021310728
1,1.0,0.997969
0,0.0,0.000100747326
0,0.0,0.0001868027
0,0.0,0.00020076014
0,0.0,0.0022542588
0,0.0,0.0003834323
0,0.0,0.00018625951
1,1.0,0.99995965
0,0.0,0.00019010312
0,0.0,0.0002078357
0,0.0,0.00019319513
0,0.0,0.00032680485
0,0.0,0.00011455993
0,0.0,0.00020585483
0,0.0,0.00056595734
0,0.0,0.00021161117
0,0.0,0.00011889212
0,0.0,0.00020822608
0,0.0,0.00019319163
1,1.0,0.9984949
0,0.0,0.00019319051
0,0.0,0.00019130432
1,1.0,0.99969184
1,1.0,0.99862653
0,0.0,0.00014144627
0,0.0,0.00019317541
0,0.0,4.326945e-05
0,0.0,0.00018746269
0,0.0,9.38647e-05
1,1.0,0.9984856
1,1.0,0.9995972
0,0.0,0.00017780736
0,0.0,0.00011573048
0,0.0,0.00021001781
1,1.0,0.9987347
0,0.0,0.00018121119
0,0.0,0.00018912592
0,0.0,0.00023145328
0,0.0,4.3115277e-05
0,0.0,0.00020076282
1,1.0,0.99929607
1,1.0,0.9986732
0,0.0,0.0002491553
0,0.0,9.21544e-05
0,0.0,0.0012316746
0,0.0,0.00135768
0,0.0,0.000107237116
0,0.0,0.0001134102
0,0.0,0.00024808763
1,1.0,0.99846447
0,0.0,0.00018745822
0,0.0,0.00013924025
0,0.0,9.386613e-05
0,0.0,0.00018559454
0,0.0,0.000101405145
0,0.0,0.00022409693
0,0.0,0.00010237762
0,0.0,5.038415e-05
0,0.0,0.00018913657
0,0.0,0.00018331887
0,0.0,0.00015215224
0,0.0,5.0383238e-05
0,0.0,0.00010154352
0,0.0,0.00010322065
0,0.0,5.0381845e-05
0,0.0,0.0003828156
0,0.0,0.00014315022
0,0.0,0.0025120205
0,0.0,0.00018669551
0,0.0,0.00021714756
0,0.0,0.00019856116
0,0.0,0.00010752485
1,1.0,0.99932224
0,0.0,0.0001754847
0,0.0,0.00013850373
0,0.0,0.00013721391
0,0.0,0.00011297057
1,1.0,0.9995276
0,0.0,0.00011888532
1,1.0,0.9992608
1,1.0,0.9985534
0,0.0,0.00018682636
0,0.0,0.00018263218
0,0.0,0.00024913845
0,0.0,0.00010282278
0,0.0,0.00015148401
0,0.0,0.00011476406
0,0.0,0.00019474683
0,0.0,0.00018668661
0,0.0,0.00020357463
0,0.0,0.00019355984
0,0.0,9.211741e-05
0,0.0,0.00018583945
0,0.0,0.0001932012
0,0.0,0.0005660798
0,0.0,0.00019355817
0,0.0,0.00013982713
0,0.0,0.00014939743
0,0.0,0.00019139389
0,0.0,9.1366535e-05
0,0.0,0.0002063221
0,0.0,0.00019021753
0,0.0,0.00019064458
0,0.0,0.00016282148
0,0.0,0.00018713088
0,0.0,5.0382037e-05
0,0.0,0.00018789792
0,0.0,0.00018848325
0,0.0,0.002558799
0,0.0,0.00017773939
0,0.0,0.00018558765
1,1.0,0.9984946
0,0.0,4.3166747e-05
0,0.0,0.00027136927
0,0.0,0.00018712213
0,0.0,4.3262517e-05
0,0.0,0.00011614097
1,1.0,0.99987787
0,0.0,0.00019355984
0,0.0,0.00018802604
0,0.0,0.00018668802
0,0.0,0.00011496702
1,1.0,0.99982077
0,0.0,0.00016490828
0,0.0,0.00023091475
0,0.0,0.00018669781
0,0.0,0.00020782382
0,0.0,0.00019022479
1,1.0,0.99847317
0,0.0,0.00021771766
0,0.0,0.00016363969
0,0.0,0.00018894479
0,0.0,0.0001923078
0,0.0,0.00018713892
0,0.0,0.00023134427
0,0.0,4.3266893e-05
0,0.0,0.00023043378
1,1.0,0.9987451
0,0.0,0.00022251265
0,0.0,0.0001909801
0,0.0,0.00015118317
0,0.0,0.00014267502
0,0.0,0.000187892
0,0.0,0.00027144505
0,0.0,0.00018072373
0,0.0,0.00021251742
0,0.0,0.00020585817
0,0.0,0.00017563786
0,0.0,0.0002159735
0,0.0,0.00010727926
0,0.0,0.00023343123
0,0.0,0.00018629718
0,0.0,0.00018669426
0,0.0,0.00018745626
0,0.0,0.0004956054
0,0.0,0.00019059061
0,0.0,0.000103232465
0,0.0,0.00010617665
0,0.0,0.00019139991
0,0.0,0.00017774515
0,0.0,0.00014134408
1,1.0,0.99914104
0,0.0,0.0001874634
0,0.0,0.000102375765
0,0.0,0.000101595724
0,0.0,0.00022411915
1,1.0,0.99982077
0,0.0,0.00023778352
0,0.0,0.00019022642
0,0.0,0.00016538605
0,0.0,0.000111236615
0,0.0,0.001563676
0,0.0,0.00020002433
0,0.0,0.0024072884
1,1.0,0.99849474
0,0.0,0.00013570143
0,0.0,0.00019130086
1,1.0,0.9996475
0,0.0,0.00020082983
0,0.0,0.00019022624
0,0.0,0.00011614374
0,0.0,0.00012993651
1,1.0,0.99849486
0,0.0,0.00019022389
0,0.0,0.00021912297
1,1.0,0.9997547
0,0.0,0.00024707027
0,0.0,0.00026700506
0,0.0,0.00013777977
0,0.0,0.00019139919
0,0.0,0.00017816579
0,0.0,0.00018746394
0,0.0,0.00015933083
0,0.0,0.00024067088
0,0.0,0.00018584335
0,0.0,0.00019023042
0,0.0,0.00020454357
1,1.0,0.9988936
1,1.0,0.9984948
0,0.0,0.00046817947
0,0.0,0.0002536964
0,0.0,0.00018543993
0,0.0,0.00018803177
0,0.0,5.5416902e-05
0,0.0,5.0381845e-05
0,0.0,0.000108899185
0,0.0,0.00025369736
0,0.0,0.00024590557
0,0.0,9.386157e-05
0,0.0,9.385199e-05
0,0.0,0.00022617176
0,0.0,0.00016391456
0,0.0,0.0002314599
0,0.0,0.0035267717
0,0.0,0.0006460695
0,0.0,0.00014883534
0,0.0,0.00019022751
0,0.0,0.00015977462
0,0.0,0.00011457359
0,0.0,0.00019129922
1,1.0,0.9986458
0,0.0,0.00018072063
0,0.0,0.00011323006
0,0.0,0.00010062079
0,0.0,0.00011344934
0,0.0,0.00016490357
0,0.0,0.00022887824
0,0.0,0.00019878091
0,0.0,0.0001935602
1,1.0,0.9997874
0,0.0,0.00010306249
0,0.0,0.00025366474
0,0.0,0.00017816885
0,0.0,0.00019014845
0,0.0,0.00019119856
0,0.0,0.00020523493
1,1.0,0.9987665
0,0.0,0.00016942175
1,1.0,0.99886596
0,0.0,0.00017774414
1,1.0,0.99984646
0,0.0,0.00017748824
0,0.0,0.00020445739
0,0.0,0.00022614053
0,0.0,0.00019010893
0,0.0,0.0003829963
0,0.0,0.00019877579
0,0.0,0.00018913584
0,0.0,0.00019544757
1,1.0,0.9991216
0,0.0,9.835465e-05
0,0.0,0.000565166
0,0.0,0.00018334843
0,0.0,0.00024715273
0,0.0,9.227118e-05
0,0.0,0.00022345364
1,1.0,0.9993281
0,0.0,0.00019139609
0,0.0,0.00018072527
0,0.0,0.00018913782
0,0.0,0.00015318523
0,0.0,0.00018893884
0,0.0,0.00016996168
0,0.0,0.00024928243
0,0.0,0.0004558692
0,0.0,0.00023342767
0,0.0,0.00013521707
0,0.0,0.0028810538
0,0.0,0.0001134062
0,0.0,0.0002067725
0,0.0,7.585752e-05
0,0.0,0.0001580578
0,0.0,0.00018071597
0,0.0,3.2839023e-05
0,0.0,8.210037e-05
0,0.0,0.00014744863
0,0.0,0.000120684745
1,1.0,0.99914134
0,0.0,8.210241e-05
0,0.0,0.00012691662
0,0.0,0.0001250113
0,0.0,0.00079105
0,0.0,6.5793705e-05
0,0.0,0.000102754275
1,1.0,0.99921125
0,0.0,9.6954136e-05
0,0.0,2.4584966e-05
0,0.0,0.0001342878
0,0.0,0.00014771997
0,0.0,0.00012420405
0,0.0,0.0001354363
0,0.0,7.606178e-05
0,0.0,0.00012290724
0,0.0,6.245799e-05
0,0.0,0.000102432015
1,1.0,0.99978775
0,0.0,0.00012350865
0,0.0,0.00016894555
0,0.0,0.00014848012
0,0.0,7.738927e-05
0,0.0,0.00010239159
0,0.0,0.00013376841
0,0.0,0.00036796735
0,0.0,7.33006e-05
0,0.0,0.00012502693
0,0.0,8.996414e-05
0,0.0,6.506501e-05
0,0.0,5.6498146e-05
0,0.0,0.00015131007
1,1.0,0.9997819
0,0.0,7.5904616e-05
0,0.0,0.00012669753
0,0.0,0.00010777358
0,0.0,7.105489e-05
0,0.0,0.00013781775
0,0.0,0.00016840883
0,0.0,7.629453e-05
0,0.0,0.00012095548
1,1.0,0.99964714
0,0.0,3.2838587e-05
0,0.0,0.00011260684
0,0.0,0.00013103879
0,0.0,0.00012211775
0,0.0,0.00028382894
0,0.0,7.483452e-05
0,0.0,7.1059774e-05
0,0.0,0.00010791467
0,0.0,0.00013548305
1,1.0,0.9993648
1,1.0,0.99979234
0,0.0,0.00011501495
0,0.0,7.3880685e-05
0,0.0,0.00035391556
0,0.0,0.0022642994
1,1.0,0.9997939
0,0.0,6.820451e-05
0,0.0,0.00010229829
0,0.0,2.4522958e-05
0,0.0,0.00081336923
0,0.0,0.00012651789
0,0.0,0.0021946458
0,0.0,7.9875295e-05
0,0.0,0.00023187559
0,0.0,0.0012989073
0,0.0,0.00012674344
1,1.0,0.9999063
0,0.0,0.00012814655
0,0.0,0.00081342703
0,0.0,0.00016438913
0,0.0,0.00011231644
0,0.0,0.00014775713
0,0.0,0.00016299824
0,0.0,0.000107936685
0,0.0,0.000107560234
1,1.0,0.9993462
0,0.0,7.941557e-05
0,0.0,0.00011784624
0,0.0,0.00012691384
0,0.0,0.00018487657
0,0.0,0.00016747971
0,0.0,0.0001163892
0,0.0,9.18681e-05
0,0.0,0.00017716529
0,0.0,3.284081e-05
0,0.0,0.001425772
0,0.0,8.257634e-05
0,0.0,9.032965e-05
0,0.0,0.00036911294
0,0.0,0.00016655654
0,0.0,6.664156e-05
0,0.0,0.00026060673
0,0.0,6.6646135e-05
0,0.0,0.00012132039
0,0.0,6.376708e-05
0,0.0,0.00018284719
0,0.0,0.00015319443
0,0.0,0.0017044658
1,1.0,0.9991576
0,0.0,0.00013098857
0,0.0,0.00016945292
1,1.0,0.9994736
0,0.0,0.00013539252
0,0.0,0.00016918959
0,0.0,0.00018281232
0,0.0,0.00011759928
0,0.0,0.00014954693
0,0.0,0.000121439596
0,0.0,0.0013567192
0,0.0,0.00013542209
0,0.0,0.00014966505
0,0.0,0.00011338587
0,0.0,7.989396e-05
0,0.0,0.00013546702
1,1.0,0.99992144
0,0.0,0.00016536952
0,0.0,0.00011906207
0,0.0,2.4513278e-05
0,0.0,2.4446234e-05
0,0.0,6.3866704e-05
0,0.0,0.00012674804
0,0.0,0.00015563174
1,1.0,0.9999048
0,0.0,0.0053231646
0,0.0,0.000110670786
0,0.0,0.00013539122
0,0.0,6.711259e-05
0,0.0,0.00014961783
0,0.0,0.00015304245
0,0.0,0.0001354864
0,0.0,0.00015985905
0,0.0,0.00016967572
0,0.0,0.00012290971
0,0.0,0.00012674827
0,0.0,0.00018495081
1,1.0,0.99949723
0,0.0,0.00012513869
1,1.0,0.9990798
1,1.0,0.99930525
0,0.0,0.00019700742
0,0.0,0.00013375962
0,0.0,0.00012538652
0,0.0,4.5080917e-05
1,1.0,0.9992979
1,1.0,0.9998532
0,0.0,8.2098806e-05
0,0.0,7.635894e-05
0,0.0,7.643464e-05
0,0.0,0.00012351136
0,0.0,0.00010748968
0,0.0,0.00013780671
0,0.0,0.0005133868
0,0.0,0.00013547503
1,1.0,0.9990443
0,0.0,0.00011649779
0,0.0,2.4518866e-05
0,0.0,0.0001513079
0,0.0,0.0012233404
0,0.0,0.00012674647
0,0.0,0.00016912718
0,0.0,7.1757204e-05
1,1.0,0.99931234
0,0.0,0.00011260512
0,0.0,0.00017445798
0,0.0,0.00012528685
0,0.0,0.00012736763
0,0.0,0.00012212474
0,0.0,7.6041324e-05
0,0.0,0.00012529903
0,0.0,0.00014405984
0,0.0,7.5899836e-05
0,0.0,9.412355e-05
0,0.0,7.4766336e-05
0,0.0,0.00015035852
1,1.0,0.9990779
0,0.0,7.608935e-05
0,0.0,6.894895e-05
0,0.0,0.00025891376
0,0.0,2.4467387e-05
0,0.0,6.316718e-05
0,0.0,0.00012666901
0,0.0,0.00016780564
0,0.0,0.00011530474
0,0.0,0.00012651716
0,0.0,0.00012127204
0,0.0,0.00011531255
0,0.0,0.0019925227
1,1.0,0.999071
1,1.0,0.9991414
0,0.0,0.00012967149
0,0.0,0.00012651559
0,0.0,0.00012522427
0,0.0,0.00013526721
0,0.0,8.225726e-05
0,0.0,0.00029811048
0,0.0,0.0001457487
0,0.0,0.00011226696
0,0.0,8.050256e-05
0,0.0,0.00011501275
0,0.0,0.00012214872
0,0.0,7.616281e-05
0,0.0,0.00012271051
0,0.0,7.629096e-05
0,0.0,3.2839085e-05
0,0.0,0.000121271805
0,0.0,7.879069e-05
0,0.0,8.326379e-05
0,0.0,0.0008001823
0,0.0,0.00016770823
0,0.0,0.00012512675
0,0.0,8.210163e-05
0,0.0,6.245382e-05
1,1.0,0.99903405
1,1.0,0.999599
0,0.0,7.611793e-05
0,0.0,8.210523e-05
0,0.0,0.00012646698
0,0.0,7.947792e-05
1,1.0,0.99921256
0,0.0,0.00013537456
0,0.0,6.196582e-05
0,0.0,0.00015970744
0,0.0,0.0001266469
0,0.0,0.00016916558
0,0.0,0.00015181053
0,0.0,7.885398e-05
0,0.0,0.0011976281
0,0.0,0.00014844575
0,0.0,6.895724e-05
0,0.0,6.8227986e-05
0,0.0,0.000111449066
0,0.0,6.572781e-05
0,0.0,0.00013544998
0,0.0,8.210272e-05
0,0.0,7.7755576e-05
0,0.0,0.00012219416
0,0.0,7.627939e-05
0,0.0,0.00011530309
0,0.0,7.286448e-05
0,0.0,0.00014776601
0,0.0,7.128416e-05
0,0.0,0.00013714131
0,0.0,0.0001495492
0,0.0,0.00016786535
0,0.0,0.00018284212
0,0.0,0.00013715347
0,0.0,0.00019265653
0,0.0,8.4526844e-05
1,1.0,0.99967957
0,0.0,0.00019703468
0,0.0,0.00024391912
0,0.0,8.209998e-05
0,0.0,0.00010849351
0,0.0,0.00012501428
0,0.0,0.00014905406
0,0.0,0.00014905249
1,1.0,0.99980116
0,0.0,6.6470566e-05
0,0.0,0.000115301555
0,0.0,0.00012540208
1,1.0,0.9999234
0,0.0,0.00012674561
1,1.0,0.9995517
0,0.0,0.000120306264
0,0.0,8.006632e-05
0,0.0,8.325721e-05
0,0.0,8.998576e-05
0,0.0,0.000119721706
0,0.0,3.2838838e-05
1,1.0,0.999644
0,0.0,8.211094e-05
0,0.0,7.243853e-05
0,0.0,0.00011760107
0,0.0,0.00010852124
1,1.0,0.99905384
0,0.0,0.00019178813
0,0.0,0.00013539704
0,0.0,7.6473276e-05
0,0.0,7.556756e-05
0,0.0,6.712283e-05
0,0.0,0.00011625354
0,0.0,0.00016867819
0,0.0,7.586482e-05
1,1.0,0.99922514
0,0.0,0.00033752836
0,0.0,0.00012062802
0,0.0,9.699564e-05
0,0.0,0.00017180647
0,0.0,0.00015117768
0,0.0,7.6417215e-05
0,0.0,0.00012351478
1,1.0,0.999208
1,1.0,0.9990341
0,0.0,0.00012126591
0,0.0,0.000121276666
0,0.0,0.00012513522
0,0.0,0.00094481534
0,0.0,0.000121453726
0,0.0,0.00012221119
0,0.0,0.00011432367
0,0.0,0.00011501275
0,0.0,0.00011783164
0,0.0,7.6218756e-05
0,0.0,0.0005877393
0,0.0,0.00012126244
1,1.0,0.99963087
1,1.0,0.9991326
0,0.0,7.7929275e-05
0,0.0,0.0001633228
0,0.0,6.3301835e-05
0,0.0,0.000121268335
0,0.0,0.00036876608
0,0.0,0.00012513642
0,0.0,7.989396e-05
0,0.0,6.3766776e-05
0,0.0,8.299824e-05
0,0.0,0.00013547373
0,0.0,9.1843394e-05
0,0.0,0.00012220733
0,0.0,6.570248e-05
0,0.0,0.00015716105
0,0.0,6.360627e-05
0,0.0,0.00014993288
0,0.0,0.00015282254
0,0.0,0.000120107376
0,0.0,0.00012538461
0,0.0,7.636236e-05
0,0.0,9.56577e-05
0,0.0,0.00010250081
0,0.0,3.2836455e-05
0,0.0,0.00015050569
0,0.0,0.0001249921
0,0.0,0.00012352255
0,0.0,8.2106875e-05
0,0.0,0.0008133863
0,0.0,0.00011624855
0,0.0,0.00012069072
0,0.0,6.5694025e-05
0,0.0,9.7152646e-05
0,0.0,7.8449564e-05
0,0.0,0.00012351196
0,0.0,9.636303e-05
0,0.0,6.1605584e-05
0,0.0,0.00012651536
0,0.0,7.5912365e-05
0,0.0,0.000102452716
0,0.0,0.00045457217
0,0.0,8.207971e-05
0,0.0,0.0008133464
0,0.0,0.00012692643
0,0.0,0.00012291767
0,0.0,0.00011501451
0,0.0,0.00015783039
0,0.0,7.6474666e-05
0,0.0,0.00035378686
1,1.0,0.9999008
0,0.0,0.0051814336
0,0.0,8.904739e-05
0,0.0,6.29907e-05
0,0.0,0.00018172749
1,1.0,0.9998229
1,1.0,0.99955803
0,0.0,0.00010864404
0,0.0,7.947209e-05
0,0.0,7.873277e-05
1,1.0,0.9998847
0,0.0,0.00010244628
0,0.0,0.0001253986
0,0.0,0.00013978794
0,0.0,6.946994e-05
0,0.0,0.00012859984
0,0.0,7.6254226e-05
0,0.0,0.00011530947
1,1.0,0.9992108
0,0.0,0.00026063854
0,0.0,0.00015131035
0,0.0,8.325047e-05
0,0.0,0.00013716485
0,0.0,0.00029929262
0,0.0,3.2841588e-05
0,0.0,0.0031277612
0,0.0,0.00013537353
0,0.0,6.578875e-05
0,0.0,2.4529765e-05
1,1.0,0.99914634
0,0.0,0.00012378501
0,0.0,0.0016796986
0,0.0,0.0001886118
0,0.0,8.327014e-05
0,0.0,0.00014257303
0,0.0,0.00012063009
1,1.0,0.9999341
0,0.0,0.00010254891
0,0.0,0.0001481841
0,0.0,0.00016866403
0,0.0,0.000120960896
0,0.0,0.00070745626
0,0.0,7.941042e-05
0,0.0,0.00015940818
0,0.0,0.00012501882
0,0.0,0.00013540415
0,0.0,0.00012540135
0,0.0,0.0001252264
0,0.0,0.00015638147
1,1.0,0.999078
0,0.0,0.00011530122
0,0.0,0.00014743528
0,0.0,0.0021791884
0,0.0,0.00012212835
0,0.0,0.00012290102
0,0.0,0.00016361754
1,1.0,0.99904424
0,0.0,0.0013527503
0,0.0,0.00081381394
0,0.0,0.00015252628
0,0.0,0.000123775
0,0.0,0.00013546071
1,1.0,0.99961823
0,0.0,0.000122894
0,0.0,0.00011501451
0,0.0,0.00053977023
1,1.0,0.9992179
0,0.0,0.00014953852
1,1.0,0.99990004
0,0.0,2.4589914e-05
0,0.0,0.00018355761
0,0.0,9.287596e-05
0,0.0,7.65496e-05
0,0.0,0.00012651595
0,0.0,7.8689474e-05
0,0.0,2.4518165e-05
0,0.0,9.614274e-05
0,0.0,6.425058e-05
0,0.0,7.627823e-05
0,0.0,7.636979e-05
0,0.0,0.0001354332
1,1.0,0.9999048
0,0.0,7.176637e-05
0,0.0,0.00010805944
0,0.0,7.610647e-05
0,0.0,0.00012530609
1,1.0,0.99931127
0,0.0,6.199869e-05
0,0.0,0.00012674743
0,0.0,7.6761586e-05
0,0.0,0.00012667083
0,0.0,8.05084e-05
0,0.0,6.6580506e-05
0,0.0,0.00020504443
0,0.0,0.0001737405
0,0.0,0.00015051171
0,0.0,0.00012145882
0,0.0,0.00012547073
0,0.0,0.00022978523
0,0.0,0.00015318407
0,0.0,6.660248e-05
1,1.0,0.9997875
1,1.0,0.9992105
0,0.0,0.00012145534
0,0.0,0.00012213463
0,0.0,9.321756e-05
0,0.0,9.300801e-05
0,0.0,8.2984625e-05
0,0.0,6.2580926e-05
1,1.0,0.9997891
0,0.0,6.298709e-05
0,0.0,0.00017054447
0,0.0,0.00016917009
0,0.0,7.775632e-05
1,1.0,0.9990798
0,0.0,0.00018205895
0,0.0,0.0007911386
0,0.0,0.00016841108
0,0.0,0.00012666224
0,0.0,0.00011636411
0,0.0,9.321063e-05
0,0.0,6.657283e-05
0,0.0,7.6157805e-05
0,0.0,0.000367093
0,0.0,7.651369e-05
0,0.0,0.000135965
0,0.0,0.00013714118
1,1.0,0.9992024
0,0.0,0.00015185555
0,0.0,0.0012705602
0,0.0,6.376824e-05
0,0.0,0.00018494869
0,0.0,0.00016915929
0,0.0,0.00016782821
0,0.0,0.000113395814
0,0.0,0.0001513043
0,0.0,0.0001487698
1,1.0,0.9992253
0,0.0,7.329222e-05
0,0.0,0.00018632507
0,0.0,0.00012529174
0,0.0,6.572944e-05
0,0.0,0.000106485204
0,0.0,0.00012221701
0,0.0,3.277464e-05
0,0.0,0.00014848592
0,0.0,0.00012674768
0,0.0,9.299205e-05
1,1.0,0.9996053
0,0.0,8.172871e-05
0,0.0,2.4530422e-05
0,0.0,0.00012675276
1,1.0,0.99978846
0,0.0,0.000115303534
0,0.0,0.00047133453
0,0.0,0.0008137592
0,0.0,7.2569215e-05
0,0.0,7.590288e-05
0,0.0,0.0001291041
0,0.0,0.000108096654
0,0.0,0.0004745925
0,0.0,7.7076395e-05
0,0.0,0.00014905307
0,0.0,7.872919e-05
0,0.0,0.000125398
0,0.0,0.0001495371
1,1.0,0.99961555
0,0.0,2.455275e-05
1,1.0,0.99978626
1,1.0,0.99978626
0,0.0,0.00012378594
0,0.0,0.00012498841
0,0.0,0.00012358038
0,0.0,0.00019403028
0,0.0,6.2999105e-05
0,0.0,0.00018487817
0,0.0,7.6313234e-05
0,0.0,0.00010545882
0,0.0,0.00018494656
0,0.0,0.00026105787
0,0.0,0.00016774343
0,0.0,7.615424e-05
1,1.0,0.99937016
0,0.0,7.77607e-05
0,0.0,0.00011760982
0,0.0,0.000120943136
0,0.0,7.841845e-05
0,0.0,0.0001249927
0,0.0,0.00019650914
1,1.0,0.99936485
0,0.0,0.00010147518
0,0.0,2.453634e-05
0,0.0,0.000110012326
0,0.0,0.0001428881
0,0.0,0.0001034239
0,0.0,7.64864e-05
0,0.0,7.796987e-05
0,0.0,0.00014097795
0,0.0,8.904883e-05
1,1.0,0.9989984
0,0.0,9.318396e-05
0,0.0,0.0001848399
0,0.0,0.00019702283
0,0.0,0.00012121457
0,0.0,0.0012525963
0,0.0,0.00014771742
0,0.0,2.4498484e-05
0,0.0,0.0024408523
0,0.0,0.0001349333
0,0.0,0.000119193726
0,0.0,8.21003e-05
0,0.0,0.000121268335
0,0.0,0.00012499164
0,0.0,0.00016909443
0,0.0,0.0001237863
0,0.0,0.00015505332
0,0.0,9.69631e-05
0,0.0,9.582387e-05
1,1.0,0.9990429
0,0.0,0.00013428791
0,0.0,0.00016364577
0,0.0,2.4512367e-05
0,0.0,6.8220244e-05
0,0.0,8.2241735e-05
0,0.0,0.00014953653
0,0.0,6.713e-05
0,0.0,0.00012675105
0,0.0,6.822389e-05
0,0.0,0.00012692268
0,0.0,0.0003685714
0,0.0,0.00013793331
0,0.0,0.00018283253
0,0.0,0.00010275682
0,0.0,9.3212046e-05
0,0.0,0.000120691526
0,0.0,0.00012213277
0,0.0,6.257698e-05
0,0.0,0.00012378476
0,0.0,0.00012290385
0,0.0,8.1739156e-05
0,0.0,0.00012522927
1,1.0,0.99955744
0,0.0,0.00012212964
0,0.0,0.00014335373
0,0.0,0.0001681444
0,0.0,0.00012377581
0,0.0,0.00012514011
0,0.0,0.00010804451
0,0.0,0.0004644213
1,1.0,0.99976623
0,0.0,0.0004792735
0,0.0,0.00016912751
0,0.0,0.000105851446
0,0.0,0.00015043984
0,0.0,0.00014996748
0,0.0,0.00017026158
1,1.0,0.9991777
0,0.0,8.2118546e-05
0,0.0,0.00012398692
0,0.0,0.00016337527
0,0.0,0.00012675505
0,0.0,0.00012069855
0,0.0,0.0001267478
0,0.0,0.000107637185
0,0.0,0.00016728435
1,1.0,0.9990076
0,0.0,0.000107485896
0,0.0,0.00012651474
0,0.0,9.560108e-05
0,0.0,9.635862e-05
0,0.0,0.00012528172
1,1.0,0.9994926
0,0.0,0.0003654372
0,0.0,0.00011430285
1,1.0,0.9990415
0,0.0,0.00014500208
0,0.0,0.0009839311
0,0.0,0.00010764498
0,0.0,7.353108e-05
0,0.0,3.2838085e-05
1,1.0,0.9996139
0,0.0,0.00013441347
0,0.0,0.00012666019
0,0.0,0.00012062963
0,0.0,8.206641e-05
0,0.0,0.00015760811
0,0.0,2.457533e-05
0,0.0,0.00012500641
0,0.0,0.00012552961
0,0.0,0.00016748339
0,0.0,0.00016946698
0,0.0,0.00015871384
0,0.0,0.000108064385
0,0.0,0.00013106402
0,0.0,0.0001640071
0,0.0,0.00012742545
1,1.0,0.99978346
0,0.0,0.00012212835
0,0.0,0.00011165457
0,0.0,6.572216e-05
0,0.0,0.00011760455
0,0.0,0.00012126695
0,0.0,0.00014906714
0,0.0,0.0001065179
0,0.0,0.00015354938
0,0.0,0.00014732059
1,1.0,0.9995542
1,1.0,0.9998098
0,0.0,0.00013546753
0,0.0,0.00014231876
1,1.0,0.9996538
1,1.0,0.9996391
0,0.0,6.2584506e-05
0,0.0,0.00013073675
0,0.0,0.00012666696
0,0.0,0.000115015166
1,1.0,0.9998507
0,0.0,6.7138906e-05
0,0.0,9.170566e-05
0,0.0,9.033715e-05
1,1.0,0.9997398
0,0.0,0.00012131575
0,0.0,7.6415905e-05
0,0.0,0.00036698417
0,0.0,0.0021645254
1,1.0,0.999904
0,0.0,0.00012651643
0,0.0,0.0011201889
0,0.0,0.00012528972
0,0.0,0.00016041806
0,0.0,0.00013761604
0,0.0,0.00012499116
0,0.0,0.00012692438
0,0.0,0.00012667156
0,0.0,9.447901e-05
1,1.0,0.99917805
1,1.0,0.9995544
0,0.0,0.00012501249
0,0.0,0.00012068945
0,0.0,0.00010260701
1,1.0,0.99914235
0,0.0,0.00012674707
0,0.0,0.00011624966
0,0.0,0.00012521948
0,0.0,0.00014877945
0,0.0,0.00012126533
1,1.0,0.9999565
0,0.0,0.00014996734
0,0.0,0.0007910776
0,0.0,8.258296e-05
0,0.0,0.00016840482
0,0.0,0.00012069175
0,0.0,0.00014921448
0,0.0,0.000371751
0,0.0,0.0001133102
0,0.0,0.00016564885
1,1.0,0.99978215
0,0.0,7.862504e-05
0,0.0,0.00013541072
0,0.0,0.00012693043
0,0.0,9.580449e-05
0,0.0,0.00016945972
0,0.0,0.000120636076
0,0.0,0.00012530765
0,0.0,6.572204e-05
0,0.0,0.0001209466
0,0.0,3.2834516e-05
0,0.0,0.00013033868
0,0.0,0.00012674465
1,1.0,0.9996709
0,0.0,0.00010862353
0,0.0,8.256257e-05
1,1.0,0.99945176
0,0.0,0.00012522152
0,0.0,0.00044515156
0,0.0,0.00011636667
0,0.0,0.00012350923
1,1.0,0.99972314
0,0.0,0.00016782085
0,0.0,0.00012529665
0,0.0,0.00017476833
0,0.0,0.00013378028
1,1.0,0.9990425
0,0.0,0.000102483995
0,0.0,0.00014954437
0,0.0,0.00015234634
0,0.0,0.0001371536
0,0.0,0.0003224236
0,0.0,0.00012514931
0,0.0,0.00012997405
0,0.0,0.00012127019
0,0.0,0.00010796798
0,0.0,2.4531122e-05
0,0.0,0.00036003705
0,0.0,0.00012217471
0,0.0,0.00013717322
0,0.0,7.609385e-05
0,0.0,0.0006576237
1,1.0,0.99922526
0,0.0,0.00012693467
0,0.0,0.0001266649
0,0.0,6.6798006e-05
0,0.0,8.259273e-05
0,0.0,2.453103e-05
0,0.0,0.0001360283
0,0.0,9.000723e-05
0,0.0,8.210805e-05
1,1.0,0.9996682
0,0.0,0.0001197612
0,0.0,8.290378e-05
0,0.0,0.00013548111
0,0.0,0.00019704088
0,0.0,9.3620394e-05
0,0.0,7.590968e-05
0,0.0,0.0014368842
0,0.0,7.285309e-05
0,0.0,0.00050210406
1,1.0,0.9996556
0,0.0,9.194882e-05
0,0.0,7.484194e-05
0,0.0,0.0001222148
0,0.0,7.175433e-05
0,0.0,0.00018339754
0,0.0,6.822506e-05
0,0.0,0.00011135346
0,0.0,0.00012378301
0,0.0,2.4530023e-05
0,0.0,2.4452178e-05
1,1.0,0.99949616
0,0.0,0.00011252451
0,0.0,7.792675e-05
1,1.0,0.9992841
1,1.0,0.99956375
0,0.0,0.00016722073
0,0.0,0.0001221387
0,0.0,0.002478254
0,0.0,7.110878e-05
0,0.0,0.000119193726
0,0.0,0.00040514872
0,0.0,7.634068e-05
0,0.0,0.00029478225
1,1.0,0.9993052
0,0.0,0.002181133
0,0.0,0.00012182768
0,0.0,2.45278e-05
0,0.0,6.593723e-05
0,0.0,0.00014875818
0,0.0,0.0001209549
0,0.0,7.629991e-05
0,0.0,0.00012513976
0,0.0,7.874877e-05
0,0.0,0.00015718772
1,1.0,0.99907106
0,0.0,6.435501e-05
0,0.0,0.00016929064
1,1.0,0.99990875
0,0.0,8.425299e-05
0,0.0,3.145244e-05
0,0.0,7.635675e-05
0,0.0,0.00014904924
0,0.0,0.00012692946
1,1.0,0.999043
1,1.0,0.9998496
0,0.0,9.287684e-05
0,0.0,0.00014403198
1,1.0,0.99930286
0,0.0,0.0001634613
0,0.0,6.5731314e-05
0,0.0,3.2871732e-05
1,1.0,0.9998678
0,0.0,0.00012068738
0,0.0,0.00018493563
0,0.0,0.00012673522
1,1.0,0.9992179
1,1.0,0.99987644
0,0.0,0.0001828409
0,0.0,9.504542e-05
0,0.0,0.00028790178
0,0.0,0.00010249269
0,0.0,8.906208e-05
0,0.0,2.4475019e-05
1,1.0,0.9993088
0,0.0,9.1872476e-05
1,1.0,0.99906856
0,0.0,9.430098e-05
0,0.0,0.0001490515
0,0.0,0.0001495408
0,0.0,0.00014201578
0,0.0,7.042571e-05
0,0.0,0.00013371294
0,0.0,7.988063e-05
0,0.0,2.4526911e-05
0,0.0,0.00010347866
0,0.0,0.00018397604
0,0.0,7.6299475e-05
0,0.0,9.134381e-05
0,0.0,0.00035387572
0,0.0,0.00012499139
0,0.0,0.00022980824
0,0.0,0.00012664727
0,0.0,0.00019701663
0,0.0,0.00016058963
0,0.0,0.00012539752
0,0.0,0.00018495275
0,0.0,7.7929275e-05
0,0.0,0.00011579881
0,0.0,0.0017517643
0,0.0,0.0001221358
0,0.0,0.00012498854
0,0.0,7.8650766e-05
0,0.0,6.258397e-05
0,0.0,7.068502e-05
0,0.0,7.615046e-05
0,0.0,0.0007122295
0,0.0,7.614756e-05
0,0.0,0.00014772208
0,0.0,0.00010748477
0,0.0,7.723746e-05
0,0.0,0.00012530501
0,0.0,6.160876e-05
0,0.0,0.0008134732
0,0.0,0.00016742159
0,0.0,6.4248554e-05
0,0.0,7.79718e-05
0,0.0,0.00016612749
0,0.0,6.303504e-05
0,0.0,0.00012212648
0,0.0,0.00012501143
0,0.0,0.00011682774
0,0.0,0.0001206883
1,1.0,0.9995501
0,0.0,0.00010527465
0,0.0,0.000115162664
0,0.0,8.297758e-05
0,0.0,0.00013888223
1,1.0,0.999078
0,0.0,0.00081337773
0,0.0,0.00012068991
0,0.0,0.00020103175
0,0.0,0.00014996348
0,0.0,0.00025997768
0,0.0,0.00010765268
0,0.0,0.0001046488
0,0.0,0.00012666502
0,0.0,0.0001221965
0,0.0,0.00012501882
0,0.0,0.00017157463
0,0.0,6.199869e-05
0,0.0,0.00018304132
0,0.0,0.00015050569
0,0.0,0.00016910573
1,1.0,0.9995575
0,0.0,0.00017141015
0,0.0,0.0001066484
0,0.0,0.00012095421
0,0.0,8.0095495e-05
0,0.0,6.8230205e-05
0,0.0,0.000120686345
0,0.0,0.00019697775
0,0.0,0.00018245394
0,0.0,0.00028391447
1,1.0,0.99982136
0,0.0,0.00013541461
0,0.0,0.00012529401
0,0.0,0.00016917041
1,1.0,0.9992476
0,0.0,0.00013192745
0,0.0,0.00015995099
0,0.0,3.2837397e-05
0,0.0,0.00016745833
0,0.0,0.00010591868
0,0.0,0.00012292928
0,0.0,0.00015701726
0,0.0,0.00015129968
0,0.0,3.2812226e-05
0,0.0,0.00012370183
0,0.0,8.210938e-05
0,0.0,0.00016774055
0,0.0,0.0001253992
1,1.0,0.9991325
0,0.0,0.00016916057
1,1.0,0.99921054
0,0.0,0.000120687495
0,0.0,0.00012212941
0,0.0,6.52044e-05
0,0.0,7.9868514e-05
0,0.0,0.00012075565
0,0.0,0.00014878088
0,0.0,0.0008133933
1,1.0,0.9999031
0,0.0,0.00013376739
0,0.0,7.72407e-05
0,0.0,0.00012290044
1,1.0,0.99964017
0,0.0,6.625894e-05
0,0.0,0.005439546
0,0.0,0.0019870792
0,0.0,0.00012674683
0,0.0,0.000107475746
0,0.0,0.0019494002
0,0.0,0.00015259306
0,0.0,8.210061e-05
0,0.0,0.00012650268
0,0.0,0.00011729142
0,0.0,0.00015130256
0,0.0,7.872693e-05
0,0.0,0.00016026363
0,0.0,0.00013329017
0,0.0,0.0022604289
1,1.0,0.9992179
1,1.0,0.9997494
0,0.0,0.0008133848
0,0.0,0.00012513903
0,0.0,0.00012692655
0,0.0,9.361887e-05
0,0.0,0.00012309266
0,0.0,6.506191e-05
0,0.0,7.129116e-05
0,0.0,0.00012499247
0,0.0,0.00015283245
0,0.0,0.00012351018
0,0.0,0.00012214942
0,0.0,0.00017947049
0,0.0,0.0001265139
0,0.0,0.00015919097
0,0.0,7.6085285e-05
0,0.0,0.00012127204
0,0.0,0.00012213149
0,0.0,0.00011759984
0,0.0,6.257137e-05
0,0.0,3.2835957e-05
0,0.0,6.3594256e-05
0,0.0,6.228549e-05
0,0.0,0.0014560133
0,0.0,0.00012213126
0,0.0,0.00017321217
0,0.0,0.00028529286
0,0.0,0.00010591767
0,0.0,0.0001097532
0,0.0,0.00035047586
0,0.0,0.00012213079
0,0.0,0.0001265221
0,0.0,0.00012528039
0,0.0,7.694246e-05
0,0.0,0.00018696002
0,0.0,0.00014745496
1,1.0,0.999301
0,0.0,0.00012693019
0,0.0,0.00012213009
0,0.0,0.00012521794
0,0.0,9.573701e-05
0,0.0,3.2839776e-05
0,0.0,0.00012146948
0,0.0,0.00013104192
0,0.0,2.4523777e-05
0,0.0,6.520545e-05
0,0.0,0.000125222
0,0.0,0.00011760388
0,0.0,0.0005899407
0,0.0,6.5384214e-05
0,0.0,0.00030913574
1,1.0,0.99981195
0,0.0,0.00010805181
0,0.0,2.4585364e-05
0,0.0,0.00021262038
0,0.0,0.00012220105
0,0.0,0.00012212148
0,0.0,0.00012498914
0,0.0,7.643026e-05
0,0.0,0.00015025174
0,0.0,0.00012549333
0,0.0,0.0001025892
0,0.0,0.00011625609
1,1.0,0.999558
0,0.0,0.0001251474
0,0.0,0.00012213032
1,1.0,0.9999052
0,0.0,0.00012506651
0,0.0,0.00012095306
0,0.0,0.00012126498
0,0.0,0.00012530692
0,0.0,0.00015497618
0,0.0,7.943875e-05
1,1.0,0.99852985
0,0.0,0.00015029931
0,0.0,7.6401266e-05
0,0.0,0.00014439817
0,0.0,6.6686815e-05
0,0.0,0.000121271114
0,0.0,0.00081361464
0,0.0,6.570305e-05
0,0.0,0.00012500069
0,0.0,3.2838525e-05
0,0.0,0.0001707959
1,1.0,0.99907976
0,0.0,0.00094333023
0,0.0,0.0001274116
0,0.0,0.0009771413
0,0.0,8.067485e-05
0,0.0,6.372367e-05
0,0.0,0.00012501334
0,0.0,0.00018495221
0,0.0,0.00018584193
0,0.0,0.000115301445
0,0.0,0.00012069428
1,1.0,0.99936485
1,1.0,0.9990717
0,0.0,0.00011766322
0,0.0,0.00029609367
0,0.0,7.79692e-05
0,0.0,6.67982e-05
0,0.0,6.2915235e-05
0,0.0,0.00016653747
0,0.0,0.00012651643
0,0.0,6.71227e-05
0,0.0,0.00012501465
0,0.0,6.257961e-05
1,1.0,0.9991462
0,0.0,0.00011656556
0,0.0,7.819541e-05
0,0.0,7.1010596e-05
0,0.0,9.068334e-05
0,0.0,7.630355e-05
0,0.0,0.000117598494
1,1.0,0.99990094
0,0.0,7.948406e-05
0,0.0,6.62559e-05
0,0.0,7.864116e-05
1,1.0,0.99979013
0,0.0,0.000117602416
0,0.0,7.672228e-05
1,1.0,0.9991326
0,0.0,7.627292e-05
0,0.0,2.4527917e-05
0,0.0,3.283489e-05
0,0.0,0.00013716407
0,0.0,0.0001253992
0,0.0,0.00012220863
0,0.0,0.00012538485
0,0.0,0.00014905576
1,1.0,0.99958545
0,0.0,0.00013717846
0,0.0,0.00012674392
0,0.0,0.00015186047
0,0.0,0.00015230189
0,0.0,0.00012693007
0,0.0,0.00012222552
0,0.0,0.0001235103
0,0.0,0.00012291076
0,0.0,9.584835e-05
0,0.0,0.00012290174
0,0.0,0.00015741735
0,0.0,0.000117598946
0,0.0,0.00012094729
0,0.0,0.00022610882
0,0.0,0.00013730435
1,1.0,0.9998889
0,0.0,0.00010749501
1,1.0,0.99992466
0,0.0,0.00012088411
0,0.0,0.00012126776
0,0.0,0.00010530709
0,0.0,0.00016177859
0,0.0,0.000117515105
0,0.0,0.00012665996
0,0.0,0.00034120088
0,0.0,0.0001489623
0,0.0,0.000115304196
0,0.0,7.1199574e-05
0,0.0,9.702053e-05
0,0.0,0.000109278975
0,0.0,0.00013545075
0,0.0,0.00018193678
1,1.0,0.99903417
0,0.0,0.0024831316
0,0.0,0.0014370149
0,0.0,8.325769e-05
0,0.0,0.00012666502
0,0.0,0.00011530265
1,1.0,0.99965
1,1.0,0.9991422
1,1.0,0.99955416
1,1.0,0.9993111
0,0.0,0.0025931578
0,0.0,0.00010249963
0,0.0,0.00026092053
0,0.0,2.4508416e-05
0,0.0,0.00035368904
0,0.0,7.821964e-05
0,0.0,6.572128e-05
0,0.0,6.196286e-05
0,0.0,0.0017441356
0,0.0,0.00012506412
0,0.0,0.000120681296
0,0.0,0.00016233922
0,0.0,6.50593e-05
0,0.0,0.00012665935
0,0.0,0.000120958124
0,0.0,9.033663e-05
0,0.0,0.00012513832
0,0.0,8.041095e-05
0,0.0,0.00013373577
1,1.0,0.999034
0,0.0,8.210053e-05
0,0.0,6.196517e-05
0,0.0,0.00017037803
0,0.0,0.00013311388
0,0.0,7.5603886e-05
0,0.0,0.0001252208
0,0.0,0.00013382059
1,1.0,0.99934
0,0.0,0.0002297609
0,0.0,0.00012096505
0,0.0,0.001384629
0,0.0,3.284115e-05
0,0.0,0.00025276808
0,0.0,0.00013375172
0,0.0,0.00012814168
0,0.0,0.00012089852
0,0.0,0.001360027
0,0.0,6.758431e-05
0,0.0,0.0012220663
0,0.0,8.2016646e-05
0,0.0,0.00012652054
1,1.0,0.9996465
0,0.0,0.00014848098
0,0.0,6.1965286e-05
0,0.0,8.0084035e-05
0,0.0,0.00011948209
0,0.0,0.00014877888
0,0.0,0.00017206564
0,0.0,0.00014848125
0,0.0,0.00011625742
0,0.0,0.00018008845
0,0.0,0.00013547012
0,0.0,7.88064e-05
0,0.0,0.00014775855
0,0.0,0.0001252233
0,0.0,0.00012651812
0,0.0,0.00012132501
0,0.0,0.00010248184
0,0.0,0.00012651474
0,0.0,0.00016789383
0,0.0,8.0008474e-05
0,0.0,0.00010247891
0,0.0,0.000116407165
0,0.0,0.00030602826
0,0.0,9.991526e-05
0,0.0,7.941588e-05
0,0.0,3.280409e-05
0,0.0,6.667346e-05
0,0.0,2.453372e-05
0,0.0,0.00011430416
0,0.0,0.00013717309
0,0.0,6.23095e-05
0,0.0,0.00012378382
0,0.0,0.00012522438
0,0.0,0.0021880744
0,0.0,0.00011625143
0,0.0,0.00012667263
0,0.0,0.002654423
0,0.0,0.00012068405
0,0.0,0.00015130213
0,0.0,9.32108e-05
0,0.0,8.224079e-05
0,0.0,0.00013547995
0,0.0,7.6214106e-05
0,0.0,0.0001378451
0,0.0,8.2102175e-05
0,0.0,6.611428e-05
0,0.0,0.0013783034
0,0.0,0.00012514727
0,0.0,0.000111272144
0,0.0,0.00016742319
0,0.0,6.3108426e-05
0,0.0,0.00016910234
0,0.0,3.283965e-05
0,0.0,0.000115014285
0,0.0,0.00017113824
0,0.0,0.000102430946
0,0.0,0.000115302326
0,0.0,0.00017221156
0,0.0,9.030123e-05
0,0.0,0.00046931795
0,0.0,7.357527e-05
0,0.0,7.057476e-05
0,0.0,0.002496366
1,1.0,0.99992335
0,0.0,0.00013607238
0,0.0,0.000116250434
0,0.0,2.4466104e-05
0,0.0,0.00016727671
1,1.0,0.99991345
0,0.0,0.00012094729
0,0.0,0.000121271114
1,1.0,0.9992024
0,0.0,0.00012651607
1,1.0,0.99985063
0,0.0,0.00015096173
0,0.0,0.000151304
0,0.0,0.00011714734
1,1.0,0.9995542
0,0.0,0.00012675383
0,0.0,0.0001349997
0,0.0,0.00013782486
0,0.0,6.414235e-05
0,0.0,0.0002298363
0,0.0,0.00012501118
0,0.0,0.00011749358
0,0.0,7.676934e-05
0,0.0,7.6485085e-05
0,0.0,8.211384e-05
0,0.0,0.0001249989
0,0.0,0.00015131064
0,0.0,7.1119764e-05
0,0.0,0.00011944358
0,0.0,6.569496e-05
0,0.0,7.244406e-05
0,0.0,0.00015827407
0,0.0,0.00012501155
0,0.0,6.6182656e-05
0,0.0,0.00015515907
0,0.0,6.9106005e-05
0,0.0,0.000120627556
0,0.0,0.00010234678
0,0.0,8.2251616e-05
0,0.0,0.0001484787
0,0.0,0.00020063922
0,0.0,0.00015842868
0,0.0,8.204325e-05
0,0.0,6.570424e-05
0,0.0,2.4559047e-05
0,0.0,0.0001266521
1,1.0,0.9992863
0,0.0,9.69068e-05
0,0.0,0.00014772828
0,0.0,0.00012651776
0,0.0,7.6108794e-05
0,0.0,0.00010805944
0,0.0,7.7243574e-05
0,0.0,8.223483e-05
0,0.0,7.881819e-05
0,0.0,8.272452e-05
0,0.0,0.000123787
0,0.0,0.00047415233
0,0.0,6.952694e-05
0,0.0,0.00013366755
0,0.0,0.000115300456
0,0.0,0.000165628
0,0.0,8.903083e-05
0,0.0,0.0001788214
0,0.0,0.00011942171
0,0.0,8.425596e-05
0,0.0,0.00011501341
0,0.0,0.00016523397
0,0.0,0.00011501253
0,0.0,7.86e-05
0,0.0,0.00012212776
0,0.0,7.353922e-05
0,0.0,7.6270815e-05
1,1.0,0.99991405
0,0.0,0.00016341517
0,0.0,2.4524268e-05
0,0.0,0.00012667263
1,1.0,0.99979013
0,0.0,0.00013064404
0,0.0,2.4514284e-05
0,0.0,0.0001265203
0,0.0,0.00016841381
0,0.0,0.00073544605
0,0.0,0.00012666889
0,0.0,7.009106e-05
0,0.0,0.0001371523
1,1.0,0.9993123
0,0.0,0.00018493352
0,0.0,9.4302246e-05
0,0.0,0.00012675287
0,0.0,4.655602e-05
0,0.0,0.00016783045
0,0.0,4.6041834e-05
0,0.0,0.00014879309
0,0.0,0.00012522007
0,0.0,9.003332e-05
0,0.0,2.4536223e-05
0,0.0,0.0001429884
0,0.0,7.6252625e-05
0,0.0,0.000114195325
0,0.0,0.00013602324
1,1.0,0.999208
0,0.0,9.067339e-05
0,0.0,0.00014077981
0,0.0,0.00012514465
0,0.0,0.00012127343
0,0.0,0.00012652583
0,0.0,7.76243e-05
0,0.0,0.00012131298
0,0.0,0.00012501476
1,1.0,0.9999075
0,0.0,7.129034e-05
1,1.0,0.99903417
0,0.0,0.00012666878
0,0.0,0.00075223914
0,0.0,7.671138e-05
0,0.0,0.00015040899
0,0.0,6.372124e-05
0,0.0,0.0013005246
1,1.0,0.9992064
0,0.0,9.3617535e-05
0,0.0,0.00010250306
0,0.0,9.411349e-05
0,0.0,0.00011247633
1,1.0,0.9992062
0,0.0,7.6129116e-05
0,0.0,0.0001635851
0,0.0,0.00017803264
1,1.0,0.9991413
0,0.0,7.2901865e-05
0,0.0,0.000115302435
0,0.0,0.00016902015
0,0.0,0.0001443924
0,0.0,0.00012350972
0,0.0,9.168913e-05
1,1.0,0.9990355
0,0.0,0.0001703111
0,0.0,7.941588e-05
0,0.0,0.00011736257
0,0.0,0.00012081012
0,0.0,8.2984625e-05
0,0.0,0.00014996847
0,0.0,6.711259e-05
0,0.0,0.00013822125
0,0.0,0.00012068795
0,0.0,0.00012521842
0,0.0,0.00016854441
0,0.0,0.00012691626
0,0.0,0.00018281599
0,0.0,0.00018494463
0,0.0,0.00014993374
1,1.0,0.9992219
0,0.0,0.0014370643
0,0.0,0.00081337075
0,0.0,8.301747e-05
0,0.0,0.00021149196
0,0.0,0.00013550722
0,0.0,6.7116176e-05
0,0.0,0.00012692994
1,1.0,0.999043
0,0.0,0.00015010124
0,0.0,0.00010234317
0,0.0,0.00012521709
1,1.0,0.9997501
0,0.0,0.00017862777
0,0.0,8.132065e-05
0,0.0,0.00014601467
0,0.0,7.1264105e-05
0,0.0,0.00016853798
0,0.0,0.00014051708
0,0.0,0.00010253033
0,0.0,8.2089566e-05
0,0.0,0.00012637007
0,0.0,8.287849e-05
0,0.0,8.210131e-05
0,0.0,0.0001237823
0,0.0,7.585781e-05
0,0.0,7.11098e-05
0,0.0,0.00010248477
0,0.0,9.2063325e-05
0,0.0,0.001840908
0,0.0,8.210719e-05
0,0.0,0.00013068816
0,0.0,0.00010263646
1,1.0,0.9997819
1,1.0,0.9997087
0,0.0,0.00036890674
0,0.0,0.00010244687
0,0.0,0.00048402278
0,0.0,0.0001969922
0,0.0,0.00012501644
0,0.0,0.00012737954
0,0.0,0.0001266672
0,0.0,0.00013326146
0,0.0,0.00013008602
0,0.0,0.00012529401
0,0.0,3.2840402e-05
0,0.0,7.677315e-05
0,0.0,0.00012069003
1,1.0,0.9997875
0,0.0,0.00022981218
1,1.0,0.999499
0,0.0,0.00012692946
0,0.0,0.00014906486
0,0.0,0.00010255693
0,0.0,0.00015327524
1,1.0,0.99991435
0,0.0,0.00015108602
0,0.0,8.0415244e-05
0,0.0,6.679973e-05
0,0.0,0.00017879854
0,0.0,0.00011069104
1,1.0,0.99914217
0,0.0,0.00012522975
0,0.0,0.0021943862
0,0.0,0.00016916348
0,0.0,0.00012522259
0,0.0,0.00012675094
0,0.0,6.230991e-05
0,0.0,0.00010261268
0,0.0,0.0003540183
0,0.0,0.00012529976
0,0.0,0.00015299415
0,0.0,0.0001691304
0,0.0,3.2792705e-05
0,0.0,0.00012522617
0,0.0,0.00019704764
0,0.0,0.00012514107
0,0.0,0.00081337854
0,0.0,0.00012605498
0,0.0,6.5383465e-05
0,0.0,0.00010245057
0,0.0,7.591352e-05
0,0.0,0.00017899845
0,0.0,0.00011760051
0,0.0,0.00018278303
0,0.0,0.00015215455
0,0.0,0.00012272874
0,0.0,0.00012062629
0,0.0,0.00012126741
0,0.0,9.448766e-05
1,1.0,0.99955314
0,0.0,0.00015138395
0,0.0,0.00013376777
0,0.0,0.00012693103
0,0.0,7.9399826e-05
0,0.0,0.00010590536
0,0.0,0.00012291779
0,0.0,0.00014771616
0,0.0,0.00012213021
0,0.0,0.00013377823
0,0.0,0.00018355412
0,0.0,0.00013545062
0,0.0,0.00026085484
1,1.0,0.9998925
0,0.0,0.0014368398
0,0.0,0.00016918525
0,0.0,0.0001221316
0,0.0,0.00012692582
0,0.0,0.00010253004
0,0.0,0.00012693224
0,0.0,0.000122128
0,0.0,0.00016728134
0,0.0,0.0001488893
0,0.0,0.00012089564
1,1.0,0.99965835
0,0.0,0.00019714104
0,0.0,0.00018110045
0,0.0,0.0020506966
0,0.0,0.00012738534
0,0.0,0.0003693396
1,1.0,0.99837935
0,0.0,7.6026314e-05
0,0.0,0.00017612471
0,0.0,0.00012675299
1,1.0,0.99991095
0,0.0,0.00016907042
0,0.0,4.5659333e-05
0,0.0,9.331076e-05
0,0.0,0.00036609592
0,0.0,0.00012289752
0,0.0,0.00036717317
0,0.0,7.715207e-05
0,0.0,0.00016783334
1,1.0,0.9993454
0,0.0,0.01588201
0,0.0,0.00047478502
0,0.0,8.209012e-05
0,0.0,6.7110544e-05
0,0.0,0.00013383476
0,0.0,8.3268715e-05
0,0.0,0.0001222
0,0.0,0.00010272311
0,0.0,6.4336535e-05
0,0.0,8.298083e-05
0,0.0,0.00012673269
0,0.0,7.367033e-05
0,0.0,7.775803e-05
0,0.0,0.000102760154
0,0.0,0.00012674877
0,0.0,0.00017880912
0,0.0,0.00014954066
0,0.0,9.067469e-05
0,0.0,0.002429542
0,0.0,9.169114e-05
1,1.0,0.99960315
0,0.0,0.00012500153
0,0.0,0.00018440475
0,0.0,0.00012411443
0,0.0,7.585651e-05
0,0.0,7.54766e-05
1,1.0,0.9996823
1,1.0,0.9997552
0,0.0,0.0005192378
0,0.0,0.00013717427
0,0.0,0.00015535035
0,0.0,0.00012213452
0,0.0,0.000119445176
0,0.0,9.584114e-05
0,0.0,0.00017884116
1,1.0,0.9987552
0,0.0,6.538203e-05
0,0.0,0.00012290923
0,0.0,0.00013546238
0,0.0,0.001384366
0,0.0,0.00026079867
0,0.0,0.00012214185
1,1.0,0.9999941
0,0.0,0.00012666442
0,0.0,0.00015960864
0,0.0,0.00012651981
0,0.0,0.00022978523
0,0.0,7.879437e-05
0,0.0,0.00013714601
0,0.0,0.00035372886
0,0.0,0.00017053081
0,0.0,8.287533e-05
0,0.0,0.00015113846
0,0.0,0.00012650822
1,1.0,0.99907976
0,0.0,0.00012651607
0,0.0,0.00012540052
1,1.0,0.9998525
1,1.0,0.99921095
0,0.0,9.174309e-05
0,0.0,0.00012649955
0,0.0,2.458377e-05
0,0.0,0.00012213044
0,0.0,8.210139e-05
1,1.0,0.9990718
1,1.0,0.99975526
0,0.0,0.00011175204
0,0.0,7.946875e-05
0,0.0,0.00015414922
1,1.0,0.9993734
0,0.0,0.00013421816
0,0.0,0.00012376827
0,0.0,0.00016742031
0,0.0,2.4460527e-05
0,0.0,0.00013546534
1,1.0,0.99979365
1,1.0,0.99930465
0,0.0,0.00016912622
0,0.0,7.61785e-05
0,0.0,0.0007836441
0,0.0,0.0021847226
0,0.0,7.1255265e-05
0,0.0,0.000102633334
0,0.0,0.0001842413
1,1.0,0.99905735
0,0.0,0.00012212637
0,0.0,9.301883e-05
0,0.0,8.210343e-05
0,0.0,0.0001424779
0,0.0,6.647437e-05
0,0.0,0.00016595905
0,0.0,6.7114386e-05
0,0.0,3.284028e-05
0,0.0,0.00012378464
0,0.0,0.000119196
0,0.0,9.5597155e-05
0,0.0,3.28394e-05
0,0.0,6.570123e-05
0,0.0,6.6636916e-05
0,0.0,3.2838085e-05
0,0.0,0.00026025466
0,0.0,9.431438e-05
0,0.0,0.0014319585
0,0.0,0.00012095317
0,0.0,0.00017292766
0,0.0,0.00016430794
0,0.0,7.24422e-05
1,1.0,0.999599
0,0.0,0.0001128474
0,0.0,9.227919e-05
0,0.0,9.125117e-05
0,0.0,7.723857e-05
1,1.0,0.9997055
0,0.0,8.287438e-05
1,1.0,0.99955106
1,1.0,0.99913275
0,0.0,0.00012292319
0,0.0,0.00011767007
0,0.0,0.00016911219
0,0.0,6.6617344e-05
0,0.0,0.00010763903
0,0.0,7.859491e-05
0,0.0,0.0001481105
0,0.0,0.000120946825
0,0.0,0.00013536838
0,0.0,0.0001269297
0,0.0,7.610865e-05
0,0.0,0.00012221387
0,0.0,0.00012652126
0,0.0,0.0003538135
0,0.0,0.00012692777
0,0.0,9.184165e-05
0,0.0,0.00011140783
0,0.0,0.00012530167
0,0.0,6.372343e-05
0,0.0,0.00016614191
0,0.0,0.0001267432
0,0.0,0.00012898634
0,0.0,0.000109158485
0,0.0,0.00012127135
0,0.0,3.283824e-05
0,0.0,0.00012513618
0,0.0,0.00014405379
0,0.0,0.001588793
0,0.0,0.00011501275
0,0.0,0.00012068968
1,1.0,0.9990795
0,0.0,2.4501616e-05
0,0.0,0.00019701889
0,0.0,0.00012126498
0,0.0,2.457819e-05
0,0.0,8.010291e-05
1,1.0,0.9999275
0,0.0,0.00012692873
0,0.0,0.00012522282
0,0.0,0.00012094775
0,0.0,7.944239e-05
1,1.0,0.99990094
0,0.0,0.00010806851
0,0.0,0.00014744287
0,0.0,0.000120954675
0,0.0,0.00015452066
0,0.0,0.00012674743
1,1.0,0.999078
0,0.0,0.00017743815
0,0.0,8.9182424e-05
0,0.0,0.000123509
0,0.0,0.00015591634
0,0.0,0.00012127643
0,0.0,0.00014772039
0,0.0,2.4581706e-05
0,0.0,0.00016958288
1,1.0,0.9992064
0,0.0,0.00014776009
0,0.0,0.0001249989
0,0.0,0.00010107141
0,0.0,9.411888e-05
0,0.0,0.00012513499
0,0.0,0.00019705742
0,0.0,0.000117601856
0,0.0,0.00014180414
0,0.0,0.00013714575
0,0.0,0.0001405136
0,0.0,0.00016482169
0,0.0,7.03451e-05
0,0.0,0.00016896614
0,0.0,0.00011452334
0,0.0,0.000120952136
0,0.0,0.00012212544
0,0.0,0.0005704777
0,0.0,0.00015040196
0,0.0,6.6646135e-05
0,0.0,7.792705e-05
0,0.0,0.00012530525
0,0.0,0.00011501648
0,0.0,9.287242e-05
1,1.0,0.99961036
0,0.0,0.00012213067
0,0.0,6.7112145e-05
0,0.0,6.572028e-05
0,0.0,0.0001911302
1,1.0,0.9998885
0,0.0,0.0001896715
0,0.0,0.00012674877
0,0.0,0.00010805676
0,0.0,7.557383e-05
0,0.0,0.0010963603
0,0.0,0.00015254212
0,0.0,0.0027451133
1,1.0,0.9990789
0,0.0,9.0336114e-05
0,0.0,0.0001253992
1,1.0,0.99978954
0,0.0,0.00013550656
0,0.0,0.00012674888
0,0.0,8.0089616e-05
0,0.0,7.389618e-05
1,1.0,0.99907905
0,0.0,0.00012674998
0,0.0,0.00016624854
1,1.0,0.99988484
0,0.0,0.00016782181
0,0.0,0.00015536502
0,0.0,9.207649e-05
0,0.0,0.00012530573
0,0.0,0.000115298804
0,0.0,0.0001221309
0,0.0,0.0001133304
0,0.0,0.00020911323
0,0.0,0.0001222084
0,0.0,0.00012675324
0,0.0,0.00015836644
1,1.0,0.9993869
1,1.0,0.9990797
0,0.0,0.0007911982
0,0.0,0.00018284177
0,0.0,0.00014678316
0,0.0,0.00012522773
0,0.0,3.7851187e-05
0,0.0,3.2838052e-05
0,0.0,7.3656134e-05
0,0.0,0.00018284177
0,0.0,0.00016747876
0,0.0,8.209865e-05
0,0.0,8.20909e-05
0,0.0,0.00014954693
0,0.0,0.00011782995
0,0.0,0.00016742479
0,0.0,0.002464335
0,0.0,0.0007754731
0,0.0,0.0001015167
0,0.0,0.00012674936
0,0.0,0.00011377165
0,0.0,7.879693e-05
0,0.0,0.00012539717
1,1.0,0.9992776
0,0.0,0.000117599506
0,0.0,0.00010240565
0,0.0,6.625439e-05
0,0.0,0.0001026627
0,0.0,0.00010806026
0,0.0,0.00028275885
0,0.0,0.00014009885
0,0.0,0.00012692898
1,1.0,0.9999031
0,0.0,7.4105345e-05
0,0.0,0.00018281877
0,0.0,0.00011530111
0,0.0,0.00012667589
0,0.0,0.00012501678
0,0.0,0.00013684374
1,1.0,0.99933416
0,0.0,0.00012312319
1,1.0,0.99936587
0,0.0,0.00011501582
1,1.0,0.99991566
0,0.0,0.00011427157
0,0.0,0.0001360397
0,0.0,0.00014952925
0,0.0,0.00012666998
0,0.0,0.0002603125
0,0.0,0.00013378257
0,0.0,0.00012378301
0,0.0,0.00014667891
1,1.0,0.9994327
0,0.0,6.287643e-05
0,0.0,0.0003692864
0,0.0,0.000120634235
0,0.0,0.00016840498
0,0.0,7.625437e-05
0,0.0,0.0001802197
1,1.0,0.9998041
0,0.0,0.00012530334
0,0.0,0.000117603544
0,0.0,0.00012378488
0,0.0,9.613688e-05
0,0.0,0.00012350854
0,0.0,0.0001055845
0,0.0,0.00016945922
0,0.0,0.00028392533
0,0.0,0.00016896309
0,0.0,8.903643e-05
0,0.0,0.001653446
0,0.0,0.000102618156
0,0.0,0.00013781355
0,0.0,4.6757887e-05
0,0.0,0.0001058133
0,0.0,0.00016400022
0,0.0,1.2929326e-05
0,0.0,3.101188e-05
0,0.0,7.8262914e-05
0,0.0,6.440946e-05
1,1.0,0.9988607
0,0.0,3.101277e-05
0,0.0,6.814247e-05
0,0.0,6.6457316e-05
0,0.0,0.00012748124
0,0.0,4.1339896e-05
0,0.0,3.890328e-05
1,1.0,0.998875
0,0.0,3.8984872e-05
0,0.0,1.0647465e-05
0,0.0,7.0536546e-05
0,0.0,7.8525234e-05
0,0.0,4.985749e-05
0,0.0,7.75084e-05
0,0.0,4.0508847e-05
0,0.0,6.768402e-05
0,0.0,3.8699134e-05
0,0.0,3.879425e-05
1,1.0,0.99969846
0,0.0,6.578091e-05
0,0.0,9.23577e-05
0,0.0,7.924196e-05
0,0.0,4.8224585e-05
0,0.0,3.877276e-05
0,0.0,7.611532e-05
0,0.0,0.00026140758
0,0.0,4.3934433e-05
0,0.0,6.647557e-05
0,0.0,5.338039e-05
0,0.0,4.070964e-05
0,0.0,3.17726e-05
0,0.0,8.210875e-05
1,1.0,0.9996121
0,0.0,4.7207533e-05
0,0.0,6.995256e-05
0,0.0,4.3093904e-05
0,0.0,4.1433275e-05
0,0.0,7.7732526e-05
0,0.0,9.424372e-05
0,0.0,4.7300186e-05
0,0.0,6.4521104e-05
1,1.0,0.99943715
0,0.0,1.2929128e-05
0,0.0,6.287325e-05
0,0.0,7.2120514e-05
0,0.0,6.56607e-05
0,0.0,0.00013388875
0,0.0,4.6214045e-05
0,0.0,4.1442283e-05
0,0.0,6.034846e-05
0,0.0,7.769799e-05
1,1.0,0.9991713
1,1.0,0.99938536
0,0.0,6.1853585e-05
0,0.0,3.4023065e-05
0,0.0,0.00016860243
0,0.0,0.00025356872
1,1.0,0.9993828
0,0.0,4.1195268e-05
0,0.0,3.873026e-05
0,0.0,1.0615234e-05
0,0.0,0.00013089656
0,0.0,6.7753e-05
0,0.0,0.000258239
0,0.0,4.8738606e-05
0,0.0,0.00018387889
0,0.0,0.0004777366
0,0.0,6.948101e-05
1,1.0,0.9998238
0,0.0,7.065321e-05
0,0.0,0.00013092026
0,0.0,0.00012160624
0,0.0,4.4841494e-05
0,0.0,7.984757e-05
0,0.0,0.00013346516
0,0.0,6.0483795e-05
0,0.0,4.2931515e-05
1,1.0,0.9993321
0,0.0,4.9420803e-05
0,0.0,7.0079695e-05
0,0.0,6.813955e-05
0,0.0,0.00010842245
0,0.0,9.337832e-05
0,0.0,6.293246e-05
0,0.0,5.3820175e-05
0,0.0,0.0001432973
0,0.0,1.293014e-05
0,0.0,0.00011832661
0,0.0,5.7310812e-05
0,0.0,5.3910844e-05
0,0.0,0.0002621998
0,0.0,0.00012547839
0,0.0,4.2216445e-05
0,0.0,0.00010947851
0,0.0,4.2213345e-05
0,0.0,6.6784756e-05
0,0.0,3.7045334e-05
0,0.0,0.00010640166
0,0.0,0.00010186909
0,0.0,0.0009976955
1,1.0,0.99881315
0,0.0,7.2104216e-05
0,0.0,9.484794e-05
1,1.0,0.9991757
0,0.0,7.581397e-05
0,0.0,9.4387346e-05
0,0.0,0.000106393134
0,0.0,6.361675e-05
0,0.0,8.155549e-05
0,0.0,7.368825e-05
0,0.0,0.00061442074
0,0.0,7.749864e-05
0,0.0,0.00010567948
0,0.0,4.537809e-05
0,0.0,4.8735074e-05
0,0.0,7.750633e-05
1,1.0,0.99979275
0,0.0,0.00013741227
0,0.0,6.4748725e-05
0,0.0,1.0610203e-05
0,0.0,1.0575604e-05
0,0.0,3.716412e-05
0,0.0,6.948154e-05
0,0.0,0.0001091819
1,1.0,0.9998603
0,0.0,0.00076584896
0,0.0,5.8571717e-05
0,0.0,7.581477e-05
0,0.0,4.2379e-05
0,0.0,4.810654e-05
0,0.0,0.00010382727
0,0.0,7.768657e-05
0,0.0,0.00011048373
0,0.0,0.00013116306
0,0.0,6.769229e-05
0,0.0,6.9483125e-05
0,0.0,0.000108431756
1,1.0,0.99921554
0,0.0,6.870565e-05
1,1.0,0.9986914
1,1.0,0.9990532
0,0.0,0.000105554696
0,0.0,7.594784e-05
0,0.0,6.7443965e-05
0,0.0,2.8690994e-05
1,1.0,0.99902016
1,1.0,0.99977213
0,0.0,3.1011496e-05
0,0.0,4.753274e-05
0,0.0,4.798842e-05
0,0.0,6.577871e-05
0,0.0,6.0128277e-05
0,0.0,7.771651e-05
0,0.0,0.00011991913
0,0.0,7.767835e-05
1,1.0,0.99864185
0,0.0,6.9984126e-05
0,0.0,1.0613118e-05
0,0.0,8.210727e-05
0,0.0,0.0006040761
0,0.0,6.948458e-05
0,0.0,9.436404e-05
0,0.0,4.5841483e-05
1,1.0,0.9990652
0,0.0,6.287397e-05
0,0.0,0.00013051541
0,0.0,6.6778004e-05
0,0.0,7.677154e-05
0,0.0,6.566239e-05
0,0.0,4.05005e-05
0,0.0,6.67803e-05
0,0.0,8.361398e-05
0,0.0,4.7196645e-05
0,0.0,5.318883e-05
0,0.0,4.871825e-05
0,0.0,0.00010413325
1,1.0,0.99871653
0,0.0,4.053056e-05
0,0.0,4.0081468e-05
0,0.0,0.00013322307
0,0.0,1.0586492e-05
0,0.0,3.9414354e-05
0,0.0,6.941558e-05
0,0.0,9.333079e-05
0,0.0,6.211556e-05
0,0.0,6.775364e-05
0,0.0,6.479498e-05
0,0.0,6.2119056e-05
0,0.0,0.00067686324
1,1.0,0.9987005
1,1.0,0.9988604
0,0.0,7.137673e-05
0,0.0,6.7750545e-05
0,0.0,6.8772184e-05
0,0.0,7.6601e-05
0,0.0,5.087818e-05
0,0.0,9.355961e-05
0,0.0,0.00010415282
0,0.0,6.271535e-05
0,0.0,4.7045298e-05
0,0.0,6.185206e-05
0,0.0,6.708092e-05
0,0.0,4.0602128e-05
0,0.0,9.047474e-05
0,0.0,4.7297748e-05
0,0.0,1.292935e-05
0,0.0,6.4794855e-05
0,0.0,4.847338e-05
0,0.0,5.1112187e-05
0,0.0,0.0004027965
0,0.0,9.435756e-05
0,0.0,6.8692156e-05
0,0.0,3.1012027e-05
0,0.0,3.8689872e-05
1,1.0,0.9986154
1,1.0,0.99937975
0,0.0,4.055206e-05
0,0.0,3.1012798e-05
0,0.0,6.772638e-05
0,0.0,4.9449234e-05
1,1.0,0.99889576
0,0.0,7.582757e-05
0,0.0,3.7405407e-05
0,0.0,0.0001113145
0,0.0,6.939625e-05
0,0.0,9.439266e-05
0,0.0,0.00013188331
0,0.0,4.7743117e-05
0,0.0,0.00020666192
0,0.0,0.000102023274
0,0.0,4.0086055e-05
0,0.0,4.3478085e-05
0,0.0,5.7904057e-05
0,0.0,4.1158637e-05
0,0.0,7.76765e-05
0,0.0,3.101265e-05
0,0.0,4.7927504e-05
0,0.0,6.706812e-05
0,0.0,4.0664363e-05
0,0.0,6.211485e-05
0,0.0,4.4286942e-05
0,0.0,7.985153e-05
0,0.0,4.197254e-05
0,0.0,7.743894e-05
0,0.0,8.155658e-05
0,0.0,0.00012234703
0,0.0,0.000106400235
0,0.0,7.745755e-05
0,0.0,0.00014749898
0,0.0,2.4113187e-05
1,1.0,0.9996216
0,0.0,0.000105578554
0,0.0,0.00010141375
0,0.0,3.1012325e-05
0,0.0,6.09012e-05
0,0.0,6.646226e-05
0,0.0,7.9786834e-05
0,0.0,7.978676e-05
1,1.0,0.99965465
0,0.0,4.1612573e-05
0,0.0,6.2113846e-05
0,0.0,6.7446024e-05
1,1.0,0.9998667
0,0.0,6.948551e-05
1,1.0,0.99928635
0,0.0,6.6841465e-05
0,0.0,5.0400104e-05
0,0.0,5.1128278e-05
0,0.0,5.4020096e-05
0,0.0,8.714834e-05
0,0.0,1.29292275e-05
1,1.0,0.99927765
0,0.0,3.101546e-05
0,0.0,4.666875e-05
0,0.0,6.361742e-05
0,0.0,6.1037426e-05
1,1.0,0.99869096
0,0.0,0.00016095341
0,0.0,7.583271e-05
0,0.0,4.7522903e-05
0,0.0,4.7226313e-05
0,0.0,4.2389715e-05
0,0.0,6.2414816e-05
0,0.0,0.00012492147
0,0.0,4.676712e-05
1,1.0,0.9990697
0,0.0,9.5857584e-05
0,0.0,6.616183e-05
0,0.0,3.9034912e-05
0,0.0,0.00014123629
0,0.0,0.000104486964
0,0.0,4.7958274e-05
0,0.0,6.577997e-05
1,1.0,0.99886733
1,1.0,0.9986153
0,0.0,6.47919e-05
0,0.0,6.479634e-05
0,0.0,6.869792e-05
0,0.0,0.00044780714
0,0.0,6.6457316e-05
0,0.0,6.705789e-05
0,0.0,6.578505e-05
0,0.0,6.185193e-05
0,0.0,7.0080896e-05
0,0.0,4.059903e-05
0,0.0,0.0002565183
0,0.0,6.478992e-05
1,1.0,0.9993927
1,1.0,0.9988411
0,0.0,4.4697103e-05
0,0.0,7.4726624e-05
0,0.0,3.977252e-05
0,0.0,6.4792766e-05
0,0.0,0.00026212708
0,0.0,6.8698966e-05
0,0.0,4.873814e-05
0,0.0,3.7043428e-05
0,0.0,5.214992e-05
0,0.0,7.7531164e-05
0,0.0,5.3808224e-05
0,0.0,6.706319e-05
0,0.0,4.1148433e-05
0,0.0,0.00011572198
0,0.0,3.987362e-05
0,0.0,8.0791186e-05
0,0.0,6.318104e-05
0,0.0,5.349311e-05
0,0.0,6.743007e-05
0,0.0,4.7538222e-05
0,0.0,3.8486047e-05
0,0.0,3.8829407e-05
0,0.0,1.2928118e-05
0,0.0,8.3599465e-05
0,0.0,6.705929e-05
0,0.0,6.578191e-05
0,0.0,3.101315e-05
0,0.0,0.00013088682
0,0.0,6.241053e-05
0,0.0,6.441198e-05
0,0.0,4.113709e-05
0,0.0,3.9168324e-05
0,0.0,4.855342e-05
0,0.0,6.5777895e-05
0,0.0,5.633798e-05
0,0.0,3.825169e-05
0,0.0,6.775364e-05
0,0.0,4.7214693e-05
0,0.0,3.8809747e-05
0,0.0,0.00013027297
0,0.0,3.1004605e-05
0,0.0,0.00013086098
0,0.0,6.8140136e-05
0,0.0,6.768428e-05
0,0.0,6.185388e-05
0,0.0,0.000107048414
0,0.0,4.752721e-05
0,0.0,0.00016853123
1,1.0,0.99984914
0,0.0,0.0011192332
0,0.0,5.2314736e-05
0,0.0,3.9406874e-05
0,0.0,0.00013854256
1,1.0,0.99848586
1,1.0,0.9992997
0,0.0,6.0639493e-05
0,0.0,4.944117e-05
0,0.0,4.8892598e-05
1,1.0,0.99952906
0,0.0,3.8803457e-05
0,0.0,6.744332e-05
0,0.0,9.3200935e-05
0,0.0,3.9593448e-05
0,0.0,6.78925e-05
0,0.0,4.0628005e-05
0,0.0,6.204688e-05
1,1.0,0.9988916
0,0.0,0.000109526016
0,0.0,8.210875e-05
0,0.0,5.1114577e-05
0,0.0,7.7444995e-05
0,0.0,9.4207964e-05
0,0.0,1.293051e-05
0,0.0,0.00080051017
0,0.0,7.582577e-05
0,0.0,4.1339816e-05
0,0.0,1.0618798e-05
1,1.0,0.9988446
0,0.0,6.609543e-05
0,0.0,0.0001409469
0,0.0,0.00016021582
0,0.0,5.1115014e-05
0,0.0,6.184202e-05
0,0.0,6.614946e-05
1,1.0,0.9982963
0,0.0,3.8834776e-05
0,0.0,5.8232537e-05
0,0.0,0.00013021186
0,0.0,6.452283e-05
0,0.0,0.00032946008
0,0.0,4.9517756e-05
0,0.0,0.000124268
0,0.0,6.645757e-05
0,0.0,7.5831114e-05
0,0.0,6.744474e-05
0,0.0,6.877612e-05
0,0.0,0.00010669875
1,1.0,0.9987163
0,0.0,6.211319e-05
0,0.0,7.825732e-05
0,0.0,0.00025578955
0,0.0,6.566395e-05
0,0.0,6.767331e-05
0,0.0,9.249881e-05
1,1.0,0.9986418
0,0.0,0.00017267095
0,0.0,0.00013103105
0,0.0,0.00010738785
0,0.0,6.6084845e-05
0,0.0,7.753427e-05
1,1.0,0.9994967
0,0.0,6.768409e-05
0,0.0,6.1852996e-05
0,0.0,0.00023061928
1,1.0,0.9988989
0,0.0,8.0791106e-05
1,1.0,0.99968815
0,0.0,1.0650025e-05
0,0.0,0.0001485661
0,0.0,5.4956312e-05
0,0.0,4.3243712e-05
0,0.0,6.7749126e-05
0,0.0,4.1602932e-05
0,0.0,1.0612754e-05
0,0.0,5.615904e-05
0,0.0,3.761273e-05
0,0.0,4.0646682e-05
0,0.0,4.7550646e-05
0,0.0,7.7535595e-05
1,1.0,0.9998563
0,0.0,4.5840345e-05
0,0.0,6.066575e-05
0,0.0,4.053466e-05
0,0.0,6.678183e-05
1,1.0,0.99906075
0,0.0,3.742646e-05
0,0.0,6.948644e-05
0,0.0,4.7965044e-05
0,0.0,6.942081e-05
0,0.0,4.961664e-05
0,0.0,4.1985793e-05
0,0.0,0.00016356327
0,0.0,0.00010343742
0,0.0,6.292952e-05
0,0.0,6.645188e-05
0,0.0,6.748134e-05
0,0.0,0.00010731538
0,0.0,0.00010965089
0,0.0,4.1994004e-05
1,1.0,0.99969816
1,1.0,0.99887335
0,0.0,6.645877e-05
0,0.0,6.566796e-05
0,0.0,5.6255787e-05
0,0.0,5.6052144e-05
0,0.0,5.2137933e-05
0,0.0,3.904611e-05
1,1.0,0.99962366
0,0.0,3.940026e-05
0,0.0,0.00012305207
0,0.0,9.437123e-05
0,0.0,4.79265e-05
1,1.0,0.9986914
0,0.0,0.00013463346
0,0.0,0.00012750262
0,0.0,9.4245246e-05
0,0.0,6.940876e-05
0,0.0,6.244256e-05
0,0.0,5.6256056e-05
0,0.0,3.9526367e-05
0,0.0,4.056258e-05
0,0.0,0.00026068976
0,0.0,4.3183794e-05
0,0.0,0.00010015919
0,0.0,7.7454155e-05
1,1.0,0.99885404
0,0.0,0.000111507645
0,0.0,0.00013028289
0,0.0,3.7044098e-05
0,0.0,0.0001084331
0,0.0,9.436745e-05
0,0.0,9.332669e-05
0,0.0,4.5377612e-05
0,0.0,8.210594e-05
0,0.0,7.951636e-05
1,1.0,0.9991271
0,0.0,4.392296e-05
0,0.0,0.00015648053
0,0.0,6.676909e-05
0,0.0,4.116158e-05
0,0.0,6.1208506e-05
0,0.0,6.707362e-05
0,0.0,1.2899397e-05
0,0.0,7.924438e-05
0,0.0,6.9483525e-05
0,0.0,5.4959455e-05
1,1.0,0.99938124
0,0.0,4.9793292e-05
0,0.0,1.0619142e-05
0,0.0,6.948856e-05
1,1.0,0.99950194
0,0.0,6.211438e-05
0,0.0,0.0004195913
0,0.0,0.00013100644
0,0.0,4.4089433e-05
0,0.0,4.7199526e-05
0,0.0,7.3820614e-05
0,0.0,6.065221e-05
0,0.0,0.00019930585
0,0.0,4.7456197e-05
0,0.0,7.978729e-05
0,0.0,4.8893624e-05
0,0.0,6.744293e-05
0,0.0,8.079057e-05
1,1.0,0.99930334
0,0.0,1.0630754e-05
1,1.0,0.99961627
1,1.0,0.99961597
0,0.0,6.609638e-05
0,0.0,6.705661e-05
0,0.0,6.581053e-05
0,0.0,0.00019093567
0,0.0,3.9419538e-05
0,0.0,0.0001084239
0,0.0,4.7298923e-05
0,0.0,6.533846e-05
0,0.0,0.000108429376
0,0.0,0.00010964598
0,0.0,9.4357376e-05
0,0.0,4.0569816e-05
1,1.0,0.9991828
0,0.0,4.7932626e-05
0,0.0,6.362331e-05
0,0.0,6.451587e-05
0,0.0,4.8547354e-05
0,0.0,6.706211e-05
0,0.0,9.175997e-05
1,1.0,0.9991712
0,0.0,6.2529674e-05
0,0.0,1.06222315e-05
0,0.0,6.135436e-05
0,0.0,9.656163e-05
0,0.0,5.8053396e-05
0,0.0,4.752286e-05
0,0.0,4.476117e-05
0,0.0,0.00010424592
0,0.0,5.2314736e-05
1,1.0,0.9985761
0,0.0,5.625155e-05
0,0.0,9.793471e-05
0,0.0,0.00010558178
0,0.0,6.4764725e-05
0,0.0,0.0006661784
0,0.0,7.852366e-05
0,0.0,1.0602505e-05
0,0.0,0.0006600099
0,0.0,5.342903e-05
0,0.0,6.3739055e-05
0,0.0,3.1011554e-05
0,0.0,6.4792766e-05
0,0.0,6.705955e-05
0,0.0,9.434209e-05
0,0.0,6.6095934e-05
0,0.0,0.00010870528
0,0.0,3.904239e-05
0,0.0,5.5822395e-05
1,1.0,0.998636
0,0.0,7.520273e-05
0,0.0,9.249608e-05
0,0.0,1.0609728e-05
0,0.0,4.3469918e-05
0,0.0,5.0872066e-05
0,0.0,8.0790414e-05
0,0.0,4.239084e-05
0,0.0,6.948975e-05
0,0.0,4.3466476e-05
0,0.0,6.813864e-05
0,0.0,0.00026172228
0,0.0,0.000109699846
0,0.0,0.00010639791
0,0.0,5.78241e-05
0,0.0,5.6256165e-05
0,0.0,6.441278e-05
0,0.0,6.566615e-05
0,0.0,3.9045775e-05
0,0.0,6.609619e-05
0,0.0,6.7695066e-05
0,0.0,4.9796712e-05
0,0.0,6.8787725e-05
1,1.0,0.9993145
0,0.0,6.5666776e-05
0,0.0,5.6769917e-05
0,0.0,0.0001257486
0,0.0,6.6084336e-05
0,0.0,6.8701986e-05
0,0.0,6.0083737e-05
0,0.0,0.00013681463
1,1.0,0.99975425
0,0.0,0.00011422854
0,0.0,9.4364936e-05
0,0.0,6.5320215e-05
0,0.0,0.000108686414
0,0.0,8.079265e-05
0,0.0,0.00012441551
1,1.0,0.99880165
0,0.0,3.101889e-05
0,0.0,8.690427e-05
0,0.0,7.473325e-05
0,0.0,6.9493464e-05
0,0.0,6.441659e-05
0,0.0,6.9486305e-05
0,0.0,4.2961656e-05
0,0.0,9.074727e-05
1,1.0,0.99859744
0,0.0,6.01308e-05
0,0.0,6.77517e-05
0,0.0,5.564418e-05
0,0.0,5.6337012e-05
0,0.0,6.677584e-05
1,1.0,0.9992036
0,0.0,0.0002596289
0,0.0,6.579308e-05
1,1.0,0.99867296
0,0.0,9.7532204e-05
0,0.0,0.00020714052
0,0.0,4.296301e-05
0,0.0,3.5733246e-05
0,0.0,1.2928882e-05
1,1.0,0.9995317
0,0.0,8.539975e-05
0,0.0,6.941161e-05
0,0.0,6.616038e-05
0,0.0,3.100239e-05
0,0.0,0.000118371754
0,0.0,1.064248e-05
0,0.0,6.64463e-05
0,0.0,5.7431447e-05
0,0.0,9.337832e-05
0,0.0,9.485238e-05
0,0.0,0.00010715698
0,0.0,6.0665865e-05
0,0.0,7.2122646e-05
0,0.0,0.000122302
0,0.0,6.9431335e-05
1,1.0,0.99961555
0,0.0,6.566383e-05
0,0.0,6.260581e-05
0,0.0,4.1147803e-05
0,0.0,6.362149e-05
0,0.0,6.4792395e-05
0,0.0,7.9792924e-05
0,0.0,6.1238796e-05
0,0.0,0.00011376547
0,0.0,7.814322e-05
1,1.0,0.99930626
1,1.0,0.99964654
0,0.0,7.7676945e-05
0,0.0,5.5697063e-05
1,1.0,0.9992506
1,1.0,0.99915487
0,0.0,3.9052553e-05
0,0.0,9.61487e-05
0,0.0,6.941492e-05
0,0.0,6.18543e-05
1,1.0,0.99959314
0,0.0,4.2381707e-05
0,0.0,5.35001e-05
0,0.0,5.3922104e-05
1,1.0,0.9995593
0,0.0,6.678552e-05
0,0.0,4.7966416e-05
0,0.0,0.00026029907
0,0.0,0.00112607
1,1.0,0.99972636
0,0.0,6.775493e-05
0,0.0,0.0005477932
0,0.0,6.67803e-05
0,0.0,0.00012736543
0,0.0,0.00010978963
0,0.0,6.705782e-05
0,0.0,6.814546e-05
0,0.0,6.94177e-05
0,0.0,5.6166915e-05
1,1.0,0.9988295
1,1.0,0.99929106
0,0.0,6.645896e-05
0,0.0,6.441167e-05
0,0.0,3.885919e-05
1,1.0,0.9988357
0,0.0,6.948432e-05
0,0.0,6.24116e-05
0,0.0,6.8772315e-05
0,0.0,7.9520985e-05
0,0.0,6.479122e-05
1,1.0,0.999726
0,0.0,8.0791724e-05
0,0.0,0.00012748464
0,0.0,5.1216404e-05
0,0.0,9.4242816e-05
0,0.0,6.4413274e-05
0,0.0,0.00010266338
0,0.0,0.00026409983
0,0.0,4.5349585e-05
0,0.0,0.00014162943
1,1.0,0.9996149
0,0.0,4.9618247e-05
0,0.0,7.582634e-05
0,0.0,6.814137e-05
0,0.0,3.8549264e-05
0,0.0,9.4850475e-05
0,0.0,6.43844e-05
0,0.0,6.6782784e-05
0,0.0,4.1148156e-05
0,0.0,6.4516484e-05
0,0.0,1.292723e-05
0,0.0,5.2491545e-05
0,0.0,6.9483656e-05
1,1.0,0.99956816
0,0.0,6.0622606e-05
0,0.0,5.1221487e-05
1,1.0,0.99948007
0,0.0,6.877539e-05
0,0.0,0.00025238923
0,0.0,6.244381e-05
0,0.0,6.577313e-05
1,1.0,0.9995241
0,0.0,9.332402e-05
0,0.0,6.6777626e-05
0,0.0,0.00013670692
0,0.0,7.6117714e-05
1,1.0,0.99866486
0,0.0,3.882285e-05
0,0.0,8.1554404e-05
0,0.0,0.00011942581
0,0.0,7.745918e-05
0,0.0,0.0001658649
0,0.0,6.870683e-05
0,0.0,7.1323724e-05
0,0.0,6.479387e-05
0,0.0,5.693543e-05
0,0.0,1.0619507e-05
0,0.0,8.2079e-05
0,0.0,6.73631e-05
0,0.0,7.743909e-05
0,0.0,4.052747e-05
0,0.0,0.0002754608
1,1.0,0.99906933
0,0.0,6.814442e-05
0,0.0,6.941346e-05
0,0.0,3.9783143e-05
0,0.0,5.126029e-05
0,0.0,1.0619466e-05
0,0.0,7.61006e-05
0,0.0,5.4042874e-05
0,0.0,3.1014573e-05
1,1.0,0.9995985
0,0.0,6.411531e-05
0,0.0,5.18328e-05
0,0.0,7.7685836e-05
0,0.0,0.00010558007
0,0.0,5.4402295e-05
0,0.0,4.7208254e-05
0,0.0,0.00085532095
0,0.0,4.353019e-05
0,0.0,0.00012308304
1,1.0,0.9996119
0,0.0,5.3808686e-05
0,0.0,4.6220128e-05
0,0.0,6.7061854e-05
0,0.0,4.5839908e-05
0,0.0,0.00014078102
0,0.0,4.3467593e-05
0,0.0,6.373869e-05
0,0.0,6.609443e-05
0,0.0,1.0618929e-05
0,0.0,1.057865e-05
1,1.0,0.9992298
0,0.0,4.8890826e-05
0,0.0,4.4694716e-05
1,1.0,0.99903363
1,1.0,0.9993085
0,0.0,0.00012742533
0,0.0,6.566978e-05
0,0.0,0.00022979817
0,0.0,4.146478e-05
0,0.0,6.37382e-05
0,0.0,0.00016471186
0,0.0,4.752961e-05
0,0.0,0.00018246751
1,1.0,0.9990532
0,0.0,0.00025594758
0,0.0,6.44636e-05
0,0.0,1.0617775e-05
0,0.0,4.152129e-05
0,0.0,0.00010677855
0,0.0,6.4521904e-05
0,0.0,4.731187e-05
0,0.0,6.869806e-05
0,0.0,4.8880338e-05
0,0.0,8.4319145e-05
1,1.0,0.9987005
0,0.0,3.7734666e-05
0,0.0,9.268352e-05
1,1.0,0.99932724
0,0.0,5.2183696e-05
0,0.0,1.7270891e-05
0,0.0,4.7531154e-05
0,0.0,7.978554e-05
0,0.0,6.8142086e-05
1,1.0,0.9986361
1,1.0,0.99972457
0,0.0,5.4968947e-05
0,0.0,8.348427e-05
1,1.0,0.9990315
0,0.0,0.00012396609
0,0.0,4.115522e-05
0,0.0,1.29445e-05
1,1.0,0.9997997
0,0.0,6.441088e-05
0,0.0,0.000108426786
0,0.0,6.946749e-05
1,1.0,0.9988989
1,1.0,0.9998355
0,0.0,0.00010639943
0,0.0,5.7277153e-05
0,0.0,0.00029970548
0,0.0,3.882052e-05
0,0.0,5.232686e-05
0,0.0,1.0590409e-05
1,1.0,0.9990613
0,0.0,5.3823922e-05
1,1.0,0.99866384
0,0.0,5.336451e-05
0,0.0,7.9785386e-05
0,0.0,8.079211e-05
0,0.0,7.739517e-05
0,0.0,4.0247618e-05
0,0.0,7.5941396e-05
0,0.0,4.8736933e-05
0,0.0,1.0617309e-05
0,0.0,5.8067955e-05
0,0.0,0.00016551859
0,0.0,4.7312547e-05
0,0.0,5.6861423e-05
0,0.0,0.00016858026
0,0.0,6.705558e-05
0,0.0,0.00010732152
0,0.0,6.940856e-05
0,0.0,0.000105564664
0,0.0,0.000108545864
0,0.0,6.744281e-05
0,0.0,0.00010842948
0,0.0,4.4696295e-05
0,0.0,6.71909e-05
0,0.0,0.00015740491
0,0.0,6.566985e-05
0,0.0,6.705507e-05
0,0.0,4.9650098e-05
0,0.0,3.9050803e-05
0,0.0,4.0604762e-05
0,0.0,4.0564435e-05
0,0.0,0.00034022558
0,0.0,4.0554456e-05
0,0.0,7.852583e-05
0,0.0,6.012564e-05
0,0.0,4.8324582e-05
0,0.0,6.678158e-05
0,0.0,3.824906e-05
0,0.0,0.00013096334
0,0.0,9.0883404e-05
0,0.0,3.761151e-05
0,0.0,4.476347e-05
0,0.0,0.00012974707
0,0.0,3.9757237e-05
0,0.0,6.566308e-05
0,0.0,6.645719e-05
0,0.0,6.928774e-05
0,0.0,6.441112e-05
1,1.0,0.9993138
0,0.0,4.2350723e-05
0,0.0,6.189608e-05
0,0.0,5.2139923e-05
0,0.0,9.800974e-05
1,1.0,0.9987165
0,0.0,0.00013089231
0,0.0,6.441217e-05
0,0.0,0.00016067234
0,0.0,8.07908e-05
0,0.0,0.000109181485
0,0.0,6.955301e-05
0,0.0,6.440197e-05
0,0.0,6.941518e-05
0,0.0,6.705955e-05
0,0.0,6.646099e-05
0,0.0,0.00012315033
0,0.0,3.742635e-05
0,0.0,0.0001463954
0,0.0,0.00010833358
0,0.0,9.437051e-05
1,1.0,0.99931467
0,0.0,0.00013470242
0,0.0,6.598811e-05
0,0.0,6.4520114e-05
0,0.0,5.0413564e-05
0,0.0,4.3475182e-05
0,0.0,6.4410204e-05
0,0.0,0.00010552955
0,0.0,0.0001489539
0,0.0,0.00013393536
1,1.0,0.9997944
0,0.0,7.582772e-05
0,0.0,6.678272e-05
0,0.0,9.4371324e-05
1,1.0,0.9991668
0,0.0,7.249915e-05
0,0.0,0.00011770307
0,0.0,1.2928574e-05
0,0.0,9.336915e-05
0,0.0,6.5381726e-05
0,0.0,6.7685505e-05
0,0.0,0.00012221666
0,0.0,8.210405e-05
0,0.0,1.2916878e-05
0,0.0,5.5724955e-05
0,0.0,3.1014748e-05
0,0.0,9.435747e-05
0,0.0,6.744467e-05
1,1.0,0.99884146
0,0.0,9.436871e-05
1,1.0,0.9988734
0,0.0,6.441112e-05
0,0.0,6.5664455e-05
0,0.0,4.1045474e-05
0,0.0,4.8734237e-05
0,0.0,7.358587e-05
0,0.0,7.9521895e-05
0,0.0,0.00013089356
1,1.0,0.9998503
0,0.0,7.6098855e-05
0,0.0,4.833251e-05
0,0.0,6.7695706e-05
1,1.0,0.9995307
0,0.0,4.188721e-05
0,0.0,0.00084253825
0,0.0,0.00060626375
0,0.0,6.948962e-05
0,0.0,6.012816e-05
0,0.0,0.0005976164
0,0.0,0.000101682854
0,0.0,3.1011554e-05
0,0.0,6.775461e-05
0,0.0,5.3919222e-05
0,0.0,8.210515e-05
0,0.0,4.8888684e-05
0,0.0,0.00012092297
0,0.0,5.6814268e-05
0,0.0,0.0006870675
1,1.0,0.99889886
1,1.0,0.9995556
0,0.0,0.00013087958
0,0.0,6.87048e-05
0,0.0,6.813942e-05
0,0.0,5.439114e-05
0,0.0,6.735706e-05
0,0.0,4.1111754e-05
0,0.0,4.19727e-05
0,0.0,6.705782e-05
0,0.0,0.00012189403
0,0.0,6.577526e-05
0,0.0,6.7073364e-05
0,0.0,0.00012939371
0,0.0,6.775235e-05
0,0.0,0.00011536523
0,0.0,4.0525465e-05
0,0.0,6.4796215e-05
0,0.0,6.566615e-05
0,0.0,6.3617605e-05
0,0.0,3.903223e-05
0,0.0,1.2927896e-05
0,0.0,3.9854607e-05
0,0.0,3.86912e-05
0,0.0,0.00011775077
0,0.0,6.5666085e-05
0,0.0,0.00014696746
0,0.0,0.00011264346
0,0.0,6.5373686e-05
0,0.0,6.106147e-05
0,0.0,0.00010095621
0,0.0,6.566565e-05
0,0.0,6.775532e-05
0,0.0,6.6775334e-05
0,0.0,4.3909142e-05
0,0.0,0.00016456649
0,0.0,7.826568e-05
1,1.0,0.99905115
0,0.0,6.814111e-05
0,0.0,6.566621e-05
0,0.0,6.8769885e-05
0,0.0,3.8509505e-05
0,0.0,1.2929671e-05
0,0.0,6.646442e-05
0,0.0,7.210621e-05
0,0.0,1.06156795e-05
0,0.0,4.104618e-05
0,0.0,6.8775786e-05
0,0.0,6.3618936e-05
0,0.0,0.00024879826
0,0.0,4.1073272e-05
0,0.0,9.404953e-05
1,1.0,0.9997379
0,0.0,6.0096405e-05
0,0.0,1.0647699e-05
0,0.0,0.0001871853
0,0.0,6.706537e-05
0,0.0,6.566308e-05
0,0.0,6.705443e-05
0,0.0,4.797986e-05
0,0.0,8.153092e-05
0,0.0,5.038997e-05
0,0.0,3.886494e-05
0,0.0,6.241517e-05
1,1.0,0.99929935
0,0.0,6.871155e-05
0,0.0,6.566496e-05
1,1.0,0.9997848
0,0.0,6.698708e-05
0,0.0,6.4519874e-05
0,0.0,6.479122e-05
0,0.0,6.678323e-05
0,0.0,7.6369135e-05
0,0.0,4.951974e-05
1,1.0,0.9982193
0,0.0,8.153776e-05
0,0.0,4.7961155e-05
0,0.0,9.82401e-05
0,0.0,3.9654886e-05
0,0.0,6.4793756e-05
0,0.0,0.00013096159
0,0.0,4.1143645e-05
0,0.0,6.645086e-05
0,0.0,1.2929092e-05
0,0.0,0.00011828488
1,1.0,0.9986913
0,0.0,0.00044703728
0,0.0,7.678875e-05
0,0.0,0.00035493737
0,0.0,4.954505e-05
0,0.0,3.698974e-05
0,0.0,6.645725e-05
0,0.0,0.00010843051
0,0.0,0.00017957781
0,0.0,6.211402e-05
0,0.0,6.441413e-05
1,1.0,0.9991713
1,1.0,0.9986725
0,0.0,6.304749e-05
0,0.0,0.00018032489
0,0.0,4.4760065e-05
0,0.0,3.978428e-05
0,0.0,3.9142415e-05
0,0.0,0.00014136308
0,0.0,6.775222e-05
0,0.0,4.2397714e-05
0,0.0,6.645884e-05
0,0.0,3.9045404e-05
1,1.0,0.9988446
0,0.0,6.2602594e-05
0,0.0,4.880647e-05
0,0.0,4.1584128e-05
0,0.0,5.240011e-05
0,0.0,4.731814e-05
0,0.0,6.361615e-05
1,1.0,0.9998488
0,0.0,4.9435133e-05
0,0.0,4.188717e-05
0,0.0,4.9647166e-05
1,1.0,0.99962693
0,0.0,6.361821e-05
0,0.0,4.752671e-05
1,1.0,0.99884146
0,0.0,4.7306232e-05
0,0.0,1.0617826e-05
0,0.0,1.292739e-05
0,0.0,7.745445e-05
0,0.0,6.74437e-05
0,0.0,6.7066074e-05
0,0.0,6.7443194e-05
0,0.0,7.97876e-05
1,1.0,0.9994445
0,0.0,7.7464865e-05
0,0.0,6.947915e-05
0,0.0,0.00011149403
0,0.0,0.000116290335
0,0.0,6.814176e-05
0,0.0,6.7079636e-05
0,0.0,6.577614e-05
0,0.0,6.7675115e-05
0,0.0,3.8609047e-05
0,0.0,6.768454e-05
0,0.0,0.00011586685
0,0.0,6.361651e-05
0,0.0,6.451741e-05
0,0.0,0.0002073393
0,0.0,0.00010532736
1,1.0,0.99967414
0,0.0,6.0124607e-05
1,1.0,0.9998392
0,0.0,6.3826345e-05
0,0.0,6.479289e-05
0,0.0,5.8881295e-05
0,0.0,0.000117454496
0,0.0,6.1163926e-05
0,0.0,6.941055e-05
0,0.0,0.00024749723
0,0.0,0.00010570085
0,0.0,6.2116036e-05
0,0.0,4.0818766e-05
0,0.0,3.905155e-05
0,0.0,6.0756473e-05
0,0.0,7.7681754e-05
0,0.0,0.00015480352
1,1.0,0.9986155
0,0.0,0.0006767313
0,0.0,0.00085544365
0,0.0,5.111687e-05
0,0.0,6.941373e-05
0,0.0,6.2114435e-05
1,1.0,0.99905974
1,1.0,0.99883544
1,1.0,0.9993063
1,1.0,0.9990608
0,0.0,0.000574204
0,0.0,3.8829072e-05
0,0.0,0.00010977561
0,0.0,1.0607674e-05
0,0.0,0.00016847723
0,0.0,4.881982e-05
0,0.0,4.114792e-05
0,0.0,3.7400554e-05
0,0.0,0.0010342065
0,0.0,6.709461e-05
0,0.0,6.440787e-05
0,0.0,0.00012108276
0,0.0,4.1108775e-05
0,0.0,6.9408896e-05
0,0.0,6.452258e-05
0,0.0,5.3915108e-05
0,0.0,6.870323e-05
0,0.0,4.9734354e-05
0,0.0,7.595936e-05
1,1.0,0.99861526
0,0.0,3.1012027e-05
0,0.0,3.7402908e-05
0,0.0,0.00012586509
0,0.0,8.077932e-05
0,0.0,4.6762703e-05
0,0.0,6.877474e-05
0,0.0,7.5972326e-05
1,1.0,0.9993284
0,0.0,0.000107319676
0,0.0,6.45267e-05
0,0.0,0.00013216579
0,0.0,1.2930313e-05
0,0.0,0.0004471102
0,0.0,7.611336e-05
0,0.0,7.065281e-05
0,0.0,6.4491076e-05
0,0.0,0.00013410712
0,0.0,4.2695527e-05
0,0.0,0.00021547101
0,0.0,5.1104296e-05
0,0.0,6.775558e-05
1,1.0,0.99952734
0,0.0,7.924211e-05
0,0.0,3.740448e-05
0,0.0,5.0414863e-05
0,0.0,6.547163e-05
0,0.0,7.952053e-05
0,0.0,0.00014491721
0,0.0,7.924241e-05
0,0.0,6.241714e-05
0,0.0,0.00016377286
0,0.0,7.767679e-05
0,0.0,4.8497146e-05
0,0.0,7.984765e-05
0,0.0,6.877789e-05
0,0.0,6.775164e-05
0,0.0,6.678858e-05
0,0.0,3.8797763e-05
0,0.0,6.77468e-05
0,0.0,0.00012892127
0,0.0,5.09617e-05
0,0.0,5.7580062e-05
0,0.0,6.247401e-05
0,0.0,0.00015841462
0,0.0,4.021041e-05
0,0.0,4.9420425e-05
0,0.0,1.2913085e-05
0,0.0,4.2178257e-05
0,0.0,1.0620864e-05
0,0.0,6.580757e-05
0,0.0,7.743584e-05
0,0.0,3.9060524e-05
0,0.0,6.609392e-05
0,0.0,6.8779525e-05
0,0.0,0.0002577033
0,0.0,6.241369e-05
0,0.0,6.9419286e-05
0,0.0,0.0006304598
0,0.0,6.440903e-05
0,0.0,8.210468e-05
0,0.0,5.625445e-05
0,0.0,5.0873135e-05
0,0.0,7.7670426e-05
0,0.0,4.060085e-05
0,0.0,7.7726894e-05
0,0.0,3.1012118e-05
0,0.0,4.153697e-05
0,0.0,0.0001317046
0,0.0,6.871738e-05
0,0.0,6.224732e-05
0,0.0,9.088418e-05
0,0.0,2.9614144e-05
0,0.0,9.434532e-05
0,0.0,1.2929622e-05
0,0.0,6.185312e-05
0,0.0,0.00012894317
0,0.0,3.880168e-05
0,0.0,6.211462e-05
0,0.0,0.00012966024
0,0.0,5.39239e-05
0,0.0,0.00041671467
0,0.0,3.9568422e-05
0,0.0,4.0931416e-05
0,0.0,0.0006811422
1,1.0,0.99962586
0,0.0,7.6090364e-05
0,0.0,6.241196e-05
0,0.0,1.0585806e-05
0,0.0,9.074381e-05
1,1.0,0.99982804
0,0.0,6.451637e-05
0,0.0,6.479424e-05
1,1.0,0.99885404
0,0.0,6.7750356e-05
1,1.0,0.9995937
0,0.0,6.2121784e-05
0,0.0,8.210523e-05
0,0.0,6.994136e-05
1,1.0,0.9993063
0,0.0,6.9490285e-05
0,0.0,6.119643e-05
0,0.0,7.7715405e-05
0,0.0,3.7487614e-05
0,0.0,0.000107389795
0,0.0,6.6454035e-05
0,0.0,6.3643274e-05
0,0.0,4.7965637e-05
0,0.0,4.7517195e-05
0,0.0,3.1017058e-05
0,0.0,6.645858e-05
0,0.0,8.210859e-05
0,0.0,4.1476327e-05
0,0.0,6.384423e-05
0,0.0,4.1135834e-05
0,0.0,4.666986e-05
0,0.0,0.00010534394
0,0.0,6.645366e-05
0,0.0,3.9009305e-05
0,0.0,0.000106551524
0,0.0,3.9000824e-05
0,0.0,6.617262e-05
0,0.0,3.876248e-05
0,0.0,5.090405e-05
0,0.0,7.924128e-05
0,0.0,0.00019413725
0,0.0,0.0001477408
0,0.0,5.1119598e-05
0,0.0,4.1145136e-05
0,0.0,1.0634019e-05
0,0.0,6.9416245e-05
1,1.0,0.9990385
0,0.0,3.89583e-05
0,0.0,7.852853e-05
0,0.0,6.775248e-05
0,0.0,4.054332e-05
0,0.0,6.0665345e-05
0,0.0,4.8335736e-05
0,0.0,5.0863044e-05
0,0.0,4.8479666e-05
0,0.0,5.0832063e-05
0,0.0,6.609707e-05
0,0.0,0.00042203424
0,0.0,4.0922205e-05
0,0.0,5.964474e-05
0,0.0,6.2113075e-05
0,0.0,9.238792e-05
0,0.0,5.2314736e-05
0,0.0,5.577881e-05
0,0.0,5.288758e-05
0,0.0,5.2177922e-05
0,0.0,6.185276e-05
0,0.0,0.00013952453
0,0.0,6.185193e-05
0,0.0,4.560637e-05
0,0.0,6.5664084e-05
0,0.0,3.954439e-05
0,0.0,4.0634124e-05
1,1.0,0.99987394
0,0.0,7.47811e-05
0,0.0,1.0615942e-05
0,0.0,6.941849e-05
1,1.0,0.999627
0,0.0,7.366885e-05
0,0.0,1.061074e-05
0,0.0,6.7758425e-05
0,0.0,9.424399e-05
0,0.0,0.00041527356
0,0.0,6.941783e-05
0,0.0,4.0795494e-05
0,0.0,7.7440345e-05
1,1.0,0.9990652
0,0.0,0.00010842658
0,0.0,5.3365122e-05
0,0.0,6.9486705e-05
0,0.0,2.5431262e-05
0,0.0,9.332714e-05
0,0.0,2.6825117e-05
0,0.0,0.000101879974
0,0.0,6.877382e-05
0,0.0,5.404401e-05
0,0.0,1.06221605e-05
0,0.0,7.424037e-05
0,0.0,4.0627925e-05
0,0.0,6.691902e-05
0,0.0,7.609458e-05
1,1.0,0.9988673
0,0.0,5.240411e-05
0,0.0,5.8874444e-05
0,0.0,6.8713714e-05
0,0.0,6.4796215e-05
0,0.0,6.776385e-05
0,0.0,4.8237373e-05
0,0.0,6.67696e-05
0,0.0,6.645188e-05
1,1.0,0.9998387
0,0.0,4.1986514e-05
1,1.0,0.99861544
0,0.0,6.9418296e-05
0,0.0,0.0004355313
0,0.0,4.7512163e-05
0,0.0,0.00010694261
0,0.0,3.6992737e-05
0,0.0,0.00013236758
1,1.0,0.9988636
0,0.0,5.4388805e-05
0,0.0,3.8824594e-05
0,0.0,5.318406e-05
0,0.0,6.280464e-05
1,1.0,0.99886304
0,0.0,4.0558287e-05
0,0.0,9.2471826e-05
0,0.0,0.00014871237
1,1.0,0.9988607
0,0.0,4.4325097e-05
0,0.0,6.2114144e-05
0,0.0,0.00015065199
0,0.0,6.448284e-05
0,0.0,6.5777145e-05
0,0.0,5.34977e-05
1,1.0,0.99862117
0,0.0,9.5610376e-05
0,0.0,4.942071e-05
0,0.0,6.648692e-05
0,0.0,7.360538e-05
0,0.0,5.2144944e-05
0,0.0,8.0792954e-05
0,0.0,4.2380092e-05
0,0.0,9.128067e-05
0,0.0,6.4410815e-05
0,0.0,6.876962e-05
0,0.0,0.00012148153
0,0.0,6.812806e-05
0,0.0,0.00010639415
0,0.0,0.00010843113
0,0.0,8.0791804e-05
1,1.0,0.99890834
0,0.0,0.00085548806
0,0.0,0.0001308892
0,0.0,5.217235e-05
0,0.0,0.00016933582
0,0.0,7.754986e-05
0,0.0,4.237969e-05
0,0.0,6.814111e-05
1,1.0,0.9986361
0,0.0,0.00017466772
0,0.0,3.8756345e-05
0,0.0,6.876943e-05
1,1.0,0.9996032
0,0.0,0.00015105649
0,0.0,5.0727558e-05
0,0.0,0.000106821324
0,0.0,4.1962616e-05
0,0.0,0.00012715903
0,0.0,7.420456e-05
0,0.0,3.8832775e-05
0,0.0,3.1007476e-05
0,0.0,7.42738e-05
0,0.0,5.1837793e-05
0,0.0,3.1011823e-05
0,0.0,6.6093795e-05
0,0.0,4.6752448e-05
0,0.0,4.1470987e-05
0,0.0,3.8821778e-05
0,0.0,5.4936136e-05
0,0.0,0.0011041464
0,0.0,3.101327e-05
0,0.0,7.368354e-05
0,0.0,3.886909e-05
1,1.0,0.9996122
1,1.0,0.9995884
0,0.0,0.00026168508
0,0.0,3.879177e-05
0,0.0,0.00043514514
0,0.0,0.00010553257
0,0.0,6.645985e-05
0,0.0,7.678904e-05
0,0.0,6.9416106e-05
0,0.0,7.4082454e-05
0,0.0,6.964499e-05
0,0.0,6.677724e-05
0,0.0,1.2929955e-05
0,0.0,4.799034e-05
0,0.0,6.441352e-05
1,1.0,0.9996982
0,0.0,0.000107328575
1,1.0,0.9992393
0,0.0,6.81415e-05
0,0.0,7.979201e-05
0,0.0,3.8893042e-05
0,0.0,6.0844373e-05
1,1.0,0.99938107
0,0.0,5.9913746e-05
0,0.0,4.973791e-05
0,0.0,3.9785416e-05
0,0.0,5.5771365e-05
0,0.0,6.333191e-05
1,1.0,0.9988356
0,0.0,6.8778805e-05
0,0.0,0.0002582104
0,0.0,9.439284e-05
0,0.0,6.8774345e-05
0,0.0,6.948882e-05
0,0.0,3.9060524e-05
0,0.0,3.8863454e-05
0,0.0,0.00016865888
0,0.0,6.67803e-05
0,0.0,0.0001047951
0,0.0,9.43661e-05
0,0.0,1.2907814e-05
0,0.0,6.8777365e-05
0,0.0,0.00015724424
0,0.0,6.870395e-05
0,0.0,0.0001308742
0,0.0,5.0629693e-05
0,0.0,4.1072333e-05
0,0.0,5.7583413e-05
0,0.0,4.721875e-05
0,0.0,0.000136751
0,0.0,6.361736e-05
0,0.0,0.00010638118
0,0.0,6.0370734e-05
0,0.0,8.6696265e-05
0,0.0,6.615754e-05
0,0.0,6.479227e-05
0,0.0,5.6162735e-05
1,1.0,0.9992868
0,0.0,0.000101923215
0,0.0,7.6113145e-05
0,0.0,6.8141955e-05
0,0.0,4.951492e-05
0,0.0,6.5381355e-05
0,0.0,6.769565e-05
0,0.0,7.852344e-05
0,0.0,6.5666776e-05
0,0.0,7.610633e-05
0,0.0,0.00014859882
0,0.0,7.754269e-05
0,0.0,0.000109639186
1,1.0,0.9998352
0,0.0,0.0008552806
0,0.0,9.4387615e-05
0,0.0,6.566596e-05
0,0.0,6.813968e-05
0,0.0,3.8832924e-05
0,0.0,6.814228e-05
0,0.0,6.5664266e-05
0,0.0,9.074589e-05
0,0.0,9.954997e-05
0,0.0,6.448936e-05
1,1.0,0.99921536
0,0.0,0.00014885693
0,0.0,0.00015014518
0,0.0,0.00022305535
0,0.0,6.634778e-05
0,0.0,0.00026219257
1,1.0,0.9980526
0,0.0,4.0508923e-05
0,0.0,0.00013679403
0,0.0,6.9488226e-05
1,1.0,0.99986696
0,0.0,9.434784e-05
0,0.0,2.6448031e-05
0,0.0,5.4967004e-05
0,0.0,0.00025981807
0,0.0,6.768932e-05
0,0.0,0.00026089614
0,0.0,4.8065227e-05
0,0.0,9.332874e-05
1,1.0,0.9994059
0,0.0,0.0014359471
0,0.0,0.00042921948
0,0.0,3.1008716e-05
0,0.0,4.2382275e-05
0,0.0,9.7592194e-05
0,0.0,5.1105904e-05
0,0.0,6.7063644e-05
0,0.0,5.782206e-05
0,0.0,4.0268736e-05
0,0.0,5.213535e-05
0,0.0,6.946974e-05
0,0.0,4.4436278e-05
0,0.0,4.7937883e-05
0,0.0,5.7825975e-05
0,0.0,6.948445e-05
0,0.0,5.577881e-05
0,0.0,8.155223e-05
0,0.0,5.241731e-05
0,0.0,0.00017150055
0,0.0,5.3498825e-05
1,1.0,0.99939
0,0.0,6.6456174e-05
0,0.0,0.00015563813
0,0.0,6.9367736e-05
0,0.0,4.6753696e-05
0,0.0,4.9587783e-05
1,1.0,0.9993338
1,1.0,0.9995819
0,0.0,0.0004791664
0,0.0,7.74529e-05
0,0.0,8.29684e-05
0,0.0,6.5666776e-05
0,0.0,6.384478e-05
0,0.0,3.8582875e-05
0,0.0,5.578615e-05
1,1.0,0.9983981
0,0.0,4.107069e-05
0,0.0,6.7691064e-05
0,0.0,7.767457e-05
0,0.0,0.0007486963
0,0.0,0.000109582856
0,0.0,6.706454e-05
1,1.0,0.99998796
0,0.0,6.941048e-05
0,0.0,0.000111252
0,0.0,6.7755194e-05
0,0.0,0.000107316715
0,0.0,4.8476428e-05
0,0.0,7.745851e-05
0,0.0,0.00016849925
0,0.0,0.00013394876
0,0.0,5.1826424e-05
0,0.0,8.178399e-05
0,0.0,6.77406e-05
1,1.0,0.9986913
0,0.0,6.775377e-05
0,0.0,6.744409e-05
1,1.0,0.9998312
1,1.0,0.999024
0,0.0,5.404071e-05
0,0.0,6.7738656e-05
0,0.0,1.0646846e-05
0,0.0,6.5665896e-05
0,0.0,3.101209e-05
1,1.0,0.99867254
1,1.0,0.999582
0,0.0,6.2649706e-05
0,0.0,4.94357e-05
0,0.0,9.912701e-05
1,1.0,0.99933684
0,0.0,0.00010619793
0,0.0,6.6092914e-05
0,0.0,9.088297e-05
0,0.0,1.05829595e-05
0,0.0,7.767309e-05
1,1.0,0.9994946
1,1.0,0.99926823
0,0.0,9.436296e-05
0,0.0,4.060302e-05
0,0.0,0.0003863379
0,0.0,0.00025627165
0,0.0,4.1959735e-05
0,0.0,3.8862156e-05
0,0.0,8.428819e-05
1,1.0,0.9986502
0,0.0,6.56627e-05
0,0.0,5.6074703e-05
0,0.0,3.1013005e-05
0,0.0,8.2645915e-05
0,0.0,4.1616026e-05
0,0.0,0.00011711182
0,0.0,4.23767e-05
0,0.0,1.2929893e-05
0,0.0,6.609581e-05
0,0.0,6.3739055e-05
0,0.0,5.565586e-05
0,0.0,1.2929499e-05
0,0.0,4.1143172e-05
0,0.0,4.2207346e-05
0,0.0,1.2928882e-05
0,0.0,0.000109329536
0,0.0,5.337067e-05
0,0.0,0.0008507358
0,0.0,6.451956e-05
0,0.0,0.00013435839
0,0.0,8.3414314e-05
0,0.0,4.6672172e-05
1,1.0,0.9993797
0,0.0,6.614965e-05
0,0.0,5.5124274e-05
0,0.0,5.5023116e-05
0,0.0,4.8326056e-05
1,1.0,0.9996041
0,0.0,5.1840958e-05
1,1.0,0.99928766
1,1.0,0.99884146
0,0.0,6.769255e-05
0,0.0,6.3519095e-05
0,0.0,9.434793e-05
0,0.0,4.3033495e-05
0,0.0,4.2962314e-05
0,0.0,4.9601924e-05
0,0.0,0.000116755895
0,0.0,6.451655e-05
0,0.0,7.5822725e-05
0,0.0,6.81415e-05
0,0.0,4.0541076e-05
0,0.0,6.707017e-05
0,0.0,6.775351e-05
0,0.0,0.00016854603
0,0.0,6.8140136e-05
0,0.0,5.3825515e-05
0,0.0,4.848022e-05
0,0.0,6.678017e-05
0,0.0,3.6990372e-05
0,0.0,0.00012977305
0,0.0,6.948293e-05
0,0.0,6.841367e-05
0,0.0,6.057378e-05
0,0.0,6.479448e-05
0,0.0,1.2928956e-05
0,0.0,6.869831e-05
0,0.0,8.361127e-05
0,0.0,0.0006608892
0,0.0,6.185223e-05
0,0.0,6.441401e-05
1,1.0,0.99869114
0,0.0,1.0604144e-05
0,0.0,0.0001055854
0,0.0,6.479091e-05
0,0.0,1.0643952e-05
0,0.0,5.0461284e-05
1,1.0,0.9999113
0,0.0,6.8140456e-05
0,0.0,6.877658e-05
0,0.0,6.451667e-05
0,0.0,4.9429003e-05
1,1.0,0.99984926
0,0.0,6.066957e-05
0,0.0,7.826015e-05
0,0.0,6.4519874e-05
0,0.0,0.00010854721
0,0.0,6.948419e-05
1,1.0,0.9987164
0,0.0,0.00014101088
0,0.0,2.4695219e-05
0,0.0,6.5775195e-05
0,0.0,6.4152075e-05
0,0.0,6.479634e-05
0,0.0,7.8525234e-05
0,0.0,1.064577e-05
0,0.0,0.00011886162
1,1.0,0.9988636
0,0.0,7.984894e-05
0,0.0,6.706965e-05
0,0.0,5.5621687e-05
0,0.0,5.3186544e-05
0,0.0,6.870094e-05
0,0.0,0.0001055853
0,0.0,6.361833e-05
0,0.0,7.9494974e-05
0,0.0,7.745689e-05
0,0.0,5.5330303e-05
0,0.0,0.00011897559
0,0.0,4.011588e-05
0,0.0,9.236643e-05
0,0.0,6.715434e-05
0,0.0,6.451883e-05
0,0.0,6.5663146e-05
0,0.0,0.0001357427
0,0.0,5.962182e-05
0,0.0,4.221367e-05
0,0.0,4.46945e-05
0,0.0,6.678158e-05
0,0.0,6.185453e-05
0,0.0,5.496391e-05
1,1.0,0.99955416
0,0.0,6.566596e-05
0,0.0,4.2374115e-05
0,0.0,4.1146588e-05
0,0.0,0.00016904963
1,1.0,0.9998279
0,0.0,0.00015877122
0,0.0,6.9485315e-05
0,0.0,6.0098577e-05
0,0.0,4.7232847e-05
0,0.0,0.0005339874
0,0.0,0.000110835535
0,0.0,0.0006485188
1,1.0,0.9986879
0,0.0,5.3916447e-05
0,0.0,6.744422e-05
1,1.0,0.999625
0,0.0,7.754506e-05
0,0.0,6.948538e-05
0,0.0,5.040347e-05
0,0.0,3.4030592e-05
1,1.0,0.99868816
0,0.0,6.948935e-05
0,0.0,0.00011913793
1,1.0,0.9998048
0,0.0,9.332358e-05
0,0.0,6.1203136e-05
0,0.0,5.493692e-05
0,0.0,6.678291e-05
0,0.0,6.211195e-05
0,0.0,6.566646e-05
0,0.0,4.5361e-05
0,0.0,0.000192474
0,0.0,6.705929e-05
0,0.0,6.9489484e-05
0,0.0,0.00011472631
1,1.0,0.99924755
1,1.0,0.9986912
0,0.0,0.00012749653
0,0.0,0.00010640003
0,0.0,5.8709666e-05
0,0.0,6.878038e-05
0,0.0,1.9752184e-05
0,0.0,1.2928857e-05
0,0.0,4.441272e-05
0,0.0,0.00010640003
0,0.0,9.3376184e-05
0,0.0,3.10112e-05
0,0.0,3.10083e-05
0,0.0,8.0794496e-05
0,0.0,7.0065325e-05
0,0.0,9.088462e-05
0,0.0,0.0011215598
0,0.0,0.00015162882
0,0.0,6.2537845e-05
0,0.0,6.948525e-05
0,0.0,4.5553e-05
0,0.0,4.846765e-05
0,0.0,6.744242e-05
1,1.0,0.9991988
0,0.0,6.361675e-05
0,0.0,3.880997e-05
0,0.0,4.188733e-05
0,0.0,3.8880695e-05
0,0.0,6.0660426e-05
0,0.0,0.00017208139
0,0.0,8.743943e-05
0,0.0,6.814059e-05
1,1.0,0.99985033
0,0.0,3.3599932e-05
0,0.0,0.00010639486
0,0.0,6.211319e-05
0,0.0,6.942763e-05
0,0.0,6.64615e-05
0,0.0,7.2817245e-05
1,1.0,0.9992368
0,0.0,6.839827e-05
1,1.0,0.99920535
0,0.0,6.1853585e-05
1,1.0,0.9998771
0,0.0,6.7511915e-05
0,0.0,7.6095086e-05
0,0.0,8.078733e-05
0,0.0,6.941531e-05
0,0.0,0.00010938856
0,0.0,7.612759e-05
0,0.0,6.609342e-05
0,0.0,0.000104262916
1,1.0,0.9993808
0,0.0,3.9109655e-05
0,0.0,0.0002625966
0,0.0,6.615697e-05
0,0.0,9.424201e-05
0,0.0,4.0627576e-05
0,0.0,0.00014283224
1,1.0,0.99951255
0,0.0,6.678132e-05
0,0.0,6.362046e-05
0,0.0,6.609543e-05
0,0.0,5.615422e-05
0,0.0,6.577846e-05
0,0.0,5.9130678e-05
0,0.0,9.485084e-05
0,0.0,0.00013394111
0,0.0,9.2364484e-05
0,0.0,5.2319825e-05
0,0.0,0.0009808382
0,0.0,3.8865455e-05
0,0.0,7.773438e-05
0,0.0,5.0419e-05
0,0.0,7.097959e-05
0,0.0,7.034101e-05
0,0.0,9.557307e-06
0,0.0,3.8116916e-05
0,0.0,0.00011402361
0,0.0,6.107842e-05
1,1.0,0.99920845
0,0.0,3.8118153e-05
0,0.0,6.340557e-05
0,0.0,6.253182e-05
0,0.0,0.0002729602
0,0.0,4.4534398e-05
0,0.0,5.0203864e-05
1,1.0,0.9994309
0,0.0,4.1922172e-05
0,0.0,6.0256693e-06
0,0.0,6.454873e-05
0,0.0,0.000114241615
0,0.0,5.5543296e-05
0,0.0,8.2606435e-05
0,0.0,2.9361452e-05
0,0.0,6.533909e-05
0,0.0,4.064021e-05
0,0.0,5.004116e-05
1,1.0,0.99982274
0,0.0,6.170024e-05
0,0.0,0.00012319328
0,0.0,0.00011484355
0,0.0,5.2694468e-05
0,0.0,5.000643e-05
0,0.0,8.16347e-05
0,0.0,0.0002799773
0,0.0,4.847255e-05
0,0.0,6.254393e-05
0,0.0,5.3512194e-05
0,0.0,4.3999637e-05
0,0.0,1.7208386e-05
0,0.0,0.00011394579
1,1.0,0.99978644
0,0.0,5.056181e-05
0,0.0,6.372392e-05
0,0.0,4.717275e-05
0,0.0,4.8301496e-05
0,0.0,8.407266e-05
0,0.0,0.00012311837
0,0.0,5.0812774e-05
0,0.0,6.1639905e-05
1,1.0,0.9996645
0,0.0,9.5570695e-06
0,0.0,5.450272e-05
0,0.0,9.690292e-05
0,0.0,6.175181e-05
0,0.0,0.00016571836
0,0.0,4.969164e-05
0,0.0,4.831011e-05
0,0.0,5.6671255e-05
0,0.0,8.26036e-05
1,1.0,0.9994956
1,1.0,0.9997132
0,0.0,5.8307225e-05
0,0.0,3.285525e-05
0,0.0,0.00020622672
0,0.0,0.0007846409
1,1.0,0.9997148
0,0.0,4.227994e-05
0,0.0,4.993876e-05
0,0.0,6.0027846e-06
0,0.0,0.00028156146
0,0.0,6.322564e-05
0,0.0,0.0007633458
0,0.0,4.5705685e-05
0,0.0,0.0001372177
0,0.0,0.00047914175
0,0.0,6.367849e-05
1,1.0,0.999923
0,0.0,9.4596835e-05
0,0.0,0.00028160118
0,0.0,7.0530354e-05
0,0.0,4.9574588e-05
0,0.0,0.00011103832
0,0.0,6.673516e-05
0,0.0,5.6934237e-05
0,0.0,4.7095527e-05
1,1.0,0.99913776
0,0.0,5.1665957e-05
0,0.0,7.789585e-05
0,0.0,6.3403146e-05
0,0.0,0.00013076868
0,0.0,0.00012247694
0,0.0,5.9141057e-05
0,0.0,5.3975917e-05
0,0.0,7.210573e-05
0,0.0,9.558236e-06
0,0.0,0.00043117173
0,0.0,4.5979392e-05
0,0.0,5.317199e-05
0,0.0,0.0002806976
0,0.0,7.061159e-05
0,0.0,4.4653472e-05
0,0.0,0.00015977249
0,0.0,4.4651726e-05
0,0.0,6.434531e-05
0,0.0,4.0641295e-05
0,0.0,0.00012944826
0,0.0,6.9185146e-05
0,0.0,0.00090359227
1,1.0,0.99911815
0,0.0,9.6860516e-05
0,0.0,0.00012395499
1,1.0,0.9994533
0,0.0,8.255052e-05
0,0.0,0.0001238209
0,0.0,0.00012944073
0,0.0,5.9245765e-05
0,0.0,0.00011238703
0,0.0,5.9620284e-05
0,0.0,0.00084279757
0,0.0,8.2603125e-05
0,0.0,6.6804634e-05
0,0.0,5.0258375e-05
0,0.0,4.5707387e-05
0,0.0,8.261951e-05
1,1.0,0.9999137
0,0.0,6.719719e-05
0,0.0,6.0112336e-05
0,0.0,5.9992135e-06
0,0.0,5.9744407e-06
0,0.0,4.0720905e-05
0,0.0,6.368116e-05
0,0.0,6.7603076e-05
1,1.0,0.99991465
0,0.0,0.0020685715
0,0.0,5.1967178e-05
0,0.0,8.25521e-05
0,0.0,4.331962e-05
0,0.0,7.1005044e-05
0,0.0,6.860607e-05
0,0.0,8.2606515e-05
0,0.0,7.0613474e-05
0,0.0,7.145239e-05
0,0.0,6.534058e-05
0,0.0,6.368116e-05
0,0.0,0.00013082754
1,1.0,0.99947566
0,0.0,6.279775e-05
1,1.0,0.99896574
1,1.0,0.9994664
0,0.0,0.00014631948
0,0.0,8.16653e-05
0,0.0,6.256016e-05
0,0.0,1.7530772e-05
1,1.0,0.99946314
1,1.0,0.99985296
0,0.0,3.811659e-05
0,0.0,5.0891624e-05
0,0.0,5.0252143e-05
0,0.0,6.1700826e-05
0,0.0,5.6441284e-05
0,0.0,8.4079955e-05
0,0.0,0.00017990396
0,0.0,8.260218e-05
1,1.0,0.9989382
0,0.0,7.6754994e-05
0,0.0,6.0012735e-06
0,0.0,0.00011394079
0,0.0,0.00071063015
0,0.0,6.3681284e-05
0,0.0,0.00012377015
0,0.0,4.6879642e-05
1,1.0,0.99947196
0,0.0,5.4502307e-05
0,0.0,7.359843e-05
0,0.0,6.26778e-05
0,0.0,6.286576e-05
0,0.0,6.1754756e-05
0,0.0,2.9347957e-05
0,0.0,6.268604e-05
0,0.0,9.61313e-05
0,0.0,5.055429e-05
0,0.0,6.422956e-05
0,0.0,4.893183e-05
0,0.0,6.662516e-05
1,1.0,0.99896973
0,0.0,2.9374838e-05
0,0.0,4.6641697e-05
0,0.0,0.000111122434
0,0.0,5.9822573e-06
0,0.0,4.0478146e-05
0,0.0,6.364776e-05
0,0.0,0.00012278916
0,0.0,5.8450358e-05
0,0.0,6.322516e-05
0,0.0,6.178916e-05
0,0.0,5.8454534e-05
0,0.0,0.0010627967
1,1.0,0.9989626
1,1.0,0.9992084
0,0.0,9.583557e-05
0,0.0,6.322384e-05
0,0.0,6.2834464e-05
0,0.0,6.4117514e-05
0,0.0,5.3915574e-05
0,0.0,0.00012957917
0,0.0,6.404388e-05
0,0.0,5.1427105e-05
0,0.0,5.045147e-05
0,0.0,5.8306003e-05
0,0.0,6.5101696e-05
0,0.0,2.942912e-05
0,0.0,5.2776337e-05
0,0.0,5.081045e-05
0,0.0,9.557325e-06
0,0.0,6.178916e-05
0,0.0,5.1923827e-05
0,0.0,4.809329e-05
0,0.0,0.00044226312
0,0.0,0.00012241353
0,0.0,6.279434e-05
0,0.0,3.811706e-05
0,0.0,4.06337e-05
1,1.0,0.99893516
1,1.0,0.99965525
0,0.0,2.9390694e-05
0,0.0,3.8118225e-05
0,0.0,6.319659e-05
0,0.0,5.2494797e-05
1,1.0,0.9994142
0,0.0,8.254502e-05
0,0.0,4.12229e-05
0,0.0,7.023156e-05
0,0.0,6.3638356e-05
0,0.0,0.00012379032
0,0.0,5.877045e-05
0,0.0,4.5155994e-05
0,0.0,0.00042006953
0,0.0,6.5740955e-05
0,0.0,4.664441e-05
0,0.0,4.3567365e-05
0,0.0,5.3621254e-05
0,0.0,4.448249e-05
0,0.0,8.258682e-05
0,0.0,3.8117752e-05
0,0.0,4.4659224e-05
0,0.0,6.498688e-05
0,0.0,2.9480216e-05
0,0.0,5.844924e-05
0,0.0,4.8319882e-05
0,0.0,0.00011104531
0,0.0,4.7604142e-05
0,0.0,8.3544066e-05
0,0.0,0.00011238843
0,0.0,7.210167e-05
0,0.0,0.00012944739
0,0.0,8.35463e-05
0,0.0,0.000114902585
0,0.0,2.5479909e-05
1,1.0,0.9996106
0,0.0,0.00014638536
0,0.0,0.00015210467
0,0.0,3.8117825e-05
0,0.0,5.6968835e-05
0,0.0,6.253445e-05
0,0.0,0.000115299576
0,0.0,0.00011529902
1,1.0,0.99981505
0,0.0,4.2851512e-05
0,0.0,5.8448462e-05
0,0.0,6.256965e-05
1,1.0,0.9999213
0,0.0,6.3680855e-05
1,1.0,0.99954104
0,0.0,5.5642435e-05
0,0.0,5.2224117e-05
0,0.0,4.8086455e-05
0,0.0,5.3284624e-05
0,0.0,5.1965246e-05
0,0.0,9.557198e-06
1,1.0,0.99960893
0,0.0,3.812237e-05
0,0.0,4.7379915e-05
0,0.0,5.924656e-05
0,0.0,5.723599e-05
1,1.0,0.9989997
0,0.0,7.4475145e-05
0,0.0,8.255383e-05
0,0.0,5.0239883e-05
0,0.0,5.0304312e-05
0,0.0,4.332152e-05
0,0.0,5.8598805e-05
0,0.0,7.165019e-05
0,0.0,5.0423278e-05
1,1.0,0.9991957
0,0.0,0.00014691
0,0.0,6.400627e-05
0,0.0,4.195001e-05
0,0.0,6.6888904e-05
0,0.0,6.651324e-05
0,0.0,5.024668e-05
0,0.0,6.170212e-05
1,1.0,0.9994288
1,1.0,0.99893516
0,0.0,6.178562e-05
0,0.0,6.1791514e-05
0,0.0,6.279458e-05
0,0.0,0.0005461583
0,0.0,6.475441e-05
0,0.0,6.499308e-05
0,0.0,6.830239e-05
0,0.0,5.8305723e-05
0,0.0,7.788337e-05
0,0.0,2.9437118e-05
0,0.0,0.00034223078
0,0.0,6.1784034e-05
1,1.0,0.9996777
1,1.0,0.99920094
0,0.0,4.9288883e-05
0,0.0,9.6093165e-05
0,0.0,4.0570278e-05
0,0.0,6.17871e-05
0,0.0,0.00028080333
0,0.0,6.2795174e-05
0,0.0,4.5710873e-05
0,0.0,4.063959e-05
0,0.0,4.7996244e-05
0,0.0,8.2636536e-05
0,0.0,5.3961503e-05
0,0.0,6.499352e-05
0,0.0,4.4464767e-05
0,0.0,6.720199e-05
0,0.0,4.0796545e-05
0,0.0,0.00011286247
0,0.0,7.4410265e-05
0,0.0,6.438078e-05
0,0.0,6.256302e-05
0,0.0,5.0895505e-05
0,0.0,4.116162e-05
0,0.0,5.008881e-05
0,0.0,9.555985e-06
0,0.0,7.083327e-05
0,0.0,6.238304e-05
0,0.0,6.170612e-05
0,0.0,3.8118844e-05
0,0.0,0.00028154912
0,0.0,5.859534e-05
0,0.0,6.1081395e-05
0,0.0,4.4461714e-05
0,0.0,4.1974225e-05
0,0.0,4.484949e-05
0,0.0,6.170071e-05
0,0.0,4.938627e-05
0,0.0,4.00202e-05
0,0.0,6.322444e-05
0,0.0,5.0562583e-05
0,0.0,5.0066887e-05
0,0.0,0.00022167218
0,0.0,3.8105576e-05
0,0.0,0.0002815188
0,0.0,6.341113e-05
0,0.0,6.534071e-05
0,0.0,5.8307392e-05
0,0.0,7.047093e-05
0,0.0,5.0245053e-05
0,0.0,0.00020613353
1,1.0,0.9999065
0,0.0,0.0038024492
0,0.0,5.2881274e-05
0,0.0,4.0360006e-05
0,0.0,7.5770025e-05
1,1.0,0.9996709
1,1.0,0.9995379
0,0.0,5.7270496e-05
0,0.0,5.2493346e-05
0,0.0,4.5189943e-05
1,1.0,0.99984145
0,0.0,5.005605e-05
0,0.0,6.256702e-05
0,0.0,6.357279e-05
0,0.0,4.7751906e-05
0,0.0,6.2988714e-05
0,0.0,2.9458772e-05
0,0.0,5.844155e-05
1,1.0,0.99941295
0,0.0,0.00015985417
0,0.0,0.000113943075
0,0.0,4.808843e-05
0,0.0,8.355076e-05
0,0.0,0.00012973904
0,0.0,9.558619e-06
0,0.0,0.0017222989
0,0.0,8.254392e-05
0,0.0,4.45279e-05
0,0.0,6.00531e-06
1,1.0,0.9992126
0,0.0,6.185117e-05
0,0.0,0.00050490856
0,0.0,7.496358e-05
0,0.0,4.8097005e-05
0,0.0,7.544242e-05
0,0.0,6.4003216e-05
1,1.0,0.999889
0,0.0,5.0099417e-05
0,0.0,7.514538e-05
0,0.0,7.007849e-05
0,0.0,6.164261e-05
0,0.0,0.00037567614
0,0.0,4.5366192e-05
0,0.0,6.661627e-05
0,0.0,6.2535226e-05
0,0.0,8.255131e-05
0,0.0,6.256875e-05
0,0.0,6.283579e-05
0,0.0,6.950201e-05
1,1.0,0.9989698
0,0.0,5.8447906e-05
0,0.0,0.00011401513
0,0.0,0.00075858337
0,0.0,6.175664e-05
0,0.0,6.5335036e-05
0,0.0,0.00012136806
1,1.0,0.99893814
0,0.0,0.0004988724
0,0.0,0.00028194507
0,0.0,6.7980094e-05
0,0.0,6.1849285e-05
0,0.0,8.2626604e-05
1,1.0,0.999579
0,0.0,6.533311e-05
0,0.0,5.8307112e-05
0,0.0,0.00030022368
1,1.0,0.99941915
0,0.0,0.00011252011
1,1.0,0.9998875
0,0.0,6.0275083e-06
0,0.0,7.415625e-05
0,0.0,5.4617183e-05
0,0.0,4.9509916e-05
0,0.0,6.322323e-05
0,0.0,3.0651878e-05
0,0.0,6.00101e-06
0,0.0,4.928484e-05
0,0.0,4.1021096e-05
0,0.0,2.9471812e-05
0,0.0,5.0901916e-05
0,0.0,8.2606435e-05
1,1.0,0.9999114
0,0.0,4.6885096e-05
0,0.0,5.6730405e-05
0,0.0,2.938285e-05
0,0.0,6.26891e-05
1,1.0,0.9994715
0,0.0,4.124547e-05
0,0.0,6.368177e-05
0,0.0,5.0503113e-05
0,0.0,6.3649706e-05
0,0.0,5.2776435e-05
0,0.0,4.4328775e-05
0,0.0,0.00011881958
0,0.0,7.0081565e-05
0,0.0,7.8271114e-05
0,0.0,6.4756634e-05
0,0.0,6.261095e-05
0,0.0,0.00014171872
0,0.0,6.755029e-05
0,0.0,4.434539e-05
1,1.0,0.99982256
1,1.0,0.9994304
0,0.0,6.476052e-05
0,0.0,6.1759994e-05
0,0.0,5.4920787e-05
0,0.0,5.4463333e-05
0,0.0,4.7991667e-05
0,0.0,4.0743584e-05
1,1.0,0.9997928
0,0.0,4.0355542e-05
0,0.0,7.350542e-05
0,0.0,0.00012381039
0,0.0,4.4659988e-05
1,1.0,0.99896574
0,0.0,7.623198e-05
0,0.0,0.00027296747
0,0.0,0.00012312131
0,0.0,6.364291e-05
0,0.0,5.8657457e-05
0,0.0,5.49178e-05
0,0.0,4.2010262e-05
0,0.0,2.9404067e-05
0,0.0,0.0002792362
0,0.0,4.946734e-05
0,0.0,5.8115762e-05
0,0.0,8.354646e-05
1,1.0,0.99942523
0,0.0,6.542039e-05
0,0.0,0.0003910834
0,0.0,4.06406e-05
0,0.0,0.00013082991
0,0.0,0.0001238066
0,0.0,0.00012282254
0,0.0,5.0262497e-05
0,0.0,0.00011394014
0,0.0,0.00011507353
1,1.0,0.99903774
0,0.0,4.84664e-05
0,0.0,7.454919e-05
0,0.0,6.268515e-05
0,0.0,4.4485038e-05
0,0.0,5.4782224e-05
0,0.0,6.499692e-05
0,0.0,9.523878e-06
0,0.0,0.00011484704
0,0.0,6.368165e-05
0,0.0,5.467195e-05
1,1.0,0.99966025
0,0.0,4.7239468e-05
0,0.0,6.0055563e-06
0,0.0,6.368401e-05
1,1.0,0.9997687
0,0.0,5.844924e-05
0,0.0,0.00020760893
0,0.0,0.0002817964
0,0.0,4.7958365e-05
0,0.0,5.055458e-05
0,0.0,6.758051e-05
0,0.0,5.674215e-05
0,0.0,0.00024712613
0,0.0,4.4318716e-05
0,0.0,0.00011530001
0,0.0,4.518382e-05
0,0.0,6.256714e-05
0,0.0,0.000112517104
1,1.0,0.99952745
0,0.0,6.0137977e-06
1,1.0,0.9997895
1,1.0,0.9997895
0,0.0,6.1852e-05
0,0.0,6.238079e-05
0,0.0,6.174239e-05
0,0.0,7.21651e-05
0,0.0,4.0364816e-05
0,0.0,0.00013077105
0,0.0,5.0825183e-05
0,0.0,5.1560273e-05
0,0.0,0.00013082479
0,0.0,0.00015995692
0,0.0,0.00012244916
0,0.0,2.9405413e-05
1,1.0,0.9994996
0,0.0,4.4662076e-05
0,0.0,5.925232e-05
0,0.0,6.163356e-05
0,0.0,4.4834524e-05
0,0.0,6.238418e-05
0,0.0,0.00011560915
1,1.0,0.9994957
0,0.0,4.9848455e-05
0,0.0,6.0077386e-06
0,0.0,5.332112e-05
0,0.0,6.399711e-05
0,0.0,5.067186e-05
0,0.0,5.0242903e-05
0,0.0,4.9333223e-05
0,0.0,5.879281e-05
0,0.0,5.2882588e-05
1,1.0,0.99888384
0,0.0,5.4909007e-05
0,0.0,0.00011300894
0,0.0,0.0001463947
0,0.0,6.1756284e-05
0,0.0,0.00077748083
0,0.0,0.00011423955
0,0.0,5.9937406e-06
0,0.0,0.0011984234
0,0.0,6.6092216e-05
0,0.0,6.024835e-05
0,0.0,3.811677e-05
0,0.0,6.178651e-05
0,0.0,6.2382926e-05
0,0.0,0.00012375246
0,0.0,6.185193e-05
0,0.0,6.7488225e-05
0,0.0,4.191798e-05
0,0.0,4.9125676e-05
1,1.0,0.99894416
0,0.0,8.2352075e-05
0,0.0,0.000121401616
0,0.0,5.9988706e-06
0,0.0,4.3558393e-05
0,0.0,5.390771e-05
0,0.0,0.00011251893
0,0.0,4.3325075e-05
0,0.0,6.3684136e-05
0,0.0,4.356927e-05
0,0.0,6.3409316e-05
0,0.0,0.00028013348
0,0.0,5.666434e-05
0,0.0,0.00012944394
0,0.0,5.0645678e-05
0,0.0,5.492241e-05
0,0.0,6.108192e-05
0,0.0,6.175899e-05
0,0.0,4.074444e-05
0,0.0,6.1851526e-05
0,0.0,6.5338216e-05
0,0.0,4.724073e-05
0,0.0,6.283962e-05
1,1.0,0.99954003
0,0.0,6.175847e-05
0,0.0,6.392868e-05
0,0.0,7.088286e-05
0,0.0,6.1849634e-05
0,0.0,6.279727e-05
0,0.0,5.6961664e-05
0,0.0,0.00022717135
1,1.0,0.99970794
0,0.0,0.00019129794
0,0.0,0.00012377193
0,0.0,5.1783994e-05
0,0.0,6.517816e-05
0,0.0,0.00011289982
0,0.0,7.2970026e-05
1,1.0,0.9991063
0,0.0,3.8127677e-05
0,0.0,5.4024167e-05
0,0.0,9.609637e-05
0,0.0,6.368687e-05
0,0.0,6.108588e-05
0,0.0,6.36814e-05
0,0.0,4.7132555e-05
0,0.0,0.00012197078
1,1.0,0.99889326
0,0.0,5.6443107e-05
0,0.0,6.322347e-05
0,0.0,4.9026785e-05
0,0.0,4.938189e-05
0,0.0,6.2674924e-05
1,1.0,0.9994712
0,0.0,0.00027808506
0,0.0,6.82923e-05
1,1.0,0.9989844
0,0.0,6.52452e-05
0,0.0,0.00046212913
0,0.0,4.713579e-05
0,0.0,2.7118473e-05
0,0.0,9.556824e-06
1,1.0,0.9995405
0,0.0,7.976432e-05
0,0.0,6.364255e-05
0,0.0,6.4004984e-05
0,0.0,3.8101505e-05
0,0.0,6.795222e-05
0,0.0,6.0221246e-06
0,0.0,6.253176e-05
0,0.0,6.903139e-05
0,0.0,0.0001224753
0,0.0,0.00012395924
0,0.0,7.094061e-05
0,0.0,5.673371e-05
0,0.0,9.6929725e-05
0,0.0,7.007462e-05
0,0.0,5.874607e-05
1,1.0,0.99978805
0,0.0,6.1756575e-05
0,0.0,5.393923e-05
0,0.0,4.4480457e-05
0,0.0,5.9249494e-05
0,0.0,6.1786326e-05
0,0.0,0.000115308154
0,0.0,5.479978e-05
0,0.0,6.566032e-05
0,0.0,0.000113922324
1,1.0,0.99953693
1,1.0,0.99983305
0,0.0,8.259289e-05
0,0.0,7.011913e-05
1,1.0,0.99962276
1,1.0,0.9995273
0,0.0,4.074615e-05
0,0.0,5.6077002e-05
0,0.0,6.3646614e-05
0,0.0,5.830806e-05
1,1.0,0.9997903
0,0.0,4.333143e-05
0,0.0,5.444194e-05
0,0.0,5.3175387e-05
1,1.0,0.9997393
0,0.0,6.434733e-05
0,0.0,5.025018e-05
0,0.0,0.0002787234
0,0.0,0.0011186335
1,1.0,0.99988496
0,0.0,6.3225525e-05
0,0.0,0.0006242344
0,0.0,6.267971e-05
0,0.0,6.644472e-05
0,0.0,5.5925444e-05
0,0.0,6.238203e-05
0,0.0,6.3409556e-05
0,0.0,6.3649466e-05
0,0.0,5.5554847e-05
1,1.0,0.9990931
1,1.0,0.9995345
0,0.0,6.25329e-05
0,0.0,6.1080755e-05
0,0.0,5.0141138e-05
1,1.0,0.9992092
0,0.0,6.368092e-05
0,0.0,5.859618e-05
0,0.0,6.2832194e-05
0,0.0,0.0001150799
0,0.0,6.1785504e-05
1,1.0,0.9999559
0,0.0,0.00011290004
0,0.0,0.000272943
0,0.0,5.3532454e-05
0,0.0,0.00012311767
0,0.0,6.108209e-05
0,0.0,6.596641e-05
0,0.0,0.00028307308
0,0.0,5.0207695e-05
0,0.0,6.6429384e-05
1,1.0,0.99978656
0,0.0,5.246282e-05
0,0.0,8.255399e-05
0,0.0,6.341306e-05
0,0.0,4.1228872e-05
0,0.0,0.00012395829
0,0.0,6.105023e-05
0,0.0,6.269029e-05
0,0.0,4.4480457e-05
0,0.0,6.163479e-05
0,0.0,9.554956e-06
0,0.0,6.3608626e-05
0,0.0,6.3679705e-05
1,1.0,0.99962354
0,0.0,5.7260662e-05
0,0.0,5.3517095e-05
1,1.0,0.99943376
0,0.0,6.283363e-05
0,0.0,0.00017119438
0,0.0,5.8658854e-05
0,0.0,6.1698236e-05
1,1.0,0.9996599
0,0.0,0.00012281927
0,0.0,6.268431e-05
0,0.0,7.2781695e-05
0,0.0,8.164521e-05
1,1.0,0.99898857
0,0.0,5.0080213e-05
0,0.0,0.00011238714
0,0.0,6.149682e-05
0,0.0,8.3544786e-05
0,0.0,0.00014437312
0,0.0,6.2802545e-05
0,0.0,9.6108284e-05
0,0.0,6.1788334e-05
0,0.0,5.190032e-05
0,0.0,6.0058023e-06
0,0.0,0.00013036902
0,0.0,6.5002256e-05
0,0.0,8.3557294e-05
0,0.0,2.9376519e-05
0,0.0,0.0003806001
1,1.0,0.9991957
0,0.0,6.341567e-05
0,0.0,6.3645035e-05
0,0.0,4.217854e-05
0,0.0,5.3538173e-05
0,0.0,6.0057737e-06
0,0.0,8.305817e-05
0,0.0,5.3310137e-05
0,0.0,3.812106e-05
1,1.0,0.9996067
0,0.0,6.095541e-05
0,0.0,5.449924e-05
0,0.0,8.260706e-05
0,0.0,0.00014638744
0,0.0,4.7614492e-05
0,0.0,5.056027e-05
0,0.0,0.0008058904
0,0.0,4.942382e-05
0,0.0,0.00021647097
1,1.0,0.9995816
0,0.0,5.401644e-05
0,0.0,4.97033e-05
0,0.0,6.499407e-05
0,0.0,4.687754e-05
0,0.0,0.00011067153
0,0.0,4.3568944e-05
0,0.0,5.412054e-05
0,0.0,6.185022e-05
0,0.0,6.005407e-06
0,0.0,5.976629e-06
1,1.0,0.99947035
0,0.0,4.9347105e-05
0,0.0,4.9287893e-05
1,1.0,0.99945945
1,1.0,0.9995445
0,0.0,7.078519e-05
0,0.0,6.176264e-05
0,0.0,0.0008164358
0,0.0,4.8346563e-05
0,0.0,6.024806e-05
0,0.0,0.00021051119
0,0.0,5.0899485e-05
0,0.0,0.00011693217
1,1.0,0.9994664
0,0.0,0.0007591112
0,0.0,5.8746966e-05
0,0.0,6.004588e-06
0,0.0,4.3855445e-05
0,0.0,6.510126e-05
0,0.0,6.16402e-05
0,0.0,5.081045e-05
0,0.0,6.279649e-05
0,0.0,4.5197183e-05
0,0.0,0.000117077325
1,1.0,0.99896264
0,0.0,4.1101874e-05
0,0.0,0.00012344518
1,1.0,0.99986196
0,0.0,4.8664344e-05
0,0.0,1.1234296e-05
0,0.0,5.089114e-05
0,0.0,0.00011529715
0,0.0,6.341282e-05
1,1.0,0.9989443
1,1.0,0.999861
0,0.0,5.4622862e-05
0,0.0,0.00010211486
1,1.0,0.99946666
0,0.0,6.965549e-05
0,0.0,4.4485885e-05
0,0.0,9.574303e-06
1,1.0,0.99987
0,0.0,6.107971e-05
0,0.0,0.00013082179
0,0.0,6.367709e-05
1,1.0,0.9994192
1,1.0,0.99992055
0,0.0,0.0001294459
0,0.0,5.6609137e-05
0,0.0,0.00014612358
0,0.0,5.008117e-05
0,0.0,5.2892217e-05
0,0.0,5.985065e-06
1,1.0,0.999469
0,0.0,5.3975553e-05
1,1.0,0.9989537
0,0.0,6.4352425e-05
0,0.0,0.00011529715
0,0.0,0.00011252054
0,0.0,6.847613e-05
0,0.0,4.7139296e-05
0,0.0,8.163711e-05
0,0.0,4.570926e-05
0,0.0,6.0042507e-06
0,0.0,5.071528e-05
0,0.0,7.179458e-05
0,0.0,5.0812534e-05
0,0.0,4.6352154e-05
0,0.0,0.00020619782
0,0.0,6.2381616e-05
0,0.0,0.00014172331
0,0.0,6.363447e-05
0,0.0,0.00014635256
0,0.0,7.163428e-05
0,0.0,6.256672e-05
0,0.0,0.00013082304
0,0.0,4.9289025e-05
0,0.0,6.91242e-05
0,0.0,0.0005833852
0,0.0,6.176188e-05
0,0.0,6.2380364e-05
0,0.0,5.247953e-05
0,0.0,4.074545e-05
0,0.0,4.7405716e-05
0,0.0,2.9404264e-05
0,0.0,0.00038811791
0,0.0,2.9401235e-05
0,0.0,0.000114242925
0,0.0,5.6439025e-05
0,0.0,5.0847382e-05
0,0.0,6.2688676e-05
0,0.0,4.0023788e-05
0,0.0,0.00028153704
0,0.0,0.00012207258
0,0.0,4.1019455e-05
0,0.0,4.9334165e-05
0,0.0,6.9601636e-05
0,0.0,4.034958e-05
0,0.0,6.1755694e-05
0,0.0,6.253176e-05
0,0.0,7.7223536e-05
0,0.0,6.1080405e-05
1,1.0,0.9996017
0,0.0,4.6133162e-05
0,0.0,5.8386457e-05
0,0.0,4.798851e-05
0,0.0,6.180024e-05
1,1.0,0.99896985
0,0.0,0.0002815467
0,0.0,6.108122e-05
0,0.0,0.00011496954
0,0.0,0.00011289573
0,0.0,0.00015932931
0,0.0,6.180223e-05
0,0.0,5.1414994e-05
0,0.0,6.3645704e-05
0,0.0,6.498825e-05
0,0.0,6.25357e-05
0,0.0,7.395795e-05
0,0.0,4.1245232e-05
0,0.0,7.4402036e-05
0,0.0,6.370224e-05
0,0.0,0.00012374089
1,1.0,0.99954015
0,0.0,7.148898e-05
0,0.0,5.2213265e-05
0,0.0,6.163914e-05
0,0.0,5.2243795e-05
0,0.0,4.3572512e-05
0,0.0,6.1079125e-05
0,0.0,0.00014626146
0,0.0,7.3503594e-05
0,0.0,0.00016577968
1,1.0,0.99985933
0,0.0,8.255241e-05
0,0.0,6.268234e-05
0,0.0,0.00012381157
1,1.0,0.9990526
0,0.0,6.356431e-05
0,0.0,6.807246e-05
0,0.0,9.556468e-06
0,0.0,0.0001224641
0,0.0,5.1783598e-05
0,0.0,6.5345135e-05
0,0.0,6.58598e-05
0,0.0,0.000113936556
0,0.0,9.54339e-06
0,0.0,6.799786e-05
0,0.0,3.812135e-05
0,0.0,0.0001224495
0,0.0,6.2568215e-05
1,1.0,0.9992009
0,0.0,0.0001238085
1,1.0,0.9994304
0,0.0,6.108e-05
0,0.0,6.175723e-05
0,0.0,4.331057e-05
0,0.0,4.5705947e-05
0,0.0,5.9083668e-05
0,0.0,0.00011508122
0,0.0,0.00028152307
1,1.0,0.9999271
0,0.0,8.163641e-05
0,0.0,5.085174e-05
0,0.0,6.533435e-05
1,1.0,0.9995882
0,0.0,4.408729e-05
0,0.0,0.0025686794
0,0.0,0.0010115774
0,0.0,6.368232e-05
0,0.0,5.6434717e-05
0,0.0,0.000986918
0,0.0,6.7823006e-05
0,0.0,3.8116515e-05
0,0.0,6.321744e-05
0,0.0,6.421168e-05
0,0.0,0.000113939815
0,0.0,4.518339e-05
0,0.0,6.872917e-05
0,0.0,6.799689e-05
0,0.0,0.0012371937
1,1.0,0.99941915
1,1.0,0.999737
0,0.0,0.00028153113
0,0.0,6.279775e-05
0,0.0,6.3410764e-05
0,0.0,4.7610727e-05
0,0.0,6.0703544e-05
0,0.0,4.3997705e-05
0,0.0,4.7602873e-05
0,0.0,6.2382685e-05
0,0.0,8.112198e-05
0,0.0,6.169906e-05
0,0.0,6.5099644e-05
0,0.0,7.6209166e-05
0,0.0,6.32236e-05
0,0.0,6.9348025e-05
0,0.0,2.93703e-05
0,0.0,6.179022e-05
0,0.0,6.175858e-05
0,0.0,5.9246442e-05
0,0.0,4.073663e-05
0,0.0,9.5557025e-06
0,0.0,4.0791914e-05
0,0.0,4.052009e-05
0,0.0,0.0004231092
0,0.0,6.175864e-05
0,0.0,6.893732e-05
0,0.0,0.00013874813
0,0.0,5.1779945e-05
0,0.0,5.3190604e-05
0,0.0,0.00015133098
0,0.0,6.175805e-05
0,0.0,6.322782e-05
0,0.0,6.267433e-05
0,0.0,4.997554e-05
0,0.0,7.222809e-05
0,0.0,0.00011402742
1,1.0,0.99946237
0,0.0,6.341288e-05
0,0.0,6.1758285e-05
0,0.0,6.283099e-05
0,0.0,4.12023e-05
0,0.0,9.557699e-06
0,0.0,6.4762375e-05
0,0.0,9.691595e-05
0,0.0,6.003094e-06
0,0.0,4.3311356e-05
0,0.0,6.283375e-05
0,0.0,5.9248025e-05
0,0.0,0.00033648254
0,0.0,4.4233762e-05
0,0.0,0.00013568396
1,1.0,0.9998635
0,0.0,5.696938e-05
0,0.0,6.025836e-06
0,0.0,8.130863e-05
0,0.0,6.499035e-05
0,0.0,6.1753926e-05
0,0.0,6.238025e-05
0,0.0,5.0247112e-05
0,0.0,0.00011306411
0,0.0,6.212433e-05
0,0.0,5.0138697e-05
0,0.0,5.859981e-05
1,1.0,0.99953777
0,0.0,6.280296e-05
0,0.0,6.175788e-05
1,1.0,0.9999056
0,0.0,6.262737e-05
0,0.0,6.163861e-05
0,0.0,6.178521e-05
0,0.0,6.269035e-05
0,0.0,0.000101274396
0,0.0,4.537926e-05
1,1.0,0.9987898
0,0.0,0.00011310876
0,0.0,5.024788e-05
0,0.0,6.462381e-05
0,0.0,4.2094838e-05
0,0.0,6.178845e-05
0,0.0,0.0002815741
0,0.0,4.446655e-05
0,0.0,6.252294e-05
0,0.0,9.557051e-06
0,0.0,7.433551e-05
1,1.0,0.9989657
0,0.0,0.00054519554
0,0.0,6.290749e-05
0,0.0,0.0005071493
0,0.0,4.6002773e-05
0,0.0,4.060387e-05
0,0.0,6.253254e-05
0,0.0,0.00013082579
0,0.0,8.593941e-05
0,0.0,5.8448462e-05
0,0.0,6.108361e-05
1,1.0,0.9994956
1,1.0,0.9989573
0,0.0,5.9385653e-05
0,0.0,0.00011713427
0,0.0,4.933167e-05
0,0.0,4.2179585e-05
0,0.0,4.0973122e-05
0,0.0,6.679565e-05
0,0.0,6.322456e-05
0,0.0,4.331863e-05
0,0.0,6.253331e-05
0,0.0,4.074273e-05
1,1.0,0.99921256
0,0.0,5.4625205e-05
0,0.0,5.3272735e-05
0,0.0,4.832145e-05
0,0.0,5.3774264e-05
0,0.0,5.080628e-05
0,0.0,5.9245143e-05
1,1.0,0.9999069
0,0.0,5.2494197e-05
0,0.0,4.4086533e-05
0,0.0,5.247087e-05
1,1.0,0.9997939
0,0.0,5.9247348e-05
0,0.0,5.037627e-05
1,1.0,0.9992011
0,0.0,5.0786613e-05
0,0.0,6.0046286e-06
0,0.0,9.555147e-06
0,0.0,8.355124e-05
0,0.0,6.256779e-05
0,0.0,6.499017e-05
0,0.0,6.2559564e-05
0,0.0,0.00011530023
1,1.0,0.99953234
0,0.0,8.355299e-05
0,0.0,6.367885e-05
0,0.0,6.54207e-05
0,0.0,6.541459e-05
0,0.0,6.341306e-05
0,0.0,6.500505e-05
0,0.0,6.169936e-05
0,0.0,6.533697e-05
0,0.0,4.122962e-05
0,0.0,6.533572e-05
0,0.0,6.7978144e-05
0,0.0,5.9245653e-05
0,0.0,6.163544e-05
0,0.0,0.00013835813
0,0.0,5.7061916e-05
1,1.0,0.99987507
0,0.0,5.644118e-05
1,1.0,0.9999206
0,0.0,5.921922e-05
0,0.0,6.178704e-05
0,0.0,5.198274e-05
0,0.0,7.012569e-05
0,0.0,5.719768e-05
0,0.0,6.364218e-05
0,0.0,0.0002408777
0,0.0,6.5455955e-05
0,0.0,5.8450023e-05
0,0.0,4.6834153e-05
0,0.0,4.1955613e-05
0,0.0,5.2640924e-05
0,0.0,8.258485e-05
0,0.0,7.1710136e-05
1,1.0,0.9989353
0,0.0,0.0012176093
0,0.0,0.0008059554
0,0.0,4.8088245e-05
0,0.0,6.364509e-05
0,0.0,5.844902e-05
1,1.0,0.999534
1,1.0,0.9992092
1,1.0,0.99953693
1,1.0,0.9994713
0,0.0,0.0013137227
0,0.0,5.0096933e-05
0,0.0,0.00016010038
0,0.0,5.9974172e-06
0,0.0,0.00020606318
0,0.0,5.3288433e-05
0,0.0,4.4480115e-05
0,0.0,4.1217158e-05
0,0.0,0.001051453
0,0.0,6.2426545e-05
0,0.0,6.107638e-05
0,0.0,6.851767e-05
0,0.0,4.399481e-05
0,0.0,6.364206e-05
0,0.0,6.164155e-05
0,0.0,5.3177264e-05
0,0.0,6.279733e-05
0,0.0,4.653769e-05
0,0.0,8.164287e-05
1,1.0,0.9989351
0,0.0,3.8117207e-05
0,0.0,4.1220068e-05
0,0.0,7.257724e-05
0,0.0,7.765822e-05
0,0.0,5.0291364e-05
0,0.0,6.283285e-05
0,0.0,8.169989e-05
1,1.0,0.9991213
0,0.0,0.00014172439
0,0.0,6.1645784e-05
0,0.0,0.0004219858
0,0.0,9.558419e-06
0,0.0,0.00020074312
0,0.0,8.162863e-05
0,0.0,9.459747e-05
0,0.0,6.1607345e-05
0,0.0,0.00041779
0,0.0,4.3106975e-05
0,0.0,0.00043327158
0,0.0,4.743294e-05
0,0.0,6.3227155e-05
1,1.0,0.9996065
0,0.0,0.000114843984
0,0.0,4.122164e-05
0,0.0,5.2227555e-05
0,0.0,5.5756474e-05
0,0.0,0.00011507902
0,0.0,6.886629e-05
0,0.0,0.00011484442
0,0.0,5.8601265e-05
0,0.0,6.916245e-05
0,0.0,8.259162e-05
0,0.0,5.193106e-05
0,0.0,0.00011103969
0,0.0,6.2834464e-05
0,0.0,6.322498e-05
0,0.0,6.4348744e-05
0,0.0,5.004259e-05
0,0.0,6.322215e-05
0,0.0,7.0758455e-05
0,0.0,5.2807096e-05
0,0.0,5.05219e-05
0,0.0,5.9086655e-05
0,0.0,0.00012815438
0,0.0,4.329459e-05
0,0.0,5.1666448e-05
0,0.0,9.539168e-06
0,0.0,4.439469e-05
0,0.0,6.0067705e-06
0,0.0,6.82936e-05
0,0.0,8.35561e-05
0,0.0,4.052859e-05
0,0.0,6.185011e-05
0,0.0,6.283561e-05
0,0.0,0.00076152646
0,0.0,5.859791e-05
0,0.0,6.3649706e-05
0,0.0,0.0012916478
0,0.0,6.107784e-05
0,0.0,0.000113938186
0,0.0,5.4917175e-05
0,0.0,5.3908378e-05
0,0.0,8.2607934e-05
0,0.0,2.9438383e-05
0,0.0,8.408853e-05
0,0.0,3.8117207e-05
0,0.0,4.399028e-05
0,0.0,0.0004202666
0,0.0,6.28038e-05
0,0.0,5.3780725e-05
0,0.0,0.00012207351
0,0.0,2.5888507e-05
0,0.0,0.00012375611
0,0.0,9.557635e-06
0,0.0,5.8306836e-05
0,0.0,7.2101946e-05
0,0.0,5.0050417e-05
0,0.0,5.844891e-05
0,0.0,7.261338e-05
0,0.0,5.3156524e-05
0,0.0,0.00020697409
0,0.0,2.8166709e-05
0,0.0,4.7851787e-05
0,0.0,0.0012234262
1,1.0,0.99990046
0,0.0,8.3084706e-05
0,0.0,5.8596455e-05
0,0.0,5.9817667e-06
0,0.0,0.00012196578
1,1.0,0.9999326
0,0.0,6.1634906e-05
0,0.0,6.178881e-05
1,1.0,0.9994252
0,0.0,6.322384e-05
1,1.0,0.9997903
0,0.0,7.5803706e-05
0,0.0,0.000113938186
0,0.0,7.732914e-05
1,1.0,0.999537
0,0.0,6.3685475e-05
0,0.0,7.44097e-05
0,0.0,8.4077794e-05
0,0.0,4.0937193e-05
0,0.0,0.00014173303
0,0.0,6.2530926e-05
0,0.0,5.9756894e-05
0,0.0,5.0502535e-05
0,0.0,5.023792e-05
0,0.0,3.8124443e-05
0,0.0,6.252449e-05
0,0.0,0.00011394351
0,0.0,4.8354264e-05
0,0.0,6.0805334e-05
0,0.0,4.446112e-05
0,0.0,4.7382084e-05
0,0.0,7.098825e-05
0,0.0,6.2530926e-05
0,0.0,4.1671265e-05
0,0.0,6.909441e-05
0,0.0,4.7302532e-05
0,0.0,6.400584e-05
0,0.0,4.999013e-05
0,0.0,5.3921383e-05
0,0.0,0.000114842784
0,0.0,7.332717e-05
0,0.0,5.9931517e-05
0,0.0,4.745004e-05
0,0.0,4.446803e-05
0,0.0,6.016115e-06
0,0.0,6.3638785e-05
1,1.0,0.999461
0,0.0,4.1907628e-05
0,0.0,0.00011424652
0,0.0,6.322492e-05
0,0.0,2.9386323e-05
0,0.0,5.6729812e-05
0,0.0,5.0853003e-05
0,0.0,5.39019e-05
0,0.0,5.1939776e-05
0,0.0,4.7815065e-05
0,0.0,6.1852465e-05
0,0.0,0.00020940154
0,0.0,4.7232847e-05
0,0.0,5.9491133e-05
0,0.0,5.8447513e-05
0,0.0,0.00012095456
0,0.0,5.287023e-05
0,0.0,9.082293e-05
0,0.0,5.7353514e-05
0,0.0,4.867061e-05
0,0.0,5.830656e-05
0,0.0,6.637327e-05
0,0.0,5.8305835e-05
0,0.0,4.991324e-05
0,0.0,6.175652e-05
0,0.0,2.8147886e-05
0,0.0,2.9465122e-05
1,1.0,0.9999226
0,0.0,9.6095726e-05
0,0.0,6.003277e-06
0,0.0,6.364977e-05
1,1.0,0.9997939
0,0.0,8.021589e-05
0,0.0,5.99958e-06
0,0.0,6.3228115e-05
0,0.0,0.00012311873
0,0.0,0.0004470407
0,0.0,6.364765e-05
0,0.0,4.7549238e-05
0,0.0,8.354057e-05
1,1.0,0.99947196
0,0.0,0.00013082242
0,0.0,6.435317e-05
0,0.0,6.368432e-05
0,0.0,1.6397209e-05
0,0.0,0.00012282266
0,0.0,2.5702726e-05
0,0.0,6.571063e-05
0,0.0,6.283303e-05
0,0.0,5.3315376e-05
0,0.0,6.0076986e-06
0,0.0,5.6334917e-05
0,0.0,2.9459054e-05
0,0.0,6.885959e-05
0,0.0,8.306379e-05
1,1.0,0.99942875
0,0.0,5.377303e-05
0,0.0,7.531626e-05
0,0.0,6.280242e-05
0,0.0,6.1790575e-05
0,0.0,6.3231135e-05
0,0.0,5.2857988e-05
0,0.0,6.434249e-05
0,0.0,6.253152e-05
1,1.0,0.99989945
0,0.0,4.7607868e-05
1,1.0,0.9989353
0,0.0,6.364825e-05
0,0.0,0.00040891243
0,0.0,5.0375358e-05
0,0.0,6.661601e-05
0,0.0,4.060577e-05
0,0.0,0.00041229077
1,1.0,0.9994278
0,0.0,4.761068e-05
0,0.0,5.008499e-05
0,0.0,6.422331e-05
0,0.0,5.440961e-05
1,1.0,0.9994276
0,0.0,2.9398152e-05
0,0.0,0.00012134988
0,0.0,7.221728e-05
1,1.0,0.99920833
0,0.0,3.045259e-05
0,0.0,5.844891e-05
0,0.0,6.399077e-05
0,0.0,7.972241e-05
0,0.0,6.1699415e-05
0,0.0,5.4429067e-05
1,1.0,0.9989291
0,0.0,0.00012280252
0,0.0,5.1669453e-05
0,0.0,6.591686e-05
0,0.0,5.9112128e-05
0,0.0,4.7991758e-05
0,0.0,0.00011289993
0,0.0,4.3314165e-05
0,0.0,6.328825e-05
0,0.0,6.107982e-05
0,0.0,6.283111e-05
0,0.0,7.278974e-05
0,0.0,6.3408894e-05
0,0.0,0.00012944097
0,0.0,0.00013082803
0,0.0,0.000112864735
1,1.0,0.99942195
0,0.0,0.0008059792
0,0.0,0.00028156227
0,0.0,4.7994505e-05
0,0.0,7.855707e-05
0,0.0,8.265435e-05
0,0.0,4.3317636e-05
0,0.0,6.341258e-05
1,1.0,0.9989443
0,0.0,0.00010054291
0,0.0,4.998021e-05
0,0.0,6.283051e-05
1,1.0,0.9997862
0,0.0,7.15819e-05
0,0.0,4.7070116e-05
0,0.0,6.3491e-05
0,0.0,4.7589027e-05
0,0.0,7.0294e-05
0,0.0,6.7681445e-05
0,0.0,5.0090242e-05
0,0.0,3.8110593e-05
0,0.0,6.469342e-05
0,0.0,5.4484633e-05
0,0.0,3.8116916e-05
0,0.0,6.184969e-05
0,0.0,5.0425155e-05
0,0.0,4.8345457e-05
0,0.0,5.008566e-05
0,0.0,5.38384e-05
0,0.0,0.0011315853
0,0.0,3.8119062e-05
0,0.0,8.0238686e-05
0,0.0,5.0156297e-05
1,1.0,0.9997864
1,1.0,0.9997279
0,0.0,0.00028027667
0,0.0,5.0031613e-05
0,0.0,0.0002126589
0,0.0,0.00014626411
0,0.0,6.2534506e-05
0,0.0,6.288428e-05
0,0.0,6.364698e-05
0,0.0,6.359735e-05
0,0.0,6.151776e-05
0,0.0,6.268323e-05
0,0.0,9.558018e-06
0,0.0,5.0514675e-05
0,0.0,6.108215e-05
1,1.0,0.9998225
0,0.0,0.00014173088
1,1.0,0.999503
0,0.0,6.341282e-05
0,0.0,0.0001153065
0,0.0,5.0194867e-05
0,0.0,7.8513025e-05
1,1.0,0.9998685
0,0.0,7.784119e-05
0,0.0,4.653414e-05
0,0.0,4.2181033e-05
0,0.0,9.081245e-05
0,0.0,5.371829e-05
1,1.0,0.99920917
0,0.0,6.28377e-05
0,0.0,0.00076330145
0,0.0,0.00012379079
0,0.0,6.283375e-05
0,0.0,6.368365e-05
0,0.0,4.0527004e-05
0,0.0,5.0146828e-05
0,0.0,0.00020630028
0,0.0,6.2686406e-05
0,0.0,6.8409296e-05
0,0.0,0.00012377345
0,0.0,9.533265e-06
0,0.0,6.283572e-05
0,0.0,7.930274e-05
0,0.0,6.279853e-05
0,0.0,0.0002815204
0,0.0,6.230165e-05
0,0.0,4.423283e-05
0,0.0,5.049454e-05
0,0.0,5.0557373e-05
0,0.0,7.4796786e-05
0,0.0,5.924656e-05
0,0.0,0.00012940001
0,0.0,7.819317e-05
0,0.0,5.3643504e-05
0,0.0,6.4004074e-05
0,0.0,6.178674e-05
0,0.0,5.5556648e-05
1,1.0,0.9995331
0,0.0,6.812545e-05
0,0.0,8.163182e-05
0,0.0,6.341343e-05
0,0.0,4.5359877e-05
0,0.0,5.17754e-05
0,0.0,6.534732e-05
0,0.0,0.00011423911
0,0.0,6.1758525e-05
0,0.0,8.1641e-05
0,0.0,7.4158226e-05
0,0.0,8.262251e-05
0,0.0,0.00015983313
1,1.0,0.9999017
0,0.0,0.0008058685
0,0.0,0.00012382302
0,0.0,6.1758525e-05
0,0.0,6.341052e-05
0,0.0,5.0100654e-05
0,0.0,6.341385e-05
0,0.0,6.175652e-05
0,0.0,0.00012196868
0,0.0,6.769248e-05
0,0.0,6.160523e-05
1,1.0,0.999543
0,0.0,0.00011702843
0,0.0,7.344503e-05
0,0.0,0.0007450649
0,0.0,6.242035e-05
0,0.0,0.00028090374
1,1.0,0.9986983
0,0.0,2.9355235e-05
0,0.0,7.3338924e-05
0,0.0,6.3684565e-05
1,1.0,0.99991864
0,0.0,0.00012372211
0,0.0,2.5466401e-05
0,0.0,5.453506e-05
0,0.0,0.00027799752
0,0.0,6.533323e-05
0,0.0,0.00027942553
0,0.0,5.077838e-05
0,0.0,0.00012282524
1,1.0,0.9990901
0,0.0,0.008866349
0,0.0,0.00020917445
0,0.0,3.811241e-05
0,0.0,4.3313008e-05
0,0.0,7.450698e-05
0,0.0,4.8096135e-05
0,0.0,6.498732e-05
0,0.0,5.0613085e-05
0,0.0,4.3458724e-05
0,0.0,4.7992584e-05
0,0.0,6.3676365e-05
0,0.0,4.884679e-05
0,0.0,4.4660883e-05
0,0.0,5.06479e-05
0,0.0,6.368207e-05
0,0.0,9.08056e-05
0,0.0,0.00011237985
0,0.0,5.3773852e-05
0,0.0,0.0007534825
0,0.0,5.442891e-05
1,1.0,0.9996585
0,0.0,6.252484e-05
0,0.0,7.39174e-05
0,0.0,8.4157844e-05
0,0.0,5.0425057e-05
0,0.0,4.9453378e-05
1,1.0,0.99963397
1,1.0,0.9997518
0,0.0,0.00023496238
0,0.0,8.355538e-05
0,0.0,0.000115617535
0,0.0,6.1759994e-05
0,0.0,6.0805974e-05
0,0.0,4.1237323e-05
0,0.0,9.081816e-05
1,1.0,0.99881625
0,0.0,4.4231565e-05
0,0.0,6.533996e-05
0,0.0,8.259241e-05
0,0.0,0.00088251755
0,0.0,0.00015980417
0,0.0,6.509344e-05
1,1.0,0.9999978
0,0.0,6.364449e-05
0,0.0,7.0185226e-05
0,0.0,6.322709e-05
0,0.0,0.00014171615
0,0.0,5.192244e-05
0,0.0,8.354511e-05
0,0.0,0.00020609207
0,0.0,7.1082075e-05
0,0.0,5.4481363e-05
0,0.0,7.040858e-05
0,0.0,6.322335e-05
1,1.0,0.9989657
0,0.0,6.322492e-05
0,0.0,6.256827e-05
1,1.0,0.99988735
1,1.0,0.9990579
0,0.0,5.4210985e-05
0,0.0,6.321913e-05
0,0.0,6.0252264e-06
0,0.0,6.1757935e-05
0,0.0,3.8117498e-05
1,1.0,0.99895734
1,1.0,0.99975187
0,0.0,5.4013555e-05
0,0.0,5.248759e-05
0,0.0,7.005744e-05
1,1.0,0.99911565
0,0.0,5.5944005e-05
0,0.0,6.1841434e-05
0,0.0,0.00012207177
0,0.0,5.979725e-06
0,0.0,8.25932e-05
1,1.0,0.99968547
1,1.0,0.9990989
0,0.0,0.00012376768
0,0.0,2.942306e-05
0,0.0,0.0004465826
0,0.0,0.00076011673
0,0.0,4.7581267e-05
0,0.0,5.014434e-05
0,0.0,0.000105757514
1,1.0,0.9989398
0,0.0,6.175558e-05
0,0.0,5.446728e-05
0,0.0,3.8118298e-05
0,0.0,9.497638e-05
0,0.0,4.2853513e-05
0,0.0,7.1265255e-05
0,0.0,4.3316355e-05
0,0.0,9.5579535e-06
0,0.0,6.1851286e-05
0,0.0,6.024898e-05
0,0.0,4.9024075e-05
0,0.0,9.557525e-06
0,0.0,4.446587e-05
0,0.0,4.464764e-05
0,0.0,9.556815e-06
0,0.0,0.00015955599
0,0.0,6.436078e-05
0,0.0,0.000803459
0,0.0,6.163832e-05
0,0.0,7.2073075e-05
0,0.0,8.262574e-05
0,0.0,4.738375e-05
1,1.0,0.9996552
0,0.0,6.752093e-05
0,0.0,5.428828e-05
0,0.0,5.3795397e-05
0,0.0,5.0847477e-05
1,1.0,0.999758
0,0.0,5.4472996e-05
1,1.0,0.99953693
1,1.0,0.99920106
0,0.0,6.5346445e-05
0,0.0,5.9452566e-05
0,0.0,0.00012375906
0,0.0,4.3142998e-05
0,0.0,4.7137048e-05
0,0.0,5.244211e-05
0,0.0,5.9409274e-05
0,0.0,6.163485e-05
0,0.0,8.254376e-05
0,0.0,6.341282e-05
0,0.0,2.9384584e-05
0,0.0,6.499494e-05
0,0.0,6.322673e-05
0,0.0,0.00020615298
0,0.0,6.3411375e-05
0,0.0,5.396351e-05
0,0.0,4.881703e-05
0,0.0,6.2687e-05
0,0.0,4.0604413e-05
0,0.0,6.960907e-05
0,0.0,6.367898e-05
0,0.0,6.446188e-05
0,0.0,5.0160794e-05
0,0.0,6.178881e-05
0,0.0,9.556888e-06
0,0.0,6.27953e-05
0,0.0,9.6128366e-05
0,0.0,0.00091444026
0,0.0,5.8306003e-05
0,0.0,6.108192e-05
1,1.0,0.9989654
0,0.0,5.994901e-06
0,0.0,0.00014640126
0,0.0,6.178539e-05
0,0.0,6.0231755e-06
0,0.0,5.2248182e-05
1,1.0,0.99993515
0,0.0,6.341173e-05
0,0.0,6.283453e-05
0,0.0,6.163544e-05
0,0.0,5.1688177e-05
1,1.0,0.99990654
0,0.0,5.6736357e-05
0,0.0,0.00011401959
0,0.0,6.163914e-05
0,0.0,6.8464244e-05
0,0.0,6.368116e-05
1,1.0,0.9989698
0,0.0,7.2789466e-05
0,0.0,2.6646921e-05
0,0.0,6.169841e-05
0,0.0,7.7457626e-05
0,0.0,6.179157e-05
0,0.0,0.00011424238
0,0.0,6.024474e-06
0,0.0,7.37177e-05
1,1.0,0.9994278
0,0.0,0.00011104086
0,0.0,6.238846e-05
0,0.0,5.587943e-05
0,0.0,6.422675e-05
0,0.0,6.2795116e-05
0,0.0,0.0001463954
0,0.0,5.9247348e-05
0,0.0,6.812689e-05
0,0.0,8.35463e-05
0,0.0,6.866694e-05
0,0.0,7.150999e-05
0,0.0,4.704247e-05
0,0.0,0.0001232041
0,0.0,6.918369e-05
0,0.0,6.163767e-05
0,0.0,6.175522e-05
0,0.0,0.00023561496
0,0.0,7.761127e-05
0,0.0,4.4651897e-05
0,0.0,4.928766e-05
0,0.0,6.2688734e-05
0,0.0,5.8308447e-05
0,0.0,5.4618227e-05
1,1.0,0.9996749
0,0.0,6.1758525e-05
0,0.0,4.331549e-05
0,0.0,4.4479268e-05
0,0.0,7.335669e-05
1,1.0,0.99989706
0,0.0,7.4434254e-05
0,0.0,6.368177e-05
0,0.0,5.6969653e-05
0,0.0,5.0306422e-05
0,0.0,0.0006100743
0,0.0,6.591045e-05
0,0.0,0.0013116618
1,1.0,0.9989645
0,0.0,5.317011e-05
0,0.0,6.2567975e-05
1,1.0,0.99979323
0,0.0,8.266065e-05
0,0.0,6.368225e-05
0,0.0,5.223428e-05
0,0.0,3.286302e-05
1,1.0,0.9989646
0,0.0,6.368335e-05
0,0.0,7.192642e-05
1,1.0,0.9999135
0,0.0,0.00012281786
0,0.0,6.535099e-05
0,0.0,5.3839787e-05
0,0.0,6.2689694e-05
0,0.0,5.844668e-05
0,0.0,6.175864e-05
0,0.0,5.022939e-05
0,0.0,7.872521e-05
0,0.0,6.4991225e-05
0,0.0,6.3684805e-05
0,0.0,6.881712e-05
1,1.0,0.999371
1,1.0,0.99896556
0,0.0,0.00027311582
0,0.0,0.00012944727
0,0.0,7.464992e-05
0,0.0,6.283716e-05
0,0.0,1.3013034e-05
0,0.0,9.556806e-06
0,0.0,4.883971e-05
0,0.0,0.0001294469
0,0.0,0.0001224724
0,0.0,3.811615e-05
0,0.0,3.8111826e-05
0,0.0,0.000112526766
0,0.0,7.7885896e-05
0,0.0,0.00012207421
0,0.0,0.0015706426
0,0.0,0.00027438742
0,0.0,4.985088e-05
0,0.0,6.368195e-05
0,0.0,5.0486018e-05
0,0.0,5.192492e-05
0,0.0,6.256637e-05
1,1.0,0.9990831
0,0.0,5.9245936e-05
0,0.0,5.007157e-05
0,0.0,4.4086406e-05
0,0.0,5.016773e-05
0,0.0,5.673019e-05
0,0.0,9.589644e-05
0,0.0,6.644624e-05
0,0.0,6.3412095e-05
1,1.0,0.9999271
0,0.0,2.7071133e-05
0,0.0,0.00012944134
0,0.0,5.8447793e-05
0,0.0,6.365335e-05
0,0.0,6.25354e-05
0,0.0,6.648242e-05
1,1.0,0.9991787
0,0.0,8.3484825e-05
1,1.0,0.99936616
0,0.0,5.8307727e-05
1,1.0,0.9999244
0,0.0,6.8310925e-05
0,0.0,8.306418e-05
0,0.0,0.0001125127
0,0.0,6.364776e-05
0,0.0,0.00015963087
0,0.0,8.163992e-05
0,0.0,6.1849634e-05
0,0.0,6.43239e-05
1,1.0,0.9994779
0,0.0,4.094894e-05
0,0.0,0.0002814238
0,0.0,6.400627e-05
0,0.0,0.0001231165
0,0.0,2.9456638e-05
0,0.0,7.413433e-05
1,1.0,0.9997132
0,0.0,6.2687956e-05
0,0.0,5.9248872e-05
0,0.0,6.185117e-05
0,0.0,4.928385e-05
0,0.0,6.1699175e-05
0,0.0,5.211025e-05
0,0.0,0.00012395829
0,0.0,0.00016578758
0,0.0,0.0001232028
0,0.0,5.287341e-05
0,0.0,0.000995634
0,0.0,5.0146635e-05
0,0.0,8.4074425e-05
