true_labels,predicted_labels,scores
1,1.0,0.99945486
1,1.0,0.99899817
1,1.0,0.99969923
1,1.0,0.9989213
1,1.0,0.9989198
1,1.0,0.9990823
1,1.0,0.99904364
1,1.0,0.9985077
0,0.0,0.00090061524
0,0.0,0.0007707136
1,1.0,0.9996215
1,1.0,0.9985791
1,1.0,0.99957734
0,0.0,0.0008453939
0,0.0,0.0007637609
0,0.0,0.0005572418
1,1.0,0.9989378
0,0.0,0.00078478974
1,1.0,0.9994471
0,0.0,0.0005402237
1,1.0,0.99942183
0,0.0,0.00034070257
1,1.0,0.99909073
1,1.0,0.99899155
0,0.0,0.0004797703
1,1.0,0.9989634
1,1.0,0.99867165
0,0.0,0.0013589226
1,1.0,0.998953
0,0.0,0.00089347456
1,1.0,0.99937
1,1.0,0.9987541
1,1.0,0.999628
1,1.0,0.9993685
1,1.0,0.998867
1,1.0,0.9984745
1,1.0,0.9999278
1,1.0,0.9994501
1,1.0,0.9990072
1,1.0,0.9994543
1,1.0,0.9987848
0,0.0,0.00055976503
1,1.0,0.9997339
0,0.0,0.001022548
1,1.0,0.99899185
0,0.0,0.00075824116
0,0.0,0.0007862996
0,0.0,0.000999136
1,1.0,0.9989382
1,1.0,0.99738735
1,1.0,0.9988787
1,1.0,0.9990068
0,0.0,0.0010989817
1,1.0,0.9989959
1,1.0,0.99936575
1,1.0,0.9989213
1,1.0,0.997177
1,1.0,0.9989375
1,1.0,0.9989214
0,0.0,0.0007847927
0,0.0,0.0008335923
1,1.0,0.9989345
1,1.0,0.99872684
0,0.0,0.0007791846
1,1.0,0.99899864
1,1.0,0.99788505
0,0.0,0.00083356415
0,0.0,0.001356305
1,1.0,0.9988668
0,0.0,0.0059386287
0,0.0,0.0011905294
1,1.0,0.9995976
1,1.0,0.9977631
0,0.0,0.0010903135
1,1.0,0.9989563
1,1.0,0.9994628
0,0.0,0.0013301896
0,0.0,0.001565592
1,1.0,0.9990141
0,0.0,0.0021816313
0,0.0,0.0011651187
0,0.0,0.00084938883
1,1.0,0.9994007
1,1.0,0.9995453
1,1.0,1.0
1,1.0,0.9992578
1,1.0,0.99936897
1,1.0,0.99935704
1,1.0,0.9993989
1,1.0,0.9994716
0,0.0,0.0003481949
0,0.0,0.0007606764
0,0.0,0.0016556617
0,0.0,0.00082691887
1,1.0,0.99763864
1,1.0,0.99879843
0,0.0,0.0014039871
0,0.0,0.0003705376
1,1.0,0.99999374
1,1.0,0.99838156
0,0.0,0.000636577
1,1.0,0.99899423
1,1.0,0.9983875
1,1.0,0.99936956
1,1.0,0.99847263
1,1.0,0.9994542
0,0.0,0.00012068577
0,0.0,0.00036610186
1,1.0,0.9994666
1,1.0,0.9993712
1,1.0,0.9989409
0,0.0,0.0022688338
0,0.0,0.0008186517
0,0.0,0.0023797827
0,0.0,0.0007752673
0,0.0,0.0008287397
0,0.0,0.0016066495
1,1.0,0.9991153
0,0.0,0.000850806
0,0.0,0.00042674204
1,1.0,0.9996316
0,0.0,0.0006269228
1,1.0,0.999028
0,0.0,0.0007597506
1,1.0,0.99900454
0,0.0,0.00082525436
0,0.0,0.0004812493
1,1.0,0.9981973
0,0.0,0.0007745222
0,0.0,0.0014108671
1,1.0,0.99899197
1,1.0,0.99938136
1,1.0,0.999396
1,1.0,0.9971575
1,1.0,0.9993954
0,0.0,0.0022791773
1,1.0,0.9997486
1,1.0,0.9990044
0,0.0,0.00083354913
1,1.0,0.99899375
1,1.0,0.9984234
1,1.0,0.99900824
1,1.0,0.99893737
1,1.0,0.99928504
0,0.0,0.0008335229
1,1.0,0.9989919
1,1.0,0.9988669
1,1.0,0.9997376
1,1.0,0.9989045
0,0.0,0.0007252328
0,0.0,0.001627298
0,0.0,0.0012076516
0,0.0,0.0010471252
0,0.0,0.0008335935
1,1.0,0.999362
0,0.0,0.00081335806
1,1.0,0.9995305
1,1.0,0.9995361
1,1.0,0.99777174
1,1.0,0.9996277
0,0.0,0.00066673884
0,0.0,0.001644173
0,0.0,0.0007900237
0,0.0,0.0004265362
1,1.0,0.9994646
0,0.0,0.0008285475
1,1.0,0.9990001
0,0.0,0.00081864896
0,0.0,0.00081864896
0,0.0,0.00071483833
0,0.0,0.00075968617
1,1.0,0.9989215
1,1.0,0.9989749
0,0.0,0.0005233549
0,0.0,0.00037133007
0,0.0,0.0014987042
1,1.0,0.99899423
1,1.0,0.9993626
1,1.0,0.9990711
0,0.0,0.0009586425
1,1.0,0.99961907
1,1.0,0.99947995
1,1.0,0.99867034
0,0.0,0.00058586954
1,1.0,0.9984321
1,1.0,0.9993757
1,1.0,0.99936944
0,0.0,0.0007914594
0,0.0,0.0007607033
0,0.0,0.0016333244
0,0.0,0.0014287514
1,1.0,0.99897635
0,0.0,0.0007310738
1,1.0,0.998528
0,0.0,0.0010087673
0,0.0,0.0013962594
0,0.0,0.005893046
1,1.0,0.9993939
0,0.0,0.0023077102
0,0.0,0.0019501231
1,1.0,0.99759597
0,0.0,0.0009687265
1,1.0,0.99665505
0,0.0,0.00037117556
1,1.0,0.999164
0,0.0,0.00094501337
1,1.0,0.9989234
1,1.0,0.9989443
0,0.0,0.0010984071
1,1.0,0.9988454
1,1.0,0.9999129
0,0.0,0.0014209497
0,0.0,0.0021920248
1,1.0,0.9985969
0,0.0,0.0008514795
1,1.0,0.99891603
1,1.0,0.9998758
1,1.0,0.9991699
0,0.0,0.0014319469
0,0.0,0.0001191985
0,0.0,0.0008791901
1,1.0,0.99893796
1,1.0,0.99886686
1,1.0,0.9999055
1,1.0,0.99952406
0,0.0,0.0005007166
0,0.0,0.00018766712
0,0.0,0.00079743663
1,1.0,0.99716806
0,0.0,0.00048130116
0,0.0,0.00280053
1,1.0,0.9986924
0,0.0,0.0008252481
1,1.0,0.998975
1,1.0,0.9998645
1,1.0,0.9984436
1,1.0,0.9999498
0,0.0,0.002183403
1,1.0,0.99910307
1,1.0,0.99745136
0,0.0,0.0007681195
1,1.0,0.99950165
1,1.0,0.9990651
0,0.0,0.0008137363
1,1.0,0.9995479
0,0.0,0.00050065975
1,1.0,0.9987224
1,1.0,0.99952817
1,1.0,0.9994148
0,0.0,0.00081236544
0,0.0,0.0008784164
0,0.0,0.0022659802
0,0.0,0.0011981118
1,1.0,0.9995692
1,1.0,0.99936396
1,1.0,0.99902624
0,0.0,0.0005723946
1,1.0,0.9993767
0,0.0,0.00036041994
0,0.0,0.00070428825
0,0.0,0.0006342032
0,0.0,0.0008992442
1,1.0,0.99898046
1,1.0,0.9989739
0,0.0,0.0043822844
0,0.0,0.0010385553
0,0.0,0.00088017166
0,0.0,0.0013247948
0,0.0,0.0007585143
0,0.0,0.00034886604
1,1.0,0.99944293
0,0.0,0.00084802695
1,1.0,0.99714875
0,0.0,0.0008990138
1,1.0,0.9991191
1,1.0,0.99917793
1,1.0,0.9989443
1,1.0,0.9990438
0,0.0,0.00034952906
0,0.0,0.0026957789
0,0.0,0.000348846
0,0.0,0.0018827136
1,1.0,0.99932104
1,1.0,0.9984401
1,1.0,0.99601287
0,0.0,0.0005027091
0,0.0,0.0013126883
0,0.0,0.00081009854
1,1.0,0.99905187
1,1.0,0.998956
1,1.0,0.99943113
1,1.0,0.99739856
0,0.0,0.0007707062
1,1.0,0.9989419
1,1.0,0.99891263
1,1.0,0.99875516
1,1.0,0.99972445
0,0.0,0.0021926765
0,0.0,0.0010823084
0,0.0,0.00046575395
0,0.0,0.0007761613
1,1.0,0.99888545
1,1.0,0.99894196
0,0.0,0.00079743896
1,1.0,0.998921
0,0.0,0.0011684996
0,0.0,0.0011983373
0,0.0,0.000119881515
1,1.0,0.998981
0,0.0,0.0037724322
0,0.0,0.0007475901
0,0.0,0.0011686377
1,1.0,0.998355
1,1.0,0.9996428
1,1.0,0.9989896
1,1.0,0.998676
1,1.0,0.9995534
0,0.0,0.00077518524
1,1.0,0.99897957
0,0.0,0.00072636403
1,1.0,0.9990052
1,1.0,0.99894613
1,1.0,0.9995275
1,1.0,0.9975125
0,0.0,0.0016552252
1,1.0,0.99963176
0,0.0,0.002264294
0,0.0,0.00078482745
0,0.0,0.00043120788
0,0.0,0.0014896245
1,1.0,0.9994064
0,0.0,0.0012751982
1,1.0,0.99894416
0,0.0,0.0008992185
0,0.0,0.001181932
1,1.0,0.9989942
1,1.0,0.9989985
1,1.0,0.9989641
1,1.0,0.999116
0,0.0,0.00064737734
0,0.0,0.00052139594
1,1.0,0.9986758
1,1.0,0.99886936
0,0.0,0.00048115462
1,1.0,0.9988908
1,1.0,0.9985032
0,0.0,0.0005642483
0,0.0,0.0022655753
0,0.0,0.0006966242
1,1.0,0.9991676
1,1.0,0.9990704
1,1.0,0.9990047
0,0.0,0.00081324135
1,1.0,0.99933296
0,0.0,0.0009172732
1,1.0,0.99943584
1,1.0,0.9966869
0,0.0,0.0024752251
1,1.0,0.9990051
1,1.0,0.99937356
1,1.0,0.9990047
0,0.0,0.0009889931
1,1.0,0.9987281
0,0.0,0.00092724146
0,0.0,0.00081329176
1,1.0,0.99887395
0,0.0,0.0006959733
0,0.0,0.00075257145
0,0.0,0.0007974006
1,1.0,0.9998219
0,0.0,0.0024434146
0,0.0,0.001324526
1,1.0,0.99964905
0,0.0,0.000504427
1,1.0,0.9994003
1,1.0,0.9993964
1,1.0,0.9988674
1,1.0,0.99898803
1,1.0,0.99878603
1,1.0,0.99536806
0,0.0,0.00035592148
1,1.0,0.9989793
0,0.0,0.0009881797
0,0.0,0.0011776267
1,1.0,0.99881315
0,0.0,0.00078482257
0,0.0,0.0006963176
1,1.0,0.9995202
0,0.0,0.0006032661
1,1.0,0.9995351
1,1.0,0.99911594
1,1.0,0.9988252
1,1.0,0.9988354
1,1.0,0.999488
1,1.0,0.9992658
1,1.0,0.9973491
0,0.0,0.0023817283
1,1.0,0.9994183
1,1.0,0.99928963
0,0.0,0.0008287307
1,1.0,0.99952686
0,0.0,0.0008085133
0,0.0,0.00081171154
0,0.0,0.000119428885
1,1.0,0.99899185
1,1.0,0.9994463
1,1.0,0.9989873
1,1.0,0.9982485
1,1.0,0.9989203
1,1.0,0.9988206
1,1.0,0.9972061
0,0.0,0.001395705
1,1.0,0.9996926
1,1.0,0.9992549
1,1.0,0.99934816
0,0.0,0.00044822434
0,0.0,0.0009687473
1,1.0,0.9989716
0,0.0,0.0004813007
0,0.0,0.0005237407
1,1.0,0.9992577
0,0.0,0.0029827866
1,1.0,0.99886686
1,1.0,0.99937266
1,1.0,0.99936324
0,0.0,0.0007337981
0,0.0,0.002542266
1,1.0,0.99899185
0,0.0,0.0008300457
0,0.0,0.0015418614
0,0.0,0.0011993495
1,1.0,0.999394
1,1.0,0.998992
1,1.0,0.99897623
1,1.0,0.9990385
1,1.0,0.9994005
1,1.0,0.9989919
0,0.0,0.0007595599
1,1.0,0.999547
1,1.0,0.9989378
0,0.0,0.002183351
1,1.0,0.9986723
1,1.0,0.9987959
0,0.0,0.00050420035
1,1.0,0.9994688
1,1.0,0.9989985
1,1.0,0.99896985
0,0.0,0.0003601342
0,0.0,0.0010138752
1,1.0,0.99892116
1,1.0,0.9989918
1,1.0,0.9998823
1,1.0,0.9998331
1,1.0,0.99878585
1,1.0,0.99934393
0,0.0,0.0007848196
0,0.0,0.0008122887
1,1.0,0.9991345
1,1.0,0.99898946
0,0.0,0.0007626551
0,0.0,0.0025403562
0,0.0,0.0008398968
0,0.0,0.0007129198
1,1.0,0.9988671
0,0.0,0.0007251937
1,1.0,0.99746174
0,0.0,0.0006321053
1,1.0,0.9989919
0,0.0,0.00084531587
1,1.0,0.9995013
1,1.0,0.99899215
1,1.0,0.9989566
1,1.0,0.9990478
1,1.0,0.9989322
0,0.0,0.001020509
1,1.0,0.99899155
1,1.0,0.9993052
1,1.0,0.9990069
1,1.0,0.99815214
0,0.0,0.00094030576
1,1.0,0.99896485
0,0.0,0.0008123438
0,0.0,0.00034687208
1,1.0,0.99989897
1,1.0,0.99820995
0,0.0,0.0005329392
0,0.0,0.002182599
1,1.0,0.99977386
1,1.0,0.99889636
0,0.0,0.00076173554
1,1.0,0.99898964
1,1.0,0.999507
0,0.0,0.00084149203
0,0.0,0.0013930524
0,0.0,0.00097075733
0,0.0,0.002351533
1,1.0,0.9988788
1,1.0,0.99982506
0,0.0,0.001999518
1,1.0,0.9989225
0,0.0,0.0028758738
1,1.0,0.9992319
0,0.0,0.0009675062
1,1.0,0.9994924
0,0.0,0.00081372116
0,0.0,0.0003710335
0,0.0,0.0008186228
0,0.0,0.00076383195
0,0.0,0.00035750656
1,1.0,0.9993317
0,0.0,0.0018859915
0,0.0,0.00522547
0,0.0,0.0013346552
0,0.0,0.00048124266
1,1.0,0.99873346
0,0.0,0.00034783952
1,1.0,0.99942213
1,1.0,0.99894553
0,0.0,0.001169509
0,0.0,0.00048128236
1,1.0,0.9990073
1,1.0,0.99781024
1,1.0,0.99948615
1,1.0,0.9999816
0,0.0,0.00069594005
1,1.0,0.9993234
1,1.0,0.9994649
0,0.0,0.00035075465
1,1.0,0.9991938
1,1.0,0.99937403
1,1.0,0.9973994
0,0.0,0.0033660475
0,0.0,0.00080708275
1,1.0,0.99892354
1,1.0,0.99875486
0,0.0,0.0013638916
0,0.0,0.0009154676
1,1.0,0.9989959
1,1.0,0.99944675
1,1.0,0.9994009
0,0.0,0.0014549557
1,1.0,0.99892175
1,1.0,0.999952
1,1.0,0.9992538
1,1.0,0.9989938
1,1.0,0.99816614
1,1.0,0.99944395
1,1.0,0.99899423
1,1.0,0.99896395
1,1.0,0.99969745
1,1.0,0.9987874
1,1.0,0.99903864
0,0.0,0.0001701321
1,1.0,0.99945825
0,0.0,0.0007750759
0,0.0,0.0006652175
1,1.0,0.99932194
1,1.0,0.9993405
0,0.0,0.000119983975
0,0.0,0.0013404749
1,1.0,0.99947196
0,0.0,0.0008284796
0,0.0,0.0008161659
1,1.0,0.9987076
0,0.0,0.00081382366
1,1.0,0.9994006
1,1.0,0.995521
1,1.0,0.9988574
0,0.0,0.00083360623
1,1.0,0.99899185
0,0.0,0.001039206
1,1.0,0.9995408
1,1.0,0.99998647
0,0.0,0.0011416689
0,0.0,0.0008609199
1,1.0,0.9976562
0,0.0,0.00036394817
1,1.0,0.9976667
1,1.0,0.9999391
1,1.0,0.9989921
1,1.0,0.9993184
1,1.0,0.9995621
1,1.0,0.99892026
1,1.0,0.9994827
0,0.0,0.0013232481
1,1.0,0.9994696
1,1.0,0.9999754
0,0.0,0.00011951684
1,1.0,0.998987
1,1.0,0.99899364
1,1.0,0.9989443
0,0.0,0.00080539443
0,0.0,0.0021780634
0,0.0,0.0007848375
1,1.0,0.99899477
1,1.0,0.9987843
1,1.0,0.9989122
1,1.0,0.999139
0,0.0,0.001998966
1,1.0,0.99894416
1,1.0,0.9993694
1,1.0,0.99885976
1,1.0,0.999375
0,0.0,0.00050027744
1,1.0,0.9997245
0,0.0,0.00030662783
1,1.0,0.9989205
1,1.0,0.99918133
1,1.0,0.99946964
1,1.0,0.99734735
0,0.0,0.0015889421
1,1.0,0.9989959
1,1.0,0.9992498
1,1.0,0.99887735
1,1.0,1.0
1,1.0,0.99897957
0,0.0,0.0007848158
0,0.0,0.0024475453
1,1.0,0.9989205
0,0.0,0.0006085151
1,1.0,0.9993226
1,1.0,0.998821
0,0.0,0.00081227644
1,1.0,0.99999374
1,1.0,0.9987272
0,0.0,0.0016127808
0,0.0,0.0007750088
1,1.0,0.9994442
0,0.0,0.0001702564
1,1.0,0.9994825
0,0.0,0.0011775303
0,0.0,0.0013329467
0,0.0,0.00034398778
0,0.0,0.0028700025
0,0.0,0.0008299366
0,0.0,0.00034997068
0,0.0,0.0005821005
1,1.0,0.9998091
1,1.0,0.99895906
1,1.0,0.9977364
1,1.0,0.99973786
0,0.0,0.0009842601
0,0.0,0.0007915259
0,0.0,0.0005211341
0,0.0,0.0030369011
0,0.0,0.00082838803
1,1.0,0.99795353
0,0.0,0.002183675
1,1.0,0.9988619
0,0.0,0.0007251979
0,0.0,0.0013903711
1,1.0,0.9986382
1,1.0,0.99963385
0,0.0,0.0009709062
1,1.0,0.99886155
1,1.0,0.9993937
0,0.0,0.00081231585
0,0.0,0.0008122195
0,0.0,0.0013401578
1,1.0,0.9998857
1,1.0,0.9975653
1,1.0,0.99955916
1,1.0,0.99898404
0,0.0,0.0004337675
1,1.0,1.0
1,1.0,0.99514407
0,0.0,0.0004813129
0,0.0,0.00082525867
0,0.0,0.00081332284
1,1.0,0.9982975
1,1.0,0.9984737
1,1.0,0.99945575
1,1.0,0.99892175
0,0.0,0.00166023
0,0.0,0.0030229206
1,1.0,0.99977374
1,1.0,0.9989225
1,1.0,0.99894315
1,1.0,0.99353373
1,1.0,0.99888784
0,0.0,0.00077933376
0,0.0,0.00083336636
1,1.0,0.999897
1,1.0,0.9977243
0,0.0,0.0007423324
1,1.0,0.9989052
1,1.0,0.9977915
0,0.0,0.00037113277
0,0.0,0.00047057337
0,0.0,0.00097595516
1,1.0,0.9992803
0,0.0,0.00081373047
0,0.0,0.0011954335
0,0.0,0.0011992536
0,0.0,0.00075957103
0,0.0,0.0016554095
0,0.0,0.00607932
0,0.0,0.0027575816
1,1.0,0.9994658
0,0.0,0.00079596194
0,0.0,0.0005949972
1,1.0,0.9989939
1,1.0,0.9989322
0,0.0,0.0034999524
1,1.0,0.99895644
0,0.0,0.00070847676
0,0.0,0.0011771483
1,1.0,0.9999254
1,1.0,0.9993853
0,0.0,0.0018074276
1,1.0,0.99947155
1,1.0,0.9988918
1,1.0,0.9989077
1,1.0,0.99886674
1,1.0,0.9995189
1,1.0,0.9988741
1,1.0,0.9996653
0,0.0,0.0004944149
1,1.0,0.99958134
0,0.0,0.00079742254
1,1.0,0.99961483
0,0.0,0.0011895094
0,0.0,0.00076813117
1,1.0,0.99888927
0,0.0,0.0008185191
1,1.0,0.9993735
0,0.0,0.0007597727
1,1.0,0.9989093
1,1.0,0.9995629
1,1.0,0.9973468
0,0.0,0.00048126883
1,1.0,0.99938035
1,1.0,0.99940866
0,0.0,0.0011404417
1,1.0,0.9995618
1,1.0,0.9983785
0,0.0,0.00042709324
1,1.0,0.99911433
1,1.0,0.9989938
0,0.0,0.000481339
1,1.0,0.9989582
0,0.0,0.0008286126
1,1.0,0.9988913
1,1.0,0.9987512
0,0.0,0.0015798918
0,0.0,0.0007606685
0,0.0,0.0007956305
1,1.0,0.9989918
1,1.0,0.9986319
0,0.0,0.0005218352
1,1.0,0.99905324
1,1.0,0.99906
1,1.0,0.9996768
1,1.0,0.9974641
0,0.0,0.0007847972
1,1.0,0.99863756
0,0.0,0.0013268645
0,0.0,0.0014719457
0,0.0,0.00036432952
1,1.0,0.99876195
1,1.0,0.9990538
0,0.0,0.0007914191
1,1.0,0.9974332
0,0.0,0.00049810275
0,0.0,0.00073744584
0,0.0,0.0018696124
0,0.0,0.0017091768
1,1.0,0.99867857
0,0.0,0.0005872342
0,0.0,0.0005238039
0,0.0,0.0015000771
0,0.0,0.0003447945
1,1.0,0.9986931
0,0.0,0.00044782358
0,0.0,0.0008702666
0,0.0,0.0007848375
0,0.0,0.00085312116
1,1.0,0.9989802
1,1.0,0.99898034
1,1.0,0.99800825
0,0.0,0.0010627785
0,0.0,0.0008792618
1,1.0,0.99939424
0,0.0,0.00073518814
0,0.0,0.0020896748
1,1.0,0.9974218
0,0.0,0.00073827733
0,0.0,0.0007975693
0,0.0,0.002556737
1,1.0,0.9989928
1,1.0,0.9989959
1,1.0,0.99999464
0,0.0,0.00077401346
0,0.0,0.0036728808
1,1.0,0.99894494
0,0.0,0.0016174958
1,1.0,0.9988668
0,0.0,0.0007338981
1,1.0,0.9978922
1,1.0,0.9992566
1,1.0,0.9990409
1,1.0,0.9988464
0,0.0,0.0008161456
0,0.0,0.00050402264
1,1.0,0.99862117
1,1.0,0.99892074
1,1.0,0.9994543
1,1.0,0.99877435
0,0.0,0.0016120531
1,1.0,0.9984617
1,1.0,0.9984559
0,0.0,0.0008797851
0,0.0,0.00099863
0,0.0,0.0010850094
1,1.0,0.998354
1,1.0,0.9998663
1,1.0,0.9988555
1,1.0,0.99999464
1,1.0,0.99966854
1,1.0,0.99899423
1,1.0,0.9990768
0,0.0,0.0006753326
1,1.0,0.9993986
1,1.0,0.9989736
1,1.0,0.9987708
0,0.0,0.00042001967
0,0.0,0.0005008209
0,0.0,0.0006317768
1,1.0,0.9989422
1,1.0,0.998593
1,1.0,0.99853104
1,1.0,0.99884295
0,0.0,0.00017127897
1,1.0,0.9991717
0,0.0,0.0008186747
0,0.0,0.001199898
1,1.0,0.99869126
0,0.0,0.00095476856
1,1.0,0.9996529
1,1.0,0.9994539
1,1.0,0.9990022
1,1.0,0.9993114
0,0.0,0.00015885753
0,0.0,0.00033873494
1,1.0,0.9975402
0,0.0,0.0014037912
0,0.0,0.000543279
1,1.0,0.9996896
0,0.0,0.0006503637
0,0.0,0.0008136662
0,0.0,0.0007638901
0,0.0,0.0012603874
0,0.0,0.0028700188
0,0.0,0.000883361
0,0.0,0.0008904782
1,1.0,0.99892145
1,1.0,0.9982812
1,1.0,0.99874824
0,0.0,0.0027075734
1,1.0,0.9994716
0,0.0,0.00084749266
0,0.0,0.002885582
0,0.0,0.0014046043
0,0.0,0.00072453095
0,0.0,0.00017015885
0,0.0,0.00052388076
0,0.0,0.00052340934
0,0.0,0.00089918415
0,0.0,0.0035360504
1,1.0,0.9994688
0,0.0,0.00018767374
0,0.0,0.0007139471
1,1.0,0.99999374
0,0.0,0.006105303
0,0.0,0.0007547786
1,1.0,0.9989039
0,0.0,0.0008121398
0,0.0,0.0020345584
1,1.0,0.9998328
0,0.0,0.00062696275
1,1.0,0.9973959
0,0.0,0.00033895153
1,1.0,0.9979085
0,0.0,0.0011692512
1,1.0,0.99892044
1,1.0,0.9989796
1,1.0,0.99982834
0,0.0,0.0009397156
1,1.0,0.99900275
1,1.0,0.99928117
1,1.0,0.9994329
0,0.0,0.00063501456
1,1.0,0.99886674
0,0.0,0.0008783536
1,1.0,0.9989192
1,1.0,0.9985924
0,0.0,0.0017991987
1,1.0,0.9980588
0,0.0,0.00083358487
1,1.0,0.9994558
1,1.0,0.99945533
0,0.0,0.0019046939
0,0.0,0.0005385782
1,1.0,0.9993683
1,1.0,0.9994102
1,1.0,0.9996066
1,1.0,0.99891764
1,1.0,0.9981265
1,1.0,0.9990312
1,1.0,0.9995131
1,1.0,0.9993331
0,0.0,0.0013304569
1,1.0,0.9989802
1,1.0,0.9984887
0,0.0,0.001416767
1,1.0,0.9993055
1,1.0,0.9989217
1,1.0,0.99944323
1,1.0,0.9997297
1,1.0,0.9989918
1,1.0,0.9989771
1,1.0,0.99799955
0,0.0,0.0011854034
0,0.0,0.0009910375
0,0.0,0.00048151502
0,0.0,0.0007707231
1,1.0,0.9989221
0,0.0,0.00082527235
1,1.0,0.9989242
1,1.0,0.99892
1,1.0,0.99914306
0,0.0,0.0007707011
0,0.0,0.00076816924
0,0.0,0.00041383746
1,1.0,0.9989336
0,0.0,0.0013630885
1,1.0,0.9997747
1,1.0,0.99949664
1,1.0,0.9989035
0,0.0,0.0008700005
1,1.0,0.99886334
0,0.0,0.0020053468
0,0.0,0.0008738942
1,1.0,0.9993888
0,0.0,0.00018798464
1,1.0,0.9990092
0,0.0,0.0010352145
0,0.0,0.0007607432
1,1.0,0.9989984
0,0.0,0.00082846463
0,0.0,0.0008452884
0,0.0,0.0008280207
1,1.0,0.99894196
0,0.0,0.00096979865
1,1.0,0.9989959
1,1.0,0.9994512
0,0.0,0.00077508885
1,1.0,0.9993254
0,0.0,0.0006650185
0,0.0,0.0008161565
1,1.0,0.9985628
1,1.0,0.99942976
0,0.0,0.0008132062
0,0.0,0.0007206252
0,0.0,0.0012759003
0,0.0,0.0011780855
1,1.0,0.99852276
0,0.0,0.0009884986
0,0.0,0.0006701688
0,0.0,0.0029114268
1,1.0,0.9990048
0,0.0,0.002708516
0,0.0,0.0007848503
0,0.0,0.00034596736
1,1.0,0.99898106
1,1.0,0.9995206
0,0.0,0.00050338975
1,1.0,0.998977
1,1.0,0.9995261
1,1.0,0.998994
1,1.0,0.997028
1,1.0,0.99899423
1,1.0,0.99963176
1,1.0,0.99936384
0,0.0,0.0015857613
1,1.0,0.9991083
1,1.0,0.9993558
1,1.0,0.99947685
0,0.0,0.0005801002
0,0.0,0.0006327213
0,0.0,0.0010554115
0,0.0,0.0016869634
0,0.0,0.001043607
1,1.0,0.9986428
1,1.0,0.99936914
0,0.0,0.0012476958
0,0.0,0.0018827065
0,0.0,0.0031577835
1,1.0,0.998593
1,1.0,0.99900407
1,1.0,0.99967587
0,0.0,0.0016559842
0,0.0,0.00058693683
1,1.0,0.99963725
0,0.0,0.00050018256
1,1.0,0.9994359
1,1.0,0.99771
1,1.0,0.99880135
1,1.0,0.9990934
1,1.0,0.9995541
0,0.0,0.00049937656
1,1.0,0.9996709
0,0.0,0.0008514419
1,1.0,0.9976061
0,0.0,0.00076000916
0,0.0,0.0006049864
1,1.0,0.9994765
0,0.0,0.00083363487
0,0.0,0.002441694
1,1.0,0.99758404
1,1.0,0.9989443
1,1.0,0.9988689
0,0.0,0.0006579057
0,0.0,0.00069699675
0,0.0,0.001343977
0,0.0,0.00047916663
1,1.0,0.9989736
1,1.0,0.99928737
0,0.0,0.0013814132
0,0.0,0.000826632
1,1.0,0.9989145
1,1.0,0.99938655
1,1.0,0.9989974
1,1.0,0.99783784
1,1.0,0.9987575
0,0.0,0.00037258104
1,1.0,0.99947083
1,1.0,0.9993659
1,1.0,0.9979061
0,0.0,0.0021375348
1,1.0,0.9989052
0,0.0,0.0008793468
0,0.0,0.00012005998
0,0.0,0.0007638715
0,0.0,0.0016554821
0,0.0,0.0009590016
1,1.0,0.99868786
1,1.0,0.99880546
0,0.0,0.005664892
1,1.0,0.99889565
1,1.0,0.99991167
1,1.0,0.9979005
1,1.0,0.9988682
0,0.0,0.00050325616
1,1.0,0.9994544
1,1.0,0.9992783
1,1.0,0.9986642
0,0.0,0.001186107
0,0.0,0.00052361714
1,1.0,0.9988615
0,0.0,0.0017139779
0,0.0,0.0006336204
0,0.0,0.00065917603
0,0.0,0.0006479394
0,0.0,0.0012849879
1,1.0,0.99817216
0,0.0,0.0004999099
0,0.0,0.0027880007
0,0.0,0.0007585729
1,1.0,0.99897623
0,0.0,0.0013346514
1,1.0,0.9980886
1,1.0,0.99811965
0,0.0,0.0011983732
0,0.0,0.0017999208
1,1.0,0.99922705
1,1.0,0.99846315
1,1.0,0.99894017
1,1.0,0.9981462
1,1.0,0.9975061
0,0.0,0.0004611267
0,0.0,0.0008071582
1,1.0,0.99731606
0,0.0,0.0024980821
0,0.0,0.00080813817
1,1.0,0.9989219
0,0.0,0.0007682615
1,1.0,0.9987907
0,0.0,0.006530488
1,1.0,0.9975702
0,0.0,0.00044072952
1,1.0,0.9988919
0,0.0,0.0015113568
0,0.0,0.0004790086
1,1.0,0.9996878
1,1.0,0.99897623
0,0.0,0.00079745456
0,0.0,0.0009177453
1,1.0,0.9994541
1,1.0,0.9992095
0,0.0,0.0026807538
1,1.0,0.99867064
0,0.0,0.00042012616
1,1.0,0.9990566
0,0.0,0.0009497784
0,0.0,0.00092556264
0,0.0,0.0019353799
0,0.0,0.00076380424
1,1.0,0.99965274
0,0.0,0.0007016339
1,1.0,0.9989209
0,0.0,0.001196742
1,1.0,0.99890816
1,1.0,0.998675
1,1.0,0.99918795
1,1.0,0.9989938
0,0.0,0.0014711126
1,1.0,0.99920005
0,0.0,0.0010944474
1,1.0,0.9991076
1,1.0,0.9977387
1,1.0,0.99970657
0,0.0,0.0023325922
0,0.0,0.0009781789
1,1.0,0.99892086
0,0.0,0.0010174311
1,1.0,0.99926454
0,0.0,0.0021841011
0,0.0,0.0024961354
0,0.0,0.0013597589
1,1.0,0.9994464
1,1.0,0.99954814
1,1.0,0.99900454
0,0.0,0.0022640084
0,0.0,0.0022654147
1,1.0,0.99901974
1,1.0,0.9989921
1,1.0,0.99697894
1,1.0,0.9989369
0,0.0,0.000851439
0,0.0,0.001889599
1,1.0,0.99893236
1,1.0,0.9989959
1,1.0,0.99706775
1,1.0,0.9989942
0,0.0,0.0053999037
1,1.0,0.9983854
1,1.0,0.99899185
1,1.0,0.9989959
0,0.0,0.000120696815
1,1.0,0.999317
1,1.0,0.9996137
0,0.0,0.001106519
1,1.0,0.9994416
1,1.0,0.998638
0,0.0,0.00059415906
1,1.0,0.9989858
1,1.0,0.9993189
0,0.0,0.00065939466
1,1.0,0.99898905
0,0.0,0.0015613061
1,1.0,0.99959105
0,0.0,0.0008137398
1,1.0,0.9992553
0,0.0,0.0013402982
1,1.0,0.99945724
1,1.0,0.99932003
1,1.0,0.9990798
1,1.0,0.99991447
1,1.0,0.9988905
0,0.0,0.00070161186
1,1.0,0.9976131
1,1.0,0.9994658
0,0.0,0.00042712822
1,1.0,0.9992978
0,0.0,0.00057383673
1,1.0,0.99999464
1,1.0,0.9998351
1,1.0,0.99839157
1,1.0,0.99945
1,1.0,0.99904084
1,1.0,0.9989991
0,0.0,0.000829954
0,0.0,0.0008701277
1,1.0,0.9989919
1,1.0,0.9993208
1,1.0,0.99890685
0,0.0,0.000984914
0,0.0,0.0003171917
1,1.0,0.9994005
0,0.0,0.00054459594
1,1.0,0.99945515
1,1.0,0.99946505
1,1.0,0.9989006
1,1.0,0.99893785
1,1.0,0.9999572
1,1.0,0.99925536
1,1.0,0.99738634
1,1.0,0.99886435
0,0.0,0.0097383475
1,1.0,0.9989985
1,1.0,0.99850774
1,1.0,0.9994654
1,1.0,0.9971692
0,0.0,0.0007707323
1,1.0,0.9993438
0,0.0,0.00090622547
1,1.0,0.9989959
1,1.0,0.9987551
1,1.0,0.99943066
0,0.0,0.0007582675
1,1.0,0.99835986
0,0.0,0.005642206
1,1.0,0.9989798
0,0.0,0.0012761818
0,0.0,0.0007508222
0,0.0,0.0019180769
1,1.0,0.9994624
1,1.0,0.99895144
1,1.0,0.99894196
1,1.0,0.99900734
1,1.0,0.9979275
1,1.0,0.99994564
1,1.0,0.9990556
0,0.0,0.0017986568
0,0.0,0.0018970899
1,1.0,0.99933344
0,0.0,0.0026597895
1,1.0,0.99931115
0,0.0,0.0013546558
1,1.0,0.9989938
1,1.0,0.99925894
0,0.0,0.00060085097
0,0.0,0.0023249371
1,1.0,0.99741423
0,0.0,0.00053595623
0,0.0,0.0018838753
0,0.0,0.00095149805
1,1.0,0.99844384
0,0.0,0.00052378915
1,1.0,0.99898916
0,0.0,0.0024951668
0,0.0,0.00076066924
0,0.0,0.0007393081
0,0.0,0.002001756
1,1.0,0.9989802
0,0.0,0.0017468159
0,0.0,0.0007751003
0,0.0,0.0007791504
0,0.0,0.00019883209
0,0.0,0.0035873232
0,0.0,0.0014666184
1,1.0,0.9988557
1,1.0,0.9989941
1,1.0,0.99861264
1,1.0,0.99893445
1,1.0,0.99955374
0,0.0,0.00071468233
1,1.0,0.99867725
1,1.0,0.99937284
0,0.0,0.0010155012
1,1.0,0.99815226
0,0.0,0.0013346457
0,0.0,0.0012909411
1,1.0,0.9986999
1,1.0,0.99895954
0,0.0,0.00077927584
0,0.0,0.00011998363
1,1.0,0.99963987
1,1.0,0.99894637
0,0.0,0.0011978721
0,0.0,0.0008137926
0,0.0,0.0014243518
0,0.0,0.00080718234
1,1.0,0.99944615
1,1.0,0.99925435
1,1.0,0.9987084
1,1.0,0.9985598
1,1.0,0.9999308
1,1.0,0.9979774
1,1.0,0.99886674
1,1.0,0.99928993
0,0.0,0.0014320245
0,0.0,0.0028713648
0,0.0,0.00057515904
0,0.0,0.0003708845
1,1.0,0.999344
0,0.0,0.0035046653
1,1.0,0.99937356
1,1.0,0.9993217
0,0.0,0.0007600754
1,1.0,0.9994698
1,1.0,0.99899167
0,0.0,0.00082864775
1,1.0,0.9993221
1,1.0,0.9990269
1,1.0,0.9990045
0,0.0,0.000759747
1,1.0,0.99706364
1,1.0,0.99945444
0,0.0,0.0037629625
1,1.0,0.9989173
0,0.0,0.0002324808
1,1.0,0.99853534
1,1.0,0.99896044
1,1.0,0.9987296
0,0.0,0.0005240683
0,0.0,0.000878008
0,0.0,0.000120170625
0,0.0,0.0027943049
0,0.0,0.00053645275
1,1.0,0.9987048
0,0.0,0.00061085954
0,0.0,0.0009679709
1,1.0,0.99899864
1,1.0,0.99892104
0,0.0,0.002725261
1,1.0,0.9993287
1,1.0,0.9994345
0,0.0,0.0034828167
1,1.0,0.9993689
1,1.0,0.9989558
1,1.0,0.9994502
0,0.0,0.00083007506
1,1.0,0.9997118
0,0.0,0.0016345542
0,0.0,0.00076068187
1,1.0,0.99881333
1,1.0,0.9989845
1,1.0,0.9990994
1,1.0,0.9982739
1,1.0,0.9989325
1,1.0,0.9989938
1,1.0,0.9994457
1,1.0,0.9994741
1,1.0,0.99900687
1,1.0,0.99940926
1,1.0,0.9989443
1,1.0,0.9989653
0,0.0,0.0005299038
1,1.0,0.99930835
0,0.0,0.0008283873
0,0.0,0.00094526104
0,0.0,0.0062958626
1,1.0,0.9974451
1,1.0,0.9996761
0,0.0,0.00083301624
0,0.0,0.0008795187
0,0.0,0.00087047275
0,0.0,0.000753064
1,1.0,0.9993645
1,1.0,0.9993687
0,0.0,0.0021842236
1,1.0,0.999564
1,1.0,0.9993721
1,1.0,0.9989443
1,1.0,0.9974393
1,1.0,0.99848163
1,1.0,0.9989978
1,1.0,0.9992682
1,1.0,0.99942213
1,1.0,0.9989204
1,1.0,0.99936885
1,1.0,0.9991814
0,0.0,0.00064686325
1,1.0,0.99932086
0,0.0,0.00054051727
0,0.0,0.00084541406
1,1.0,0.9989648
1,1.0,0.9995217
0,0.0,0.0006528452
1,1.0,0.99898654
0,0.0,0.006100924
0,0.0,0.00065848127
0,0.0,0.0011772128
1,1.0,0.99944013
1,1.0,0.99946016
1,1.0,0.99899143
1,1.0,0.9989991
1,1.0,0.9992819
1,1.0,0.9988841
1,1.0,0.9990538
0,0.0,0.0007547343
0,0.0,0.0007596887
1,1.0,0.998866
1,1.0,0.9993767
0,0.0,0.0013403249
1,1.0,0.99886686
1,1.0,0.9994466
1,1.0,0.9972916
0,0.0,0.003102645
1,1.0,0.99897665
1,1.0,0.99913603
1,1.0,0.9989688
1,1.0,0.9989959
0,0.0,0.0009881858
0,0.0,0.0005244081
1,1.0,0.9989827
1,1.0,0.99944663
0,0.0,0.00036578192
1,1.0,0.998596
0,0.0,0.0015178222
1,1.0,0.99927914
1,1.0,0.99848175
0,0.0,0.00018764137
1,1.0,0.9989805
0,0.0,0.0003108007
0,0.0,0.00090648496
1,1.0,0.9985759
1,1.0,0.9993647
0,0.0,0.00087828585
0,0.0,0.0008017936
0,0.0,0.0012502983
0,0.0,0.002264449
0,0.0,0.0011414975
0,0.0,0.0007793196
0,0.0,0.00050091685
0,0.0,0.0007750493
1,1.0,0.99862576
0,0.0,0.001331173
1,1.0,0.998897
1,1.0,0.9989357
0,0.0,0.0010027512
0,0.0,0.0011972403
0,0.0,0.00077509665
0,0.0,0.0005655313
0,0.0,0.0018871384
0,0.0,0.0007681333
1,1.0,0.9996244
0,0.0,0.0005340529
1,1.0,0.9991077
1,1.0,0.99961025
1,1.0,0.99964345
0,0.0,0.0003174023
0,0.0,0.0005930973
0,0.0,0.0017000722
0,0.0,0.001871286
1,1.0,0.99971503
0,0.0,0.0011412861
0,0.0,0.001177266
1,1.0,0.9990347
0,0.0,0.00082981365
0,0.0,0.0003770692
1,1.0,0.9996055
1,1.0,0.9991369
0,0.0,0.0016434547
1,1.0,0.99934196
0,0.0,0.00036598794
0,0.0,0.0014579238
0,0.0,0.0005401326
0,0.0,0.00087809475
0,0.0,0.0020776538
1,1.0,0.9993695
0,0.0,0.00048129316
1,1.0,0.99899185
1,1.0,0.9997205
1,1.0,0.9989979
1,1.0,0.99954826
1,1.0,0.9994288
0,0.0,0.0013210638
0,0.0,0.00072565686
1,1.0,0.99898016
1,1.0,0.9989503
1,1.0,0.99902225
0,0.0,0.00030533323
1,1.0,0.9994457
1,1.0,0.9992423
1,1.0,0.99853235
0,0.0,0.0015110078
0,0.0,0.00607743
1,1.0,0.997391
1,1.0,0.9986335
0,0.0,0.00077919493
1,1.0,0.9987853
1,1.0,0.9983891
1,1.0,0.999044
1,1.0,0.99898237
0,0.0,0.00074653
0,0.0,0.0005569142
0,0.0,0.00075829244
1,1.0,0.9989959
0,0.0,0.0011406275
0,0.0,0.0029058205
0,0.0,0.00085151073
0,0.0,0.0024977066
1,1.0,0.9954113
0,0.0,0.00064442505
1,1.0,0.9991428
1,1.0,0.99894416
0,0.0,0.00091474486
1,1.0,0.9990829
1,1.0,0.99958414
0,0.0,0.0007848293
0,0.0,0.0008804258
1,1.0,0.9999305
1,1.0,0.9987575
1,1.0,0.9980909
1,1.0,0.9989938
0,0.0,0.0020517071
1,1.0,0.99899393
0,0.0,0.0007352698
1,1.0,0.9993299
0,0.0,0.00034416758
0,0.0,0.0006966342
0,0.0,0.0006694437
0,0.0,0.00017013583
1,1.0,0.99800116
0,0.0,0.0007787413
1,1.0,0.9975601
1,1.0,0.99853075
1,1.0,0.99898404
1,1.0,0.9989229
1,1.0,0.9989442
0,0.0,0.0004997389
0,0.0,0.00086261804
1,1.0,0.99898285
1,1.0,0.99929357
1,1.0,0.9990219
1,1.0,0.9994638
1,1.0,0.9994582
0,0.0,0.00036990832
0,0.0,0.0008124149
1,1.0,0.99897194
1,1.0,0.9996052
1,1.0,0.9997164
0,0.0,0.00087431347
1,1.0,0.99896204
1,1.0,0.9985964
1,1.0,0.99944574
1,1.0,0.99945444
0,0.0,0.0003881431
0,0.0,0.0024378386
0,0.0,0.0009772838
0,0.0,0.00160497
0,0.0,0.0005428272
0,0.0,0.001879079
0,0.0,0.007186735
1,1.0,0.99888474
1,1.0,0.9988727
1,1.0,0.99939895
1,1.0,0.9982753
0,0.0,0.00043758628
1,1.0,0.99998903
0,0.0,0.0005170824
0,0.0,0.0024800403
0,0.0,0.00042418545
1,1.0,0.9984545
0,0.0,0.0020259898
1,1.0,0.9990023
0,0.0,0.00055742316
0,0.0,0.0024399895
1,1.0,0.9989242
0,0.0,0.0008956271
0,0.0,0.0014251258
1,1.0,0.9994458
1,1.0,0.99937487
0,0.0,0.0008186771
0,0.0,0.000357751
0,0.0,0.0011980606
1,1.0,0.99835604
1,1.0,0.999544
0,0.0,0.00082526525
1,1.0,0.99888736
0,0.0,0.0006472972
0,0.0,0.0012953641
1,1.0,0.9988794
1,1.0,0.9990055
1,1.0,0.99894637
1,1.0,0.99928033
1,1.0,0.99949634
1,1.0,0.99899423
1,1.0,0.9988083
1,1.0,0.9988932
0,0.0,0.00076386746
1,1.0,0.9989372
0,0.0,0.0007792142
1,1.0,0.99717826
0,0.0,0.00043151178
1,1.0,0.9994454
1,1.0,0.99899894
1,1.0,0.9995751
1,1.0,0.99945235
1,1.0,0.9995627
0,0.0,0.0013640865
1,1.0,0.9994007
1,1.0,0.99905646
0,0.0,0.0007239626
1,1.0,0.9990165
0,0.0,0.0061280676
0,0.0,0.0008335602
1,1.0,0.99937904
1,1.0,0.9990055
1,1.0,0.99881244
0,0.0,0.0004787461
1,1.0,0.9988419
1,1.0,0.9990073
1,1.0,0.99927956
0,0.0,0.0007841326
0,0.0,0.0003279293
0,0.0,0.0006971443
1,1.0,0.9996693
0,0.0,0.0007325048
0,0.0,0.0008071339
1,1.0,0.99894387
0,0.0,0.0007707393
1,1.0,0.9989214
0,0.0,0.0005412214
1,1.0,0.9994463
0,0.0,0.0032241617
1,1.0,0.99884415
0,0.0,0.001765751
1,1.0,0.99998146
1,1.0,0.99999374
1,1.0,0.99965876
1,1.0,0.9989789
1,1.0,0.99937326
1,1.0,0.99899316
1,1.0,0.99867123
1,1.0,0.9990023
1,1.0,0.9989233
0,0.0,0.00042081738
0,0.0,0.0005790546
1,1.0,0.9990235
1,1.0,0.9989938
1,1.0,0.9990083
1,1.0,0.9992582
1,1.0,0.9999181
1,1.0,0.998921
1,1.0,0.9982799
0,0.0,0.00076006085
1,1.0,0.99516505
1,1.0,0.9979308
1,1.0,0.99901587
0,0.0,0.0007707253
1,1.0,0.9988673
1,1.0,0.9990083
0,0.0,0.001080659
0,0.0,0.0007327038
1,1.0,0.99863595
0,0.0,0.00048139156
1,1.0,0.9987668
1,1.0,0.9994054
0,0.0,0.00070186466
0,0.0,0.0005311627
1,1.0,0.9997
1,1.0,0.99936575
0,0.0,0.0007682121
0,0.0,0.00054418994
0,0.0,0.0014043796
0,0.0,0.001929777
0,0.0,0.0008252394
0,0.0,0.0003720359
1,1.0,0.999369
0,0.0,0.0005043677
0,0.0,0.0007914199
1,1.0,0.9995932
0,0.0,0.00095724146
1,1.0,0.9994533
0,0.0,0.0004812918
0,0.0,0.0009273457
1,1.0,0.9989442
1,1.0,0.99896574
1,1.0,0.998994
1,1.0,0.9991544
1,1.0,0.9995716
0,0.0,0.00083004177
1,1.0,0.99967235
1,1.0,0.99886894
1,1.0,0.99982977
1,1.0,0.99615353
1,1.0,0.9979005
1,1.0,0.9984847
1,1.0,0.99926656
0,0.0,0.0009176991
0,0.0,0.003315426
0,0.0,0.00077073486
1,1.0,0.9994581
0,0.0,0.0010033083
1,1.0,0.99897736
0,0.0,0.0014295939
1,1.0,0.99747086
1,1.0,0.9989214
1,1.0,0.99897504
1,1.0,0.9995729
0,0.0,0.00050000596
1,1.0,0.9983956
1,1.0,0.99903154
0,0.0,0.0059352457
1,1.0,0.9988669
0,0.0,0.0023747615
1,1.0,0.99899167
0,0.0,0.0018097123
0,0.0,2.835166e-05
0,0.0,0.0016113388
0,0.0,0.00072850677
0,0.0,0.0007249498
1,1.0,0.99886036
1,1.0,0.9997251
1,1.0,0.99857795
1,1.0,0.99882483
0,0.0,0.0013826629
1,1.0,0.9977652
1,1.0,0.9996091
0,0.0,0.0020024383
0,0.0,0.0004811826
0,0.0,0.0008285732
0,0.0,0.0031911114
1,1.0,0.9989384
1,1.0,0.9993806
1,1.0,0.9986607
1,1.0,0.99992716
1,1.0,0.999369
1,1.0,0.9996137
1,1.0,0.99789995
0,0.0,0.00037084523
0,0.0,0.0013899297
0,0.0,0.0007617199
1,1.0,0.9994212
0,0.0,0.0008701916
0,0.0,0.0012724852
1,1.0,0.99897283
0,0.0,0.0010793245
1,1.0,0.99833167
1,1.0,0.9993998
0,0.0,0.00077072385
0,0.0,0.0007703685
1,1.0,0.99878764
0,0.0,0.0008135429
0,0.0,0.00076375727
0,0.0,0.00082527986
1,1.0,0.9985513
1,1.0,0.99933195
0,0.0,0.00077923946
0,0.0,0.001571297
1,1.0,0.9987906
0,0.0,0.0003496622
1,1.0,0.99791473
1,1.0,0.9988846
1,1.0,0.9989942
1,1.0,0.99936026
0,0.0,0.0007508794
1,1.0,0.99948186
1,1.0,0.99983305
1,1.0,0.9994186
0,0.0,0.0013641703
0,0.0,0.0005573818
1,1.0,0.9989921
0,0.0,0.0011861285
0,0.0,0.0025782532
1,1.0,0.99902266
0,0.0,0.00075379957
0,0.0,0.00048121583
1,1.0,0.9993187
1,1.0,0.9982457
0,0.0,0.0003436597
1,1.0,0.9997451
0,0.0,0.0008791089
0,0.0,0.0012124452
0,0.0,0.0060188556
1,1.0,0.9989727
0,0.0,0.0015647447
0,0.0,0.0008104877
1,1.0,0.998837
0,0.0,0.001323245
1,1.0,0.998913
1,1.0,0.9992671
1,1.0,0.9988902
1,1.0,0.99939024
0,0.0,0.000812293
1,1.0,0.9988451
1,1.0,0.99877506
1,1.0,0.9989191
1,1.0,0.99777067
1,1.0,0.99899864
1,1.0,0.99894285
1,1.0,0.9993319
1,1.0,0.9994439
0,0.0,0.0009634735
1,1.0,0.9986906
0,0.0,0.00070797425
1,1.0,1.0
0,0.0,0.0021309298
0,0.0,0.0008788283
1,1.0,0.99894637
1,1.0,0.9993669
0,0.0,0.000659258
0,0.0,0.00036427585
1,1.0,0.9989291
0,0.0,0.004145369
1,1.0,0.99833274
0,0.0,0.0023816957
1,1.0,0.9983941
1,1.0,0.99917537
1,1.0,0.99900854
0,0.0,0.00082518195
0,0.0,0.0008298508
1,1.0,0.9990317
0,0.0,0.00042683844
1,1.0,0.99886835
0,0.0,0.00066203316
1,1.0,0.99889207
0,0.0,0.0021908435
1,1.0,0.9988669
1,1.0,0.9990894
1,1.0,0.9995611
1,1.0,0.99945164
0,0.0,0.00052439066
0,0.0,0.0007370998
1,1.0,0.99908644
1,1.0,0.9990001
0,0.0,0.00095554395
1,1.0,0.9986003
1,1.0,0.9990278
1,1.0,0.9993489
1,1.0,0.99886703
0,0.0,0.00054350897
1,1.0,0.99965066
1,1.0,0.9989913
1,1.0,0.99954957
0,0.0,0.0008018214
1,1.0,0.99894434
0,0.0,0.0019445053
1,1.0,0.9993038
1,1.0,0.9990929
0,0.0,0.00082524214
0,0.0,0.0007272177
1,1.0,0.999627
1,1.0,0.99763876
1,1.0,0.99959534
1,1.0,0.99913764
1,1.0,0.9994711
1,1.0,0.999375
0,0.0,0.0007750974
1,1.0,0.99914604
1,1.0,0.99944574
0,0.0,0.00011999222
1,1.0,0.99937314
1,1.0,0.9994112
0,0.0,0.0012902227
0,0.0,0.0015679089
1,1.0,0.9989938
0,0.0,0.0013247065
1,1.0,0.99892104
0,0.0,0.0015234825
0,0.0,0.0008126844
0,0.0,0.0013432584
0,0.0,0.0005039967
1,1.0,0.9993567
1,1.0,0.9980562
0,0.0,0.00078471785
1,1.0,0.9989442
1,1.0,0.9994411
1,1.0,0.9989882
0,0.0,0.0006988725
1,1.0,0.99959314
0,0.0,0.00086998264
0,0.0,0.0008121596
0,0.0,0.0007595255
0,0.0,0.00082856807
0,0.0,0.0013200572
0,0.0,0.00088580995
1,1.0,0.99889165
1,1.0,0.9989211
1,1.0,0.99874365
0,0.0,0.0008134639
0,0.0,0.001485907
1,1.0,0.9993183
0,0.0,0.00036661042
1,1.0,0.9971551
1,1.0,0.99904907
0,0.0,0.0008790586
1,1.0,0.999942
0,0.0,0.0004953485
0,0.0,0.00087919727
0,0.0,0.001021858
1,1.0,0.9989738
0,0.0,0.00086718856
0,0.0,0.0012886353
0,0.0,0.0021816376
0,0.0,0.0008299342
1,1.0,0.99900407
0,0.0,0.00089907454
1,1.0,0.9986721
1,1.0,0.9989043
0,0.0,0.00065845024
1,1.0,0.9992899
0,0.0,0.00068821444
1,1.0,0.99940085
1,1.0,0.99887055
1,1.0,0.99818176
1,1.0,0.99889183
0,0.0,0.001197478
1,1.0,0.99652404
1,1.0,0.9993605
0,0.0,0.0007681443
1,1.0,0.99900275
1,1.0,0.99724746
1,1.0,0.99898106
1,1.0,0.9990205
1,1.0,0.99892056
1,1.0,0.99896395
1,1.0,0.9988669
0,0.0,0.0009004283
1,1.0,0.9959039
1,1.0,0.9988685
1,1.0,0.99899817
0,0.0,0.000828694
0,0.0,0.0011775553
1,1.0,0.9988786
1,1.0,0.99878484
0,0.0,0.0005001473
1,1.0,0.99906904
0,0.0,0.0008299208
0,0.0,0.00059166807
1,1.0,0.9994282
0,0.0,0.00042701504
1,1.0,0.999722
1,1.0,0.99893
1,1.0,0.997634
0,0.0,0.00050056505
1,1.0,0.9993693
1,1.0,0.9993511
0,0.0,0.0004905658
0,0.0,0.0010032611
1,1.0,0.99968797
1,1.0,0.9989948
1,1.0,0.9989959
0,0.0,0.0008452662
1,1.0,0.99735785
1,1.0,0.9993265
0,0.0,0.00073384354
0,0.0,0.0006590165
1,1.0,0.99891907
1,1.0,0.9990431
1,1.0,0.9987908
1,1.0,0.99892014
0,0.0,0.0028359343
1,1.0,0.99939954
1,1.0,0.9988602
0,0.0,0.00080725393
0,0.0,0.001186254
0,0.0,0.00076068874
1,1.0,0.99999464
0,0.0,0.0027238594
1,1.0,0.9987715
1,1.0,0.9989204
0,0.0,0.0017262443
1,1.0,0.9993994
1,1.0,0.9978003
1,1.0,0.99896634
0,0.0,0.0013880506
0,0.0,0.0005996016
0,0.0,0.0008268691
1,1.0,0.99926525
0,0.0,0.0013126609
1,1.0,0.99931
1,1.0,0.9988915
1,1.0,0.99983
1,1.0,0.99899983
0,0.0,0.00089903775
1,1.0,0.9989985
1,1.0,0.9989595
1,1.0,0.9994511
0,0.0,0.0003479001
0,0.0,0.0016620345
1,1.0,0.9989442
1,1.0,0.999283
0,0.0,0.000732555
0,0.0,0.002183513
0,0.0,0.0008132809
0,0.0,0.0007508552
0,0.0,0.00036024064
0,0.0,0.00082948286
0,0.0,0.00018766621
0,0.0,0.0009713383
0,0.0,0.00075820065
0,0.0,0.0006949009
1,1.0,0.99896663
1,1.0,0.99945444
1,1.0,0.9992251
0,0.0,0.00070154306
0,0.0,0.002859229
1,1.0,0.9989893
1,1.0,0.9997412
1,1.0,0.9992556
1,1.0,0.9996714
1,1.0,0.9989959
1,1.0,0.99914515
1,1.0,0.9990028
1,1.0,0.9989622
0,0.0,0.0003497909
1,1.0,0.9989433
0,0.0,0.000999326
1,1.0,0.9989959
1,1.0,0.9989207
0,0.0,0.00075851503
0,0.0,0.000119964774
1,1.0,0.99985725
0,0.0,0.00032805032
0,0.0,0.00048127916
0,0.0,0.00073690736
1,1.0,0.998921
1,1.0,0.99939877
0,0.0,0.00031199862
1,1.0,0.998945
1,1.0,0.9989443
1,1.0,0.9993419
0,0.0,0.0008186911
1,1.0,0.9994911
1,1.0,0.9975417
0,0.0,0.0022906587
1,1.0,0.9990301
1,1.0,0.9993294
1,1.0,0.99948305
0,0.0,0.0008018394
0,0.0,0.0006964165
0,0.0,0.001002948
1,1.0,0.99947405
0,0.0,0.00035002173
1,1.0,0.99756545
0,0.0,0.0007848712
0,0.0,0.0003759499
0,0.0,0.0007369313
1,1.0,0.998842
0,0.0,0.0007107971
0,0.0,0.0010185475
1,1.0,0.9988662
0,0.0,0.0008793841
0,0.0,0.0013104748
1,1.0,0.999333
0,0.0,0.0013823087
0,0.0,0.00074275496
0,0.0,0.0003731409
1,1.0,0.99998903
1,1.0,0.9987026
0,0.0,0.0020126922
1,1.0,0.99972343
1,1.0,0.9989959
1,1.0,0.99886703
0,0.0,0.0009988073
0,0.0,0.006307364
0,0.0,0.0007539888
1,1.0,0.99947506
1,1.0,0.9976063
0,0.0,0.00084254553
1,1.0,0.9996677
1,1.0,0.99899864
0,0.0,0.0011977529
0,0.0,0.00018712018
0,0.0,0.00052333606
1,1.0,0.99892515
0,0.0,0.0005160066
1,1.0,0.99996644
1,1.0,0.99894196
0,0.0,0.0007846686
1,1.0,0.99965554
0,0.0,0.00039592432
0,0.0,0.0008893797
0,0.0,0.00081867
1,1.0,0.9989772
0,0.0,0.0007606971
0,0.0,0.0024943992
1,1.0,0.9989182
1,1.0,0.99922204
1,1.0,0.9989959
0,0.0,0.00055122306
0,0.0,0.0013316252
1,1.0,0.9989225
1,1.0,0.9975058
1,1.0,0.99893236
1,1.0,0.9975135
0,0.0,0.0036626905
0,0.0,0.00082989084
0,0.0,0.00055742793
0,0.0,0.00077507406
1,1.0,0.9988138
0,0.0,0.0005861824
1,1.0,0.9994649
1,1.0,0.99937147
1,1.0,0.9990069
1,1.0,0.99778956
0,0.0,0.0036663031
1,1.0,0.9976538
1,1.0,0.9994296
1,1.0,0.99898964
1,1.0,0.9990051
1,1.0,0.9978621
0,0.0,0.00069600967
1,1.0,0.9997989
0,0.0,0.0015068158
0,0.0,0.00048139386
1,1.0,0.99886686
1,1.0,0.999683
0,0.0,0.000881436
1,1.0,0.9991522
1,1.0,0.9980219
0,0.0,0.0002459283
1,1.0,0.9993941
1,1.0,0.99945825
0,0.0,0.0005001606
1,1.0,0.9989971
0,0.0,0.0006751685
1,1.0,0.99782336
0,0.0,0.0027193232
1,1.0,0.9993518
1,1.0,0.9989005
1,1.0,0.99867004
0,0.0,0.0008992794
0,0.0,0.00076019746
1,1.0,0.9985342
1,1.0,0.9989913
0,0.0,0.0006899885
0,0.0,0.0013443315
0,0.0,0.0020322797
1,1.0,0.9989688
1,1.0,0.99890137
0,0.0,0.0009809817
1,1.0,0.9988652
1,1.0,0.9994456
1,1.0,1.0
1,1.0,0.9989959
0,0.0,0.0013213849
1,1.0,0.9995162
0,0.0,0.0005337882
1,1.0,0.9993733
1,1.0,0.99899423
1,1.0,0.9989959
1,1.0,0.99899626
0,0.0,0.00034683492
0,0.0,0.00074734254
1,1.0,0.99993366
1,1.0,0.9989933
0,0.0,0.0013724171
1,1.0,0.99924976
1,1.0,0.9989377
0,0.0,0.00076344836
0,0.0,0.00059717515
0,0.0,0.0008618888
1,1.0,0.9991402
0,0.0,0.0006594425
1,1.0,0.9994456
1,1.0,0.99898255
0,0.0,0.0007338306
1,1.0,0.99946433
1,1.0,0.99998134
1,1.0,0.9999039
0,0.0,0.0014261339
1,1.0,0.9989981
0,0.0,0.0010435939
1,1.0,0.9987863
1,1.0,0.9983468
1,1.0,0.999665
1,1.0,0.99886686
0,0.0,0.001177266
0,0.0,0.0067861476
1,1.0,0.99697465
0,0.0,0.00058796984
1,1.0,0.9989582
1,1.0,0.99894327
0,0.0,0.0008335165
1,1.0,0.9989959
0,0.0,0.0010141423
1,1.0,0.9993262
0,0.0,0.0007337421
1,1.0,0.9993134
0,0.0,0.00094917824
0,0.0,0.0017496403
0,0.0,0.0006962605
0,0.0,0.0014090503
0,0.0,0.00077893585
1,1.0,0.99936885
1,1.0,0.9989991
1,1.0,0.9988162
0,0.0,0.0009871852
1,1.0,0.9994602
0,0.0,0.0030607835
0,0.0,0.0008138081
1,1.0,0.9990898
1,1.0,0.9954927
1,1.0,0.9997524
0,0.0,0.0007327485
0,0.0,0.0010132943
1,1.0,0.99653524
0,0.0,0.0007420273
0,0.0,0.0007637321
1,1.0,0.9989926
1,1.0,0.9989101
0,0.0,0.0015411018
0,0.0,0.00059317617
1,1.0,0.998945
1,1.0,0.9989959
1,1.0,0.99897635
0,0.0,0.0007639964
1,1.0,0.99956155
1,1.0,0.99931854
0,0.0,0.00088649173
0,0.0,0.00058139296
1,1.0,0.9978739
1,1.0,0.9993204
1,1.0,0.9995465
1,1.0,0.99892044
1,1.0,0.9994425
1,1.0,0.9993648
1,1.0,0.9995304
1,1.0,0.99877167
1,1.0,0.99888855
0,0.0,0.00084524334
0,0.0,0.0011863624
1,1.0,0.9995554
0,0.0,0.00049580174
1,1.0,0.9976007
0,0.0,0.0011417222
1,1.0,0.9993622
1,1.0,0.99878556
0,0.0,0.0028995
1,1.0,0.9990159
1,1.0,0.99893755
0,0.0,0.0007750959
0,0.0,0.00082963024
0,0.0,0.002944239
0,0.0,0.00030171778
0,0.0,0.00082985003
1,1.0,0.9987709
1,1.0,0.99927914
1,1.0,0.99948424
1,1.0,0.99934804
1,1.0,0.9989939
1,1.0,0.9994458
1,1.0,0.99869573
1,1.0,0.998993
1,1.0,0.9988953
0,0.0,0.0008070804
1,1.0,0.99894416
1,1.0,0.9993788
1,1.0,0.9977125
1,1.0,0.998547
0,0.0,0.000970976
1,1.0,0.9995419
1,1.0,0.99893767
0,0.0,0.00095841516
1,1.0,0.9989937
1,1.0,0.99897903
0,0.0,0.0007792587
0,0.0,0.0003718221
1,1.0,0.9988555
0,0.0,0.0008286521
1,1.0,0.99928993
0,0.0,0.00081338943
1,1.0,0.9993935
0,0.0,0.00060976716
0,0.0,0.00290352
0,0.0,0.00082524924
0,0.0,0.0010473217
1,1.0,0.99899185
0,0.0,0.0013877597
1,1.0,0.9994686
0,0.0,0.00035174194
1,1.0,0.9988869
0,0.0,0.00058146997
1,1.0,0.9991869
1,1.0,0.9994089
1,1.0,0.99944687
0,0.0,0.0011983162
0,0.0,0.0008701613
1,1.0,0.9995833
0,0.0,0.00078475685
1,1.0,0.9989346
1,1.0,0.9997148
1,1.0,0.9993059
0,0.0,0.00052380166
0,0.0,0.00073686877
0,0.0,0.0003475225
1,1.0,0.99889284
0,0.0,0.001402282
1,1.0,0.99856883
0,0.0,0.00080721156
0,0.0,0.00064809463
1,1.0,0.9989025
0,0.0,0.0007974492
0,0.0,0.0007325704
1,1.0,0.9989213
1,1.0,0.99841195
1,1.0,0.9994402
1,1.0,0.99997896
1,1.0,0.9996527
1,1.0,0.99875486
0,0.0,0.015092922
0,0.0,0.00018767337
1,1.0,0.9992627
0,0.0,0.00095875264
1,1.0,0.9989938
1,1.0,0.9996754
1,1.0,0.9994988
0,0.0,0.00084527914
1,1.0,0.99940026
1,1.0,0.9989214
1,1.0,1.0
0,0.0,0.00087060366
1,1.0,0.9989959
0,0.0,0.00082517054
0,0.0,0.0011766443
1,1.0,0.9971167
0,0.0,0.0014319476
1,1.0,0.9950255
0,0.0,0.0008137274
0,0.0,0.0009079756
1,1.0,0.9988598
1,1.0,0.999917
0,0.0,0.00063198846
1,1.0,0.9989541
1,1.0,0.9995249
0,0.0,0.0005712822
0,0.0,0.0024950362
0,0.0,0.00018765978
1,1.0,0.9994541
1,1.0,0.9993686
0,0.0,0.00057266274
0,0.0,0.002263992
0,0.0,0.0013631067
1,1.0,0.99849856
0,0.0,0.006217151
0,0.0,0.0011858242
0,0.0,0.0006284303
0,0.0,0.0007596348
0,0.0,0.0007583943
1,1.0,0.9988564
0,0.0,0.0003714708
1,1.0,0.99957305
1,1.0,0.99892074
0,0.0,0.0006824274
0,0.0,0.0014076837
0,0.0,0.0008299493
0,0.0,0.00076394546
1,1.0,0.9988918
0,0.0,0.0008071916
1,1.0,0.9999025
0,0.0,0.00067886687
1,1.0,0.9997816
0,0.0,0.002183031
1,1.0,0.9996497
1,1.0,0.9989939
1,1.0,0.9993693
1,1.0,0.99937695
0,0.0,0.0008287757
0,0.0,0.0005238261
1,1.0,0.99920285
1,1.0,0.99886054
0,0.0,0.00034697328
0,0.0,0.00037235665
1,1.0,0.99939376
1,1.0,0.99897903
1,1.0,0.9982682
0,0.0,0.00076067494
1,1.0,0.9977774
0,0.0,0.00087847625
1,1.0,0.999053
1,1.0,0.99818826
1,1.0,0.9993763
0,0.0,0.00079135725
1,1.0,0.99803627
1,1.0,0.9994438
1,1.0,0.9994467
0,0.0,0.00072656415
1,1.0,0.99968237
1,1.0,0.9991826
1,1.0,0.99890524
1,1.0,0.9989642
1,1.0,0.99945706
0,0.0,0.0010068915
1,1.0,0.999436
1,1.0,0.9992561
1,1.0,0.99994993
1,1.0,0.99926287
0,0.0,0.0059019024
1,1.0,0.9984643
1,1.0,0.99892163
0,0.0,0.00037158927
1,1.0,0.9989171
1,1.0,0.99894196
0,0.0,0.0008080917
0,0.0,0.00034967955
1,1.0,0.99803203
1,1.0,0.9989133
1,1.0,0.99907637
1,1.0,0.9990051
0,0.0,0.0020895374
0,0.0,0.000828471
1,1.0,0.99972475
0,0.0,0.0008071501
1,1.0,0.9988969
0,0.0,0.0007208
1,1.0,0.99936885
1,1.0,0.99901396
1,1.0,0.99793893
0,0.0,0.0027193774
1,1.0,0.9990069
0,0.0,0.000535911
0,0.0,0.0013647635
0,0.0,0.000845305
0,0.0,0.000981928
0,0.0,0.000504873
1,1.0,0.99967223
1,1.0,0.9989346
1,1.0,0.99945444
1,1.0,0.999776
1,1.0,0.99909735
1,1.0,0.99833846
1,1.0,0.9989216
1,1.0,0.999225
1,1.0,0.99934113
1,1.0,0.99937475
1,1.0,0.999373
1,1.0,0.9989938
0,0.0,0.0004208074
1,1.0,0.9989743
0,0.0,0.0009890302
0,0.0,0.00036023447
1,1.0,0.9996547
1,1.0,0.99882704
1,1.0,0.9995852
0,0.0,0.0006633417
0,0.0,0.0016057432
1,1.0,0.99911535
0,0.0,0.00042711606
1,1.0,0.999322
1,1.0,0.9994502
0,0.0,0.0009779852
1,1.0,0.99893755
0,0.0,0.0020932038
0,0.0,0.00052320084
1,1.0,0.99592704
1,1.0,0.9998342
0,0.0,0.0008284961
1,1.0,0.9955891
0,0.0,0.00055744656
1,1.0,0.9987848
1,1.0,0.9989959
1,1.0,0.9991464
1,1.0,0.99929154
0,0.0,0.0005301221
0,0.0,0.00037305162
0,0.0,0.0009172566
1,1.0,0.99894786
0,0.0,0.00064623565
0,0.0,0.0007637619
1,1.0,0.9990022
0,0.0,0.00058337767
0,0.0,0.000829977
0,0.0,0.0005236539
0,0.0,0.0008081152
1,1.0,0.9993308
0,0.0,0.0013899455
1,1.0,0.99939966
1,1.0,0.99899375
1,1.0,0.9990013
1,1.0,0.9989982
0,0.0,0.0017630089
0,0.0,0.0008301755
0,0.0,0.0032339012
1,1.0,0.9987908
1,1.0,0.9996631
0,0.0,0.0008105205
0,0.0,0.0015759689
1,1.0,0.9989228
1,1.0,0.9979569
1,1.0,0.99892104
1,1.0,0.9989071
1,1.0,0.99968946
1,1.0,0.9989103
0,0.0,0.0035981778
0,0.0,0.0007681195
0,0.0,0.0015363898
0,0.0,0.0016878822
1,1.0,0.99899113
0,0.0,0.0023787685
1,1.0,0.9996274
1,1.0,0.9999434
1,1.0,0.9991896
1,1.0,0.99932045
1,1.0,0.9982105
1,1.0,0.99937797
0,0.0,0.00069688854
1,1.0,0.99910647
0,0.0,0.0007548613
0,0.0,0.0013402656
1,1.0,0.9988918
1,1.0,0.99991006
1,1.0,0.99899375
1,1.0,0.9989728
1,1.0,0.9994544
1,1.0,0.99931467
1,1.0,0.99926484
0,0.0,0.0013200579
0,0.0,0.0013061969
0,0.0,0.0016112261
1,1.0,0.9989927
1,1.0,0.9971602
0,0.0,0.0010468853
0,0.0,0.0009283942
0,0.0,0.00281765
0,0.0,0.0007681085
1,1.0,0.9984254
1,1.0,0.99899745
0,0.0,0.00091318873
1,1.0,0.9979382
1,1.0,0.9993751
0,0.0,0.00089898205
1,1.0,0.9979259
1,1.0,0.9989911
0,0.0,0.0007791957
1,1.0,0.9983554
0,0.0,0.0007162574
1,1.0,0.9989442
0,0.0,0.0008444866
1,1.0,0.999364
0,0.0,0.0006960482
0,0.0,0.0005148986
0,0.0,0.0007749955
1,1.0,0.99924976
1,1.0,0.9990223
0,0.0,0.0014359062
1,1.0,0.99762905
0,0.0,0.0020023067
0,0.0,0.00076817215
1,1.0,0.9981585
0,0.0,0.0010201617
1,1.0,0.9981892
0,0.0,0.0018854209
1,1.0,0.99899423
1,1.0,0.99932
0,0.0,0.0007751586
1,1.0,0.99943584
1,1.0,0.99696326
1,1.0,0.9993584
0,0.0,0.0003167732
1,1.0,0.99767137
0,0.0,0.00037252565
0,0.0,0.0005972255
0,0.0,0.0008186197
1,1.0,0.99900013
0,0.0,0.000120027245
0,0.0,0.00035559217
0,0.0,0.00012008861
0,0.0,0.0018803532
1,1.0,0.999136
0,0.0,0.0011997266
0,0.0,0.0007606942
1,1.0,0.9989216
1,1.0,0.9989214
1,1.0,0.9980043
1,1.0,0.9995879
0,0.0,0.00082870864
1,1.0,0.9982001
0,0.0,0.0010588906
1,1.0,0.9993668
0,0.0,0.00075821
1,1.0,0.9988052
1,1.0,0.99891454
1,1.0,0.99897695
1,1.0,0.99833
1,1.0,0.9975835
1,1.0,0.99969244
0,0.0,0.0006968433
0,0.0,0.00057719264
0,0.0,0.0009794831
1,1.0,0.9977791
0,0.0,0.0013410503
1,1.0,0.9977222
0,0.0,0.00071807875
1,1.0,0.99850774
1,1.0,0.99904495
1,1.0,0.9992654
1,1.0,0.9989208
0,0.0,0.0008072532
1,1.0,0.9989917
1,1.0,0.99900275
1,1.0,0.99895483
0,0.0,0.000503922
0,0.0,0.0005002741
1,1.0,0.9989924
1,1.0,0.9989431
0,0.0,0.00078482484
1,1.0,1.0
1,1.0,0.9989432
1,1.0,0.99973446
1,1.0,0.9985077
1,1.0,0.99827653
1,1.0,0.9989442
1,1.0,0.998858
0,0.0,0.00074658135
0,0.0,0.001288954
0,0.0,0.001006542
0,0.0,0.0008782984
1,1.0,0.9989023
0,0.0,0.0043458403
1,1.0,0.99940145
0,0.0,0.002684095
0,0.0,0.0013822936
1,1.0,0.99899185
0,0.0,0.0008953149
0,0.0,0.00053341134
1,1.0,0.99834967
1,1.0,0.9994673
0,0.0,0.0014043816
0,0.0,0.0007597223
1,1.0,0.9998686
0,0.0,0.0004309338
1,1.0,0.99894637
1,1.0,0.99894637
1,1.0,0.99884826
1,1.0,0.99898094
0,0.0,0.0011895808
1,1.0,0.9993685
1,1.0,0.99962246
1,1.0,0.9989651
1,1.0,0.9994291
1,1.0,0.9969881
1,1.0,0.99909306
1,1.0,0.999097
1,1.0,0.99902034
0,0.0,0.000768129
1,1.0,0.99967265
1,1.0,0.9990074
1,1.0,0.9989395
1,1.0,0.9992893
1,1.0,0.9994511
0,0.0,0.00086259085
1,1.0,0.99894637
1,1.0,0.9997756
0,0.0,0.0006953634
0,0.0,0.0008136472
0,0.0,0.0007546908
1,1.0,0.99954516
1,1.0,0.99899805
1,1.0,0.9989662
0,0.0,0.0018864645
1,1.0,0.999032
0,0.0,0.00075844454
0,0.0,0.00065370003
1,1.0,0.9989226
1,1.0,0.9971738
1,1.0,0.9977326
0,0.0,0.00073377497
1,1.0,0.9987683
1,1.0,0.99998873
1,1.0,0.9977783
0,0.0,0.0009696314
0,0.0,0.0023776814
0,0.0,0.00034141852
1,1.0,0.9993845
1,1.0,0.99876755
1,1.0,0.99900687
1,1.0,0.99892235
1,1.0,0.99948716
1,1.0,0.99900806
0,0.0,0.00077509665
0,0.0,0.0007681579
0,0.0,0.0006924001
1,1.0,0.99898386
0,0.0,0.0009708905
0,0.0,0.00057535124
0,0.0,0.00165432
0,0.0,0.0011777017
1,1.0,0.9990512
1,1.0,1.0
0,0.0,0.00077936053
0,0.0,0.000779238
0,0.0,0.0013921275
0,0.0,0.0007862486
1,1.0,0.9991382
1,1.0,0.99925005
0,0.0,0.0007672921
0,0.0,0.0012477512
1,1.0,0.99963695
1,1.0,0.9989248
1,1.0,0.99735546
1,1.0,0.9990649
1,1.0,0.9994638
1,1.0,0.9989204
1,1.0,0.9993895
1,1.0,0.9989926
0,0.0,0.00095875625
1,1.0,0.9995305
0,0.0,0.00064135774
1,1.0,0.99955106
0,0.0,0.0008072031
1,1.0,0.9989918
0,0.0,0.0009002729
0,0.0,0.0007601583
1,1.0,0.9987479
0,0.0,0.0094256075
0,0.0,0.00042459831
0,0.0,0.0009259462
0,0.0,0.0007750671
0,0.0,0.000701856
0,0.0,0.00094351365
0,0.0,0.0006961424
0,0.0,0.00047869774
1,1.0,0.9992876
0,0.0,0.00048125137
1,1.0,0.99958557
0,0.0,0.0030607488
1,1.0,0.9998322
1,1.0,0.99816746
0,0.0,0.000828771
1,1.0,0.9989399
1,1.0,0.9993566
1,1.0,0.9993644
0,0.0,0.00089658983
1,1.0,0.99940884
1,1.0,0.998866
1,1.0,0.9984853
0,0.0,0.0016129744
1,1.0,0.99902445
1,1.0,0.99524885
0,0.0,0.00082877255
1,1.0,0.9993821
0,0.0,0.00044744252
1,1.0,0.99867296
1,1.0,0.993927
0,0.0,0.00077504193
1,1.0,0.99975914
1,1.0,0.99973655
1,1.0,0.9981097
1,1.0,0.99999374
1,1.0,0.99949646
0,0.0,0.0004998837
1,1.0,0.9999882
1,1.0,0.9993645
0,0.0,0.00077506335
1,1.0,0.99932134
1,1.0,0.9999225
1,1.0,0.99955785
0,0.0,0.00070123485
1,1.0,0.99897516
0,0.0,0.0006978761
0,0.0,0.002390226
1,1.0,0.99899215
1,1.0,0.99790555
1,1.0,0.9984341
1,1.0,0.9994556
1,1.0,0.9988195
0,0.0,0.00079152925
0,0.0,0.0008137239
0,0.0,0.00082522957
1,1.0,0.99781686
1,1.0,0.99868345
1,1.0,0.99896616
0,0.0,0.0005051979
0,0.0,0.0015588959
1,1.0,0.9989938
0,0.0,0.00049960724
1,1.0,0.99881583
0,0.0,0.00079745875
1,1.0,0.9994659
1,1.0,0.9988194
0,0.0,0.000779349
1,1.0,0.9988924
1,1.0,0.9984521
0,0.0,0.00067977974
1,1.0,0.9990923
0,0.0,0.00035754882
1,1.0,0.9990051
0,0.0,0.00034579192
1,1.0,0.99750584
0,0.0,0.0008513177
1,1.0,0.9989959
1,1.0,0.9994646
1,1.0,0.9985353
1,1.0,0.99930245
1,1.0,0.99876046
1,1.0,0.99886024
0,0.0,0.0007369769
1,1.0,0.9990051
1,1.0,0.99740064
0,0.0,0.00095887185
0,0.0,0.0007974728
0,0.0,0.00053456903
1,1.0,0.9993306
0,0.0,0.0003648142
1,1.0,0.99905246
0,0.0,0.0016553252
1,1.0,0.9989983
0,0.0,0.0014564126
0,0.0,0.0007348547
0,0.0,0.0007751048
1,1.0,0.99952763
1,1.0,0.99898267
1,1.0,0.9996382
1,1.0,0.99776477
1,1.0,0.9989463
0,0.0,0.0006966089
1,1.0,0.998964
0,0.0,0.00035777662
0,0.0,0.00086799863
1,1.0,1.0
0,0.0,0.0008185978
1,1.0,0.9989948
1,1.0,0.998601
1,1.0,0.99943197
1,1.0,0.99942887
1,1.0,0.99892175
1,1.0,0.9994544
0,0.0,0.002264573
1,1.0,0.9993837
1,1.0,0.9995258
1,1.0,0.9993648
0,0.0,0.00076386495
1,1.0,0.9989442
1,1.0,0.9988662
0,0.0,0.0019398901
1,1.0,0.9990995
0,0.0,0.00070591737
1,1.0,0.99965554
0,0.0,0.0013937517
0,0.0,0.0008992917
1,1.0,0.99893016
1,1.0,0.9993254
1,1.0,0.99944574
0,0.0,0.0008186189
0,0.0,0.002871126
1,1.0,0.9989442
1,1.0,0.9993938
1,1.0,0.99888605
1,1.0,0.9999598
1,1.0,0.99935544
0,0.0,0.0009004076
0,0.0,0.0010469964
1,1.0,0.999444
0,0.0,0.0014001388
1,1.0,0.9993787
1,1.0,0.99976444
0,0.0,0.0012025073
1,1.0,0.9988086
1,1.0,0.9979738
0,0.0,0.0005685829
1,1.0,0.9987434
1,1.0,0.9992826
0,0.0,0.0005826448
1,1.0,0.99711716
1,1.0,0.9992846
0,0.0,0.0010635407
0,0.0,0.0008300481
1,1.0,0.9986942
0,0.0,0.0004643341
0,0.0,0.00514337
0,0.0,0.0007913958
1,1.0,0.9995377
1,1.0,0.99899405
1,1.0,0.9989357
1,1.0,0.99893785
0,0.0,0.0028818662
1,1.0,0.9988744
0,0.0,0.0009991027
1,1.0,0.99900675
1,1.0,0.9977209
0,0.0,0.0011891866
0,0.0,0.0009022686
1,1.0,0.9989396
0,0.0,0.002031776
1,1.0,0.99961
0,0.0,0.0008135514
1,1.0,0.9999997
1,1.0,0.99844146
0,0.0,0.00012066852
1,1.0,0.9980324
1,1.0,0.99936956
0,0.0,0.0027413901
1,1.0,0.99924195
0,0.0,0.0010034307
0,0.0,0.00073397916
0,0.0,0.00018764261
1,1.0,0.9989164
0,0.0,0.0006581707
0,0.0,0.00085065764
1,1.0,0.9999978
0,0.0,0.0014374092
0,0.0,0.0014069363
0,0.0,0.00086612906
1,1.0,0.9993175
0,0.0,0.0005579713
1,1.0,0.9988965
0,0.0,0.0003727212
0,0.0,0.00047873813
0,0.0,0.0010202058
1,1.0,0.998904
1,1.0,0.9978417
1,1.0,0.9989301
0,0.0,0.0007003827
0,0.0,0.0004136598
1,1.0,0.99938
0,0.0,0.0008413533
1,1.0,0.99933195
1,1.0,0.9989225
1,1.0,0.99983364
1,1.0,0.99897885
0,0.0,0.0059568635
0,0.0,0.00073309627
0,0.0,0.00037215065
0,0.0,0.00200589
1,1.0,0.9995045
0,0.0,0.0014696369
1,1.0,0.99900734
1,1.0,0.9995134
1,1.0,0.99896306
1,1.0,0.9998972
1,1.0,0.9990047
0,0.0,0.00070135156
1,1.0,0.99946374
1,1.0,0.99998116
1,1.0,0.99892277
1,1.0,0.9986265
1,1.0,0.99957186
1,1.0,0.9993004
0,0.0,0.0009781171
1,1.0,0.9989158
1,1.0,0.99894416
1,1.0,0.9989921
1,1.0,0.9990226
1,1.0,0.9993648
0,0.0,0.0014033868
1,1.0,0.9993995
1,1.0,0.9990047
1,1.0,0.99899125
1,1.0,0.9996289
0,0.0,0.0014072586
1,1.0,0.9990067
0,0.0,0.00066492095
0,0.0,0.00095195463
1,1.0,0.9992502
1,1.0,0.99894637
1,1.0,0.99944675
1,1.0,0.9994006
0,0.0,0.00076389516
1,1.0,0.99684304
0,0.0,0.0007607312
1,1.0,0.99927205
1,1.0,0.99926686
1,1.0,0.9997835
0,0.0,0.000520239
0,0.0,0.00081220054
1,1.0,0.99897677
0,0.0,0.0015634149
1,1.0,0.9988439
0,0.0,0.00080717576
0,0.0,0.0016676218
0,0.0,0.00096492586
1,1.0,0.99894184
1,1.0,0.999005
1,1.0,0.9994722
0,0.0,0.0007913784
0,0.0,0.0023567572
1,1.0,0.99996996
1,1.0,0.9989419
0,0.0,0.0008589836
0,0.0,0.014879221
0,0.0,0.00042646873
0,0.0,0.0008186443
1,1.0,0.999
1,1.0,0.9989895
0,0.0,0.0008268549
1,1.0,0.99947643
1,1.0,0.99945223
0,0.0,0.0009199138
0,0.0,0.0013273498
1,1.0,0.9999099
1,1.0,0.99944603
0,0.0,0.00082878285
1,1.0,0.9996768
0,0.0,0.00037136264
1,1.0,0.9988965
0,0.0,0.00076000916
1,1.0,0.9993279
1,1.0,0.9989249
1,1.0,0.9994583
0,0.0,0.0013637001
0,0.0,0.00097207574
0,0.0,0.0011680578
1,1.0,0.99889183
1,1.0,0.9990345
1,1.0,0.99873495
1,1.0,0.9989026
1,1.0,0.99782914
1,1.0,0.9973561
1,1.0,0.99946404
0,0.0,0.00031079122
1,1.0,0.99944097
1,1.0,0.9991059
1,1.0,0.999274
0,0.0,0.0032128964
0,0.0,0.0013205067
1,1.0,0.9984958
1,1.0,0.99914616
0,0.0,0.00034403586
1,1.0,0.99759585
0,0.0,0.0011689728
1,1.0,0.9991001
1,1.0,0.9996691
0,0.0,0.0007751838
1,1.0,0.9989215
1,1.0,0.9995585
1,1.0,0.9989062
1,1.0,0.99930626
0,0.0,0.00060593564
0,0.0,0.0015431922
0,0.0,0.00069603394
0,0.0,0.00035783253
1,1.0,0.99840486
0,0.0,0.00047808376
1,1.0,0.9994374
0,0.0,0.0006499231
1,1.0,0.9971694
0,0.0,0.002913418
0,0.0,0.0008135088
0,0.0,0.0059352284
1,1.0,0.9995119
0,0.0,0.0008133329
1,1.0,0.99983305
1,1.0,0.99899393
0,0.0,0.0008071947
1,1.0,0.9994441
1,1.0,0.99929243
1,1.0,0.9996506
0,0.0,0.0018075627
0,0.0,0.0003764182
1,1.0,0.9944567
1,1.0,0.9989959
1,1.0,0.9996407
1,1.0,0.998932
1,1.0,0.998938
0,0.0,0.0003474425
1,1.0,0.99917936
1,1.0,0.9989404
1,1.0,0.9989205
0,0.0,0.015059673
0,0.0,0.00080710393
1,1.0,0.9995781
1,1.0,0.99932003
1,1.0,0.998135
1,1.0,0.99917954
1,1.0,0.9998723
0,0.0,0.00070096465
0,0.0,0.0008186201
0,0.0,0.00054125086
0,0.0,0.000658465
1,1.0,0.99895614
0,0.0,0.0008131647
1,1.0,0.9986805
0,0.0,0.0007369692
0,0.0,0.0009988938
1,1.0,0.99963695
1,1.0,0.99959856
1,1.0,0.9989442
0,0.0,0.0035642306
1,1.0,0.99928606
1,1.0,0.99983305
1,1.0,0.9989661
0,0.0,0.0008334602
0,0.0,0.00097240775
1,1.0,0.9990679
1,1.0,0.99977404
1,1.0,0.9995686
0,0.0,0.0034577087
0,0.0,0.0015820626
0,0.0,0.0005171169
0,0.0,0.0007282163
0,0.0,0.00069747656
0,0.0,0.0005286398
0,0.0,0.00083354115
1,1.0,0.9985138
0,0.0,0.0009718751
1,1.0,0.9993306
1,1.0,0.9971831
0,0.0,0.0014703969
1,1.0,0.99904084
1,1.0,0.99773985
1,1.0,0.99876475
0,0.0,0.0009479676
0,0.0,0.0029116594
1,1.0,1.0
0,0.0,0.00078486075
1,1.0,0.99997514
0,0.0,0.0010035073
0,0.0,0.0007597108
0,0.0,0.0006975802
0,0.0,0.0020850056
0,0.0,0.0013150685
1,1.0,0.9978724
1,1.0,0.9989805
1,1.0,0.99840766
1,1.0,0.9989336
1,1.0,0.9994684
1,1.0,0.9994542
1,1.0,0.9989443
1,1.0,0.99898976
0,0.0,0.00077919086
0,0.0,0.00036624607
1,1.0,0.99954957
1,1.0,0.99954176
1,1.0,0.99937516
1,1.0,0.9998161
1,1.0,0.9993882
1,1.0,0.99956745
1,1.0,0.99910694
1,1.0,0.998147
1,1.0,0.99893224
0,0.0,0.0020017866
0,0.0,0.0011343267
1,1.0,0.9996193
0,0.0,0.0003710783
1,1.0,0.99932134
1,1.0,0.9989552
0,0.0,0.002904482
1,1.0,0.9977646
0,0.0,0.0039078775
0,0.0,0.00083356653
0,0.0,0.0009699045
1,1.0,0.9990047
1,1.0,0.9989401
0,0.0,0.00066138414
1,1.0,0.9983549
1,1.0,0.99955434
1,1.0,0.99894416
1,1.0,0.9995067
1,1.0,0.99914473
1,1.0,0.99866784
0,0.0,0.0007595342
1,1.0,0.9989225
1,1.0,0.9996674
0,0.0,0.00077358104
1,1.0,0.99937344
0,0.0,0.0013628775
1,1.0,0.9993348
1,1.0,0.99952996
0,0.0,0.0044321422
0,0.0,0.00055407017
0,0.0,0.000595354
1,1.0,0.9989914
0,0.0,0.00077508704
0,0.0,0.0005047233
0,0.0,0.001120493
0,0.0,0.00080713624
0,0.0,0.0005358859
0,0.0,0.0006330157
1,1.0,0.99899256
0,0.0,0.0017981388
0,0.0,0.000998919
1,1.0,0.99892944
1,1.0,0.99902934
1,1.0,0.9989948
0,0.0,0.0008514709
0,0.0,0.00078486
0,0.0,0.00017012999
1,1.0,0.9995851
0,0.0,0.002262629
0,0.0,0.0005238376
1,1.0,0.9989346
0,0.0,0.0008123507
1,1.0,0.9983544
1,1.0,0.9995211
1,1.0,0.99934393
0,0.0,0.00052376173
1,1.0,0.9994359
1,1.0,0.99899393
0,0.0,0.00035760488
1,1.0,0.99886286
0,0.0,0.0007369505
0,0.0,0.001893223
0,0.0,0.00065921625
1,1.0,0.99944663
1,1.0,0.9993993
1,1.0,0.9992812
1,1.0,0.9981657
1,1.0,0.9993723
1,1.0,0.99893767
0,0.0,0.00049964624
0,0.0,0.0008896437
0,0.0,0.00089843833
0,0.0,0.0019064533
0,0.0,0.0013640058
0,0.0,0.0005574097
1,1.0,0.99903566
0,0.0,0.000585351
1,1.0,0.99859005
0,0.0,0.00037221046
0,0.0,0.001003024
0,0.0,0.00035629713
0,0.0,0.0004940378
0,0.0,0.0007582021
0,0.0,0.0015075937
1,1.0,0.9989723
1,1.0,0.9995418
1,1.0,0.99994344
0,0.0,0.0003386579
0,0.0,0.006862757
0,0.0,0.0005011836
1,1.0,0.9995236
0,0.0,0.000825241
1,1.0,0.9985544
1,1.0,0.99933064
1,1.0,0.9989883
1,1.0,0.9997229
1,1.0,0.9989985
1,1.0,0.99900407
0,0.0,0.00045976628
1,1.0,0.9984454
1,1.0,0.9998325
1,1.0,0.9993888
0,0.0,0.0013313448
0,0.0,0.00060717197
1,1.0,0.9996146
1,1.0,0.9989939
1,1.0,0.9989986
0,0.0,0.0008424029
1,1.0,1.0
1,1.0,0.99983317
1,1.0,0.9982258
0,0.0,0.00053724414
1,1.0,0.99945086
0,0.0,0.0032604653
1,1.0,0.9992331
0,0.0,0.00082523667
1,1.0,0.99888235
1,1.0,0.99946874
0,0.0,0.0007537217
1,1.0,0.998913
1,1.0,0.9994748
1,1.0,0.99717855
0,0.0,0.00036603867
0,0.0,0.0010404527
1,1.0,0.99925447
1,1.0,0.99690336
0,0.0,0.00089920906
0,0.0,0.005146653
1,1.0,0.99322283
1,1.0,0.99893403
1,1.0,0.9989216
1,1.0,0.9989442
1,1.0,0.9999266
1,1.0,0.99909824
1,1.0,0.9990776
1,1.0,0.99907273
0,0.0,0.0003722108
1,1.0,0.99908394
0,0.0,0.0008298892
0,0.0,0.000696941
1,1.0,0.99936867
1,1.0,0.9989341
1,1.0,0.9989921
1,1.0,0.99877405
0,0.0,0.0012069293
1,1.0,0.9984645
1,1.0,0.99738926
0,0.0,0.0023966408
1,1.0,0.9989401
1,1.0,0.9990047
0,0.0,0.0013408605
1,1.0,0.997927
0,0.0,0.00077503675
0,0.0,0.00018767535
0,0.0,0.0008287409
0,0.0,0.00031677683
1,1.0,0.9998302
1,1.0,0.9989943
0,0.0,0.0007519693
1,1.0,0.99899143
0,0.0,0.00095722696
0,0.0,0.0006963451
1,1.0,0.9989211
0,0.0,0.00041956687
0,0.0,0.00045091094
1,1.0,0.99893785
1,1.0,0.99860823
0,0.0,0.00051473186
1,1.0,0.99886686
1,1.0,0.9989443
0,0.0,0.0013630074
1,1.0,0.999923
1,1.0,0.99945015
1,1.0,0.99939525
0,0.0,0.0017412679
0,0.0,0.0008071985
0,0.0,0.0024425255
1,1.0,0.9999283
1,1.0,0.9990051
0,0.0,0.0021879808
1,1.0,0.99927866
1,1.0,0.99937564
0,0.0,0.00083355745
1,1.0,0.99938196
0,0.0,0.00079775706
0,0.0,0.0013674364
1,1.0,0.99986386
1,1.0,0.9995055
0,0.0,0.0011658069
1,1.0,0.99939454
0,0.0,0.00073691865
0,0.0,0.0005005899
0,0.0,0.0020295188
1,1.0,0.99894637
0,0.0,0.0008428
0,0.0,0.00081861304
1,1.0,0.9992166
1,1.0,0.9975659
0,0.0,0.0027854259
0,0.0,0.00063234183
0,0.0,0.0012808078
0,0.0,0.00227589
0,0.0,0.00087012444
0,0.0,0.001148716
0,0.0,0.0013593187
1,1.0,0.99874985
0,0.0,0.0016134967
0,0.0,0.0005240858
0,0.0,0.0056947973
1,1.0,0.99977213
1,1.0,0.9993069
0,0.0,0.0003724433
1,1.0,0.9989743
0,0.0,0.001003122
0,0.0,0.00095910253
1,1.0,0.9994582
0,0.0,0.0008347866
0,0.0,0.0020223034
1,1.0,0.99952435
0,0.0,0.0014338498
0,0.0,0.00097562047
0,0.0,0.0007627099
0,0.0,0.0011975899
1,1.0,0.998867
0,0.0,0.00087909837
1,1.0,0.9985925
0,0.0,0.0013318604
1,1.0,0.99894416
0,0.0,0.0005720998
1,1.0,0.9995054
0,0.0,0.00081227877
1,1.0,0.99914336
1,1.0,0.99899113
1,1.0,0.99993443
0,0.0,0.00273821
0,0.0,0.000770862
1,1.0,0.99899864
1,1.0,0.9996276
1,1.0,0.9999752
1,1.0,0.9988423
1,1.0,0.9989938
0,0.0,0.0008452047
0,0.0,0.0007369123
1,1.0,0.99895006
0,0.0,0.0011206404
0,0.0,0.00069037004
0,0.0,0.0014172433
0,0.0,0.0011321374
1,1.0,0.99898833
1,1.0,0.9993694
0,0.0,0.00067981856
0,0.0,0.00080710085
1,1.0,0.99886715
0,0.0,0.0009002944
0,0.0,0.0007595656
1,1.0,0.99906176
1,1.0,0.9988661
0,0.0,0.00041987532
1,1.0,0.9981246
1,1.0,0.9990069
0,0.0,0.0007606924
1,1.0,0.999444
1,1.0,0.9978669
0,0.0,0.0013149602
0,0.0,0.00035386678
0,0.0,0.0006089163
1,1.0,0.9997184
0,0.0,0.0008300378
1,1.0,0.9989422
0,0.0,0.00073693553
0,0.0,0.0008069601
0,0.0,0.00094797753
1,1.0,0.99936867
1,1.0,0.99892247
1,1.0,0.9970953
1,1.0,0.9997347
1,1.0,0.9996704
1,1.0,0.9989224
1,1.0,0.99884975
1,1.0,0.9986812
0,0.0,0.0010291693
1,1.0,0.99792594
0,0.0,0.00082865567
1,1.0,0.9988871
1,1.0,0.998877
0,0.0,0.0016943378
0,0.0,0.0014004796
1,1.0,0.9994583
1,1.0,0.99910825
0,0.0,0.0014062573
0,0.0,0.00080710894
0,0.0,0.00089648005
1,1.0,0.99910593
0,0.0,0.0007127907
1,1.0,0.9988736
0,0.0,0.00015870536
0,0.0,0.0013339322
1,1.0,0.9984162
0,0.0,0.0013628575
1,1.0,0.9993306
1,1.0,0.9987002
1,1.0,0.99936694
1,1.0,0.9989201
1,1.0,0.99898446
1,1.0,0.9989211
1,1.0,0.9992317
1,1.0,0.998868
0,0.0,0.002557379
1,1.0,0.9999863
1,1.0,0.99936956
1,1.0,0.99943453
0,0.0,0.00069640914
1,1.0,0.99998903
1,1.0,0.9988254
0,0.0,0.0005569028
1,1.0,0.9989463
1,1.0,0.9989959
1,1.0,0.9976854
1,1.0,0.9989565
1,1.0,0.9995906
0,0.0,0.006766507
0,0.0,0.0011830893
0,0.0,0.0005846081
1,1.0,0.9988775
1,1.0,0.99992746
0,0.0,0.00085885916
0,0.0,0.0007913969
1,1.0,0.9990068
0,0.0,0.00049042294
0,0.0,0.00017014328
0,0.0,0.0008018413
1,1.0,0.9985226
1,1.0,0.9995207
0,0.0,0.000813791
0,0.0,0.0003428699
0,0.0,0.00071465137
1,1.0,0.99938565
1,1.0,0.99928206
1,1.0,0.99944746
1,1.0,0.99933875
1,1.0,0.9994596
0,0.0,0.0009832311
1,1.0,0.9989215
0,0.0,0.00061159057
0,0.0,0.0022729055
1,1.0,0.99781567
0,0.0,0.0011777119
0,0.0,0.0113460915
1,1.0,0.9989383
1,1.0,0.99970394
1,1.0,0.9995078
0,0.0,0.0027451927
0,0.0,0.00077063165
1,1.0,0.9989039
0,0.0,0.0006969025
0,0.0,0.0007522761
1,1.0,0.9995721
1,1.0,0.9989917
0,0.0,0.00075033004
0,0.0,0.001220661
0,0.0,0.0007914719
0,0.0,0.0015876665
0,0.0,0.0015249642
1,1.0,0.9993283
1,1.0,0.9990048
0,0.0,0.0005004248
0,0.0,0.0008118183
1,1.0,0.9983124
0,0.0,0.0007370787
0,0.0,0.0014202123
1,1.0,0.99910265
0,0.0,0.0014774238
0,0.0,0.0008296796
0,0.0,0.00084248453
1,1.0,0.9989651
1,1.0,0.9989442
1,1.0,0.99946886
1,1.0,0.9992583
0,0.0,0.0008785709
0,0.0,0.00081323297
0,0.0,0.0009108563
1,1.0,0.9994769
0,0.0,0.0010034096
0,0.0,0.0007847366
0,0.0,0.0015154479
1,1.0,0.9976864
1,1.0,0.9993306
0,0.0,0.00082891906
1,1.0,0.9993597
1,1.0,0.99894184
0,0.0,0.0007490259
1,1.0,0.9995492
1,1.0,0.9992563
1,1.0,0.99946874
0,0.0,0.0007608102
1,1.0,0.99970365
1,1.0,0.99899423
1,1.0,0.9994559
1,1.0,0.9990162
0,0.0,0.00012010177
0,0.0,0.00094600435
1,1.0,0.9989419
1,1.0,0.99925387
1,1.0,0.999774
0,0.0,0.0008122834
1,1.0,0.99894637
0,0.0,0.0008133979
1,1.0,0.99946487
0,0.0,0.00069720007
1,1.0,0.99974954
0,0.0,0.0007794081
0,0.0,0.0008422204
0,0.0,0.0005508016
0,0.0,0.0006301282
1,1.0,0.99781823
1,1.0,0.99879336
1,1.0,0.9996203
0,0.0,0.0008071678
0,0.0,0.00052360765
0,0.0,0.006125533
1,1.0,0.9976324
1,1.0,0.99914306
1,1.0,0.99901587
0,0.0,0.00069322414
0,0.0,0.00076813484
0,0.0,0.001628003
0,0.0,0.00089728076
1,1.0,0.999766
0,0.0,0.00074234797
1,1.0,0.9985136
0,0.0,0.0007140587
0,0.0,0.0005573863
1,1.0,0.99948364
1,1.0,0.99897885
1,1.0,0.99899334
1,1.0,0.9989855
1,1.0,0.998868
1,1.0,0.9990587
1,1.0,0.9993579
1,1.0,0.9989621
0,0.0,0.00037135626
1,1.0,0.99935615
1,1.0,0.99902827
0,0.0,0.0010874822
0,0.0,0.00083348394
0,0.0,0.00076813076
1,1.0,0.99945426
0,0.0,0.00080708775
0,0.0,0.0032259906
1,1.0,0.9994005
1,1.0,0.9981243
0,0.0,0.00095093925
1,1.0,0.9987845
1,1.0,0.9986167
1,1.0,0.9989909
1,1.0,0.9990937
0,0.0,0.0023759448
0,0.0,0.0666543
1,1.0,0.9990333
1,1.0,0.999399
1,1.0,0.99986225
0,0.0,0.0009904198
0,0.0,0.0007606822
0,0.0,0.0008335153
0,0.0,0.0007974321
1,1.0,0.9989924
1,1.0,0.99894637
1,1.0,0.99948645
1,1.0,0.9989297
0,0.0,0.00041502048
1,1.0,0.99899805
1,1.0,0.9976318
1,1.0,0.9989207
0,0.0,0.0013410655
0,0.0,0.0007847949
1,1.0,0.99865264
1,1.0,0.9971742
1,1.0,0.9975213
0,0.0,0.0013287544
1,1.0,0.9989939
1,1.0,0.9989803
0,0.0,0.0006965575
1,1.0,0.99937314
1,1.0,0.99823153
1,1.0,0.9994918
0,0.0,0.00043706037
0,0.0,4.6544304e-05
1,1.0,0.99825484
1,1.0,0.99936
0,0.0,0.00052845746
1,1.0,0.9988354
0,0.0,0.0018882431
0,0.0,0.0020853558
0,0.0,0.0009487429
0,0.0,0.002036426
0,0.0,0.00076052785
1,1.0,0.99889183
1,1.0,0.9996053
0,0.0,0.0009757785
1,1.0,0.9993487
1,1.0,0.99895585
1,1.0,0.9988306
1,1.0,0.9993965
1,1.0,0.99945426
0,0.0,0.0012892555
1,1.0,0.9995225
0,0.0,0.0013935542
1,1.0,0.9989622
1,1.0,0.9990783
0,0.0,0.008515349
1,1.0,0.99922854
1,1.0,0.99928045
0,0.0,0.0006963511
0,0.0,0.0009384378
0,0.0,0.005333743
0,0.0,0.0013639703
0,0.0,0.001534088
1,1.0,0.9987006
1,1.0,0.9989276
1,1.0,0.9993025
0,0.0,0.0013301687
0,0.0,0.0006587051
1,1.0,0.9995641
0,0.0,0.0033177854
0,0.0,0.00037216395
1,1.0,0.9991977
1,1.0,0.9989254
0,0.0,0.0007510075
1,1.0,0.99813545
0,0.0,0.0011648994
0,0.0,0.00082808145
1,1.0,0.998593
1,1.0,0.9988651
1,1.0,0.9989948
0,0.0,0.0007847972
1,1.0,0.9989528
1,1.0,0.9994862
1,1.0,0.99895746
1,1.0,0.9994732
0,0.0,0.0023030655
1,1.0,0.99765134
1,1.0,0.9977804
1,1.0,0.9989324
0,0.0,0.00085659773
1,1.0,0.99889034
0,0.0,0.0008186197
1,1.0,0.99953216
0,0.0,0.0027257784
0,0.0,0.000738846
0,0.0,0.0013401712
0,0.0,0.0020107136
0,0.0,0.0010371917
1,1.0,0.99998903
1,1.0,0.9995696
1,1.0,0.99899364
1,1.0,0.99893093
1,1.0,0.9987781
0,0.0,0.0008797214
0,0.0,0.00034997537
1,1.0,0.99999094
0,0.0,0.002745283
1,1.0,0.9996853
0,0.0,0.000952528
1,1.0,0.9989431
1,1.0,0.99950314
0,0.0,0.00064330024
1,1.0,0.99899435
0,0.0,0.00034370116
0,0.0,0.00075947045
0,0.0,0.0014058736
0,0.0,0.0033171135
1,1.0,0.9995666
1,1.0,0.9989373
1,1.0,0.9989798
1,1.0,0.9993485
0,0.0,0.0014108778
1,1.0,0.99886286
0,0.0,0.007987481
0,0.0,0.0005315719
0,0.0,0.00077926024
1,1.0,0.998825
1,1.0,0.99870306
1,1.0,0.99925447
1,1.0,0.9981425
1,1.0,0.99814147
1,1.0,0.9988133
1,1.0,0.9983977
1,1.0,0.99858856
0,0.0,0.00058962224
0,0.0,0.0005561495
1,1.0,0.99974215
1,1.0,0.99804044
1,1.0,0.9983743
0,0.0,0.0007397069
0,0.0,0.0005554503
0,0.0,0.00041583471
1,1.0,0.9982371
0,0.0,0.0005583742
1,1.0,0.9985904
0,0.0,0.0006870797
1,1.0,0.9973769
0,0.0,0.0028163856
1,1.0,0.9984331
1,1.0,0.9982262
0,0.0,0.00039888272
1,1.0,0.9981901
1,1.0,0.9984742
0,0.0,0.00090396043
1,1.0,0.9985187
0,0.0,0.0038018858
1,1.0,0.9983254
1,1.0,0.9982221
1,1.0,0.9992454
1,1.0,0.9989115
1,1.0,0.9981632
1,1.0,0.99882627
1,1.0,0.9997049
1,1.0,0.99854404
1,1.0,0.99818605
1,1.0,0.9985528
1,1.0,0.9982719
0,0.0,0.00042315296
1,1.0,0.9992021
0,0.0,0.00085009367
1,1.0,0.99822384
0,0.0,0.0006620772
0,0.0,0.00056695915
0,0.0,0.0008706386
1,1.0,0.99823767
1,1.0,0.9953717
1,1.0,0.99782723
1,1.0,0.9982469
0,0.0,0.0009141498
1,1.0,0.9982407
1,1.0,0.9984122
1,1.0,0.99816984
1,1.0,0.9961638
1,1.0,0.9982375
1,1.0,0.9981431
0,0.0,0.0005583803
0,0.0,0.0005910664
1,1.0,0.99810684
1,1.0,0.99746686
0,0.0,0.00056614185
1,1.0,0.9983148
1,1.0,0.99711597
0,0.0,0.0005910452
0,0.0,0.00088518683
1,1.0,0.9981632
0,0.0,0.009510246
0,0.0,0.00071504107
1,1.0,0.9990066
1,1.0,0.99755687
0,0.0,0.00062705006
1,1.0,0.99860334
1,1.0,0.9988323
0,0.0,0.000729429
0,0.0,0.003778539
1,1.0,0.998703
0,0.0,0.001183527
0,0.0,0.00069609797
0,0.0,0.0005456663
1,1.0,0.99855185
1,1.0,0.99819034
1,1.0,0.9999996
1,1.0,0.99746567
1,1.0,0.9983666
1,1.0,0.99775076
1,1.0,0.9985483
1,1.0,0.9990333
0,0.0,0.00038923693
0,0.0,0.00053963286
0,0.0,0.0044489913
0,0.0,0.00058305083
1,1.0,0.99684304
1,1.0,0.9990718
0,0.0,0.0007446632
0,0.0,0.0003814799
1,1.0,0.99985605
1,1.0,0.9991717
0,0.0,0.00036679936
1,1.0,0.99823594
1,1.0,0.9980911
1,1.0,0.9983674
1,1.0,0.9979198
1,1.0,0.9985525
0,0.0,0.00032085823
0,0.0,0.0003053507
1,1.0,0.9988556
1,1.0,0.999372
1,1.0,0.9985113
0,0.0,0.0033248141
0,0.0,0.0005899576
0,0.0,0.0012370734
0,0.0,0.0005605005
0,0.0,0.0005837927
0,0.0,0.0023942273
1,1.0,0.9988385
0,0.0,0.002879732
0,0.0,0.00033452729
1,1.0,0.99902785
0,0.0,0.00047383286
1,1.0,0.9982114
0,0.0,0.0005498629
1,1.0,0.99818844
0,0.0,0.0005839796
0,0.0,0.00045682336
1,1.0,0.99755615
0,0.0,0.0027007447
0,0.0,0.0010876117
1,1.0,0.9982236
1,1.0,0.998635
1,1.0,0.99892926
1,1.0,0.996123
1,1.0,0.998787
0,0.0,0.0012904673
1,1.0,0.99922025
1,1.0,0.9968043
0,0.0,0.00059103785
1,1.0,0.99825
1,1.0,0.99852544
1,1.0,0.9982488
1,1.0,0.99823743
1,1.0,0.99853396
0,0.0,0.0005910159
1,1.0,0.9982319
1,1.0,0.99816316
1,1.0,0.9991871
1,1.0,0.99791634
0,0.0,0.0006033941
0,0.0,0.00087454007
0,0.0,0.0014347929
0,0.0,0.0009048545
0,0.0,0.0005910689
1,1.0,0.998738
0,0.0,0.0005995404
1,1.0,0.9989597
1,1.0,0.9989627
1,1.0,0.99730486
1,1.0,0.99911463
0,0.0,0.0007437521
0,0.0,0.00045258197
0,0.0,0.0005811647
0,0.0,0.00033445616
1,1.0,0.9986171
0,0.0,0.00058371865
1,1.0,0.9988113
0,0.0,0.000589959
0,0.0,0.0005899553
0,0.0,0.00050532725
0,0.0,0.00054981833
1,1.0,0.9981699
1,1.0,0.99814683
0,0.0,0.00065725273
0,0.0,0.00038185468
0,0.0,0.0011210637
1,1.0,0.99823594
1,1.0,0.99904764
1,1.0,0.99879545
0,0.0,0.0005773208
1,1.0,0.9990105
1,1.0,0.9987751
1,1.0,0.99846
0,0.0,0.00037699676
1,1.0,0.99822915
1,1.0,0.99849975
1,1.0,0.99836725
0,0.0,0.0005818157
0,0.0,0.00053965143
0,0.0,0.003541761
0,0.0,0.003171142
1,1.0,0.9981491
0,0.0,0.0005106739
1,1.0,0.9981115
0,0.0,0.004595226
0,0.0,0.00079725357
0,0.0,0.0028714316
1,1.0,0.99841547
0,0.0,0.00833629
0,0.0,0.0014525248
1,1.0,0.9956335
0,0.0,0.0008251156
1,1.0,0.9917115
0,0.0,0.00038163227
1,1.0,0.99859625
0,0.0,0.0012753956
1,1.0,0.9982167
1,1.0,0.9981627
0,0.0,0.00091334095
1,1.0,0.99833035
1,1.0,0.9995106
0,0.0,0.0031844883
0,0.0,0.0012043782
1,1.0,0.99859595
0,0.0,0.00075923384
1,1.0,0.9981483
1,1.0,0.99958265
1,1.0,0.9991168
0,0.0,0.00077462586
0,0.0,0.000317402
0,0.0,0.00081154646
1,1.0,0.99823725
1,1.0,0.9981632
1,1.0,0.99957263
1,1.0,0.9993966
0,0.0,0.0015240961
0,0.0,0.0003871359
0,0.0,0.0005881354
1,1.0,0.9961501
0,0.0,0.0004569048
0,0.0,0.0050762114
1,1.0,0.99864143
0,0.0,0.0005839723
1,1.0,0.99814695
1,1.0,0.9993769
1,1.0,0.9981652
1,1.0,0.99953514
0,0.0,0.0011839478
1,1.0,0.99874574
1,1.0,0.9944534
0,0.0,0.00054615125
1,1.0,0.9989225
1,1.0,0.9987323
0,0.0,0.0005743406
1,1.0,0.9990628
0,0.0,0.0015242369
1,1.0,0.9982502
1,1.0,0.9989526
1,1.0,0.9988173
0,0.0,0.00057285087
0,0.0,0.00081171
0,0.0,0.0012660096
0,0.0,0.000716568
1,1.0,0.999632
1,1.0,0.9977262
1,1.0,0.9981134
0,0.0,0.00043108768
1,1.0,0.99857247
0,0.0,0.0003027185
0,0.0,0.00048964313
0,0.0,0.00092237524
0,0.0,0.00084067497
1,1.0,0.99817276
1,1.0,0.9983693
0,0.0,0.004512711
0,0.0,0.0015025309
0,0.0,0.00057851285
0,0.0,0.0008852341
0,0.0,0.00065722386
0,0.0,0.00026858982
1,1.0,0.99856937
0,0.0,0.0011013255
1,1.0,0.9961201
0,0.0,0.0008404999
1,1.0,0.9987673
1,1.0,0.99836534
1,1.0,0.99816275
1,1.0,0.9987064
0,0.0,0.00028812143
0,0.0,0.006306898
0,0.0,0.0002685701
0,0.0,0.0009377626
1,1.0,0.9975547
1,1.0,0.99736875
1,1.0,0.997369
0,0.0,0.0015573002
0,0.0,0.0033305346
0,0.0,0.0011005783
1,1.0,0.9984278
1,1.0,0.9985203
1,1.0,0.9989369
1,1.0,0.99536836
0,0.0,0.00055614475
1,1.0,0.9981888
1,1.0,0.99819845
1,1.0,0.9981356
1,1.0,0.99913096
0,0.0,0.0012046214
0,0.0,0.0006355249
0,0.0,0.00038806497
0,0.0,0.0005582539
1,1.0,0.99817765
1,1.0,0.9981889
0,0.0,0.00058812933
1,1.0,0.9981419
0,0.0,0.00069844833
0,0.0,0.0006861989
0,0.0,0.0003189943
1,1.0,0.9982372
0,0.0,0.006558064
0,0.0,0.000522407
0,0.0,0.00069874024
1,1.0,0.99808
1,1.0,0.9990547
1,1.0,0.99822277
1,1.0,0.99816996
1,1.0,0.9989771
0,0.0,0.0005604455
1,1.0,0.99878186
0,0.0,0.0008346626
1,1.0,0.9969056
1,1.0,0.99825203
1,1.0,0.9986179
1,1.0,0.9972799
0,0.0,0.004448829
1,1.0,0.9992245
0,0.0,0.0012653673
0,0.0,0.00055840536
0,0.0,0.00034895356
0,0.0,0.0011999826
1,1.0,0.9987811
0,0.0,0.0026826093
1,1.0,0.9981867
0,0.0,0.0008406625
0,0.0,0.0024319284
1,1.0,0.9982358
1,1.0,0.9982469
1,1.0,0.99820733
1,1.0,0.9988787
0,0.0,0.00048793317
0,0.0,0.0047876043
1,1.0,0.9981927
1,1.0,0.9971622
0,0.0,0.00045669993
1,1.0,0.9981383
1,1.0,0.99797094
0,0.0,0.0004072993
0,0.0,0.0012659549
0,0.0,0.0007906431
1,1.0,0.998045
1,1.0,0.99846435
1,1.0,0.9981886
0,0.0,0.000599481
1,1.0,0.99775076
0,0.0,0.00058645615
1,1.0,0.99851704
1,1.0,0.99884236
0,0.0,0.0011022796
1,1.0,0.9982489
1,1.0,0.9984953
1,1.0,0.9981886
0,0.0,0.0008442501
1,1.0,0.9978201
0,0.0,0.0043646605
0,0.0,0.0005994764
1,1.0,0.99784666
0,0.0,0.00079085265
0,0.0,0.0007236342
0,0.0,0.0005881226
1,1.0,0.9996296
0,0.0,0.0013164832
0,0.0,0.0008851885
1,1.0,0.9990875
0,0.0,0.00062492606
1,1.0,0.9985514
1,1.0,0.99879646
1,1.0,0.9981572
1,1.0,0.9967558
1,1.0,0.99825776
1,1.0,0.9942941
0,0.0,0.00027509333
1,1.0,0.9982207
0,0.0,0.00048254651
0,0.0,0.0007001114
1,1.0,0.99845153
0,0.0,0.00055839686
0,0.0,0.0007906055
1,1.0,0.99901253
0,0.0,0.0005829836
1,1.0,0.9989877
1,1.0,0.9986021
1,1.0,0.99835944
1,1.0,0.9978606
1,1.0,0.99898845
1,1.0,0.9973789
1,1.0,0.99536043
0,0.0,0.001237928
1,1.0,0.99899566
1,1.0,0.9991757
0,0.0,0.0005837771
1,1.0,0.9991391
0,0.0,0.0026081288
0,0.0,0.0005987878
0,0.0,0.00031794255
1,1.0,0.9982318
1,1.0,0.99853677
1,1.0,0.9984439
1,1.0,0.9991956
1,1.0,0.99819964
1,1.0,0.99872476
1,1.0,0.9970246
0,0.0,0.00084705494
1,1.0,0.9995357
1,1.0,0.9984488
1,1.0,0.9977071
0,0.0,0.0003483403
0,0.0,0.0005700972
1,1.0,0.99877596
0,0.0,0.00045664774
0,0.0,0.00065704796
1,1.0,0.9985861
0,0.0,0.0063829203
1,1.0,0.9981632
1,1.0,0.9985649
1,1.0,0.99773604
0,0.0,0.00079297915
0,0.0,0.005386841
1,1.0,0.99823195
0,0.0,0.0005853449
0,0.0,0.0035219586
0,0.0,0.00068678346
1,1.0,0.99881315
1,1.0,0.99822664
1,1.0,0.9981488
1,1.0,0.998524
1,1.0,0.9985517
1,1.0,0.9982318
0,0.0,0.0006525516
1,1.0,0.9993164
1,1.0,0.99823755
0,0.0,0.0011838445
1,1.0,0.9980765
1,1.0,0.99946046
0,0.0,0.00040781312
1,1.0,0.9986352
1,1.0,0.99831504
1,1.0,0.9984854
0,0.0,0.00030264544
0,0.0,0.00064554316
1,1.0,0.9982072
1,1.0,0.9982238
1,1.0,0.9996077
1,1.0,0.99942964
1,1.0,0.99827456
1,1.0,0.99837524
0,0.0,0.00055839657
0,0.0,0.0005239886
1,1.0,0.998762
1,1.0,0.99675965
0,0.0,0.00068815134
0,0.0,0.005038023
0,0.0,0.0005471219
0,0.0,0.0005195262
1,1.0,0.9981633
0,0.0,0.0005404709
1,1.0,0.99425995
0,0.0,0.00038319826
1,1.0,0.9982319
0,0.0,0.0007396527
1,1.0,0.9984845
1,1.0,0.99822706
1,1.0,0.9986404
1,1.0,0.9987646
1,1.0,0.9981392
0,0.0,0.00078023144
1,1.0,0.9982231
1,1.0,0.99863476
1,1.0,0.99825054
1,1.0,0.995321
0,0.0,0.0012712074
1,1.0,0.9987574
0,0.0,0.0005240738
0,0.0,0.00028982435
1,1.0,0.9996474
1,1.0,0.99771255
0,0.0,0.00042818373
0,0.0,0.0011837065
1,1.0,0.99908155
1,1.0,0.9979025
0,0.0,0.0006850717
1,1.0,0.9982228
1,1.0,0.99890554
0,0.0,0.0007379805
0,0.0,0.0007289863
0,0.0,0.0008385205
0,0.0,0.0060302406
1,1.0,0.9984485
1,1.0,0.99932915
0,0.0,0.0009403465
1,1.0,0.99817127
0,0.0,0.0015098304
1,1.0,0.9978213
0,0.0,0.00083654973
1,1.0,0.99948984
0,0.0,0.00057432277
0,0.0,0.00038153154
0,0.0,0.00058993703
0,0.0,0.00055548124
0,0.0,0.00028248187
1,1.0,0.998872
0,0.0,0.0010206681
0,0.0,0.004898811
0,0.0,0.0010589387
0,0.0,0.00045682033
1,1.0,0.9986161
0,0.0,0.00026370352
1,1.0,0.9989773
1,1.0,0.99819267
0,0.0,0.0006991913
0,0.0,0.0004567983
1,1.0,0.9982475
1,1.0,0.99731904
1,1.0,0.99887085
1,1.0,0.99984115
0,0.0,0.00079093286
1,1.0,0.99755585
1,1.0,0.9986179
0,0.0,0.00028445962
1,1.0,0.9991405
1,1.0,0.9993549
1,1.0,0.99537015
0,0.0,0.001765439
0,0.0,0.00059295207
1,1.0,0.99848473
1,1.0,0.9981395
0,0.0,0.0011218089
0,0.0,0.0013463439
1,1.0,0.99824065
1,1.0,0.9985377
1,1.0,0.9985522
0,0.0,0.0010089326
1,1.0,0.9981706
1,1.0,0.99986416
1,1.0,0.9973678
1,1.0,0.99825
1,1.0,0.9950554
1,1.0,0.9985737
1,1.0,0.9982358
1,1.0,0.99856085
1,1.0,0.99909884
1,1.0,0.99827814
1,1.0,0.9984532
0,0.0,0.000381817
1,1.0,0.998601
0,0.0,0.000560427
0,0.0,0.0007448942
1,1.0,0.9985385
1,1.0,0.9994594
0,0.0,0.00031923162
0,0.0,0.0010617893
1,1.0,0.99888045
0,0.0,0.000583648
0,0.0,0.0005791467
1,1.0,0.99813455
0,0.0,0.00057438936
1,1.0,0.9985517
1,1.0,0.99516106
1,1.0,0.99775285
0,0.0,0.0005910757
1,1.0,0.9982318
0,0.0,0.0015018093
1,1.0,0.9990501
1,1.0,0.99985814
0,0.0,0.0016378671
0,0.0,0.002675845
1,1.0,0.9967876
0,0.0,0.000301278
1,1.0,0.9971773
1,1.0,0.99924207
1,1.0,0.9982268
1,1.0,0.9975399
1,1.0,0.99913573
1,1.0,0.9981996
1,1.0,0.999469
0,0.0,0.00081326
1,1.0,0.9986324
1,1.0,0.99980813
0,0.0,0.00031814817
1,1.0,0.9982276
1,1.0,0.9982353
1,1.0,0.9981627
0,0.0,0.0011694622
0,0.0,0.0011820737
0,0.0,0.00055841176
1,1.0,0.998251
1,1.0,0.99825466
1,1.0,0.998523
1,1.0,0.9980042
0,0.0,0.0009402148
1,1.0,0.9981868
1,1.0,0.99836695
1,1.0,0.9983646
1,1.0,0.9984982
0,0.0,0.0015247515
1,1.0,0.9990873
0,0.0,0.00025901597
1,1.0,0.99816215
1,1.0,0.99817306
1,1.0,0.9986324
1,1.0,0.995358
0,0.0,0.0035778128
1,1.0,0.9982407
1,1.0,0.999138
1,1.0,0.99823236
1,1.0,0.9999995
1,1.0,0.99873567
0,0.0,0.00055839686
0,0.0,0.004597377
1,1.0,0.9981417
0,0.0,0.0006444846
1,1.0,0.9977537
1,1.0,0.99752116
0,0.0,0.00057373714
1,1.0,0.99985605
1,1.0,0.99817604
0,0.0,0.0008547299
0,0.0,0.00056038715
1,1.0,0.9985742
0,0.0,0.00038213687
1,1.0,0.99887896
0,0.0,0.00070001837
0,0.0,0.0010575806
0,0.0,0.00027619238
0,0.0,0.0015130817
0,0.0,0.00058521435
0,0.0,0.0002619744
0,0.0,0.0003912583
1,1.0,0.999316
1,1.0,0.99929017
1,1.0,0.99816877
1,1.0,0.99918795
0,0.0,0.00066096766
0,0.0,0.0005818088
0,0.0,0.00043331762
0,0.0,0.007988524
0,0.0,0.00058361015
1,1.0,0.99804074
0,0.0,0.001184056
1,1.0,0.9985071
0,0.0,0.0005404727
0,0.0,0.0011194176
1,1.0,0.9979562
1,1.0,0.9992031
0,0.0,0.0008386279
1,1.0,0.9977643
1,1.0,0.9984152
0,0.0,0.00057283224
0,0.0,0.0005727782
0,0.0,0.00091034704
1,1.0,0.9996248
1,1.0,0.9961102
1,1.0,0.9989767
1,1.0,0.99866533
0,0.0,0.00038117144
1,1.0,0.9999949
1,1.0,0.9959315
0,0.0,0.0004569026
0,0.0,0.0005839829
0,0.0,0.00059952616
1,1.0,0.997807
1,1.0,0.99792343
1,1.0,0.99859786
1,1.0,0.9982077
0,0.0,0.0010737004
0,0.0,0.0021984659
1,1.0,0.9993943
1,1.0,0.9981713
1,1.0,0.9981787
1,1.0,0.9940544
1,1.0,0.99781615
0,0.0,0.00056620885
0,0.0,0.00059090834
1,1.0,0.9990626
1,1.0,0.996844
0,0.0,0.000523948
1,1.0,0.998462
1,1.0,0.99762404
0,0.0,0.00038193676
0,0.0,0.0003914351
0,0.0,0.0018200038
1,1.0,0.99767643
0,0.0,0.0005743291
0,0.0,0.0006009162
0,0.0,0.00068676675
0,0.0,0.00065257837
0,0.0,0.004448396
0,0.0,0.009444275
0,0.0,0.002167006
1,1.0,0.9986256
0,0.0,0.00058748893
0,0.0,0.00033968876
1,1.0,0.9982135
1,1.0,0.9981392
0,0.0,0.009894209
1,1.0,0.99849564
0,0.0,0.00048231083
0,0.0,0.00069990027
1,1.0,0.9994327
1,1.0,0.9977395
0,0.0,0.0009661894
1,1.0,0.99883103
1,1.0,0.9981459
1,1.0,0.9978712
1,1.0,0.9981632
1,1.0,0.9990387
1,1.0,0.99782175
1,1.0,0.99909484
0,0.0,0.0015274406
1,1.0,0.99906886
0,0.0,0.00058812095
1,1.0,0.9987371
0,0.0,0.00071486144
0,0.0,0.0005461544
1,1.0,0.99818194
0,0.0,0.0005898623
1,1.0,0.99849516
0,0.0,0.0005498745
1,1.0,0.9985133
1,1.0,0.99893
1,1.0,0.99535686
0,0.0,0.00045680464
1,1.0,0.9985106
1,1.0,0.9988189
0,0.0,0.0016372246
1,1.0,0.9990115
1,1.0,0.99653286
0,0.0,0.00033469632
1,1.0,0.99876183
1,1.0,0.99825
0,0.0,0.0004568604
1,1.0,0.9984308
0,0.0,0.0005837373
1,1.0,0.9984392
1,1.0,0.9982153
0,0.0,0.0037075311
0,0.0,0.0005396319
0,0.0,0.00074191805
1,1.0,0.9982319
1,1.0,0.9982758
0,0.0,0.00040105238
1,1.0,0.9984297
1,1.0,0.9983064
1,1.0,0.99910283
1,1.0,0.9944536
0,0.0,0.00055838196
1,1.0,0.99783415
0,0.0,0.0008865973
0,0.0,0.001028015
0,0.0,0.00030255027
1,1.0,0.9982257
1,1.0,0.99843055
0,0.0,0.00058178464
1,1.0,0.99764633
0,0.0,0.00040089205
0,0.0,0.0034854624
0,0.0,0.005722426
0,0.0,0.0037458832
1,1.0,0.99872804
0,0.0,0.00045152946
0,0.0,0.0006569609
0,0.0,0.0011110625
0,0.0,0.00025574001
1,1.0,0.99866503
0,0.0,0.0006266539
0,0.0,0.000747135
0,0.0,0.0005584078
0,0.0,0.0005361624
1,1.0,0.99817246
1,1.0,0.99817264
1,1.0,0.9966258
0,0.0,0.0006473946
0,0.0,0.00081139914
1,1.0,0.9993884
0,0.0,0.0011011881
0,0.0,0.0009970408
1,1.0,0.99537253
0,0.0,0.00048316698
0,0.0,0.0005882053
0,0.0,0.006381454
1,1.0,0.99822426
1,1.0,0.99824065
1,1.0,0.9998598
0,0.0,0.0011633736
0,0.0,0.004351845
1,1.0,0.99816394
0,0.0,0.0011026436
1,1.0,0.9984872
0,0.0,0.00079307816
1,1.0,0.997582
1,1.0,0.997388
1,1.0,0.9987133
1,1.0,0.99772894
0,0.0,0.00057913293
0,0.0,0.0004079115
1,1.0,0.99746954
1,1.0,0.99814636
1,1.0,0.9985989
1,1.0,0.9982376
0,0.0,0.00085460197
1,1.0,0.9980041
1,1.0,0.9973139
0,0.0,0.00081117806
0,0.0,0.00087047025
0,0.0,0.002784573
1,1.0,0.9988225
1,1.0,0.99934685
1,1.0,0.99855274
1,1.0,0.9998598
1,1.0,0.99880046
1,1.0,0.99865985
1,1.0,0.99787873
0,0.0,0.0004630726
1,1.0,0.99854785
1,1.0,0.99836886
1,1.0,0.99818236
0,0.0,0.00033794995
0,0.0,0.0015242471
0,0.0,0.000382847
1,1.0,0.9982922
1,1.0,0.9980564
1,1.0,0.9986153
1,1.0,0.997795
0,0.0,0.00020512303
1,1.0,0.9988379
0,0.0,0.00058997533
0,0.0,0.0006869847
1,1.0,0.99767685
0,0.0,0.00057645486
1,1.0,0.9990458
1,1.0,0.99859816
1,1.0,0.9982439
1,1.0,0.998507
0,0.0,5.5448145e-05
0,0.0,0.00025726727
1,1.0,0.99270344
0,0.0,0.000744765
0,0.0,0.00041591126
1,1.0,0.9991101
0,0.0,0.00047657517
0,0.0,0.0005742991
0,0.0,0.0005555011
0,0.0,0.0026730215
0,0.0,0.0015142701
0,0.0,0.00078933017
0,0.0,0.0007343143
1,1.0,0.9981699
1,1.0,0.9980669
1,1.0,0.9982004
0,0.0,0.005669586
1,1.0,0.99887156
0,0.0,0.00014297913
0,0.0,0.0015098858
0,0.0,0.000744941
0,0.0,0.0008347776
0,0.0,0.0003818858
0,0.0,0.000656544
0,0.0,0.0006570574
0,0.0,0.00084065215
0,0.0,0.008650317
1,1.0,0.99863493
0,0.0,0.0003871512
0,0.0,0.0005043405
1,1.0,0.99985605
0,0.0,0.010287055
0,0.0,0.00077449414
1,1.0,0.99791443
0,0.0,0.0005736611
0,0.0,0.0017408693
1,1.0,0.9994291
0,0.0,0.0027942
1,1.0,0.9957855
0,0.0,0.0003075703
1,1.0,0.9971853
0,0.0,0.0006991263
1,1.0,0.9981621
1,1.0,0.9982208
1,1.0,0.9997874
0,0.0,0.0014409403
1,1.0,0.9986663
1,1.0,0.9993053
1,1.0,0.9982311
0,0.0,0.00045689876
1,1.0,0.9981632
0,0.0,0.0008119255
1,1.0,0.99814427
1,1.0,0.99805224
0,0.0,0.00096143683
1,1.0,0.9973359
0,0.0,0.00059106044
1,1.0,0.9986018
1,1.0,0.99855506
0,0.0,0.0010403537
0,0.0,0.00040977148
1,1.0,0.99916637
1,1.0,0.9988731
1,1.0,0.99898475
1,1.0,0.998462
1,1.0,0.99543136
1,1.0,0.99891573
1,1.0,0.9990025
1,1.0,0.99835986
0,0.0,0.00088823255
1,1.0,0.9981725
1,1.0,0.9968784
0,0.0,0.003137565
1,1.0,0.99902874
1,1.0,0.99820775
1,1.0,0.9985696
1,1.0,0.9995425
1,1.0,0.9982319
1,1.0,0.99814975
1,1.0,0.9960499
0,0.0,0.00071263144
0,0.0,0.0011096466
0,0.0,0.0003760929
0,0.0,0.0005561564
1,1.0,0.9982086
0,0.0,0.0005839946
1,1.0,0.9969309
1,1.0,0.99814135
1,1.0,0.9970122
0,0.0,0.0005561405
0,0.0,0.00054618454
0,0.0,0.00055208296
1,1.0,0.9982864
0,0.0,0.0009057196
1,1.0,0.9993992
1,1.0,0.999052
1,1.0,0.9978449
0,0.0,0.00054840784
1,1.0,0.9987667
0,0.0,0.0010243006
0,0.0,0.0012945106
1,1.0,0.998786
0,0.0,0.00038788436
1,1.0,0.9986078
0,0.0,0.0004960615
0,0.0,0.0005396817
1,1.0,0.9983148
0,0.0,0.0005836385
0,0.0,0.0007396146
0,0.0,0.00063725474
1,1.0,0.99818885
0,0.0,0.0008377327
1,1.0,0.9983738
1,1.0,0.99860245
0,0.0,0.00056043477
1,1.0,0.99854565
0,0.0,0.00074488355
0,0.0,0.000579139
1,1.0,0.99824446
1,1.0,0.99768203
0,0.0,0.00059944496
0,0.0,0.0005068581
0,0.0,0.0026841841
0,0.0,0.0007002885
1,1.0,0.9983348
0,0.0,0.0008443345
0,0.0,0.002135669
0,0.0,0.0015191872
1,1.0,0.9983222
0,0.0,0.0057038683
0,0.0,0.00055841764
0,0.0,0.00026951154
1,1.0,0.99823725
1,1.0,0.9989441
0,0.0,0.001557115
1,1.0,0.9984388
1,1.0,0.99894804
1,1.0,0.9986832
1,1.0,0.99590176
1,1.0,0.9982359
1,1.0,0.9988363
1,1.0,0.9977563
0,0.0,0.0008271229
1,1.0,0.9988211
1,1.0,0.9993949
1,1.0,0.9983411
0,0.0,0.0004458769
0,0.0,0.0003831349
0,0.0,0.00049959886
0,0.0,0.0064607468
0,0.0,0.00090276747
1,1.0,0.9967904
1,1.0,0.99836653
0,0.0,0.002599792
0,0.0,0.0015108862
0,0.0,0.006748309
1,1.0,0.9980564
1,1.0,0.99822325
1,1.0,0.9991775
0,0.0,0.004450363
0,0.0,0.002094545
1,1.0,0.9979744
0,0.0,0.0015239468
1,1.0,0.99851716
1,1.0,0.9972937
1,1.0,0.99746305
1,1.0,0.99885947
1,1.0,0.9989809
0,0.0,0.0015242173
1,1.0,0.9991015
0,0.0,0.0007592128
1,1.0,0.9964103
0,0.0,0.00052729837
0,0.0,0.00045264387
1,1.0,0.998668
0,0.0,0.00059109705
0,0.0,0.0013161385
1,1.0,0.99704397
1,1.0,0.9981627
1,1.0,0.9987534
0,0.0,0.0005094291
0,0.0,0.00079016853
0,0.0,0.0007451015
0,0.0,0.00036095415
1,1.0,0.99836814
1,1.0,0.9985951
0,0.0,0.0011130536
0,0.0,0.00058285997
1,1.0,0.9978598
1,1.0,0.99941653
1,1.0,0.9987712
1,1.0,0.99712825
1,1.0,0.9982256
0,0.0,0.00038204563
1,1.0,0.998635
1,1.0,0.9989934
1,1.0,0.9961243
0,0.0,0.000998716
1,1.0,0.9984621
0,0.0,0.00081137975
0,0.0,0.0003194079
0,0.0,0.0005555053
0,0.0,0.004448137
0,0.0,0.00057741
1,1.0,0.9984652
1,1.0,0.99838156
0,0.0,0.005011324
1,1.0,0.9979003
1,1.0,0.9995826
1,1.0,0.9973069
1,1.0,0.9981648
0,0.0,0.0004073668
1,1.0,0.99855286
1,1.0,0.99737537
1,1.0,0.9984688
0,0.0,0.0007128777
0,0.0,0.0006568022
1,1.0,0.9977645
0,0.0,0.0008753913
0,0.0,0.00052150205
0,0.0,0.0005101339
0,0.0,0.0004881076
0,0.0,0.0028409695
1,1.0,0.99875534
0,0.0,0.0015242514
0,0.0,0.0049567837
0,0.0,0.0006572245
1,1.0,0.99865556
0,0.0,0.0010591182
1,1.0,0.9971871
1,1.0,0.99755657
0,0.0,0.00071672024
0,0.0,0.0009614781
1,1.0,0.99728847
1,1.0,0.99593246
1,1.0,0.9981806
1,1.0,0.99810576
1,1.0,0.9954027
0,0.0,0.00036931195
0,0.0,0.00059301784
1,1.0,0.9970835
0,0.0,0.0013532697
0,0.0,0.00057223695
1,1.0,0.9981779
0,0.0,0.0005462496
1,1.0,0.99828345
0,0.0,0.0056525413
1,1.0,0.9954118
0,0.0,0.00035619782
1,1.0,0.99814594
0,0.0,0.0012698453
0,0.0,0.00036079087
1,1.0,0.9986703
1,1.0,0.9981494
0,0.0,0.00058814074
0,0.0,0.00075492525
1,1.0,0.99859846
1,1.0,0.99891526
0,0.0,0.0062206527
1,1.0,0.998138
0,0.0,0.00033799413
1,1.0,0.99843353
0,0.0,0.00062235125
0,0.0,0.00060769124
0,0.0,0.0024844455
0,0.0,0.00055547245
1,1.0,0.99949485
0,0.0,0.00052536774
1,1.0,0.99820024
0,0.0,0.0006857521
1,1.0,0.99790376
1,1.0,0.99558514
1,1.0,0.9970632
1,1.0,0.99825007
0,0.0,0.0007845781
1,1.0,0.99915737
0,0.0,0.0006728651
1,1.0,0.9987769
1,1.0,0.99731356
1,1.0,0.99929863
0,0.0,0.0050728726
0,0.0,0.0005927952
1,1.0,0.9982003
0,0.0,0.0009460084
1,1.0,0.99898237
0,0.0,0.0011842218
0,0.0,0.0013524174
0,0.0,0.0033479529
1,1.0,0.9987642
1,1.0,0.9993174
1,1.0,0.99866724
0,0.0,0.0012654088
0,0.0,0.0012654377
1,1.0,0.9967676
1,1.0,0.9982267
1,1.0,0.99847525
1,1.0,0.99823654
0,0.0,0.00075918325
0,0.0,0.0010217635
1,1.0,0.9981394
1,1.0,0.99824065
1,1.0,0.99739116
1,1.0,0.99823576
0,0.0,0.005144046
1,1.0,0.9978807
1,1.0,0.9982318
1,1.0,0.9982407
0,0.0,0.0003208842
1,1.0,0.9976581
1,1.0,0.99911606
0,0.0,0.00093879376
1,1.0,0.99885386
1,1.0,0.9978332
0,0.0,0.0003391904
1,1.0,0.9983969
1,1.0,0.99766093
0,0.0,0.0004615614
1,1.0,0.9982222
0,0.0,0.0038048252
1,1.0,0.99817544
0,0.0,0.00057434774
1,1.0,0.9973854
0,0.0,0.0010618101
1,1.0,0.9985593
1,1.0,0.99833643
1,1.0,0.9987478
1,1.0,0.9997394
1,1.0,0.997818
0,0.0,0.00054715975
1,1.0,0.99680877
1,1.0,0.9986256
0,0.0,0.00033474455
1,1.0,0.9977095
0,0.0,0.00043906498
1,1.0,0.9998598
1,1.0,0.9996549
1,1.0,0.99693257
1,1.0,0.9985439
1,1.0,0.9987133
1,1.0,0.99818504
0,0.0,0.00058525393
0,0.0,0.0007470104
1,1.0,0.9982318
1,1.0,0.99890953
1,1.0,0.99813056
0,0.0,0.0008423569
0,0.0,0.0002759681
1,1.0,0.9985517
0,0.0,0.0003947263
1,1.0,0.9985548
1,1.0,0.99861777
1,1.0,0.9979114
1,1.0,0.99823767
1,1.0,0.9994773
1,1.0,0.9984494
1,1.0,0.9953442
1,1.0,0.99776596
0,0.0,0.008167281
1,1.0,0.9983156
1,1.0,0.99858856
1,1.0,0.99863124
1,1.0,0.9961518
0,0.0,0.00055615907
1,1.0,0.99751985
0,0.0,0.0005691384
1,1.0,0.99824065
1,1.0,0.99813676
1,1.0,0.998797
0,0.0,0.0006621069
1,1.0,0.9989261
0,0.0,0.008545074
1,1.0,0.99822074
0,0.0,0.00070676825
0,0.0,0.00077646936
0,0.0,0.0014751464
1,1.0,0.99887186
1,1.0,0.99701667
1,1.0,0.9981889
1,1.0,0.99824744
1,1.0,0.99752766
1,1.0,0.99963
1,1.0,0.9985244
0,0.0,0.0009272251
0,0.0,0.0027646373
1,1.0,0.9977512
0,0.0,0.0024356386
1,1.0,0.9976316
0,0.0,0.0007991605
1,1.0,0.99825007
1,1.0,0.9974676
0,0.0,0.00039767762
0,0.0,0.004488235
1,1.0,0.9964465
0,0.0,0.000435108
0,0.0,0.001176153
0,0.0,0.0012824484
1,1.0,0.99766994
0,0.0,0.0006570961
1,1.0,0.99874234
0,0.0,0.004170806
0,0.0,0.00053962826
0,0.0,0.0005194685
0,0.0,0.0010230605
1,1.0,0.99875265
0,0.0,0.0014066383
0,0.0,0.0005604385
0,0.0,0.0005661267
0,0.0,0.0003317502
0,0.0,0.009062797
0,0.0,0.0035018574
1,1.0,0.9982894
1,1.0,0.99821544
1,1.0,0.9977638
1,1.0,0.9969152
1,1.0,0.99972236
0,0.0,0.0010576311
1,1.0,0.9980474
1,1.0,0.99849385
0,0.0,0.0007684753
1,1.0,0.99806476
0,0.0,0.0010590552
0,0.0,0.0006991343
1,1.0,0.99811643
1,1.0,0.99839234
0,0.0,0.0005662007
0,0.0,0.000319231
1,1.0,0.9990552
1,1.0,0.99819696
0,0.0,0.0035590797
0,0.0,0.0005743532
0,0.0,0.0007384846
0,0.0,0.00059304107
1,1.0,0.9985366
1,1.0,0.9981434
1,1.0,0.99816674
1,1.0,0.99794304
1,1.0,0.99971724
1,1.0,0.99601966
1,1.0,0.9981632
1,1.0,0.9991622
0,0.0,0.0026147089
0,0.0,0.001514754
0,0.0,0.00043452607
0,0.0,0.0003812456
1,1.0,0.9983754
0,0.0,0.0039523556
1,1.0,0.9984953
1,1.0,0.9976352
0,0.0,0.0006782176
1,1.0,0.99888706
1,1.0,0.9982131
0,0.0,0.0005837409
1,1.0,0.9985398
1,1.0,0.99821
1,1.0,0.9981883
0,0.0,0.00054985244
1,1.0,0.99851274
1,1.0,0.99855304
0,0.0,0.0043952377
1,1.0,0.9981697
0,0.0,0.00025270085
1,1.0,0.9980278
1,1.0,0.9985004
1,1.0,0.99755687
0,0.0,0.00065709266
0,0.0,0.0008119304
0,0.0,0.00031966408
0,0.0,0.0032473383
0,0.0,0.0004204647
1,1.0,0.9985901
0,0.0,0.00044097874
0,0.0,0.0008367043
1,1.0,0.9983149
1,1.0,0.9982003
0,0.0,0.0025508362
1,1.0,0.9977211
1,1.0,0.99881434
0,0.0,0.0048802504
1,1.0,0.9983661
1,1.0,0.998539
1,1.0,0.9985441
0,0.0,0.0005852657
1,1.0,0.9993983
0,0.0,0.0008780729
0,0.0,0.000539636
1,1.0,0.99844813
1,1.0,0.99875337
1,1.0,0.9987712
1,1.0,0.9990529
1,1.0,0.99813956
1,1.0,0.9982501
1,1.0,0.99858737
1,1.0,0.99888986
1,1.0,0.9982506
1,1.0,0.99796736
1,1.0,0.9981627
1,1.0,0.99814355
0,0.0,0.00039317674
1,1.0,0.99879247
0,0.0,0.00058461755
0,0.0,0.0013792717
0,0.0,0.00968839
1,1.0,0.9971396
1,1.0,0.9988063
0,0.0,0.0005905958
0,0.0,0.00081125146
0,0.0,0.0005821274
0,0.0,0.00072456815
1,1.0,0.9984274
1,1.0,0.99836576
0,0.0,0.001184193
1,1.0,0.9989427
1,1.0,0.9984407
1,1.0,0.9981627
1,1.0,0.99434805
1,1.0,0.9973926
1,1.0,0.99831456
1,1.0,0.99915904
1,1.0,0.99749535
1,1.0,0.9981419
1,1.0,0.998366
1,1.0,0.99849766
0,0.0,0.0004874855
1,1.0,0.997706
0,0.0,0.00042661553
0,0.0,0.00073971396
1,1.0,0.9981425
1,1.0,0.9989432
0,0.0,0.00072280853
1,1.0,0.998169
0,0.0,0.010503311
0,0.0,0.00051020057
0,0.0,0.000699971
1,1.0,0.9979026
1,1.0,0.9986048
1,1.0,0.9967734
1,1.0,0.99818504
1,1.0,0.9985309
1,1.0,0.9971862
1,1.0,0.9984301
0,0.0,0.00077452074
0,0.0,0.0006526918
1,1.0,0.99815565
1,1.0,0.99857265
0,0.0,0.0010617245
1,1.0,0.9981632
1,1.0,0.9985375
1,1.0,0.99418205
0,0.0,0.0042800815
1,1.0,0.99814945
1,1.0,0.9975509
1,1.0,0.99827355
1,1.0,0.99824065
0,0.0,0.00064316805
0,0.0,0.00065604114
1,1.0,0.99868715
1,1.0,0.99853754
0,0.0,0.00030514257
1,1.0,0.9987624
0,0.0,0.001273986
1,1.0,0.99767494
1,1.0,0.99854606
0,0.0,0.00038707518
1,1.0,0.9981729
0,0.0,0.00027281602
0,0.0,0.0013460823
1,1.0,0.9979442
1,1.0,0.9977372
0,0.0,0.0008119397
0,0.0,0.0005779661
0,0.0,0.0009924774
0,0.0,0.0012655582
0,0.0,0.0016377775
0,0.0,0.00056621584
0,0.0,0.0015248177
0,0.0,0.00056040805
1,1.0,0.998485
0,0.0,0.00088825164
1,1.0,0.997903
1,1.0,0.99791694
0,0.0,0.0008686743
0,0.0,0.0007163997
0,0.0,0.0005604436
0,0.0,0.0004417487
0,0.0,0.001025649
0,0.0,0.0005461596
1,1.0,0.999372
0,0.0,0.0014153948
1,1.0,0.99937624
1,1.0,0.99904007
1,1.0,0.99881804
0,0.0,0.00027622897
0,0.0,0.00046322154
0,0.0,0.0008401704
0,0.0,0.004549796
1,1.0,0.99887574
0,0.0,0.001637666
0,0.0,0.0007000483
1,1.0,0.9988086
0,0.0,0.002540508
0,0.0,0.00031444247
1,1.0,0.99901146
1,1.0,0.99822134
0,0.0,0.0013170439
1,1.0,0.99776417
0,0.0,0.00030552712
0,0.0,0.00084876706
0,0.0,0.00068911514
0,0.0,0.0005773649
0,0.0,0.0010840616
1,1.0,0.99836737
0,0.0,0.00045686236
1,1.0,0.9982234
1,1.0,0.9993967
1,1.0,0.99831396
1,1.0,0.9990636
1,1.0,0.99885446
0,0.0,0.0007550354
0,0.0,0.00083461485
1,1.0,0.99817246
1,1.0,0.99814457
1,1.0,0.9988049
0,0.0,0.00026109247
1,1.0,0.9985771
1,1.0,0.9983122
1,1.0,0.9967172
0,0.0,0.00091398775
0,0.0,0.0030862293
1,1.0,0.99615055
1,1.0,0.9980768
0,0.0,0.0005661402
1,1.0,0.9982563
1,1.0,0.9969291
1,1.0,0.99849623
1,1.0,0.99829495
0,0.0,0.000575979
0,0.0,0.0004307919
0,0.0,0.0006621249
1,1.0,0.9982407
0,0.0,0.0016373222
0,0.0,0.004841422
0,0.0,0.0007592794
0,0.0,0.0013529686
1,1.0,0.99626577
0,0.0,0.0009455033
1,1.0,0.99701154
1,1.0,0.99818677
0,0.0,0.00058756757
1,1.0,0.9976571
1,1.0,0.9997388
0,0.0,0.00055840646
0,0.0,0.0044001
1,1.0,0.99969125
1,1.0,0.9982256
1,1.0,0.9972987
1,1.0,0.99825
0,0.0,0.0017280094
1,1.0,0.99821365
0,0.0,0.00052014325
1,1.0,0.9977447
0,0.0,0.00027627219
0,0.0,0.00079033355
0,0.0,0.0026749847
0,0.0,0.00038182683
1,1.0,0.9962244
0,0.0,0.0036448594
1,1.0,0.9955712
1,1.0,0.9986119
1,1.0,0.99874836
1,1.0,0.9982091
1,1.0,0.9981869
0,0.0,0.0015243168
0,0.0,0.0013902183
1,1.0,0.9980275
1,1.0,0.99877036
1,1.0,0.99871856
1,1.0,0.9986278
1,1.0,0.99860114
0,0.0,0.00038099563
0,0.0,0.0005728995
1,1.0,0.9982199
1,1.0,0.9984813
1,1.0,0.99912673
0,0.0,0.00057344144
1,1.0,0.99816006
1,1.0,0.9986824
1,1.0,0.9985875
1,1.0,0.998553
0,0.0,0.002925305
0,0.0,0.0013149728
0,0.0,0.000592434
0,0.0,0.00085108844
0,0.0,0.00039905272
0,0.0,0.0009366928
0,0.0,0.011756379
1,1.0,0.99817693
1,1.0,0.99809664
1,1.0,0.99854845
1,1.0,0.9989708
0,0.0,0.0014402015
1,1.0,0.9997913
0,0.0,0.0007499265
0,0.0,0.006074715
0,0.0,0.00032944503
1,1.0,0.9982087
0,0.0,0.0017220932
1,1.0,0.998244
0,0.0,0.00043185952
0,0.0,0.0013151511
1,1.0,0.99789053
0,0.0,0.0022003672
0,0.0,0.0007388541
1,1.0,0.9985876
1,1.0,0.99856865
0,0.0,0.00058997475
0,0.0,0.00028258853
0,0.0,0.00071661035
1,1.0,0.99796283
1,1.0,0.9989006
0,0.0,0.0005839919
1,1.0,0.99781543
0,0.0,0.0004878678
0,0.0,0.003367995
1,1.0,0.99804217
1,1.0,0.9987861
1,1.0,0.9981969
1,1.0,0.998746
1,1.0,0.9989057
1,1.0,0.9982132
1,1.0,0.9982967
1,1.0,0.99840754
0,0.0,0.0005555014
1,1.0,0.99823684
0,0.0,0.0005661526
1,1.0,0.9961658
0,0.0,0.00035905433
1,1.0,0.99884105
1,1.0,0.9982811
1,1.0,0.998982
1,1.0,0.9986049
1,1.0,0.99897295
0,0.0,0.0011217681
1,1.0,0.9985518
1,1.0,0.99841183
0,0.0,0.00050168036
1,1.0,0.99869716
0,0.0,0.0104938
0,0.0,0.0005910452
1,1.0,0.9984512
1,1.0,0.99818325
1,1.0,0.9977484
0,0.0,0.00036105496
1,1.0,0.9987082
1,1.0,0.9981853
1,1.0,0.99739194
0,0.0,0.0005569256
0,0.0,0.00029124392
0,0.0,0.0018850879
1,1.0,0.9990057
0,0.0,0.00079569954
0,0.0,0.000593001
1,1.0,0.99859476
0,0.0,0.00055616436
1,1.0,0.9981698
0,0.0,0.00040854636
1,1.0,0.99853677
0,0.0,0.0024064516
1,1.0,0.9978289
0,0.0,0.0014877674
1,1.0,0.9998401
1,1.0,0.99985605
1,1.0,0.998225
1,1.0,0.9984439
1,1.0,0.9984948
1,1.0,0.99822515
1,1.0,0.9969515
1,1.0,0.998244
1,1.0,0.99855274
0,0.0,0.0003567662
0,0.0,0.00042842544
1,1.0,0.99839044
1,1.0,0.99825007
1,1.0,0.9982488
1,1.0,0.99897844
1,1.0,0.9993522
1,1.0,0.99820715
1,1.0,0.9978218
0,0.0,0.0006782141
1,1.0,0.99680406
1,1.0,0.99301773
1,1.0,0.99870396
0,0.0,0.00055615616
1,1.0,0.99815637
1,1.0,0.99818707
0,0.0,0.001462225
0,0.0,0.000795877
1,1.0,0.9980889
0,0.0,0.00045689373
1,1.0,0.9980889
1,1.0,0.9981329
0,0.0,0.0005254065
0,0.0,0.00044345952
1,1.0,0.99884933
1,1.0,0.99948573
0,0.0,0.0005462158
0,0.0,0.00040369562
0,0.0,0.00074495166
0,0.0,0.001033439
0,0.0,0.0005839693
0,0.0,0.00038226988
1,1.0,0.99836636
0,0.0,0.0004080806
0,0.0,0.00058179133
1,1.0,0.9989768
0,0.0,0.0012830057
1,1.0,0.9985504
0,0.0,0.00045684451
0,0.0,0.0004707169
1,1.0,0.9981868
1,1.0,0.9981437
1,1.0,0.9982406
1,1.0,0.9978626
1,1.0,0.9981712
0,0.0,0.0005852751
1,1.0,0.99894273
1,1.0,0.9987535
1,1.0,0.9996973
1,1.0,0.9981227
1,1.0,0.9961321
1,1.0,0.9963128
1,1.0,0.9985252
0,0.0,0.00059605436
0,0.0,0.0017497727
0,0.0,0.0005561657
1,1.0,0.99860096
0,0.0,0.0008686925
1,1.0,0.99814993
0,0.0,0.0031828692
1,1.0,0.9977324
1,1.0,0.99816984
1,1.0,0.9983696
1,1.0,0.99899846
0,0.0,0.0015242877
1,1.0,0.9991554
1,1.0,0.9983984
0,0.0,0.009498917
1,1.0,0.9981632
0,0.0,0.0012358906
1,1.0,0.9982132
0,0.0,0.0009666709
0,0.0,8.256996e-05
0,0.0,0.00084963534
0,0.0,0.0006939016
0,0.0,0.0008343309
1,1.0,0.9985865
1,1.0,0.9993358
1,1.0,0.99864185
1,1.0,0.99928284
0,0.0,0.0011143353
1,1.0,0.9975585
1,1.0,0.9992011
0,0.0,0.0010234149
0,0.0,0.00045658936
0,0.0,0.0005837103
0,0.0,0.0022323253
1,1.0,0.99823755
1,1.0,0.9984479
1,1.0,0.99863327
1,1.0,0.9996832
1,1.0,0.9983663
1,1.0,0.9989805
1,1.0,0.9969769
0,0.0,0.00038149592
0,0.0,0.0008275782
0,0.0,0.00055468257
1,1.0,0.9974475
0,0.0,0.0007470539
0,0.0,0.002675607
1,1.0,0.99814504
0,0.0,0.0009190772
1,1.0,0.9974592
1,1.0,0.9985496
0,0.0,0.0005561527
0,0.0,0.0005560751
1,1.0,0.998261
0,0.0,0.0005743073
0,0.0,0.00055544975
0,0.0,0.000583998
1,1.0,0.99864936
1,1.0,0.99835765
0,0.0,0.0005661651
0,0.0,0.0037552516
1,1.0,0.9982829
0,0.0,0.00028693172
1,1.0,0.99593914
1,1.0,0.99817693
1,1.0,0.9982359
1,1.0,0.99904555
0,0.0,0.00077651016
1,1.0,0.997242
1,1.0,0.9994297
1,1.0,0.9988237
0,0.0,0.0011217148
0,0.0,0.00043186898
1,1.0,0.9982235
0,0.0,0.0007415395
0,0.0,0.0052075223
1,1.0,0.9983892
0,0.0,0.00053869653
0,0.0,0.00045658785
1,1.0,0.9976615
1,1.0,0.99913245
0,0.0,0.00044230552
1,1.0,0.9996368
0,0.0,0.0008115874
0,0.0,0.0025410398
0,0.0,0.01056487
1,1.0,0.99854386
0,0.0,0.0037813117
0,0.0,0.0005721486
1,1.0,0.99880046
0,0.0,0.00081325497
1,1.0,0.99819857
1,1.0,0.99913275
1,1.0,0.9981376
1,1.0,0.9978262
0,0.0,0.00057281536
1,1.0,0.9977261
1,1.0,0.99870133
1,1.0,0.99793553
1,1.0,0.99705297
1,1.0,0.998274
1,1.0,0.99858665
1,1.0,0.99835753
1,1.0,0.99857366
0,0.0,0.0007453927
1,1.0,0.99808604
0,0.0,0.00050352415
1,1.0,1.0
0,0.0,0.0042923144
0,0.0,0.00081167603
1,1.0,0.99819696
1,1.0,0.9977899
0,0.0,0.00051065837
0,0.0,0.0003045825
1,1.0,0.9981002
0,0.0,0.0076468005
1,1.0,0.9977748
0,0.0,0.0012380319
1,1.0,0.99666005
1,1.0,0.99704695
1,1.0,0.9984408
0,0.0,0.0005839279
0,0.0,0.0005851655
1,1.0,0.9985817
0,0.0,0.00033456046
1,1.0,0.9981647
0,0.0,0.0004578546
1,1.0,0.9984397
0,0.0,0.0012039383
1,1.0,0.9981632
1,1.0,0.9987375
1,1.0,0.99854237
1,1.0,0.99845266
0,0.0,0.0006559824
0,0.0,0.0013778276
1,1.0,0.9987355
1,1.0,0.99823475
0,0.0,0.0005767659
1,1.0,0.9973965
1,1.0,0.99833995
1,1.0,0.997929
1,1.0,0.9981633
0,0.0,0.0015339144
1,1.0,0.9988833
1,1.0,0.99822336
1,1.0,0.999066
0,0.0,0.00057798787
1,1.0,0.99816275
0,0.0,0.0025687318
1,1.0,0.9980136
1,1.0,0.9981222
0,0.0,0.0005839718
0,0.0,0.00083485467
1,1.0,0.99904746
1,1.0,0.9968348
1,1.0,0.9992818
1,1.0,0.998816
1,1.0,0.9988763
1,1.0,0.9984982
0,0.0,0.0005604444
1,1.0,0.9990814
1,1.0,0.9985875
0,0.0,0.0003192508
1,1.0,0.9984945
1,1.0,0.99880815
0,0.0,0.0010832212
0,0.0,0.0010390892
1,1.0,0.99825007
0,0.0,0.001477357
1,1.0,0.99820024
0,0.0,0.0010082887
0,0.0,0.00059927994
0,0.0,0.0009117046
0,0.0,0.00036994045
1,1.0,0.9977186
1,1.0,0.9981639
0,0.0,0.00055832666
1,1.0,0.9981868
1,1.0,0.99884754
1,1.0,0.99675626
0,0.0,0.0031498023
1,1.0,0.99917865
0,0.0,0.00074690295
0,0.0,0.0005727567
0,0.0,0.0006777441
0,0.0,0.0005837048
0,0.0,0.00075474905
0,0.0,0.0005639553
1,1.0,0.99850243
1,1.0,0.99820036
1,1.0,0.99859107
0,0.0,0.00059959583
0,0.0,0.0011966075
1,1.0,0.9976609
0,0.0,0.0003056836
1,1.0,0.9961197
1,1.0,0.9984052
0,0.0,0.0008115391
1,1.0,0.9996809
0,0.0,0.00040861825
0,0.0,0.00081140304
0,0.0,0.00067883846
1,1.0,0.9983686
0,0.0,0.002930036
0,0.0,0.0006975636
0,0.0,0.0011835548
0,0.0,0.0005852378
1,1.0,0.99822325
0,0.0,0.0008405336
1,1.0,0.9984748
1,1.0,0.9992012
0,0.0,0.0005102654
1,1.0,0.9985793
0,0.0,0.00046967933
1,1.0,0.99855256
1,1.0,0.9980954
1,1.0,0.9977594
1,1.0,0.9981459
0,0.0,0.000716511
1,1.0,0.9961027
1,1.0,0.99771947
0,0.0,0.0005461661
1,1.0,0.9986663
1,1.0,0.99736476
1,1.0,0.99823725
1,1.0,0.99846387
1,1.0,0.998162
1,1.0,0.99856085
1,1.0,0.9981632
0,0.0,0.00084108836
1,1.0,0.9973406
1,1.0,0.99816465
1,1.0,0.99870306
0,0.0,0.000583752
0,0.0,0.0007001264
1,1.0,0.9982457
1,1.0,0.99827236
0,0.0,0.0015245737
1,1.0,0.99873567
0,0.0,0.0005852334
0,0.0,0.0003524707
1,1.0,0.99878234
0,0.0,0.00033470048
1,1.0,0.9989851
1,1.0,0.99835587
1,1.0,0.999105
0,0.0,0.0015242951
1,1.0,0.9983669
1,1.0,0.9977214
0,0.0,0.0004035325
0,0.0,0.00086862955
1,1.0,0.9990848
1,1.0,0.9982511
1,1.0,0.99824065
0,0.0,0.0007396008
1,1.0,0.9977163
1,1.0,0.9983569
0,0.0,0.0007930414
0,0.0,0.00051030243
1,1.0,0.9979364
1,1.0,0.9983983
1,1.0,0.99828404
1,1.0,0.9981419
0,0.0,0.004945078
1,1.0,0.9985491
1,1.0,0.9982587
0,0.0,0.0005930832
0,0.0,0.0007128967
0,0.0,0.0005396411
1,1.0,0.9998598
0,0.0,0.0025464639
1,1.0,0.9981826
1,1.0,0.9984485
0,0.0,0.00086333795
1,1.0,0.9985491
1,1.0,0.99724674
1,1.0,0.99799323
0,0.0,0.0011180072
0,0.0,0.00046893515
0,0.0,0.0005830305
1,1.0,0.99742156
0,0.0,0.00079327764
1,1.0,0.9984598
1,1.0,0.99780846
1,1.0,0.9989939
1,1.0,0.9986861
0,0.0,0.00057146675
1,1.0,0.9983151
1,1.0,0.99868363
1,1.0,0.9986021
0,0.0,0.00026374953
0,0.0,0.0013914098
1,1.0,0.9981869
1,1.0,0.99767804
0,0.0,0.00079572765
0,0.0,0.0011842189
0,0.0,0.0005994964
0,0.0,0.0007765057
0,0.0,0.00028806296
0,0.0,0.00042151118
0,0.0,0.00038713365
0,0.0,0.00083865755
0,0.0,0.00054919824
0,0.0,0.0007900782
1,1.0,0.998194
1,1.0,0.9985529
1,1.0,0.99906325
0,0.0,0.0005471178
0,0.0,0.0015107286
1,1.0,0.9982204
1,1.0,0.9994294
1,1.0,0.9991351
1,1.0,0.999078
1,1.0,0.99824065
1,1.0,0.99825466
1,1.0,0.99866635
1,1.0,0.99816024
0,0.0,0.00028951868
1,1.0,0.9985831
0,0.0,0.0006047388
1,1.0,0.9982407
1,1.0,0.99814224
0,0.0,0.00065716973
0,0.0,0.0003191872
1,1.0,0.9997252
0,0.0,0.0002914998
0,0.0,0.00045679286
0,0.0,0.0005261159
1,1.0,0.99820715
1,1.0,0.9985478
0,0.0,0.00027415992
1,1.0,0.9986964
1,1.0,0.99816275
1,1.0,0.99778134
0,0.0,0.00058998767
1,1.0,0.99855584
1,1.0,0.99906355
0,0.0,0.00097155303
1,1.0,0.99877536
1,1.0,0.99835366
1,1.0,0.9987321
0,0.0,0.00057799835
0,0.0,0.0007896643
0,0.0,0.0008685746
1,1.0,0.99888164
0,0.0,0.00026204585
1,1.0,0.9961104
0,0.0,0.00055843306
0,0.0,0.0002738065
0,0.0,0.0005261269
1,1.0,0.9987081
0,0.0,0.0006469647
0,0.0,0.0053993585
1,1.0,0.99815565
0,0.0,0.00081134884
0,0.0,0.00079398404
1,1.0,0.9977512
0,0.0,0.0011139584
0,0.0,0.0005182237
0,0.0,0.00029506147
1,1.0,0.9997913
1,1.0,0.9982001
0,0.0,0.0012499832
1,1.0,0.99953276
1,1.0,0.99824065
1,1.0,0.9981633
0,0.0,0.00087058137
0,0.0,0.013718021
0,0.0,0.00049162185
1,1.0,0.9988817
1,1.0,0.9967981
0,0.0,0.0007587059
1,1.0,0.99248666
1,1.0,0.9983151
0,0.0,0.0007166424
0,0.0,0.00038581138
0,0.0,0.00065702474
1,1.0,0.9981453
0,0.0,0.0003871211
1,1.0,0.999768
1,1.0,0.99818885
0,0.0,0.0005582909
1,1.0,0.9995285
0,0.0,0.0024120465
0,0.0,0.0007337414
0,0.0,0.0005899691
1,1.0,0.9984713
0,0.0,0.0005396486
0,0.0,0.0013524875
1,1.0,0.9969249
1,1.0,0.99913305
1,1.0,0.99824065
0,0.0,0.0004313884
0,0.0,0.0028357694
1,1.0,0.99817127
1,1.0,0.99540263
1,1.0,0.99813944
1,1.0,0.99631226
0,0.0,0.0043526464
0,0.0,0.0005852579
0,0.0,0.00043188973
0,0.0,0.00056043046
1,1.0,0.9984926
0,0.0,0.00037708864
1,1.0,0.9986176
1,1.0,0.9985759
1,1.0,0.9982506
1,1.0,0.9980428
0,0.0,0.0043187966
1,1.0,0.996863
1,1.0,0.9988734
1,1.0,0.99822277
1,1.0,0.99824893
1,1.0,0.99738705
0,0.0,0.00079102966
1,1.0,0.99912447
0,0.0,0.0012198521
0,0.0,0.0004568262
1,1.0,0.99816316
1,1.0,0.99920356
0,0.0,0.0012499327
1,1.0,0.998487
1,1.0,0.9972876
0,0.0,0.00056067354
1,1.0,0.9988067
1,1.0,0.9986011
0,0.0,0.0015240774
1,1.0,0.9983462
0,0.0,0.00046297855
1,1.0,0.99764454
0,0.0,0.0055367216
1,1.0,0.9989227
1,1.0,0.9979082
1,1.0,0.99785596
0,0.0,0.00084032456
0,0.0,0.0006783298
1,1.0,0.9976895
1,1.0,0.9982234
0,0.0,0.00076321093
0,0.0,0.00074541074
0,0.0,0.0011539111
1,1.0,0.99852693
1,1.0,0.9985225
0,0.0,0.0006566529
1,1.0,0.99848986
1,1.0,0.99857694
1,1.0,0.9999974
1,1.0,0.99824065
0,0.0,0.00080266845
1,1.0,0.99972695
0,0.0,0.0014079465
1,1.0,0.9984948
1,1.0,0.9982358
1,1.0,0.99824053
1,1.0,0.99824476
0,0.0,0.0002897213
0,0.0,0.0007233805
1,1.0,0.9997151
1,1.0,0.99835134
0,0.0,0.002983785
1,1.0,0.99839103
1,1.0,0.998237
0,0.0,0.0005366964
0,0.0,0.0004132686
0,0.0,0.0005432889
1,1.0,0.99876773
0,0.0,0.0004615988
1,1.0,0.9985873
1,1.0,0.99874157
0,0.0,0.0007930131
1,1.0,0.9986295
1,1.0,0.999839
1,1.0,0.99965745
0,0.0,0.00077192346
1,1.0,0.99685097
0,0.0,0.0009027305
1,1.0,0.9982755
1,1.0,0.99765784
1,1.0,0.99917066
1,1.0,0.99816316
0,0.0,0.00069987593
0,0.0,0.009664309
1,1.0,0.99583805
0,0.0,0.0014061152
1,1.0,0.9979688
1,1.0,0.99820924
0,0.0,0.000591017
1,1.0,0.99824065
0,0.0,0.00044217735
1,1.0,0.9991861
0,0.0,0.0007930026
1,1.0,0.9991601
0,0.0,0.0052994234
0,0.0,0.003890147
0,0.0,0.0007905855
0,0.0,0.0011808178
0,0.0,0.00056598755
1,1.0,0.998366
1,1.0,0.9987423
1,1.0,0.9983141
0,0.0,0.0006775009
1,1.0,0.9986341
0,0.0,0.006624341
0,0.0,0.0005743636
1,1.0,0.99843085
1,1.0,0.9909786
1,1.0,0.999059
0,0.0,0.00058308087
0,0.0,0.00067163364
1,1.0,0.9965066
0,0.0,0.0007212445
0,0.0,0.000555437
1,1.0,0.9982239
1,1.0,0.99860287
0,0.0,0.0035032653
0,0.0,0.00046326948
1,1.0,0.998164
1,1.0,0.9982407
1,1.0,0.99814904
0,0.0,0.000555581
1,1.0,0.99896085
1,1.0,0.9975407
0,0.0,0.00058780616
0,0.0,0.0021403355
1,1.0,0.9961195
1,1.0,0.99853754
1,1.0,0.9989461
1,1.0,0.9981416
1,1.0,0.9988456
1,1.0,0.99842757
1,1.0,0.99893475
1,1.0,0.99906856
1,1.0,0.9987397
0,0.0,0.0007396026
0,0.0,0.00071301014
1,1.0,0.9990545
0,0.0,0.0015355898
1,1.0,0.99713844
0,0.0,0.0016378936
1,1.0,0.99923855
1,1.0,0.9982744
0,0.0,0.0015230589
1,1.0,0.998704
1,1.0,0.9982374
0,0.0,0.0005604457
0,0.0,0.0005850487
0,0.0,0.0014744435
0,0.0,0.00027810675
0,0.0,0.000585189
1,1.0,0.99772596
1,1.0,0.9976752
1,1.0,0.9990021
1,1.0,0.99837714
1,1.0,0.9982136
1,1.0,0.99858767
1,1.0,0.99810266
1,1.0,0.99835116
1,1.0,0.99844587
0,0.0,0.000592969
1,1.0,0.99818677
1,1.0,0.99850744
1,1.0,0.99793386
1,1.0,0.99818045
0,0.0,0.00083861273
1,1.0,0.9989435
1,1.0,0.99823743
0,0.0,0.0005772014
1,1.0,0.99822605
1,1.0,0.9987811
0,0.0,0.000566184
0,0.0,0.00038208684
1,1.0,0.998299
0,0.0,0.000583727
1,1.0,0.99858034
0,0.0,0.00059956074
1,1.0,0.99841475
0,0.0,0.00046449614
0,0.0,0.0015193014
0,0.0,0.0005839723
0,0.0,0.00090483506
1,1.0,0.9982319
0,0.0,0.0007280171
1,1.0,0.99888885
0,0.0,0.0002600954
1,1.0,0.9978147
0,0.0,0.00039091377
1,1.0,0.99706066
1,1.0,0.9990346
1,1.0,0.99859
0,0.0,0.0007167914
0,0.0,0.00074702967
1,1.0,0.9989877
0,0.0,0.00055835437
1,1.0,0.9984021
1,1.0,0.99954623
1,1.0,0.9985153
0,0.0,0.0006567502
0,0.0,0.00052608905
0,0.0,0.0002819359
1,1.0,0.99717754
0,0.0,0.0008170996
1,1.0,0.9992877
0,0.0,0.00059305807
0,0.0,0.00048797132
1,1.0,0.9985294
0,0.0,0.00058813876
0,0.0,0.00079575944
1,1.0,0.9981702
1,1.0,0.99707097
1,1.0,0.99916565
1,1.0,0.99977326
1,1.0,0.999534
1,1.0,0.9979185
0,0.0,0.018637564
0,0.0,0.00038715065
1,1.0,0.99816865
0,0.0,0.00057733513
1,1.0,0.99825
1,1.0,0.9992118
1,1.0,0.9976229
0,0.0,0.0007396153
1,1.0,0.99855137
1,1.0,0.99816984
1,1.0,1.0
0,0.0,0.0012938192
1,1.0,0.9982406
0,0.0,0.0005839176
0,0.0,0.00069992454
1,1.0,0.9950517
0,0.0,0.0007746012
1,1.0,0.99551946
0,0.0,0.00057432934
0,0.0,0.00059436634
1,1.0,0.99758685
1,1.0,0.99963903
0,0.0,0.0008930987
1,1.0,0.9986569
1,1.0,0.9993185
0,0.0,0.0004740389
0,0.0,0.0013520091
0,0.0,0.00038711852
1,1.0,0.99859846
1,1.0,0.9983655
0,0.0,0.00045196933
0,0.0,0.00126541
0,0.0,0.0011214023
1,1.0,0.9987885
0,0.0,0.009810026
0,0.0,0.00071282807
0,0.0,0.00051146135
0,0.0,0.00067789
0,0.0,0.0006571143
1,1.0,0.99828506
0,0.0,0.00038229485
1,1.0,0.99860305
1,1.0,0.998142
0,0.0,0.00046181292
0,0.0,0.0007458631
0,0.0,0.0005852883
0,0.0,0.0005555638
1,1.0,0.9981459
0,0.0,0.0005930416
1,1.0,0.9997685
0,0.0,0.00047549632
1,1.0,0.9995083
0,0.0,0.0011838687
1,1.0,0.9992592
1,1.0,0.9982136
1,1.0,0.9983671
1,1.0,0.9985728
0,0.0,0.00058379845
0,0.0,0.0006569314
1,1.0,0.99914134
1,1.0,0.9982243
0,0.0,0.00028978122
0,0.0,0.0003817737
1,1.0,0.9984153
1,1.0,0.99875355
1,1.0,0.9991938
0,0.0,0.00053963443
1,1.0,0.9971685
0,0.0,0.00081182993
1,1.0,0.9984295
1,1.0,0.99766237
1,1.0,0.998501
0,0.0,0.00058174966
1,1.0,0.9972575
1,1.0,0.9985736
1,1.0,0.9985376
0,0.0,0.000550626
1,1.0,0.9988384
1,1.0,0.9988966
1,1.0,0.998462
1,1.0,0.9987695
1,1.0,0.99860054
0,0.0,0.00048880256
1,1.0,0.9985173
1,1.0,0.99913543
1,1.0,0.999534
1,1.0,0.99746877
0,0.0,0.0046775998
1,1.0,0.9983126
1,1.0,0.9982077
0,0.0,0.00038260984
1,1.0,0.9982693
1,1.0,0.998189
0,0.0,0.0015192111
0,0.0,0.00028694049
1,1.0,0.99738806
1,1.0,0.99819815
1,1.0,0.99880296
1,1.0,0.99832237
0,0.0,0.0009970631
0,0.0,0.0005836741
1,1.0,0.9993051
0,0.0,0.0005930133
1,1.0,0.99790275
0,0.0,0.0005499599
1,1.0,0.99836606
1,1.0,0.9981946
1,1.0,0.99647427
0,0.0,0.005821409
1,1.0,0.99825054
0,0.0,0.0004350477
0,0.0,0.0011216422
0,0.0,0.0007396393
0,0.0,0.00065858645
0,0.0,0.00040840913
1,1.0,0.99910164
1,1.0,0.9969137
1,1.0,0.99859905
1,1.0,0.99893534
1,1.0,0.99876976
1,1.0,0.99890924
1,1.0,0.9982076
1,1.0,0.9984198
1,1.0,0.99776375
1,1.0,0.9984977
1,1.0,0.99932104
1,1.0,0.99824995
0,0.0,0.00035669003
1,1.0,0.9987778
0,0.0,0.0045825145
0,0.0,0.0002880679
1,1.0,0.9991058
1,1.0,0.9987918
1,1.0,0.99898756
0,0.0,0.00046018502
0,0.0,0.0008513055
1,1.0,0.99883854
0,0.0,0.00033476783
1,1.0,0.9976337
1,1.0,0.9985442
0,0.0,0.0005926754
1,1.0,0.9982372
0,0.0,0.0009927223
0,0.0,0.00065721915
1,1.0,0.9973283
1,1.0,0.9991795
0,0.0,0.0005836708
1,1.0,0.99619573
0,0.0,0.0004319206
1,1.0,0.9984416
1,1.0,0.9982407
1,1.0,0.9970147
1,1.0,0.9976907
0,0.0,0.0014228895
0,0.0,0.00029502573
0,0.0,0.0005865484
1,1.0,0.9986059
0,0.0,0.0004872351
0,0.0,0.00055544765
1,1.0,0.998244
0,0.0,0.0003544063
0,0.0,0.0005852607
0,0.0,0.0006568413
0,0.0,0.0005722173
1,1.0,0.99893147
0,0.0,0.0011192661
1,1.0,0.9985497
1,1.0,0.99824995
1,1.0,0.9987851
1,1.0,0.99870306
0,0.0,0.0014859113
0,0.0,0.00058534154
0,0.0,0.0017222547
1,1.0,0.99828404
1,1.0,0.9990782
0,0.0,0.0007799459
0,0.0,0.003997093
1,1.0,0.9982975
1,1.0,0.9975693
1,1.0,0.9982072
1,1.0,0.99813044
1,1.0,0.9994391
1,1.0,0.9983541
0,0.0,0.0069378754
0,0.0,0.00054614915
0,0.0,0.004310142
0,0.0,0.0043273787
1,1.0,0.99864113
0,0.0,0.0012370734
1,1.0,0.9989949
1,1.0,0.9995458
1,1.0,0.9983894
1,1.0,0.9977055
1,1.0,0.9977132
1,1.0,0.99858636
0,0.0,0.00079023076
1,1.0,0.99882025
0,0.0,0.00077472883
0,0.0,0.0010617777
1,1.0,0.9981459
1,1.0,0.9997672
1,1.0,0.99824995
1,1.0,0.9987729
1,1.0,0.9985529
1,1.0,0.9985119
1,1.0,0.9989827
0,0.0,0.0007547469
0,0.0,0.00076296984
0,0.0,0.00084968266
1,1.0,0.99822325
1,1.0,0.99613786
0,0.0,0.00090473593
0,0.0,0.0044849617
0,0.0,0.004918761
0,0.0,0.00054614135
1,1.0,0.99707586
1,1.0,0.99823946
0,0.0,0.0013494305
1,1.0,0.9973474
1,1.0,0.99849844
0,0.0,0.000571399
1,1.0,0.9959537
1,1.0,0.9982234
0,0.0,0.0005661305
1,1.0,0.9980805
0,0.0,0.00049073197
1,1.0,0.9981868
0,0.0,0.0005433784
1,1.0,0.9992754
0,0.0,0.0007910433
0,0.0,0.0007470403
0,0.0,0.00056038087
1,1.0,0.99759847
1,1.0,0.99838877
0,0.0,0.0007732195
1,1.0,0.9949077
0,0.0,0.00094134785
0,0.0,0.00054618716
1,1.0,0.9954458
0,0.0,0.0014945484
1,1.0,0.99776477
0,0.0,0.0010251625
1,1.0,0.9982359
1,1.0,0.9983363
0,0.0,0.00056044117
1,1.0,0.99851704
1,1.0,0.99890596
1,1.0,0.99778634
0,0.0,0.0002739399
1,1.0,0.9969022
0,0.0,0.00038273534
0,0.0,0.00041325777
0,0.0,0.00058993424
1,1.0,0.9985951
0,0.0,0.00031933177
0,0.0,0.0002748637
0,0.0,0.0003194743
0,0.0,0.0009370553
1,1.0,0.9979988
0,0.0,0.000686861
0,0.0,0.00053964474
1,1.0,0.9982076
1,1.0,0.9981699
1,1.0,0.9978245
1,1.0,0.9991938
0,0.0,0.0005837648
1,1.0,0.99772036
0,0.0,0.000839703
1,1.0,0.9977896
0,0.0,0.0005492066
1,1.0,0.99875575
1,1.0,0.9983072
1,1.0,0.9981491
1,1.0,0.9980976
1,1.0,0.9967714
1,1.0,0.9991238
0,0.0,0.00079068606
0,0.0,0.00041886032
0,0.0,0.0005899418
1,1.0,0.9975384
0,0.0,0.0007471664
1,1.0,0.9969516
0,0.0,0.0005005119
1,1.0,0.9985885
1,1.0,0.9987072
1,1.0,0.99761844
1,1.0,0.99814236
0,0.0,0.00059307134
1,1.0,0.99821323
1,1.0,0.9986663
1,1.0,0.9987115
0,0.0,0.00036990797
0,0.0,0.0015244633
1,1.0,0.99822366
1,1.0,0.9981969
0,0.0,0.0005584043
1,1.0,1.0
1,1.0,0.9981793
1,1.0,0.99915135
1,1.0,0.99858856
1,1.0,0.9981122
1,1.0,0.9981869
1,1.0,0.9977536
0,0.0,0.00053134095
0,0.0,0.00069768727
0,0.0,0.0005993162
0,0.0,0.00081188447
1,1.0,0.9984797
0,0.0,0.004698338
1,1.0,0.99855334
0,0.0,0.0037395784
0,0.0,0.00065613835
1,1.0,0.99823177
0,0.0,0.00083808636
0,0.0,0.001529908
1,1.0,0.9987803
1,1.0,0.9988759
0,0.0,0.0031305663
0,0.0,0.0005498351
1,1.0,0.99951875
0,0.0,0.00034873074
1,1.0,0.99819696
1,1.0,0.99819696
1,1.0,0.99873126
1,1.0,0.99868625
0,0.0,0.0007148904
1,1.0,0.9983654
1,1.0,0.9990083
1,1.0,0.9986638
1,1.0,0.99897337
1,1.0,0.9973112
1,1.0,0.99873376
1,1.0,0.9987536
1,1.0,0.99874955
0,0.0,0.00054615125
1,1.0,0.9992291
1,1.0,0.99824744
1,1.0,0.9981511
1,1.0,0.99917555
1,1.0,0.9986021
0,0.0,0.0011710497
1,1.0,0.99819696
1,1.0,0.99940157
0,0.0,0.00079003227
0,0.0,0.0005742903
0,0.0,0.00077455904
1,1.0,0.9989499
1,1.0,0.9983151
1,1.0,0.99855155
0,0.0,0.0015058403
1,1.0,0.9985818
0,0.0,0.00065715815
0,0.0,0.0007581321
1,1.0,0.99820834
1,1.0,0.99615884
1,1.0,0.99611044
0,0.0,0.00079299696
1,1.0,0.99868536
1,1.0,0.99978876
1,1.0,0.99756974
0,0.0,0.0008374182
0,0.0,0.0012369398
0,0.0,0.00027932218
1,1.0,0.9987972
1,1.0,0.99750614
1,1.0,0.99825054
1,1.0,0.9981442
1,1.0,0.9988806
1,1.0,0.99824804
0,0.0,0.0005604428
0,0.0,0.00054617465
0,0.0,0.0006389509
1,1.0,0.99895775
0,0.0,0.00083864277
0,0.0,0.00041186652
0,0.0,0.0044437447
0,0.0,0.0007002489
1,1.0,0.99923706
1,1.0,0.9999994
0,0.0,0.000566214
0,0.0,0.00056615024
0,0.0,0.0011198511
0,0.0,0.0005669225
1,1.0,0.9989522
1,1.0,0.99916315
0,0.0,0.0005460591
0,0.0,0.0026033479
1,1.0,0.9982739
1,1.0,0.99822384
1,1.0,0.9962349
1,1.0,0.9987322
1,1.0,0.9986278
1,1.0,0.99819964
1,1.0,0.9987968
1,1.0,0.99821407
0,0.0,0.0005773307
1,1.0,0.99895024
0,0.0,0.00044208043
1,1.0,0.9990686
0,0.0,0.0005930575
1,1.0,0.9982319
0,0.0,0.00084094703
0,0.0,0.00067828386
1,1.0,0.9981978
0,0.0,0.006150744
0,0.0,0.00032970202
0,0.0,0.0007629589
0,0.0,0.0005604249
0,0.0,0.0005254498
0,0.0,0.0012740406
0,0.0,0.0007906205
0,0.0,0.001156523
1,1.0,0.99857736
0,0.0,0.0004568214
1,1.0,0.99780047
0,0.0,0.0066182166
1,1.0,0.99901384
1,1.0,0.99579525
0,0.0,0.0005837916
1,1.0,0.99826324
1,1.0,0.9977496
1,1.0,0.9984272
0,0.0,0.00083896803
1,1.0,0.99825716
1,1.0,0.9981556
1,1.0,0.9987321
0,0.0,0.004205669
1,1.0,0.998391
1,1.0,0.9970386
0,0.0,0.0005837946
1,1.0,0.9985984
0,0.0,0.0003870894
1,1.0,0.99820304
1,1.0,0.99417526
0,0.0,0.0005604051
1,1.0,0.99915624
1,1.0,0.9991418
1,1.0,0.99694395
1,1.0,0.99985605
1,1.0,0.99890596
0,0.0,0.0015238002
1,1.0,0.99992466
1,1.0,0.99842745
0,0.0,0.00056042837
1,1.0,0.9983388
1,1.0,0.9996122
1,1.0,0.998977
0,0.0,0.00047808673
1,1.0,0.9983701
0,0.0,0.0007889896
0,0.0,0.0018923493
1,1.0,0.9982268
1,1.0,0.9982778
1,1.0,0.9963983
1,1.0,0.99885434
1,1.0,0.998883
0,0.0,0.00058187195
0,0.0,0.0005743204
0,0.0,0.000583958
1,1.0,0.997637
1,1.0,0.99872804
1,1.0,0.99816287
0,0.0,0.00040843477
0,0.0,0.0038158188
1,1.0,0.99825
0,0.0,0.0015242051
1,1.0,0.9987704
0,0.0,0.00058813655
1,1.0,0.9986256
1,1.0,0.9986389
0,0.0,0.0005662333
1,1.0,0.9978105
1,1.0,0.99730927
0,0.0,0.00047383783
1,1.0,0.99844056
0,0.0,0.00028248347
1,1.0,0.9982489
0,0.0,0.00045261005
1,1.0,0.99540263
0,0.0,0.0007591246
1,1.0,0.99824065
1,1.0,0.9994078
1,1.0,0.9979238
1,1.0,0.9977487
1,1.0,0.9986402
1,1.0,0.99784356
0,0.0,0.0005261587
1,1.0,0.9982488
1,1.0,0.99537265
0,0.0,0.00057735166
0,0.0,0.00058813486
0,0.0,0.0004475496
1,1.0,0.99836355
0,0.0,0.00030286802
1,1.0,0.9984053
0,0.0,0.0044479887
1,1.0,0.99831486
0,0.0,0.0010104115
0,0.0,0.001012329
0,0.0,0.0005604497
1,1.0,0.9990711
1,1.0,0.99868715
1,1.0,0.9990531
1,1.0,0.997558
1,1.0,0.9981969
0,0.0,0.000790457
1,1.0,0.99820733
0,0.0,0.00028265076
0,0.0,0.0033154539
1,1.0,0.9999619
0,0.0,0.000589919
1,1.0,0.9982511
1,1.0,0.9983375
1,1.0,0.9988538
1,1.0,0.9988409
1,1.0,0.9982077
1,1.0,0.998553
0,0.0,0.001265431
1,1.0,0.9991703
1,1.0,0.99895585
1,1.0,0.99842757
0,0.0,0.000555499
1,1.0,0.9981868
1,1.0,0.9981557
0,0.0,0.0013253532
1,1.0,0.9987518
0,0.0,0.00048107185
1,1.0,0.9995286
0,0.0,0.0007292222
0,0.0,0.0008407058
1,1.0,0.9987316
1,1.0,0.9983546
1,1.0,0.9985875
0,0.0,0.00058993197
0,0.0,0.0015116343
1,1.0,0.9981868
1,1.0,0.9984154
1,1.0,0.9981707
1,1.0,0.99962336
1,1.0,0.99774915
0,0.0,0.0008410456
0,0.0,0.0009047506
1,1.0,0.99857384
0,0.0,0.0007438486
1,1.0,0.9969821
1,1.0,0.99900085
0,0.0,0.0010619203
1,1.0,0.9977879
1,1.0,0.99829453
0,0.0,0.0004459968
1,1.0,0.99791074
1,1.0,0.99767715
0,0.0,0.0003540615
1,1.0,0.9960606
1,1.0,0.9987086
0,0.0,0.0006591245
0,0.0,0.00058529107
1,1.0,0.99809694
0,0.0,0.0019675067
0,0.0,0.0048652655
0,0.0,0.0005817708
1,1.0,0.9988874
1,1.0,0.9986558
1,1.0,0.99829775
1,1.0,0.99823695
0,0.0,0.0015102345
1,1.0,0.9984588
0,0.0,0.00087038305
1,1.0,0.9981853
1,1.0,0.99653655
0,0.0,0.0007147089
0,0.0,0.0005273487
1,1.0,0.99818
0,0.0,0.0009299714
1,1.0,0.99909604
0,0.0,0.00057427277
1,1.0,0.9999671
1,1.0,0.99764943
0,0.0,0.00032081877
1,1.0,0.99676394
1,1.0,0.9983674
0,0.0,0.0012092539
1,1.0,0.9984133
0,0.0,0.00086858444
0,0.0,0.0007931665
0,0.0,0.00038707833
1,1.0,0.99814713
0,0.0,0.0005105851
0,0.0,0.002879672
1,1.0,0.99978393
0,0.0,0.0007739076
0,0.0,0.0007456289
0,0.0,0.0007452332
1,1.0,0.99762803
0,0.0,0.00039591323
1,1.0,0.99784917
0,0.0,0.0003825382
0,0.0,0.00036060673
0,0.0,0.0045987912
1,1.0,0.99909866
1,1.0,0.99763596
1,1.0,0.99810135
0,0.0,0.0005456293
0,0.0,0.00029820885
1,1.0,0.9985952
0,0.0,0.000737856
1,1.0,0.99835765
1,1.0,0.9981712
1,1.0,0.9995223
1,1.0,0.9982224
0,0.0,0.010328778
0,0.0,0.0013199322
0,0.0,0.00038198225
0,0.0,0.001728499
1,1.0,0.99904746
0,0.0,0.0007842305
1,1.0,0.9982475
1,1.0,0.9989147
1,1.0,0.9982001
1,1.0,0.9998128
1,1.0,0.9981886
0,0.0,0.00052516017
1,1.0,0.99883395
1,1.0,0.9998388
1,1.0,0.99820846
1,1.0,0.9981252
1,1.0,0.99963313
1,1.0,0.999008
0,0.0,0.00059280766
1,1.0,0.9981478
1,1.0,0.99818677
1,1.0,0.9982267
1,1.0,0.9983897
1,1.0,0.9984276
0,0.0,0.0007446911
1,1.0,0.99854934
1,1.0,0.998322
1,1.0,0.99823135
1,1.0,0.9992272
0,0.0,0.0011795542
1,1.0,0.99818534
0,0.0,0.0007450163
0,0.0,0.0012813368
1,1.0,0.99759895
1,1.0,0.9981969
1,1.0,0.9985378
1,1.0,0.9985517
0,0.0,0.0005555063
1,1.0,0.9979641
0,0.0,0.00053967163
1,1.0,0.9973784
1,1.0,0.9985262
1,1.0,0.99899554
0,0.0,0.002109745
0,0.0,0.00057277165
1,1.0,0.9981496
0,0.0,0.0037875876
1,1.0,0.99782914
0,0.0,0.00059302547
0,0.0,0.0013953993
0,0.0,0.0012905257
1,1.0,0.9982899
1,1.0,0.9982488
1,1.0,0.9988917
0,0.0,0.0005817627
0,0.0,0.0022025544
1,1.0,0.9992677
1,1.0,0.9981888
0,0.0,0.00054775353
0,0.0,0.009410772
0,0.0,0.00033438412
0,0.0,0.0005899508
1,1.0,0.9982346
1,1.0,0.9982227
0,0.0,0.00058311806
1,1.0,0.99885666
1,1.0,0.99860454
0,0.0,0.00060776254
0,0.0,0.0008863752
1,1.0,0.99958503
1,1.0,0.9985881
0,0.0,0.0005838021
1,1.0,0.999103
0,0.0,0.00038170634
1,1.0,0.9984906
0,0.0,0.0005499759
1,1.0,0.99771106
1,1.0,0.99822384
1,1.0,0.99860144
0,0.0,0.0011218986
0,0.0,0.00082692114
0,0.0,0.0006984833
1,1.0,0.9981459
1,1.0,0.99878526
1,1.0,0.99783874
1,1.0,0.9985318
1,1.0,0.99752384
1,1.0,0.99771196
1,1.0,0.99862885
0,0.0,0.00027281628
1,1.0,0.9989928
1,1.0,0.9975637
1,1.0,0.9985284
0,0.0,0.0030863157
0,0.0,0.0005601739
1,1.0,0.9985774
1,1.0,0.9981402
0,0.0,0.0002762087
1,1.0,0.99623716
0,0.0,0.00069880125
1,1.0,0.99877167
1,1.0,0.9990911
0,0.0,0.00056043477
1,1.0,0.9984914
1,1.0,0.9989184
1,1.0,0.9971797
1,1.0,0.9990153
0,0.0,0.00046864225
0,0.0,0.0011589233
0,0.0,0.00079066755
0,0.0,0.00027274477
1,1.0,0.99725765
0,0.0,0.0003602604
1,1.0,0.9988166
0,0.0,0.00046181426
1,1.0,0.9961362
0,0.0,0.0015176344
0,0.0,0.00057428866
0,0.0,0.009498827
1,1.0,0.9989145
0,0.0,0.0005995233
1,1.0,0.9994297
1,1.0,0.998744
0,0.0,0.00059304386
1,1.0,0.9985741
1,1.0,0.99769217
1,1.0,0.99922144
0,0.0,0.0009660012
0,0.0,0.00028561565
1,1.0,0.995488
1,1.0,0.9982407
1,1.0,0.9990663
1,1.0,0.99834204
1,1.0,0.9982375
0,0.0,0.00028195287
1,1.0,0.99902004
1,1.0,0.998295
1,1.0,0.9981621
0,0.0,0.0016681055
0,0.0,0.0005929857
1,1.0,0.99897707
1,1.0,0.99766445
1,1.0,0.9959527
1,1.0,0.9984913
1,1.0,0.9991893
0,0.0,0.00054746435
0,0.0,0.00058993226
0,0.0,0.0003739418
0,0.0,0.00051014626
1,1.0,0.9984945
0,0.0,0.00059943704
1,1.0,0.9987289
0,0.0,0.00052615296
0,0.0,0.0008704926
1,1.0,0.9993764
1,1.0,0.9991516
1,1.0,0.9981869
0,0.0,0.0064211045
1,1.0,0.99919635
1,1.0,0.9994297
1,1.0,0.9981627
0,0.0,0.0005909745
0,0.0,0.00082688883
1,1.0,0.9987343
1,1.0,0.9992339
1,1.0,0.9983789
0,0.0,0.00427998
0,0.0,0.0036556465
0,0.0,0.0007499476
0,0.0,0.00051820365
0,0.0,0.0007904789
0,0.0,0.0003917134
0,0.0,0.0005910328
1,1.0,0.99672526
0,0.0,0.00082687935
1,1.0,0.9983635
1,1.0,0.9961732
0,0.0,0.00078447117
1,1.0,0.9987133
1,1.0,0.99629056
1,1.0,0.9982308
0,0.0,0.0012776437
0,0.0,0.0015190736
1,1.0,0.9999986
0,0.0,0.0005584283
1,1.0,0.99980664
0,0.0,0.0008686739
0,0.0,0.0005498296
0,0.0,0.00078817876
0,0.0,0.0010789282
0,0.0,0.0033780935
1,1.0,0.99047357
1,1.0,0.99822795
1,1.0,0.9992632
1,1.0,0.99810505
1,1.0,0.9986343
1,1.0,0.99859864
1,1.0,0.9981626
1,1.0,0.998401
0,0.0,0.0005661391
0,0.0,0.00030568856
1,1.0,0.99897504
1,1.0,0.9997205
1,1.0,0.99849814
1,1.0,0.9989634
1,1.0,0.9984936
1,1.0,0.9989481
1,1.0,0.99877644
1,1.0,0.9988469
1,1.0,0.9981393
0,0.0,0.00094133255
0,0.0,0.002606311
1,1.0,0.9993315
0,0.0,0.0003814561
1,1.0,0.99755216
1,1.0,0.998516
0,0.0,0.0015205757
1,1.0,0.9970499
0,0.0,0.0032612106
0,0.0,0.00059105083
0,0.0,0.0008374345
1,1.0,0.99818856
1,1.0,0.99818057
0,0.0,0.00067151594
1,1.0,0.99807984
1,1.0,0.99878824
1,1.0,0.9981868
1,1.0,0.99907947
1,1.0,0.99850535
1,1.0,0.9981289
0,0.0,0.0006525417
1,1.0,0.9982084
1,1.0,0.9997562
0,0.0,0.00055981573
1,1.0,0.9984431
0,0.0,0.001121248
1,1.0,0.997729
1,1.0,0.99928784
0,0.0,0.002311778
0,0.0,0.00042859023
0,0.0,0.00033981664
1,1.0,0.99823123
0,0.0,0.00056042994
0,0.0,0.00037025
0,0.0,0.0007580121
0,0.0,0.0005930021
0,0.0,0.00043508006
0,0.0,0.00058387994
1,1.0,0.998214
0,0.0,0.00092668855
0,0.0,0.00087046233
1,1.0,0.9981004
1,1.0,0.9984447
1,1.0,0.998251
0,0.0,0.0007592498
0,0.0,0.0005584219
0,0.0,0.00038181117
1,1.0,0.9991581
0,0.0,0.0012647997
0,0.0,0.0006572458
1,1.0,0.998628
0,0.0,0.0005728462
1,1.0,0.99807924
1,1.0,0.99904186
1,1.0,0.99837524
0,0.0,0.0006568425
1,1.0,0.9985171
1,1.0,0.9982137
0,0.0,0.00028257613
1,1.0,0.9985001
0,0.0,0.00052614044
0,0.0,0.00092998904
0,0.0,0.00051069167
1,1.0,0.99853754
1,1.0,0.998549
1,1.0,0.99853
1,1.0,0.9942245
1,1.0,0.99844074
1,1.0,0.9982373
0,0.0,0.0015236274
0,0.0,0.00057955127
0,0.0,0.0013197901
0,0.0,0.0016616738
0,0.0,0.0006489551
0,0.0,0.00043183457
1,1.0,0.99707323
0,0.0,0.00037674708
1,1.0,0.99813056
0,0.0,0.00029657027
0,0.0,0.0008686582
0,0.0,0.00029127783
0,0.0,0.0007638853
0,0.0,0.0005491995
0,0.0,0.0020239863
1,1.0,0.9987542
1,1.0,0.9989251
1,1.0,0.99942297
0,0.0,0.00025721677
0,0.0,0.011527613
0,0.0,0.0015255562
1,1.0,0.9990426
0,0.0,0.0005839693
1,1.0,0.9984096
1,1.0,0.9983636
1,1.0,0.9987007
1,1.0,0.99933517
1,1.0,0.9983151
1,1.0,0.99822325
0,0.0,0.0003684834
1,1.0,0.9991411
1,1.0,0.99942833
1,1.0,0.9988002
0,0.0,0.00072998257
0,0.0,0.00048788526
1,1.0,0.999211
1,1.0,0.9982135
1,1.0,0.9987944
0,0.0,0.00075857976
1,1.0,1.0
1,1.0,0.9994301
1,1.0,0.99884623
0,0.0,0.00040923848
1,1.0,0.9986016
0,0.0,0.0017313631
1,1.0,0.9972948
0,0.0,0.0005839665
1,1.0,0.9978073
1,1.0,0.998635
0,0.0,0.0005258068
1,1.0,0.99785805
1,1.0,0.9988261
1,1.0,0.99616617
0,0.0,0.00033099926
0,0.0,0.0006247415
1,1.0,0.9981437
1,1.0,0.9982479
0,0.0,0.00084067456
0,0.0,0.00478641
1,1.0,0.9959517
1,1.0,0.9981067
1,1.0,0.9982077
1,1.0,0.9981868
1,1.0,0.9996792
1,1.0,0.9987741
1,1.0,0.99877304
1,1.0,0.99871945
0,0.0,0.00038234986
1,1.0,0.99874544
0,0.0,0.0005851831
0,0.0,0.0007903735
1,1.0,0.9983656
1,1.0,0.99840117
1,1.0,0.9982231
1,1.0,0.99712425
0,0.0,0.00061128056
1,1.0,0.99831295
1,1.0,0.99705505
0,0.0,0.006042852
1,1.0,0.9981805
1,1.0,0.9981886
0,0.0,0.0007470848
1,1.0,0.9974809
0,0.0,0.0005604032
0,0.0,0.00038715528
0,0.0,0.0005837701
0,0.0,0.00027398928
1,1.0,0.9996568
1,1.0,0.998236
0,0.0,0.00072489766
1,1.0,0.9982233
0,0.0,0.0012815082
0,0.0,0.000790914
1,1.0,0.9982003
0,0.0,0.00033768715
0,0.0,0.00062390306
1,1.0,0.99823743
1,1.0,0.99671066
0,0.0,0.0007468638
1,1.0,0.9981632
1,1.0,0.9981626
0,0.0,0.0011218677
1,1.0,0.99961704
1,1.0,0.99854404
1,1.0,0.99855196
0,0.0,0.0014041202
0,0.0,0.0005930569
0,0.0,0.001316215
1,1.0,0.9996904
1,1.0,0.9982489
0,0.0,0.005296901
1,1.0,0.99830395
1,1.0,0.99849916
0,0.0,0.0005910413
1,1.0,0.9985982
0,0.0,0.00058822933
0,0.0,0.00077342323
1,1.0,0.99954695
1,1.0,0.9989294
0,0.0,0.0006966006
1,1.0,0.99939615
0,0.0,0.0005261209
0,0.0,0.0015242376
0,0.0,0.0014411467
1,1.0,0.9981969
0,0.0,0.0005347538
0,0.0,0.0005899286
1,1.0,0.99887913
1,1.0,0.99713993
0,0.0,0.002155983
0,0.0,0.00047457693
0,0.0,0.0025015518
0,0.0,0.0013227953
0,0.0,0.00074702397
0,0.0,0.0009797403
0,0.0,0.0035324083
1,1.0,0.9982057
0,0.0,0.0008548753
0,0.0,0.00065701443
0,0.0,0.0022466795
1,1.0,0.9992818
1,1.0,0.998742
0,0.0,0.00038221903
1,1.0,0.99847114
0,0.0,0.0008686424
0,0.0,0.00057755364
1,1.0,0.99860096
0,0.0,0.0007255909
0,0.0,0.00095459993
1,1.0,0.99895644
0,0.0,0.0007194782
0,0.0,0.004570717
0,0.0,0.00068819703
0,0.0,0.0007164516
1,1.0,0.9981632
0,0.0,0.0008106835
1,1.0,0.9980528
0,0.0,0.00072990847
1,1.0,0.9981868
0,0.0,0.000443263
1,1.0,0.9983246
0,0.0,0.0005728126
1,1.0,0.9975863
1,1.0,0.9982232
1,1.0,0.9997346
0,0.0,0.0068831253
0,0.0,0.00055625394
1,1.0,0.9983153
1,1.0,0.99937433
1,1.0,0.9996281
1,1.0,0.9983392
1,1.0,0.99825
0,0.0,0.00073956454
0,0.0,0.0005261186
1,1.0,0.99805194
0,0.0,0.0006715607
0,0.0,0.00080293854
0,0.0,0.00081141887
0,0.0,0.00082197733
1,1.0,0.9982246
1,1.0,0.99836713
0,0.0,0.00061956845
0,0.0,0.0005929846
1,1.0,0.99751306
0,0.0,0.000841373
0,0.0,0.00065259764
1,1.0,0.9988276
1,1.0,0.9981559
0,0.0,0.0014423578
1,1.0,0.9978857
1,1.0,0.99825054
0,0.0,0.00053964625
1,1.0,0.99857384
1,1.0,0.99827594
0,0.0,0.0033776602
0,0.0,0.00044744805
0,0.0,0.0005889059
1,1.0,0.99913377
0,0.0,0.0005852824
1,1.0,0.9982922
0,0.0,0.0005261309
0,0.0,0.00059288397
0,0.0,0.0012767579
1,1.0,0.9983657
1,1.0,0.99817127
1,1.0,0.99602586
1,1.0,0.9991697
1,1.0,0.9995599
1,1.0,0.9981712
1,1.0,0.9977769
1,1.0,0.99805844
0,0.0,0.0014968864
1,1.0,0.99595386
0,0.0,0.0005837414
1,1.0,0.9986868
1,1.0,0.9978709
0,0.0,0.0036111616
0,0.0,0.0008043043
1,1.0,0.9986012
1,1.0,0.9988211
0,0.0,0.0007455149
0,0.0,0.00059299136
0,0.0,0.0008388809
1,1.0,0.9985422
0,0.0,0.00048628208
1,1.0,0.99784607
0,0.0,5.5412514e-05
0,0.0,0.0010585856
1,1.0,0.9993709
0,0.0,0.0035365347
1,1.0,0.99893147
1,1.0,0.9985832
1,1.0,0.9977899
1,1.0,0.99826705
1,1.0,0.99897504
1,1.0,0.9982002
1,1.0,0.99915975
1,1.0,0.9981647
0,0.0,0.006381136
1,1.0,0.99985623
1,1.0,0.99836737
1,1.0,0.9988069
0,0.0,0.000790683
1,1.0,0.9997913
1,1.0,0.99839383
0,0.0,0.00043072432
1,1.0,0.99819684
1,1.0,0.9982407
1,1.0,0.99842626
1,1.0,0.99849546
1,1.0,0.998785
0,0.0,0.009088249
0,0.0,0.00066560437
0,0.0,0.00035503024
1,1.0,0.99787146
1,1.0,0.9996886
0,0.0,0.00014411783
0,0.0,0.0005817802
1,1.0,0.9981853
0,0.0,0.00040008512
0,0.0,0.00038184557
0,0.0,0.0005780003
1,1.0,0.99701196
1,1.0,0.99904156
0,0.0,0.00057434855
0,0.0,0.0002663336
0,0.0,0.00050515356
1,1.0,0.9987018
1,1.0,0.99907076
1,1.0,0.99859107
1,1.0,0.9983775
1,1.0,0.99860406
0,0.0,0.0050162193
1,1.0,0.9982077
0,0.0,0.0030135494
0,0.0,0.005036028
1,1.0,0.99731743
0,0.0,0.0007002502
0,0.0,0.0038983559
1,1.0,0.9987166
1,1.0,0.99928236
1,1.0,0.99907345
0,0.0,0.0055227475
0,0.0,0.00055626215
1,1.0,0.9979154
0,0.0,0.00049706467
0,0.0,0.00053650385
1,1.0,0.9986017
1,1.0,0.99821323
0,0.0,0.000518199
0,0.0,0.0007509417
0,0.0,0.0005818234
0,0.0,0.0035960397
0,0.0,0.0009288671
1,1.0,0.99772143
1,1.0,0.9983223
0,0.0,0.001524364
0,0.0,0.00059886905
1,1.0,0.99893594
0,0.0,0.0005262254
0,0.0,0.00086185476
1,1.0,0.99875396
0,0.0,0.0011900369
0,0.0,0.00058508886
0,0.0,0.0007586853
1,1.0,0.99820876
1,1.0,0.9981868
1,1.0,0.99863523
1,1.0,0.9993637
0,0.0,0.000811688
0,0.0,0.0005994541
0,0.0,0.00055795745
1,1.0,0.9994445
0,0.0,0.000868601
0,0.0,0.0005583405
0,0.0,0.0013443207
1,1.0,0.9967004
1,1.0,0.99836355
0,0.0,0.0005479658
1,1.0,0.99876153
1,1.0,0.99817604
0,0.0,0.0006217916
1,1.0,0.99906534
1,1.0,0.9987145
1,1.0,0.99863505
0,0.0,0.00053972803
1,1.0,0.9997626
1,1.0,0.99823594
1,1.0,0.99859816
1,1.0,0.99868387
0,0.0,0.00031950473
0,0.0,0.0012770573
1,1.0,0.9981888
1,1.0,0.9984477
1,1.0,0.99939716
0,0.0,0.0005728124
1,1.0,0.99819696
0,0.0,0.00059957127
1,1.0,0.99861735
0,0.0,0.00079049397
1,1.0,0.9986563
0,0.0,0.0005662067
0,0.0,0.00075842463
0,0.0,0.001392425
0,0.0,0.00036560296
1,1.0,0.9970369
1,1.0,0.9982671
1,1.0,0.99901104
0,0.0,0.00059303
0,0.0,0.000657155
0,0.0,0.003102396
1,1.0,0.99686354
1,1.0,0.9970124
1,1.0,0.99870396
0,0.0,0.0006688604
0,0.0,0.00054616114
0,0.0,0.00087468966
0,0.0,0.00070343295
1,1.0,0.9990583
0,0.0,0.00052401837
1,1.0,0.99797875
0,0.0,0.00050437084
0,0.0,0.00042438367
1,1.0,0.99886936
1,1.0,0.99821985
1,1.0,0.9981815
1,1.0,0.9986758
1,1.0,0.99816465
1,1.0,0.99920636
1,1.0,0.99778485
1,1.0,0.99819887
0,0.0,0.00038210317
1,1.0,0.99772835
1,1.0,0.9984083
0,0.0,0.0009454934
0,0.0,0.00059099053
0,0.0,0.0005461575
1,1.0,0.9985987
0,0.0,0.0005929597
0,0.0,0.0017197945
1,1.0,0.9985518
1,1.0,0.9971909
0,0.0,0.000634179
1,1.0,0.9986366
1,1.0,0.9980781
1,1.0,0.9982301
1,1.0,0.9987529
0,0.0,0.0012364993
0,0.0,0.0135830175
1,1.0,0.9987036
1,1.0,0.9985486
1,1.0,0.9993959
0,0.0,0.0006427952
0,0.0,0.0005396375
0,0.0,0.0005910159
0,0.0,0.00058812345
1,1.0,0.9986549
1,1.0,0.9981969
1,1.0,0.9990594
1,1.0,0.99810106
0,0.0,0.00055536185
1,1.0,0.9983144
1,1.0,0.9975443
1,1.0,0.99816924
0,0.0,0.00074717595
0,0.0,0.0005583825
1,1.0,0.9968598
1,1.0,0.9961595
1,1.0,0.99622357
0,0.0,0.000729045
1,1.0,0.9982135
1,1.0,0.9981726
0,0.0,0.0007900816
1,1.0,0.99849415
1,1.0,0.9978875
1,1.0,0.99905664
0,0.0,0.00060222036
0,0.0,0.000109343506
1,1.0,0.99890053
1,1.0,0.9977205
0,0.0,0.0003915639
1,1.0,0.99854517
0,0.0,0.0010211996
0,0.0,0.0010789364
0,0.0,0.0005715931
0,0.0,0.0014879375
0,0.0,0.0005017225
1,1.0,0.9981459
1,1.0,0.99901336
0,0.0,0.0006608373
1,1.0,0.9987551
1,1.0,0.99862534
1,1.0,0.99845576
1,1.0,0.99905974
1,1.0,0.99859875
0,0.0,0.0006977239
1,1.0,0.9985023
0,0.0,0.00072909327
1,1.0,0.99816024
1,1.0,0.99874675
0,0.0,0.015864573
1,1.0,0.99934256
1,1.0,0.998531
0,0.0,0.0007906646
0,0.0,0.00061273243
0,0.0,0.008598804
0,0.0,0.0011218099
0,0.0,0.0022021164
1,1.0,0.9981187
1,1.0,0.9979002
1,1.0,0.9991961
0,0.0,0.002829481
0,0.0,0.0016162689
1,1.0,0.99890006
0,0.0,0.0017497509
0,0.0,0.0003825174
1,1.0,0.99877715
1,1.0,0.99821174
0,0.0,0.00077664776
1,1.0,0.9968513
0,0.0,0.0010291835
0,0.0,0.00054532546
1,1.0,0.9986202
1,1.0,0.9983961
1,1.0,0.998251
0,0.0,0.0005583838
1,1.0,0.99852234
1,1.0,0.99887437
1,1.0,0.9984961
1,1.0,0.9988514
0,0.0,0.0012945525
1,1.0,0.99689054
1,1.0,0.99753994
1,1.0,0.9981395
0,0.0,0.002932985
1,1.0,0.9981377
0,0.0,0.00058993365
1,1.0,0.99892783
0,0.0,0.002550522
0,0.0,0.00071096374
0,0.0,0.00074689224
0,0.0,0.00080032717
0,0.0,0.0006242177
1,1.0,0.99979126
1,1.0,0.99897444
1,1.0,0.99831027
1,1.0,0.9984574
1,1.0,0.99824685
0,0.0,0.00081133645
0,0.0,0.00028961527
1,1.0,0.99983686
0,0.0,0.0021570306
1,1.0,0.9988163
0,0.0,0.0007834373
1,1.0,0.9981794
1,1.0,0.99890506
0,0.0,0.0004851526
1,1.0,0.99839514
0,0.0,0.00027608284
0,0.0,0.0006524938
0,0.0,0.00074534083
0,0.0,0.0017498559
1,1.0,0.9993331
1,1.0,0.99823743
1,1.0,0.9982212
1,1.0,0.99874365
0,0.0,0.0008114111
1,1.0,0.998207
0,0.0,0.009486729
0,0.0,0.0011944267
0,0.0,0.00056619075
1,1.0,0.9987717
1,1.0,0.9992882
1,1.0,0.99931806
1,1.0,0.99868274
1,1.0,0.9986828
1,1.0,0.9993107
1,1.0,0.9988155
1,1.0,0.99943125
0,0.0,0.00034164873
0,0.0,0.00032159075
1,1.0,0.9995863
1,1.0,0.9993395
1,1.0,0.9991342
0,0.0,0.00053721055
0,0.0,0.00033420505
0,0.0,0.00032833818
1,1.0,0.9985402
0,0.0,0.00032839138
1,1.0,0.9988656
0,0.0,0.00048200684
1,1.0,0.99742836
0,0.0,0.0061510736
1,1.0,0.99884856
1,1.0,0.9983169
0,0.0,0.000303202
1,1.0,0.9986985
1,1.0,0.9993717
0,0.0,0.00058804103
1,1.0,0.9990244
0,0.0,0.0032164047
1,1.0,0.9987107
1,1.0,0.9993813
1,1.0,0.99934745
1,1.0,0.9991871
1,1.0,0.99838156
1,1.0,0.99941057
1,1.0,0.99937695
1,1.0,0.9986826
1,1.0,0.9986567
1,1.0,0.99869126
1,1.0,0.99938166
0,0.0,0.00030947398
1,1.0,0.99906194
0,0.0,0.00057985925
1,1.0,0.9987074
0,0.0,0.0005160605
0,0.0,0.00032510376
0,0.0,0.00057581294
1,1.0,0.99854034
1,1.0,0.9952357
1,1.0,0.9979457
1,1.0,0.99833506
0,0.0,0.00039606926
1,1.0,0.9984193
1,1.0,0.9983675
1,1.0,0.998326
1,1.0,0.9989872
1,1.0,0.99854094
1,1.0,0.9986832
0,0.0,0.00032839138
0,0.0,0.00033400464
1,1.0,0.9986318
1,1.0,0.99629223
0,0.0,0.00033790054
1,1.0,0.9985634
1,1.0,0.99887943
0,0.0,0.00033399573
0,0.0,0.0007128233
1,1.0,0.99838173
0,0.0,0.009893135
0,0.0,0.00036732858
1,1.0,0.99891293
1,1.0,0.99926317
0,0.0,0.0003426021
1,1.0,0.999173
1,1.0,0.9987745
0,0.0,0.00038689715
0,0.0,0.0013934068
1,1.0,0.999285
0,0.0,0.00052332657
0,0.0,0.00036389177
0,0.0,0.00032294015
1,1.0,0.99886644
1,1.0,0.9981739
1,1.0,0.9999849
1,1.0,0.9964802
1,1.0,0.998906
1,1.0,0.9968729
1,1.0,0.9988649
1,1.0,0.9991081
0,0.0,0.0004386824
0,0.0,0.0003181633
0,0.0,0.002250124
0,0.0,0.00034258384
1,1.0,0.99853337
1,1.0,0.99933577
0,0.0,0.0003911425
0,0.0,0.00029407121
1,1.0,0.9998052
1,1.0,0.9996533
0,0.0,0.0003179456
1,1.0,0.9983416
1,1.0,0.9991281
1,1.0,0.99890614
1,1.0,0.99931645
1,1.0,0.9986909
0,0.0,0.0005045872
0,0.0,0.00030168728
1,1.0,0.99938196
1,1.0,0.9995694
1,1.0,0.9994491
0,0.0,0.0011057198
0,0.0,0.00033267657
0,0.0,0.00052864006
0,0.0,0.00033759448
0,0.0,0.0003428285
0,0.0,0.0030786858
1,1.0,0.99936044
0,0.0,0.002205117
0,0.0,0.00031714758
1,1.0,0.99890405
0,0.0,0.00032894098
1,1.0,0.9986646
0,0.0,0.00033385915
1,1.0,0.99842095
0,0.0,0.0003330374
0,0.0,0.00028615125
1,1.0,0.99887913
0,0.0,0.005366014
0,0.0,0.00091404654
1,1.0,0.9987071
1,1.0,0.9992811
1,1.0,0.9994492
1,1.0,0.9989902
1,1.0,0.9988059
0,0.0,0.0005330901
1,1.0,0.9990261
1,1.0,0.9957517
0,0.0,0.00033399605
1,1.0,0.99845314
1,1.0,0.9992165
1,1.0,0.9983363
1,1.0,0.9985409
1,1.0,0.99900156
0,0.0,0.00033398552
1,1.0,0.99833846
1,1.0,0.9983816
1,1.0,0.999009
1,1.0,0.9980413
0,0.0,0.0003229805
0,0.0,0.00038980038
0,0.0,0.0011314097
0,0.0,0.00058362907
0,0.0,0.00033400368
1,1.0,0.9987087
0,0.0,0.00034261093
1,1.0,0.99889946
1,1.0,0.99889153
1,1.0,0.99862224
1,1.0,0.99960864
0,0.0,0.0005608962
0,0.0,0.00039319455
0,0.0,0.00033771613
0,0.0,0.00031711042
1,1.0,0.9988584
0,0.0,0.00034280808
1,1.0,0.99936455
0,0.0,0.0003326744
0,0.0,0.00033266962
0,0.0,0.00033881245
0,0.0,0.00033384614
1,1.0,0.9983258
1,1.0,0.9986423
0,0.0,0.00046740664
0,0.0,0.00029395323
0,0.0,0.00062696816
1,1.0,0.9983416
1,1.0,0.99935406
1,1.0,0.99934846
0,0.0,0.0003263966
1,1.0,0.99889374
1,1.0,0.9993491
1,1.0,0.9991818
0,0.0,0.00032400902
1,1.0,0.99924
1,1.0,0.9988444
1,1.0,0.99890614
0,0.0,0.0003379171
0,0.0,0.0003181709
0,0.0,0.0022728646
0,0.0,0.0012466048
1,1.0,0.9986435
0,0.0,0.00034102116
1,1.0,0.9992292
0,0.0,0.006760504
0,0.0,0.00041378755
0,0.0,0.0030553902
1,1.0,0.99892217
0,0.0,0.020319913
0,0.0,0.00074393506
1,1.0,0.9954848
0,0.0,0.0005695001
1,1.0,0.9882568
0,0.0,0.00029381286
1,1.0,0.99870026
0,0.0,0.0012300765
1,1.0,0.9984163
1,1.0,0.9983411
0,0.0,0.00039592772
1,1.0,0.9988082
1,1.0,0.99913114
0,0.0,0.0022765247
0,0.0,0.0005290048
1,1.0,0.9992247
0,0.0,0.00053639547
1,1.0,0.9986876
1,1.0,0.9995644
1,1.0,0.99953616
0,0.0,0.0003909201
0,0.0,0.00050249835
0,0.0,0.00057780085
1,1.0,0.9985402
1,1.0,0.9983816
1,1.0,0.9986378
1,1.0,0.999312
0,0.0,0.003111134
0,0.0,0.0006258497
0,0.0,0.0003389509
1,1.0,0.9989839
0,0.0,0.00028618943
0,0.0,0.0029365418
1,1.0,0.99908316
0,0.0,0.00033303327
1,1.0,0.9986424
1,1.0,0.9993761
1,1.0,0.99913853
1,1.0,0.99949104
0,0.0,0.0005233679
1,1.0,0.9992916
1,1.0,0.9937069
0,0.0,0.00031915645
1,1.0,0.9988722
1,1.0,0.9992922
0,0.0,0.00033920674
1,1.0,0.9992043
0,0.0,0.0031126002
1,1.0,0.9992605
1,1.0,0.99889076
1,1.0,0.99881387
0,0.0,0.0003390572
0,0.0,0.0005779416
0,0.0,0.0005273997
0,0.0,0.00036729078
1,1.0,0.99959487
1,1.0,0.99687994
1,1.0,0.9992353
0,0.0,0.000396887
1,1.0,0.9990204
0,0.0,0.00029668654
0,0.0,0.00033330073
0,0.0,0.00087966945
0,0.0,0.0005714227
1,1.0,0.9984074
1,1.0,0.9991189
0,0.0,0.0036902227
0,0.0,0.0016820381
0,0.0,0.0003366619
0,0.0,0.00058007316
0,0.0,0.00051780394
0,0.0,0.00028275588
1,1.0,0.99883527
0,0.0,0.00050029176
1,1.0,0.9989769
0,0.0,0.0005713595
1,1.0,0.9992986
1,1.0,0.998617
1,1.0,0.99834126
1,1.0,0.99928325
0,0.0,0.00029422157
0,0.0,0.005056392
0,0.0,0.00028272677
0,0.0,0.00042997015
1,1.0,0.9986794
1,1.0,0.9982831
1,1.0,0.99844027
0,0.0,0.003169585
0,0.0,0.0022560647
0,0.0,0.001002309
1,1.0,0.9991306
1,1.0,0.9990202
1,1.0,0.9990546
1,1.0,0.9952373
0,0.0,0.00032158982
1,1.0,0.9983362
1,1.0,0.99850595
1,1.0,0.99933183
1,1.0,0.99890727
0,0.0,0.00052905624
0,0.0,0.00034011257
0,0.0,0.00030600347
0,0.0,0.0003428022
1,1.0,0.99838805
1,1.0,0.9983362
0,0.0,0.00033894862
1,1.0,0.9986823
0,0.0,0.00036517746
0,0.0,0.0003782917
0,0.0,0.00050345965
1,1.0,0.9984514
0,0.0,0.0052605835
0,0.0,0.00033842793
0,0.0,0.00036529097
1,1.0,0.9991583
1,1.0,0.99919426
1,1.0,0.99831456
1,1.0,0.99936724
1,1.0,0.99890673
0,0.0,0.00033757676
1,1.0,0.99932855
0,0.0,0.00060877413
1,1.0,0.99603647
1,1.0,0.9985156
1,1.0,0.99806756
1,1.0,0.9992315
0,0.0,0.0022504644
1,1.0,0.99935466
0,0.0,0.0005272628
0,0.0,0.00032839953
0,0.0,0.0003214767
0,0.0,0.00043026984
1,1.0,0.99874115
0,0.0,0.001196203
1,1.0,0.99840766
0,0.0,0.0005714205
0,0.0,0.0011322447
1,1.0,0.9983415
1,1.0,0.9983665
1,1.0,0.9983412
1,1.0,0.9994657
0,0.0,0.00036417393
0,0.0,0.014059482
1,1.0,0.99924904
1,1.0,0.9972695
0,0.0,0.00028609857
1,1.0,0.9982892
1,1.0,0.9986352
0,0.0,0.00031801045
0,0.0,0.0005273942
0,0.0,0.00058538845
1,1.0,0.9984867
1,1.0,0.9992846
1,1.0,0.9984209
0,0.0,0.0003425964
1,1.0,0.9969442
0,0.0,0.0003294513
1,1.0,0.99865997
1,1.0,0.99955654
0,0.0,0.00044294624
1,1.0,0.99841964
1,1.0,0.99884224
1,1.0,0.9984211
0,0.0,0.0005722388
1,1.0,0.99924004
0,0.0,0.003168079
0,0.0,0.00034258742
1,1.0,0.9979959
0,0.0,0.00058580365
0,0.0,0.00037158787
0,0.0,0.00033894635
1,1.0,0.99959946
0,0.0,0.0005336539
0,0.0,0.0005800693
1,1.0,0.9989583
0,0.0,0.0004495322
1,1.0,0.99886644
1,1.0,0.99875003
1,1.0,0.9983608
1,1.0,0.99568164
1,1.0,0.99938846
1,1.0,0.9984309
0,0.0,0.00029253575
1,1.0,0.99835485
0,0.0,0.00028632727
0,0.0,0.00036514262
1,1.0,0.9990247
0,0.0,0.00032839764
0,0.0,0.0005852331
1,1.0,0.999258
0,0.0,0.00032499374
1,1.0,0.9990047
1,1.0,0.999226
1,1.0,0.9994041
1,1.0,0.99863863
1,1.0,0.9991057
1,1.0,0.99637556
1,1.0,0.99521255
0,0.0,0.00052886765
1,1.0,0.9992782
1,1.0,0.9993698
0,0.0,0.0003428161
1,1.0,0.9994519
0,0.0,0.0022545196
0,0.0,0.0003423713
0,0.0,0.0005028227
1,1.0,0.9983384
1,1.0,0.9986763
1,1.0,0.9988959
1,1.0,0.99965847
1,1.0,0.9983709
1,1.0,0.99928063
1,1.0,0.9987783
0,0.0,0.00040188385
1,1.0,0.9994634
1,1.0,0.9986774
1,1.0,0.9967824
0,0.0,0.00032216893
0,0.0,0.00031903145
1,1.0,0.99934864
0,0.0,0.00028599962
0,0.0,0.00046712343
1,1.0,0.9992248
0,0.0,0.006071822
1,1.0,0.99838173
1,1.0,0.99901724
1,1.0,0.9968839
0,0.0,0.0005379876
0,0.0,0.002539497
1,1.0,0.9983388
0,0.0,0.00034297074
0,0.0,0.0024153122
0,0.0,0.00037854823
1,1.0,0.9987995
1,1.0,0.998317
1,1.0,0.9986433
1,1.0,0.9989887
1,1.0,0.99886656
1,1.0,0.99833834
0,0.0,0.00051983254
1,1.0,0.9994428
1,1.0,0.9985406
0,0.0,0.00052331656
1,1.0,0.997733
1,1.0,0.9995385
0,0.0,0.00033676223
1,1.0,0.9988685
1,1.0,0.9985639
1,1.0,0.9989512
0,0.0,0.00029667438
0,0.0,0.00036628303
1,1.0,0.99839336
1,1.0,0.99870735
1,1.0,0.999681
1,1.0,0.9994485
1,1.0,0.9993823
1,1.0,0.99864227
0,0.0,0.0003283992
0,0.0,0.0003224688
1,1.0,0.9992945
1,1.0,0.9956854
0,0.0,0.00051603565
0,0.0,0.0022418578
0,0.0,0.00032432703
0,0.0,0.00033481856
1,1.0,0.9983816
0,0.0,0.00032084476
1,1.0,0.9925966
0,0.0,0.00032179288
1,1.0,0.99833846
0,0.0,0.0005371777
1,1.0,0.99877936
1,1.0,0.99831796
1,1.0,0.9991459
1,1.0,0.9992367
1,1.0,0.9983789
0,0.0,0.00036484687
1,1.0,0.9987069
1,1.0,0.99923724
1,1.0,0.9984197
1,1.0,0.99447054
0,0.0,0.0012275741
1,1.0,0.99933624
0,0.0,0.00032250877
0,0.0,0.0002906742
1,1.0,0.9996164
1,1.0,0.9990734
0,0.0,0.00032425098
0,0.0,0.00052332855
1,1.0,0.99945045
1,1.0,0.9980451
0,0.0,0.000515373
1,1.0,0.9983145
1,1.0,0.99884397
0,0.0,0.0005364972
0,0.0,0.0003843124
0,0.0,0.00056945765
0,0.0,0.0028637513
1,1.0,0.99894655
1,1.0,0.9996253
0,0.0,0.00043624017
1,1.0,0.99832654
0,0.0,0.0009850952
1,1.0,0.9972212
0,0.0,0.0005688686
1,1.0,0.99964845
0,0.0,0.00033919848
0,0.0,0.0002938095
0,0.0,0.0003326636
0,0.0,0.00033421168
0,0.0,0.00029149704
1,1.0,0.9992306
0,0.0,0.0004459647
0,0.0,0.004860897
0,0.0,0.00066472
0,0.0,0.00028615125
1,1.0,0.999059
0,0.0,0.00028749063
1,1.0,0.99924666
1,1.0,0.9983378
0,0.0,0.0003653937
0,0.0,0.00028611632
1,1.0,0.9983356
1,1.0,0.99872756
1,1.0,0.9988369
1,1.0,0.9998109
0,0.0,0.00058582186
1,1.0,0.9986975
1,1.0,0.99885875
0,0.0,0.00029374898
1,1.0,0.9994816
1,1.0,0.9995718
1,1.0,0.9952391
0,0.0,0.00090605236
0,0.0,0.00034158558
1,1.0,0.99900943
1,1.0,0.99933314
0,0.0,0.0006699587
0,0.0,0.0005230759
1,1.0,0.9984192
1,1.0,0.998677
1,1.0,0.9988666
0,0.0,0.0007402781
1,1.0,0.99832636
1,1.0,0.9998441
1,1.0,0.9963251
1,1.0,0.99845314
1,1.0,0.99355334
1,1.0,0.99884045
1,1.0,0.99834126
1,1.0,0.9990924
1,1.0,0.9989547
1,1.0,0.9993833
1,1.0,0.99914324
0,0.0,0.00064413395
1,1.0,0.9988504
0,0.0,0.00033756354
0,0.0,0.00056161144
1,1.0,0.9989816
1,1.0,0.99954545
0,0.0,0.00050360354
0,0.0,0.00066578225
1,1.0,0.9988251
0,0.0,0.00034277642
0,0.0,0.00033008447
1,1.0,0.99936485
0,0.0,0.00033922237
1,1.0,0.9988664
1,1.0,0.996629
1,1.0,0.99907583
0,0.0,0.00033400784
1,1.0,0.99833846
0,0.0,0.00055145536
1,1.0,0.9991929
1,1.0,0.99980366
0,0.0,0.001228105
0,0.0,0.005159805
1,1.0,0.99914205
0,0.0,0.00029537443
1,1.0,0.9985838
1,1.0,0.99956995
1,1.0,0.99831736
1,1.0,0.9986767
1,1.0,0.99959874
1,1.0,0.9983709
1,1.0,0.9996496
0,0.0,0.00038240512
1,1.0,0.99886405
1,1.0,0.9997872
0,0.0,0.0005029466
1,1.0,0.9983542
1,1.0,0.9983412
1,1.0,0.99834126
0,0.0,0.0004672519
0,0.0,0.0005228875
0,0.0,0.00032840046
1,1.0,0.99845326
1,1.0,0.99938774
1,1.0,0.9991259
1,1.0,0.998465
0,0.0,0.00043611563
1,1.0,0.9984079
1,1.0,0.99890596
1,1.0,0.99927217
1,1.0,0.99884355
0,0.0,0.0031165811
1,1.0,0.99918616
0,0.0,0.00026707
1,1.0,0.9983021
1,1.0,0.9984035
1,1.0,0.9988641
1,1.0,0.99521065
0,0.0,0.0023838559
1,1.0,0.9984193
1,1.0,0.9995414
1,1.0,0.99860924
1,1.0,0.99979335
1,1.0,0.9993003
0,0.0,0.00032839703
0,0.0,0.0016154443
1,1.0,0.99868256
0,0.0,0.0007570058
1,1.0,0.99714565
1,1.0,0.9977966
0,0.0,0.00033899868
1,1.0,0.9998052
1,1.0,0.99937946
0,0.0,0.00038872368
0,0.0,0.00033754905
1,1.0,0.9988407
0,0.0,0.0006443188
1,1.0,0.9987913
0,0.0,0.00036511602
0,0.0,0.0006644011
0,0.0,0.00028745117
0,0.0,0.0009883039
0,0.0,0.00034294423
0,0.0,0.0002811792
0,0.0,0.00033049288
1,1.0,0.9988864
1,1.0,0.999575
1,1.0,0.99922127
1,1.0,0.99900216
0,0.0,0.00037075934
0,0.0,0.00033792676
0,0.0,0.00032455224
0,0.0,0.005733565
0,0.0,0.0003427661
1,1.0,0.99930066
0,0.0,0.00052338437
1,1.0,0.99904877
0,0.0,0.00032084231
0,0.0,0.00041165255
1,1.0,0.99930626
1,1.0,0.9996635
0,0.0,0.0005694952
1,1.0,0.99787164
1,1.0,0.9989221
0,0.0,0.0003390554
0,0.0,0.00033904362
0,0.0,0.00058029516
1,1.0,0.9996294
1,1.0,0.998269
1,1.0,0.99889666
1,1.0,0.99924636
0,0.0,0.00074656354
1,1.0,0.99926466
1,1.0,0.9987001
0,0.0,0.00028618236
0,0.0,0.000333038
0,0.0,0.00034260505
1,1.0,0.9990999
1,1.0,0.9993177
1,1.0,0.99885297
1,1.0,0.99839336
0,0.0,0.0004235416
0,0.0,0.0008130783
1,1.0,0.9994806
1,1.0,0.9983267
1,1.0,0.99869496
1,1.0,0.99804026
1,1.0,0.99792546
0,0.0,0.00033790967
0,0.0,0.00033395342
1,1.0,0.99900514
1,1.0,0.9988667
0,0.0,0.0003367956
1,1.0,0.99900174
1,1.0,0.99927425
0,0.0,0.00029415396
0,0.0,0.00030102188
0,0.0,0.0006328957
1,1.0,0.9970873
0,0.0,0.00033919688
0,0.0,0.00032712714
0,0.0,0.00037854406
0,0.0,0.0005198434
0,0.0,0.002249681
0,0.0,0.010101744
0,0.0,0.0010777208
1,1.0,0.9988645
0,0.0,0.00033873736
0,0.0,0.00030942386
1,1.0,0.99835056
1,1.0,0.99837905
0,0.0,0.010345135
1,1.0,0.99907714
0,0.0,0.0003270635
0,0.0,0.00036509702
1,1.0,0.9994225
1,1.0,0.9968227
0,0.0,0.00044209076
1,1.0,0.9987687
1,1.0,0.99831283
1,1.0,0.99795383
1,1.0,0.9983818
1,1.0,0.9991696
1,1.0,0.9979465
1,1.0,0.99897075
0,0.0,0.0031760307
1,1.0,0.99911904
0,0.0,0.0003389457
1,1.0,0.9989089
0,0.0,0.00036732893
0,0.0,0.0003191586
1,1.0,0.9983902
0,0.0,0.0003326433
1,1.0,0.99884224
0,0.0,0.00033386424
1,1.0,0.99911153
1,1.0,0.99917537
1,1.0,0.9952094
0,0.0,0.00028612724
1,1.0,0.99884945
1,1.0,0.9988196
0,0.0,0.0012289985
1,1.0,0.99914193
1,1.0,0.9979819
0,0.0,0.0003172032
1,1.0,0.9992969
1,1.0,0.9984531
0,0.0,0.00028613815
1,1.0,0.99867016
0,0.0,0.0003428099
1,1.0,0.9989935
1,1.0,0.9993799
0,0.0,0.0013221301
0,0.0,0.00031816543
0,0.0,0.00036400784
1,1.0,0.99833876
1,1.0,0.9991509
0,0.0,0.00030453084
1,1.0,0.9991313
1,1.0,0.99931437
1,1.0,0.9989746
1,1.0,0.9937192
0,0.0,0.00032839327
1,1.0,0.9992766
0,0.0,0.0005803231
0,0.0,0.0003974506
0,0.0,0.00029745663
1,1.0,0.999382
1,1.0,0.9991317
0,0.0,0.00033790903
1,1.0,0.9992425
0,0.0,0.00031959644
0,0.0,0.0064681736
0,0.0,0.0052519846
0,0.0,0.0024955464
1,1.0,0.99947286
0,0.0,0.00037528636
0,0.0,0.0004669903
0,0.0,0.00081141386
0,0.0,0.0002791433
1,1.0,0.99925005
0,0.0,0.00045359347
0,0.0,0.0005449147
0,0.0,0.00032840422
0,0.0,0.0003263966
1,1.0,0.9984072
1,1.0,0.99840736
1,1.0,0.9978833
0,0.0,0.00033716718
0,0.0,0.00057771994
1,1.0,0.9995765
0,0.0,0.0010621768
0,0.0,0.00044063377
1,1.0,0.9952483
0,0.0,0.00035909115
0,0.0,0.0003389696
0,0.0,0.0038247707
1,1.0,0.9987071
1,1.0,0.99841917
1,1.0,0.9998095
0,0.0,0.00048492095
0,0.0,0.0018330652
1,1.0,0.9983561
0,0.0,0.00039965953
1,1.0,0.9990152
0,0.0,0.00053803046
1,1.0,0.9991645
1,1.0,0.99635094
1,1.0,0.9992864
1,1.0,0.9990625
0,0.0,0.00033007943
0,0.0,0.00033677637
1,1.0,0.9991436
1,1.0,0.99834263
1,1.0,0.99885964
1,1.0,0.99938345
0,0.0,0.00038870904
1,1.0,0.99915165
1,1.0,0.99820995
0,0.0,0.0005775715
0,0.0,0.00057572295
0,0.0,0.0022833166
1,1.0,0.99912167
1,1.0,0.99916965
1,1.0,0.9991239
1,1.0,0.9998095
1,1.0,0.9988807
1,1.0,0.9992433
1,1.0,0.99791366
0,0.0,0.00031973296
1,1.0,0.9988646
1,1.0,0.99911875
1,1.0,0.99905366
0,0.0,0.00032256596
0,0.0,0.0031115601
0,0.0,0.00032155827
1,1.0,0.9986922
1,1.0,0.99934304
1,1.0,0.9993926
1,1.0,0.99876714
0,0.0,0.00020752719
1,1.0,0.9994257
0,0.0,0.0003326785
0,0.0,0.00037855652
1,1.0,0.9990786
0,0.0,0.0003265348
1,1.0,0.99918854
1,1.0,0.99885917
1,1.0,0.9983398
1,1.0,0.99896646
0,0.0,0.00020790707
0,0.0,0.00027901586
1,1.0,0.9878737
0,0.0,0.0003911945
0,0.0,0.0003048873
1,1.0,0.9989873
0,0.0,0.00033827807
0,0.0,0.00033919234
0,0.0,0.0003342139
0,0.0,0.0011826114
0,0.0,0.0009889313
0,0.0,0.00054334616
0,0.0,0.000532302
1,1.0,0.9983258
1,1.0,0.99932826
1,1.0,0.99937487
0,0.0,0.0030175708
1,1.0,0.9988174
0,0.0,0.0017246257
0,0.0,0.0009844642
0,0.0,0.000391243
0,0.0,0.00060874975
0,0.0,0.0006441736
0,0.0,0.00046660428
0,0.0,0.00046728458
0,0.0,0.0005714221
0,0.0,0.016676264
1,1.0,0.9988682
0,0.0,0.00062585744
0,0.0,0.00033685146
1,1.0,0.9998052
0,0.0,0.009946214
0,0.0,0.00053487666
1,1.0,0.9980392
0,0.0,0.00033899545
0,0.0,0.00074188475
1,1.0,0.9994481
0,0.0,0.0039289896
1,1.0,0.9967653
0,0.0,0.0002815636
1,1.0,0.9987393
0,0.0,0.00036537836
1,1.0,0.998302
1,1.0,0.99835443
1,1.0,0.9994499
0,0.0,0.0005421449
1,1.0,0.99927133
1,1.0,0.99953747
1,1.0,0.99832255
0,0.0,0.00031646225
1,1.0,0.9983817
0,0.0,0.00057805644
1,1.0,0.9983393
1,1.0,0.9993423
0,0.0,0.00044138962
1,1.0,0.9987979
0,0.0,0.0003340002
1,1.0,0.9988611
1,1.0,0.9986935
0,0.0,0.00045351955
0,0.0,0.00030448873
1,1.0,0.99922776
1,1.0,0.9991675
1,1.0,0.9988505
1,1.0,0.99902976
1,1.0,0.99493927
1,1.0,0.9995209
1,1.0,0.9991022
1,1.0,0.9986297
0,0.0,0.00058096566
1,1.0,0.99840724
1,1.0,0.99735516
0,0.0,0.0012426713
1,1.0,0.99937356
1,1.0,0.9983935
1,1.0,0.9988349
1,1.0,0.9997459
1,1.0,0.9983388
1,1.0,0.9986436
1,1.0,0.9968464
0,0.0,0.0003662249
0,0.0,0.0006755924
0,0.0,0.00031001677
0,0.0,0.00032159014
1,1.0,0.9983942
0,0.0,0.00033304375
1,1.0,0.9961514
1,1.0,0.9986825
1,1.0,0.99601465
0,0.0,0.00032158676
0,0.0,0.00031916925
0,0.0,0.00041885074
1,1.0,0.9989587
0,0.0,0.0005887019
1,1.0,0.9994832
1,1.0,0.9993266
1,1.0,0.9991244
0,0.0,0.0003272023
1,1.0,0.9992941
0,0.0,0.0004523521
0,0.0,0.00051211484
1,1.0,0.99872303
0,0.0,0.0006262333
1,1.0,0.9991927
0,0.0,0.00029141954
0,0.0,0.00031818062
1,1.0,0.99856377
0,0.0,0.0003427756
0,0.0,0.00053717114
0,0.0,0.00032287982
1,1.0,0.9983362
0,0.0,0.00056929246
1,1.0,0.99871975
1,1.0,0.9988709
0,0.0,0.00033756453
1,1.0,0.9989852
0,0.0,0.0005615822
0,0.0,0.00033007975
1,1.0,0.9991024
1,1.0,0.996899
0,0.0,0.0003425794
0,0.0,0.0003353329
0,0.0,0.0011970237
0,0.0,0.0003651844
1,1.0,0.9992598
0,0.0,0.00057221454
0,0.0,0.0021895606
0,0.0,0.0009920284
1,1.0,0.99856514
0,0.0,0.003041095
0,0.0,0.00032840704
0,0.0,0.00028915674
1,1.0,0.99845135
1,1.0,0.99889106
0,0.0,0.003166742
1,1.0,0.99886864
1,1.0,0.9988889
1,1.0,0.9992658
1,1.0,0.9989751
1,1.0,0.99834156
1,1.0,0.99945545
1,1.0,0.9969124
0,0.0,0.00038195663
1,1.0,0.99932057
1,1.0,0.9995885
1,1.0,0.9988575
0,0.0,0.00032406402
0,0.0,0.00032169596
0,0.0,0.00029128033
0,0.0,0.005444302
0,0.0,0.0005830048
1,1.0,0.99611706
1,1.0,0.99890584
0,0.0,0.0011736321
0,0.0,0.00073223544
0,0.0,0.0052547674
1,1.0,0.99934304
1,1.0,0.99834955
1,1.0,0.9993308
0,0.0,0.002251503
0,0.0,0.0034052748
1,1.0,0.99520487
0,0.0,0.003112501
1,1.0,0.99866015
1,1.0,0.9990245
1,1.0,0.9992573
1,1.0,0.9994615
1,1.0,0.9989141
0,0.0,0.0031170112
1,1.0,0.9989707
0,0.0,0.0005363681
1,1.0,0.9990691
0,0.0,0.00034074075
0,0.0,0.00033414256
1,1.0,0.9985259
0,0.0,0.00033401643
0,0.0,0.00053359085
1,1.0,0.9985936
1,1.0,0.99834114
1,1.0,0.9993326
0,0.0,0.00036560278
0,0.0,0.00058494613
0,0.0,0.00038495136
0,0.0,0.00031788106
1,1.0,0.9991184
1,1.0,0.9987312
0,0.0,0.0004105445
0,0.0,0.00034251952
1,1.0,0.9979355
1,1.0,0.99959844
1,1.0,0.99915546
1,1.0,0.99919254
1,1.0,0.9993821
0,0.0,0.000293266
1,1.0,0.9988654
1,1.0,0.99915236
1,1.0,0.9974096
0,0.0,0.00041392405
1,1.0,0.99900174
0,0.0,0.0005776987
0,0.0,0.00050371035
0,0.0,0.00033421806
0,0.0,0.0022493298
0,0.0,0.0003263988
1,1.0,0.99890953
1,1.0,0.99916625
0,0.0,0.0019586782
1,1.0,0.9980634
1,1.0,0.99978644
1,1.0,0.99862534
1,1.0,0.9983825
0,0.0,0.00033653356
1,1.0,0.9986913
1,1.0,0.99643177
1,1.0,0.9992099
0,0.0,0.000366268
0,0.0,0.00046700277
1,1.0,0.9978722
0,0.0,0.00042529913
0,0.0,0.00041015292
0,0.0,0.0003659239
0,0.0,0.00036430973
0,0.0,0.0013273074
1,1.0,0.999298
0,0.0,0.003115565
0,0.0,0.0030152863
0,0.0,0.0005177941
1,1.0,0.9992694
0,0.0,0.000664772
1,1.0,0.99773484
1,1.0,0.9982713
0,0.0,0.00036733644
0,0.0,0.00044142242
1,1.0,0.99628305
1,1.0,0.99535
1,1.0,0.99831223
1,1.0,0.9990518
1,1.0,0.9951886
0,0.0,0.00032826743
0,0.0,0.00034160507
1,1.0,0.9991293
0,0.0,0.0005409113
0,0.0,0.0003291289
1,1.0,0.99834955
0,0.0,0.00031918995
1,1.0,0.99938416
0,0.0,0.0021368533
1,1.0,0.9952229
0,0.0,0.0003230649
1,1.0,0.9983129
0,0.0,0.00045119275
0,0.0,0.00031779194
1,1.0,0.9988531
1,1.0,0.99864393
0,0.0,0.0003389512
0,0.0,0.00036238466
1,1.0,0.99885935
1,1.0,0.9991429
0,0.0,0.0078064613
1,1.0,0.99936175
0,0.0,0.00032258042
1,1.0,0.9991325
0,0.0,0.00036704264
0,0.0,0.0003415027
0,0.0,0.0037967963
0,0.0,0.00033421072
1,1.0,0.99885666
0,0.0,0.00037781853
1,1.0,0.9983711
0,0.0,0.00037818064
1,1.0,0.9980248
1,1.0,0.995919
1,1.0,0.99612164
1,1.0,0.9984532
0,0.0,0.00039248768
1,1.0,0.99949
0,0.0,0.0003436864
1,1.0,0.99930614
1,1.0,0.99859643
1,1.0,0.9993972
0,0.0,0.002445525
0,0.0,0.0003285439
1,1.0,0.9983715
0,0.0,0.00043526627
1,1.0,0.9994541
0,0.0,0.00052342634
0,0.0,0.0005407468
0,0.0,0.0023886827
1,1.0,0.99933195
1,1.0,0.9994433
1,1.0,0.99927145
0,0.0,0.0005273248
0,0.0,0.0005272107
1,1.0,0.9957361
1,1.0,0.998317
1,1.0,0.99947906
1,1.0,0.9985403
0,0.0,0.0005363862
0,0.0,0.00044615628
1,1.0,0.99837923
1,1.0,0.9984192
1,1.0,0.99915504
1,1.0,0.9983413
0,0.0,0.0044437125
1,1.0,0.9990963
1,1.0,0.9983385
1,1.0,0.99841934
0,0.0,0.000504603
1,1.0,0.99680537
1,1.0,0.99931043
0,0.0,0.000399384
1,1.0,0.9988173
1,1.0,0.9992763
0,0.0,0.00030924217
1,1.0,0.9988056
1,1.0,0.99681324
0,0.0,0.00031427524
1,1.0,0.99831396
0,0.0,0.0014251353
1,1.0,0.99866325
0,0.0,0.00033921306
1,1.0,0.99634963
0,0.0,0.00066577527
1,1.0,0.9986975
1,1.0,0.9986037
1,1.0,0.9992971
1,1.0,0.999733
1,1.0,0.9991111
0,0.0,0.00037976183
1,1.0,0.99914366
1,1.0,0.9988645
0,0.0,0.0003172235
1,1.0,0.99715734
0,0.0,0.00034834846
1,1.0,0.9998095
1,1.0,0.9996861
1,1.0,0.9981318
1,1.0,0.9986825
1,1.0,0.9992864
1,1.0,0.99841845
0,0.0,0.0003429642
0,0.0,0.00054486044
1,1.0,0.9983384
1,1.0,0.9992755
1,1.0,0.99833417
0,0.0,0.0005716035
0,0.0,0.00027819746
1,1.0,0.9988665
0,0.0,0.00032421265
1,1.0,0.99869347
1,1.0,0.9988581
1,1.0,0.99804246
1,1.0,0.9985408
1,1.0,0.9964502
1,1.0,0.99867797
1,1.0,0.99509764
1,1.0,0.99908274
0,0.0,0.0029491482
1,1.0,0.9985646
1,1.0,0.99943125
1,1.0,0.9988731
1,1.0,0.99898434
0,0.0,0.0003215978
1,1.0,0.99817425
0,0.0,0.00034080475
1,1.0,0.99841917
1,1.0,0.9993322
1,1.0,0.99875456
0,0.0,0.000516073
1,1.0,0.9993465
0,0.0,0.0038701687
1,1.0,0.9983543
0,0.0,0.0003834142
0,0.0,0.0005335939
0,0.0,0.0008017198
1,1.0,0.99884874
1,1.0,0.9963015
1,1.0,0.99833626
1,1.0,0.9983354
1,1.0,0.99881345
1,1.0,0.9995374
1,1.0,0.99872917
0,0.0,0.00042908365
0,0.0,0.0016595203
1,1.0,0.9969448
0,0.0,0.0024822308
1,1.0,0.9967551
0,0.0,0.00039899908
1,1.0,0.9984532
1,1.0,0.9964809
0,0.0,0.0003278474
0,0.0,0.0024786002
1,1.0,0.9989512
0,0.0,0.00031768595
0,0.0,0.00043233586
0,0.0,0.0012370547
1,1.0,0.9983294
0,0.0,0.00046723385
1,1.0,0.9992703
0,0.0,0.0020870096
0,0.0,0.0003181618
0,0.0,0.00033804242
0,0.0,0.00045201075
1,1.0,0.9993027
0,0.0,0.0004771754
0,0.0,0.0003375658
0,0.0,0.00033789326
0,0.0,0.0005109369
0,0.0,0.016137775
0,0.0,0.0021448457
1,1.0,0.99871767
1,1.0,0.99835557
1,1.0,0.99815696
1,1.0,0.9961635
1,1.0,0.999574
0,0.0,0.00044078712
1,1.0,0.9993348
1,1.0,0.9988415
0,0.0,0.0003838
1,1.0,0.9991048
0,0.0,0.0006647644
0,0.0,0.00037886994
1,1.0,0.9993583
1,1.0,0.9992772
0,0.0,0.00033791517
0,0.0,0.00050360354
1,1.0,0.9989479
1,1.0,0.9984413
0,0.0,0.0054416284
0,0.0,0.00033920544
0,0.0,0.00038577482
0,0.0,0.00034161322
1,1.0,0.9986761
1,1.0,0.99842167
1,1.0,0.9993689
1,1.0,0.99930847
1,1.0,0.99938655
1,1.0,0.99682176
1,1.0,0.9983818
1,1.0,0.9994789
0,0.0,0.002073333
0,0.0,0.0009890943
0,0.0,0.00031167577
0,0.0,0.000293593
1,1.0,0.9986426
0,0.0,0.0037189394
1,1.0,0.9988423
1,1.0,0.9967985
0,0.0,0.00051454006
1,1.0,0.9988635
1,1.0,0.9983637
0,0.0,0.00034280663
1,1.0,0.9989831
1,1.0,0.99866414
1,1.0,0.9984208
0,0.0,0.0003338569
1,1.0,0.99953234
1,1.0,0.99869144
0,0.0,0.002097022
1,1.0,0.9983846
0,0.0,0.00025886338
1,1.0,0.9991184
1,1.0,0.9989884
1,1.0,0.99914503
0,0.0,0.00046705283
0,0.0,0.0005780813
0,0.0,0.00050386554
0,0.0,0.0018509835
0,0.0,0.0003364798
1,1.0,0.9992143
0,0.0,0.00035481167
0,0.0,0.00056894805
1,1.0,0.9985636
1,1.0,0.9983711
0,0.0,0.00079721515
1,1.0,0.9969517
1,1.0,0.99876404
0,0.0,0.002659597
1,1.0,0.9989057
1,1.0,0.9990731
1,1.0,0.9986825
0,0.0,0.00034295814
1,1.0,0.9994151
0,0.0,0.00039026816
0,0.0,0.00031816665
1,1.0,0.99901897
1,1.0,0.99929667
1,1.0,0.99930465
1,1.0,0.999657
1,1.0,0.99837923
1,1.0,0.99845326
1,1.0,0.99886405
1,1.0,0.99885327
1,1.0,0.99841976
1,1.0,0.99885696
1,1.0,0.9983412
1,1.0,0.9986444
0,0.0,0.0003042708
1,1.0,0.9993571
0,0.0,0.00034275337
0,0.0,0.0005340335
0,0.0,0.008991179
1,1.0,0.9988116
1,1.0,0.9990519
0,0.0,0.000333842
0,0.0,0.00057762244
0,0.0,0.00033920383
0,0.0,0.00037100984
1,1.0,0.998717
1,1.0,0.9989056
0,0.0,0.0005233994
1,1.0,0.9988131
1,1.0,0.99872464
1,1.0,0.99834114
1,1.0,0.99306154
1,1.0,0.99900717
1,1.0,0.9985642
1,1.0,0.99947035
1,1.0,0.9978466
1,1.0,0.99868274
1,1.0,0.99890566
1,1.0,0.99892956
0,0.0,0.00036397527
1,1.0,0.9968601
0,0.0,0.00031974728
0,0.0,0.00053720234
1,1.0,0.99864376
1,1.0,0.9988858
0,0.0,0.0005771525
1,1.0,0.99865234
0,0.0,0.010408683
0,0.0,0.00036606923
0,0.0,0.00036511724
1,1.0,0.9976501
1,1.0,0.9988525
1,1.0,0.99570376
1,1.0,0.9984185
1,1.0,0.99899834
1,1.0,0.99654245
1,1.0,0.9991314
0,0.0,0.00053489016
0,0.0,0.0005198938
1,1.0,0.99836004
1,1.0,0.99902046
0,0.0,0.000665756
1,1.0,0.9983817
1,1.0,0.99867696
1,1.0,0.9934553
0,0.0,0.0070025246
1,1.0,0.99864364
1,1.0,0.99766713
1,1.0,0.9985227
1,1.0,0.99841917
0,0.0,0.00035084324
0,0.0,0.00046627194
1,1.0,0.9992839
1,1.0,0.998677
0,0.0,0.00030155876
1,1.0,0.99934024
0,0.0,0.00045179832
1,1.0,0.9970857
1,1.0,0.9993758
0,0.0,0.0006258183
1,1.0,0.99840754
0,0.0,0.00027297914
0,0.0,0.0005216691
1,1.0,0.99778944
1,1.0,0.9968956
0,0.0,0.00057807023
0,0.0,0.00032875474
0,0.0,0.0004169356
0,0.0,0.00052734645
0,0.0,0.0012282301
0,0.0,0.00033792225
0,0.0,0.0031148857
0,0.0,0.00033755647
1,1.0,0.99929565
0,0.0,0.00058094296
1,1.0,0.9980445
1,1.0,0.99915975
0,0.0,0.0005755413
0,0.0,0.00036728097
0,0.0,0.0003375679
0,0.0,0.0003252823
0,0.0,0.0004467844
0,0.0,0.0003191601
1,1.0,0.9995353
0,0.0,0.002326568
1,1.0,0.9993296
1,1.0,0.9991636
1,1.0,0.9990515
0,0.0,0.00027840177
0,0.0,0.00032642772
0,0.0,0.00038187104
0,0.0,0.0038414688
1,1.0,0.99896795
0,0.0,0.0012283835
0,0.0,0.00036513567
1,1.0,0.99931353
0,0.0,0.005437839
0,0.0,0.00030112808
1,1.0,0.9990392
1,1.0,0.999251
0,0.0,0.0004570157
1,1.0,0.9970015
0,0.0,0.00030175032
0,0.0,0.00040541377
0,0.0,0.00048311838
0,0.0,0.00034133118
0,0.0,0.00045570606
1,1.0,0.99890614
0,0.0,0.00028616108
1,1.0,0.99870706
1,1.0,0.99951583
1,1.0,0.99856305
1,1.0,0.99920535
1,1.0,0.9991062
0,0.0,0.00039125944
0,0.0,0.0006088084
1,1.0,0.9984073
1,1.0,0.998662
1,1.0,0.999361
0,0.0,0.00026795402
1,1.0,0.9988421
1,1.0,0.99820435
1,1.0,0.9970746
0,0.0,0.0004727857
0,0.0,0.0010708877
1,1.0,0.99819016
1,1.0,0.999359
0,0.0,0.00033789795
1,1.0,0.9993881
1,1.0,0.9981302
1,1.0,0.9989222
1,1.0,0.9985942
0,0.0,0.0003388662
0,0.0,0.00031262627
0,0.0,0.0005160814
1,1.0,0.9984193
0,0.0,0.0012288634
0,0.0,0.0027602236
0,0.0,0.0005364083
0,0.0,0.0005408136
1,1.0,0.9982515
0,0.0,0.00089166855
1,1.0,0.9960141
1,1.0,0.9984077
0,0.0,0.00034782395
1,1.0,0.9969431
1,1.0,0.99958575
0,0.0,0.0003284011
0,0.0,0.007819854
1,1.0,0.99928766
1,1.0,0.9993821
1,1.0,0.99876624
1,1.0,0.9984531
0,0.0,0.00072120264
1,1.0,0.99835086
0,0.0,0.00033317966
1,1.0,0.99692607
0,0.0,0.0002874931
0,0.0,0.00058507215
0,0.0,0.0056535066
0,0.0,0.0006441395
1,1.0,0.99747866
0,0.0,0.0077701104
1,1.0,0.9976537
1,1.0,0.99939203
1,1.0,0.9992733
1,1.0,0.9983941
1,1.0,0.99840796
0,0.0,0.0031164333
0,0.0,0.0008794436
1,1.0,0.9987109
1,1.0,0.9990041
1,1.0,0.99929106
1,1.0,0.99887127
1,1.0,0.99885094
0,0.0,0.00029398908
0,0.0,0.00033907886
1,1.0,0.99837804
1,1.0,0.9989334
1,1.0,0.99896574
0,0.0,0.00034160996
1,1.0,0.9983962
1,1.0,0.9992881
1,1.0,0.9988642
1,1.0,0.9986914
0,0.0,0.0047874
0,0.0,0.0005333747
0,0.0,0.00032846374
0,0.0,0.00038818896
0,0.0,0.00032557614
0,0.0,0.00042974864
0,0.0,0.0065879207
1,1.0,0.9983878
1,1.0,0.9986696
1,1.0,0.998865
1,1.0,0.99957585
0,0.0,0.0028248122
1,1.0,0.9997449
0,0.0,0.00052037416
0,0.0,0.008191926
0,0.0,0.0003172241
1,1.0,0.9990889
0,0.0,0.0007212655
1,1.0,0.99833983
0,0.0,0.00031308114
0,0.0,0.00053336966
1,1.0,0.99797606
0,0.0,0.0030738453
0,0.0,0.00038590358
1,1.0,0.99886423
1,1.0,0.9990189
0,0.0,0.00033268007
0,0.0,0.0002915326
0,0.0,0.0003673055
1,1.0,0.99921495
1,1.0,0.99938834
0,0.0,0.0003330393
1,1.0,0.99792534
0,0.0,0.00036414634
0,0.0,0.00254799
1,1.0,0.99862754
1,1.0,0.9993416
1,1.0,0.99844116
1,1.0,0.9988892
1,1.0,0.99887
1,1.0,0.99834985
1,1.0,0.999397
1,1.0,0.9988687
0,0.0,0.00033422187
1,1.0,0.9985404
0,0.0,0.00033789666
1,1.0,0.9989876
0,0.0,0.00027081385
1,1.0,0.9987798
1,1.0,0.99847126
1,1.0,0.9989058
1,1.0,0.9988721
1,1.0,0.9989055
0,0.0,0.00066995365
1,1.0,0.9988664
1,1.0,0.9988207
0,0.0,0.00033386072
1,1.0,0.9991659
0,0.0,0.010332162
0,0.0,0.00033399573
1,1.0,0.9987306
1,1.0,0.998655
1,1.0,0.99796164
0,0.0,0.00031799838
1,1.0,0.9992155
1,1.0,0.99865556
1,1.0,0.9964608
0,0.0,0.0003226613
0,0.0,0.0002845825
0,0.0,0.0033088617
1,1.0,0.9992355
0,0.0,0.00053875893
0,0.0,0.00034160053
1,1.0,0.99921846
0,0.0,0.00032160117
1,1.0,0.9983257
0,0.0,0.00030886414
1,1.0,0.9986761
0,0.0,0.0027702013
1,1.0,0.99803066
0,0.0,0.00050146383
1,1.0,0.9998095
1,1.0,0.9998052
1,1.0,0.99832493
1,1.0,0.998871
1,1.0,0.99884206
1,1.0,0.99870783
1,1.0,0.9973544
1,1.0,0.99833983
1,1.0,0.99916697
0,0.0,0.0003262821
0,0.0,0.000345641
1,1.0,0.99911964
1,1.0,0.9984532
1,1.0,0.99833614
1,1.0,0.99932843
1,1.0,0.9993452
1,1.0,0.9983935
1,1.0,0.99902695
0,0.0,0.00051454006
1,1.0,0.998978
1,1.0,0.997228
1,1.0,0.9992851
0,0.0,0.00032159506
1,1.0,0.9983601
1,1.0,0.99865687
0,0.0,0.00055225595
0,0.0,0.00053883414
1,1.0,0.9993503
0,0.0,0.00028613978
1,1.0,0.9986893
1,1.0,0.9987887
0,0.0,0.0003778079
0,0.0,0.00032084875
1,1.0,0.9989543
1,1.0,0.99959147
0,0.0,0.00031917778
0,0.0,0.0003146344
0,0.0,0.0003912695
0,0.0,0.0004509687
0,0.0,0.00033303548
0,0.0,0.00029392465
1,1.0,0.9989058
0,0.0,0.000336833
0,0.0,0.0003379068
1,1.0,0.99885935
0,0.0,0.0012339054
1,1.0,0.9986886
0,0.0,0.00028614825
0,0.0,0.00039016065
1,1.0,0.9984079
1,1.0,0.99864405
1,1.0,0.99836224
1,1.0,0.9982668
1,1.0,0.9987417
0,0.0,0.0003429668
1,1.0,0.9991833
1,1.0,0.9993327
1,1.0,0.9998024
1,1.0,0.9990063
1,1.0,0.997435
1,1.0,0.9956289
1,1.0,0.99900144
0,0.0,0.00034602635
0,0.0,0.00089860737
0,0.0,0.0003215969
1,1.0,0.9988511
0,0.0,0.00057560386
1,1.0,0.9986436
0,0.0,0.0021671678
1,1.0,0.9984265
1,1.0,0.99832594
1,1.0,0.9991188
1,1.0,0.99891376
0,0.0,0.0031152572
1,1.0,0.99964935
1,1.0,0.9988094
0,0.0,0.009966887
1,1.0,0.99838173
0,0.0,0.0005284635
1,1.0,0.9983638
0,0.0,0.00044214024
0,0.0,0.00016861352
0,0.0,0.00038355184
0,0.0,0.0003560277
0,0.0,0.00060840754
1,1.0,0.9992203
1,1.0,0.9994012
1,1.0,0.9994467
1,1.0,0.99966794
0,0.0,0.00041074905
1,1.0,0.9992634
1,1.0,0.9994872
0,0.0,0.00045218738
0,0.0,0.00028600532
0,0.0,0.0003427986
0,0.0,0.000783913
1,1.0,0.9985403
1,1.0,0.99948454
1,1.0,0.99945194
1,1.0,0.99931526
1,1.0,0.9989058
1,1.0,0.99881935
1,1.0,0.99858147
0,0.0,0.0002938874
0,0.0,0.00040423538
0,0.0,0.00033390662
1,1.0,0.9976684
0,0.0,0.00054488465
0,0.0,0.0011894108
1,1.0,0.9986424
0,0.0,0.00037599792
1,1.0,0.9980597
1,1.0,0.9988651
0,0.0,0.00032159596
0,0.0,0.00032172076
1,1.0,0.9993892
0,0.0,0.0003391836
0,0.0,0.00033420665
0,0.0,0.00033304567
1,1.0,0.9994814
1,1.0,0.99862844
0,0.0,0.00033789873
0,0.0,0.0013660971
1,1.0,0.999384
0,0.0,0.00029400704
1,1.0,0.9967546
1,1.0,0.9983879
1,1.0,0.99834156
1,1.0,0.9992728
0,0.0,0.0005336129
1,1.0,0.99116206
1,1.0,0.9994486
1,1.0,0.9988242
0,0.0,0.0006699479
0,0.0,0.0003130889
1,1.0,0.9987069
0,0.0,0.00037338145
0,0.0,0.004011661
1,1.0,0.99911916
0,0.0,0.00033837828
0,0.0,0.0002859909
1,1.0,0.99680865
1,1.0,0.99964654
0,0.0,0.0003583733
1,1.0,0.9997623
0,0.0,0.00057782454
0,0.0,0.004523739
0,0.0,0.010641797
1,1.0,0.9990366
0,0.0,0.0013971631
0,0.0,0.00033881905
1,1.0,0.9993405
0,0.0,0.00038240565
1,1.0,0.9985058
1,1.0,0.9992357
1,1.0,0.99828863
1,1.0,0.9970217
0,0.0,0.0003390478
1,1.0,0.9990613
1,1.0,0.9995806
1,1.0,0.99806595
1,1.0,0.9991838
1,1.0,0.99845093
1,1.0,0.9991312
1,1.0,0.9986283
1,1.0,0.9988404
0,0.0,0.00038013016
1,1.0,0.99934775
0,0.0,0.00033475252
1,1.0,0.999996
0,0.0,0.004539978
0,0.0,0.00057789445
1,1.0,0.9984413
1,1.0,0.99697274
0,0.0,0.00036622788
0,0.0,0.00030121248
1,1.0,0.99862945
0,0.0,0.010818342
1,1.0,0.99911505
0,0.0,0.00052887975
1,1.0,0.99747205
1,1.0,0.99605924
1,1.0,0.99908227
0,0.0,0.00033301872
0,0.0,0.00034292787
1,1.0,0.9991035
0,0.0,0.00031716
1,1.0,0.99838215
0,0.0,0.0003175639
1,1.0,0.9989937
0,0.0,0.00052891806
1,1.0,0.9983816
1,1.0,0.9992899
1,1.0,0.9987103
1,1.0,0.9985667
0,0.0,0.00046625905
0,0.0,0.0013031501
1,1.0,0.9992894
1,1.0,0.99831516
0,0.0,0.00032662041
1,1.0,0.9991403
1,1.0,0.9989644
1,1.0,0.9981073
1,1.0,0.99838173
0,0.0,0.003031577
1,1.0,0.9986828
1,1.0,0.9987073
1,1.0,0.99920803
0,0.0,0.00032876228
1,1.0,0.9983413
0,0.0,0.007025494
1,1.0,0.9984511
1,1.0,0.99896145
0,0.0,0.00033303865
0,0.0,0.00060880434
1,1.0,0.99894136
1,1.0,0.99914473
1,1.0,0.9994613
1,1.0,0.999255
1,1.0,0.9988538
1,1.0,0.99884355
0,0.0,0.00033756837
1,1.0,0.9995201
1,1.0,0.9988642
0,0.0,0.00050361507
1,1.0,0.9988419
1,1.0,0.99881077
0,0.0,0.0004449422
0,0.0,0.00042078772
1,1.0,0.99845314
0,0.0,0.0008431333
1,1.0,0.998371
0,0.0,0.00040051216
0,0.0,0.00034248078
0,0.0,0.0005808123
0,0.0,0.0003160046
1,1.0,0.99683344
1,1.0,0.9985695
0,0.0,0.00032837444
1,1.0,0.99840784
1,1.0,0.99883676
1,1.0,0.99568236
0,0.0,0.007113129
1,1.0,0.99936557
0,0.0,0.00054481765
0,0.0,0.00033903553
0,0.0,0.00051434344
0,0.0,0.0003427986
0,0.0,0.00039120158
0,0.0,0.0003380252
1,1.0,0.9990912
1,1.0,0.99837124
1,1.0,0.9990519
0,0.0,0.00034262333
0,0.0,0.0004298556
1,1.0,0.99680775
0,0.0,0.00030183487
1,1.0,0.99898946
1,1.0,0.99881727
0,0.0,0.0005778069
1,1.0,0.99918383
0,0.0,0.00032375118
0,0.0,0.0005777224
0,0.0,0.00032274533
1,1.0,0.99911857
0,0.0,0.0024050483
0,0.0,0.00037830308
0,0.0,0.00052333856
0,0.0,0.00034295832
1,1.0,0.99834955
0,0.0,0.0005713682
1,1.0,0.9993718
1,1.0,0.99911046
0,0.0,0.00036611513
1,1.0,0.9990191
0,0.0,0.00032255522
1,1.0,0.99886686
1,1.0,0.9986699
1,1.0,0.99868006
1,1.0,0.9983128
0,0.0,0.00036731426
1,1.0,0.9983335
1,1.0,0.9968565
0,0.0,0.00031916163
1,1.0,0.99927133
1,1.0,0.9991132
1,1.0,0.9984514
1,1.0,0.99894255
1,1.0,0.9983015
1,1.0,0.9990924
1,1.0,0.99838156
0,0.0,0.0005715466
1,1.0,0.99842465
1,1.0,0.99838185
1,1.0,0.9992882
0,0.0,0.0003428089
0,0.0,0.00036515255
1,1.0,0.9985662
1,1.0,0.99938184
0,0.0,0.0031161695
1,1.0,0.99929315
0,0.0,0.0003429557
0,0.0,0.00031451503
1,1.0,0.99871147
0,0.0,0.00031720957
1,1.0,0.99904037
1,1.0,0.9988372
1,1.0,0.99862295
0,0.0,0.0031134007
1,1.0,0.99890596
1,1.0,0.9968059
0,0.0,0.00032085608
0,0.0,0.0005755887
1,1.0,0.99889565
1,1.0,0.9984533
1,1.0,0.9984191
0,0.0,0.0005371609
1,1.0,0.99918514
1,1.0,0.9986406
0,0.0,0.0005380153
0,0.0,0.0003660516
1,1.0,0.99806774
1,1.0,0.998812
1,1.0,0.9993844
1,1.0,0.998683
0,0.0,0.0031598916
1,1.0,0.9988648
1,1.0,0.9986396
0,0.0,0.00034162577
0,0.0,0.00036626068
0,0.0,0.00031816907
1,1.0,0.9998095
0,0.0,0.000795874
1,1.0,0.99905366
1,1.0,0.9990074
0,0.0,0.0003833722
1,1.0,0.9988651
1,1.0,0.99859625
1,1.0,0.9991942
0,0.0,0.00041150724
0,0.0,0.00032833253
0,0.0,0.00034257828
1,1.0,0.996429
0,0.0,0.00037757104
1,1.0,0.9990503
1,1.0,0.99788713
1,1.0,0.9971383
1,1.0,0.99927956
0,0.0,0.00032725564
1,1.0,0.99856406
1,1.0,0.99928516
1,1.0,0.99887073
0,0.0,0.00028752213
0,0.0,0.00047947592
1,1.0,0.998408
1,1.0,0.9970972
0,0.0,0.00053877046
0,0.0,0.00052346423
0,0.0,0.00034259853
0,0.0,0.00053361244
0,0.0,0.00029430012
0,0.0,0.00035425107
0,0.0,0.0006258485
0,0.0,0.00056954485
0,0.0,0.00033363167
0,0.0,0.00058495754
1,1.0,0.9986999
1,1.0,0.9986912
1,1.0,0.9992349
0,0.0,0.00037974876
0,0.0,0.0009876108
1,1.0,0.9987064
1,1.0,0.9995287
1,1.0,0.99946946
1,1.0,0.9989075
1,1.0,0.9984193
1,1.0,0.99927795
1,1.0,0.99927133
1,1.0,0.9983963
0,0.0,0.00029114986
1,1.0,0.9991297
0,0.0,0.00033244642
1,1.0,0.9984192
1,1.0,0.9986829
0,0.0,0.0005177694
0,0.0,0.00050357654
1,1.0,0.9993619
0,0.0,0.0002847866
0,0.0,0.00028611577
0,0.0,0.00031722922
1,1.0,0.9983935
1,1.0,0.99886435
0,0.0,0.00027353148
1,1.0,0.9992573
1,1.0,0.99834144
1,1.0,0.99720174
0,0.0,0.00033268516
1,1.0,0.9986139
1,1.0,0.99857694
0,0.0,0.0004110011
1,1.0,0.99942696
1,1.0,0.99862534
1,1.0,0.9982575
0,0.0,0.00032876417
0,0.0,0.0005847566
0,0.0,0.0005755416
1,1.0,0.99885625
0,0.0,0.0002812513
1,1.0,0.9982691
0,0.0,0.0003284127
0,0.0,0.0002843243
0,0.0,0.00031723498
1,1.0,0.9992155
0,0.0,0.0003314761
0,0.0,0.010204514
1,1.0,0.99836
0,0.0,0.0005776844
0,0.0,0.00037957597
1,1.0,0.99694455
0,0.0,0.00041075356
0,0.0,0.00033348062
0,0.0,0.00029825658
1,1.0,0.99974495
1,1.0,0.99873173
0,0.0,0.00080862734
1,1.0,0.999252
1,1.0,0.9984192
1,1.0,0.99838173
0,0.0,0.00057576183
0,0.0,0.010678424
0,0.0,0.00034142213
1,1.0,0.998857
1,1.0,0.9991417
0,0.0,0.0005347853
1,1.0,0.9652896
1,1.0,0.99856395
0,0.0,0.0003673405
0,0.0,0.0006251694
0,0.0,0.00046720935
1,1.0,0.9983391
0,0.0,0.0003188657
1,1.0,0.9997618
1,1.0,0.99833614
0,0.0,0.00032836042
1,1.0,0.9989618
0,0.0,0.004038835
0,0.0,0.00053218583
0,0.0,0.00033267785
1,1.0,0.998948
0,0.0,0.00031816878
0,0.0,0.00054081
1,1.0,0.9961429
1,1.0,0.99946135
1,1.0,0.99841917
0,0.0,0.00032353058
0,0.0,0.0012248912
1,1.0,0.9983266
1,1.0,0.99518865
1,1.0,0.9983793
1,1.0,0.99905396
0,0.0,0.001793027
0,0.0,0.00034294376
0,0.0,0.0003130955
0,0.0,0.00033756613
1,1.0,0.9990926
0,0.0,0.00032403835
1,1.0,0.998858
1,1.0,0.99910235
1,1.0,0.99841976
1,1.0,0.999325
0,0.0,0.0019129479
1,1.0,0.99915165
1,1.0,0.99894524
1,1.0,0.99831426
1,1.0,0.9984198
1,1.0,0.9987153
0,0.0,0.0005857191
1,1.0,0.99897945
0,0.0,0.00046941635
0,0.0,0.00028608902
1,1.0,0.9983816
1,1.0,0.99921626
0,0.0,0.00050255394
1,1.0,0.9986138
1,1.0,0.9987849
0,0.0,0.0008589746
1,1.0,0.99879265
1,1.0,0.9988504
0,0.0,0.0031136435
1,1.0,0.9986524
0,0.0,0.00031971617
1,1.0,0.9992739
0,0.0,0.0029112054
1,1.0,0.9992584
1,1.0,0.9980449
1,1.0,0.9983893
0,0.0,0.0005714559
0,0.0,0.00051458756
1,1.0,0.9993624
1,1.0,0.99870735
0,0.0,0.0005242232
0,0.0,0.00038506626
0,0.0,0.00052542874
1,1.0,0.9990514
1,1.0,0.9990982
0,0.0,0.00036790845
1,1.0,0.99902076
1,1.0,0.9988422
1,1.0,0.99998677
1,1.0,0.99841917
0,0.0,0.00038047077
1,1.0,0.9995754
0,0.0,0.0024190443
1,1.0,0.99884206
1,1.0,0.9983415
1,1.0,0.998419
1,1.0,0.99836546
0,0.0,0.0002905955
0,0.0,0.00037004094
1,1.0,0.99962556
1,1.0,0.99868846
0,0.0,0.0012387509
1,1.0,0.99879783
1,1.0,0.99854016
0,0.0,0.0003393979
0,0.0,0.00033423337
0,0.0,0.00033078698
1,1.0,0.9993022
0,0.0,0.00031427704
1,1.0,0.99886405
1,1.0,0.99926275
0,0.0,0.00053800223
1,1.0,0.99887204
1,1.0,0.99980855
1,1.0,0.99962395
0,0.0,0.00039011042
1,1.0,0.9958001
0,0.0,0.0005829962
1,1.0,0.9993826
1,1.0,0.9984661
1,1.0,0.9991695
1,1.0,0.9983815
0,0.0,0.00036508276
0,0.0,0.0041772686
1,1.0,0.99892426
0,0.0,0.002193282
1,1.0,0.99918324
1,1.0,0.99846727
0,0.0,0.00033398776
1,1.0,0.9984192
0,0.0,0.0002717273
1,1.0,0.9993408
0,0.0,0.00053799764
1,1.0,0.99931765
0,0.0,0.010580089
0,0.0,0.0026485466
0,0.0,0.00058548216
0,0.0,0.00043071466
0,0.0,0.00033785205
1,1.0,0.99890566
1,1.0,0.999301
1,1.0,0.99926925
0,0.0,0.00037666736
1,1.0,0.9988809
0,0.0,0.0053502577
0,0.0,0.00033920948
1,1.0,0.99884975
1,1.0,0.98787856
1,1.0,0.99921066
0,0.0,0.0003147406
0,0.0,0.0003745108
1,1.0,0.9990233
0,0.0,0.00036846986
0,0.0,0.0003342041
1,1.0,0.99870694
1,1.0,0.99913704
0,0.0,0.0024097918
0,0.0,0.0003264299
1,1.0,0.9983562
1,1.0,0.9984193
1,1.0,0.99864346
0,0.0,0.00033424102
1,1.0,0.99884295
1,1.0,0.9986768
0,0.0,0.00033918812
0,0.0,0.0035015144
1,1.0,0.9974492
1,1.0,0.998983
1,1.0,0.99887455
1,1.0,0.9986824
1,1.0,0.9988369
1,1.0,0.99871624
1,1.0,0.99888265
1,1.0,0.99935794
1,1.0,0.99931914
0,0.0,0.000537164
0,0.0,0.00036631344
1,1.0,0.9990762
0,0.0,0.0031777325
1,1.0,0.99853575
0,0.0,0.0012280671
1,1.0,0.9995008
1,1.0,0.9993824
0,0.0,0.0009931448
1,1.0,0.9992851
1,1.0,0.9985408
0,0.0,0.0003375687
0,0.0,0.00034289277
0,0.0,0.0005863667
0,0.0,0.00024245768
0,0.0,0.00034294112
1,1.0,0.9979555
1,1.0,0.99708533
1,1.0,0.99916244
1,1.0,0.99863696
1,1.0,0.9983507
1,1.0,0.99886435
1,1.0,0.9993534
1,1.0,0.9986885
1,1.0,0.9990005
0,0.0,0.00034158933
1,1.0,0.9984078
1,1.0,0.99884796
1,1.0,0.99884295
1,1.0,0.9991271
0,0.0,0.0005694979
1,1.0,0.9988724
1,1.0,0.99854076
0,0.0,0.00032636517
1,1.0,0.99870825
1,1.0,0.9993501
0,0.0,0.00033791145
0,0.0,0.00029388347
1,1.0,0.9987367
0,0.0,0.00034280075
1,1.0,0.9990173
0,0.0,0.00034261943
1,1.0,0.99892193
0,0.0,0.00032927826
0,0.0,0.0009929711
0,0.0,0.00033303516
0,0.0,0.0005836455
1,1.0,0.9983387
0,0.0,0.00038384047
1,1.0,0.99884933
0,0.0,0.00028664875
1,1.0,0.9979252
0,0.0,0.0003303401
1,1.0,0.99611944
1,1.0,0.9992531
1,1.0,0.99886537
0,0.0,0.0003673645
0,0.0,0.0005448654
1,1.0,0.99890697
0,0.0,0.0003283848
1,1.0,0.9989466
1,1.0,0.9998252
1,1.0,0.9990183
0,0.0,0.00046686034
0,0.0,0.00031722107
0,0.0,0.00028942782
1,1.0,0.9965032
0,0.0,0.00037959908
1,1.0,0.9996807
0,0.0,0.0003416155
0,0.0,0.00036416613
1,1.0,0.99912983
0,0.0,0.0003389512
0,0.0,0.0005387843
1,1.0,0.99832636
1,1.0,0.9984723
1,1.0,0.9995443
1,1.0,0.9998197
1,1.0,0.9994712
1,1.0,0.9988486
0,0.0,0.012585108
0,0.0,0.00062585715
1,1.0,0.99844635
0,0.0,0.00032639378
1,1.0,0.9984531
1,1.0,0.9992443
1,1.0,0.9978041
0,0.0,0.00053717976
1,1.0,0.9988662
1,1.0,0.9983258
1,1.0,0.9999994
0,0.0,0.00050962844
1,1.0,0.9984191
0,0.0,0.00033301522
0,0.0,0.00036514175
1,1.0,0.9983225
0,0.0,0.00039089777
1,1.0,0.99787235
0,0.0,0.00033920188
0,0.0,0.00034388158
1,1.0,0.99766785
1,1.0,0.9992582
0,0.0,0.00085275224
1,1.0,0.9991556
1,1.0,0.99944997
0,0.0,0.0011215641
0,0.0,0.00054063776
0,0.0,0.00062584045
1,1.0,0.99885935
1,1.0,0.9989055
0,0.0,0.000322051
0,0.0,0.0005273198
0,0.0,0.00066995044
1,1.0,0.99938667
0,0.0,0.009060712
0,0.0,0.000366275
0,0.0,0.00028570936
0,0.0,0.00051441405
0,0.0,0.0005177561
1,1.0,0.9987073
0,0.0,0.00029430538
1,1.0,0.9993492
1,1.0,0.9986827
0,0.0,0.0003429485
0,0.0,0.00039148045
0,0.0,0.00034295014
0,0.0,0.00033423942
1,1.0,0.9983129
0,0.0,0.00034161322
1,1.0,0.9996144
0,0.0,0.0003174628
1,1.0,0.9993889
0,0.0,0.0005233649
1,1.0,0.9994718
1,1.0,0.99835074
1,1.0,0.9989061
1,1.0,0.99902004
0,0.0,0.00034282412
0,0.0,0.0004669943
1,1.0,0.99947345
1,1.0,0.998544
0,0.0,0.00029061848
0,0.0,0.00029316367
1,1.0,0.99892217
1,1.0,0.9991507
1,1.0,0.9996568
0,0.0,0.0003181642
1,1.0,0.9985815
0,0.0,0.0005779992
1,1.0,0.99913126
1,1.0,0.9988912
1,1.0,0.99884516
0,0.0,0.00033789425
1,1.0,0.99808985
1,1.0,0.99884045
1,1.0,0.9986771
0,0.0,0.00032246727
1,1.0,0.99894893
1,1.0,0.99934447
1,1.0,0.9990017
1,1.0,0.9993222
1,1.0,0.99885446
0,0.0,0.00028787268
1,1.0,0.99866
1,1.0,0.9994696
1,1.0,0.9994917
1,1.0,0.9965007
0,0.0,0.0015852585
1,1.0,0.99915487
1,1.0,0.9983935
0,0.0,0.0002945735
1,1.0,0.998563
1,1.0,0.9983363
0,0.0,0.00082959625
0,0.0,0.00029401487
1,1.0,0.9989081
1,1.0,0.998505
1,1.0,0.9993068
1,1.0,0.99856496
0,0.0,0.00044064005
0,0.0,0.00034278832
1,1.0,0.9993732
0,0.0,0.00034160409
1,1.0,0.9980442
0,0.0,0.00033517307
1,1.0,0.9989057
1,1.0,0.99842525
1,1.0,0.9977286
0,0.0,0.0031634592
1,1.0,0.9984197
0,0.0,0.00031765684
0,0.0,0.00066998554
0,0.0,0.00053717266
0,0.0,0.00037015436
0,0.0,0.00033696197
1,1.0,0.9989774
1,1.0,0.9961629
1,1.0,0.9988596
1,1.0,0.99904734
1,1.0,0.9993043
1,1.0,0.99934095
1,1.0,0.9983933
1,1.0,0.99866277
1,1.0,0.99700356
1,1.0,0.9988434
1,1.0,0.9997013
1,1.0,0.998453
0,0.0,0.00032617635
1,1.0,0.9993492
0,0.0,0.006828302
0,0.0,0.00029430736
1,1.0,0.99896216
1,1.0,0.9994751
1,1.0,0.9988698
0,0.0,0.00037099535
0,0.0,0.0003882291
1,1.0,0.99936044
0,0.0,0.00031725044
1,1.0,0.9967976
1,1.0,0.99868274
0,0.0,0.00032851694
1,1.0,0.9985405
0,0.0,0.00042206404
0,0.0,0.00046741
1,1.0,0.9984133
1,1.0,0.998703
0,0.0,0.00034278832
1,1.0,0.99797153
0,0.0,0.0003131089
1,1.0,0.9990188
1,1.0,0.99841934
1,1.0,0.9960364
1,1.0,0.997133
0,0.0,0.002344061
0,0.0,0.00029825117
0,0.0,0.00032948426
1,1.0,0.99923027
0,0.0,0.0003638798
0,0.0,0.00033420217
1,1.0,0.9983399
0,0.0,0.000313473
0,0.0,0.00034296518
0,0.0,0.00046695778
0,0.0,0.0003291201
1,1.0,0.99930185
0,0.0,0.000411715
1,1.0,0.99886537
1,1.0,0.998453
1,1.0,0.9994369
1,1.0,0.9992882
0,0.0,0.00050124066
0,0.0,0.0003429858
0,0.0,0.0008866028
1,1.0,0.99938434
1,1.0,0.99896836
0,0.0,0.00039909093
0,0.0,0.0015094394
1,1.0,0.99896276
1,1.0,0.999238
1,1.0,0.99839354
1,1.0,0.99833363
1,1.0,0.9994509
1,1.0,0.9987594
0,0.0,0.0063250875
0,0.0,0.00031915586
0,0.0,0.0024994737
0,0.0,0.003173888
1,1.0,0.9993683
0,0.0,0.00052867614
1,1.0,0.9991605
1,1.0,0.9994643
1,1.0,0.99903554
1,1.0,0.99685985
1,1.0,0.9990736
1,1.0,0.99910605
0,0.0,0.00058506074
1,1.0,0.9993205
0,0.0,0.00053499336
0,0.0,0.0006657664
1,1.0,0.9983129
1,1.0,0.9984923
1,1.0,0.998453
1,1.0,0.99934775
1,1.0,0.9986914
1,1.0,0.99896955
1,1.0,0.99945414
0,0.0,0.00039120455
0,0.0,0.00039278527
0,0.0,0.00038358202
1,1.0,0.9987062
1,1.0,0.9989811
0,0.0,0.000583579
0,0.0,0.0075185294
0,0.0,0.0030823555
0,0.0,0.00031915403
1,1.0,0.9979801
1,1.0,0.9983435
0,0.0,0.00052760786
1,1.0,0.998641
1,1.0,0.9988437
0,0.0,0.00032723535
1,1.0,0.99676657
1,1.0,0.99870753
0,0.0,0.00033789166
1,1.0,0.99915844
0,0.0,0.00033156463
1,1.0,0.99840784
0,0.0,0.00033601772
1,1.0,0.9995234
0,0.0,0.0005859204
0,0.0,0.00051873265
0,0.0,0.0003375459
1,1.0,0.9968346
1,1.0,0.999119
0,0.0,0.00038922188
1,1.0,0.9941801
0,0.0,0.0004364654
0,0.0,0.00031916864
1,1.0,0.99426174
0,0.0,0.00055198546
1,1.0,0.9986825
0,0.0,0.00044674784
1,1.0,0.99834156
1,1.0,0.9986037
0,0.0,0.00033757385
1,1.0,0.9986601
1,1.0,0.9995989
1,1.0,0.9969315
0,0.0,0.00027740342
1,1.0,0.9991601
0,0.0,0.00029408242
0,0.0,0.00033421806
0,0.0,0.00033266173
1,1.0,0.99918854
0,0.0,0.00050366414
0,0.0,0.0002923788
0,0.0,0.0005037505
0,0.0,0.0004298136
1,1.0,0.99846137
0,0.0,0.000378497
0,0.0,0.00031816727
1,1.0,0.9983934
1,1.0,0.998326
1,1.0,0.99800545
1,1.0,0.99949455
0,0.0,0.0003428148
1,1.0,0.9991906
0,0.0,0.00060956203
1,1.0,0.9969725
0,0.0,0.00033363994
1,1.0,0.99932706
1,1.0,0.99872
1,1.0,0.998643
1,1.0,0.99927676
1,1.0,0.9991388
1,1.0,0.99898803
0,0.0,0.0005855301
0,0.0,0.000318295
0,0.0,0.00033049288
1,1.0,0.9992565
0,0.0,0.00038664183
1,1.0,0.99916345
0,0.0,0.00033512453
1,1.0,0.99943125
1,1.0,0.99928343
1,1.0,0.996899
1,1.0,0.998683
0,0.0,0.00034162152
1,1.0,0.99836373
1,1.0,0.99927133
1,1.0,0.99927336
0,0.0,0.00031592482
0,0.0,0.0031158496
1,1.0,0.99870694
1,1.0,0.99835885
0,0.0,0.0003283992
1,1.0,0.9999996
1,1.0,0.99869555
1,1.0,0.9992386
1,1.0,0.99943125
1,1.0,0.9992773
1,1.0,0.998408
1,1.0,0.99907637
0,0.0,0.00033808593
0,0.0,0.00037835163
0,0.0,0.00038175256
0,0.0,0.0005780407
1,1.0,0.9990302
0,0.0,0.0019995207
1,1.0,0.99886703
0,0.0,0.001841276
0,0.0,0.0003447442
1,1.0,0.9983384
0,0.0,0.0005706003
0,0.0,0.0030369905
1,1.0,0.9994366
1,1.0,0.9988521
0,0.0,0.001226812
0,0.0,0.00033385187
1,1.0,0.9998164
0,0.0,0.00032137008
1,1.0,0.9984414
1,1.0,0.9984413
1,1.0,0.9992482
1,1.0,0.9992838
0,0.0,0.00036734328
1,1.0,0.9989054
1,1.0,0.99885833
1,1.0,0.999277
1,1.0,0.9992133
1,1.0,0.9991389
1,1.0,0.9992877
1,1.0,0.9994006
1,1.0,0.9992436
0,0.0,0.00031915706
1,1.0,0.9991047
1,1.0,0.99833524
1,1.0,0.99917054
1,1.0,0.9993698
1,1.0,0.9988707
0,0.0,0.00048396623
1,1.0,0.99844134
1,1.0,0.9994858
0,0.0,0.0005845435
0,0.0,0.00033919234
0,0.0,0.00053491176
1,1.0,0.99884343
1,1.0,0.9985646
1,1.0,0.99907696
0,0.0,0.00073255994
1,1.0,0.9991035
0,0.0,0.00051777484
0,0.0,0.00053238426
1,1.0,0.99839336
1,1.0,0.998986
1,1.0,0.9959856
0,0.0,0.0005379956
1,1.0,0.999421
1,1.0,0.9972861
1,1.0,0.9992649
0,0.0,0.0005692689
0,0.0,0.0005286877
0,0.0,0.00028757617
1,1.0,0.9987882
1,1.0,0.99894774
1,1.0,0.9984197
1,1.0,0.9986837
1,1.0,0.9987937
1,1.0,0.9983353
0,0.0,0.00033756677
0,0.0,0.00031916559
0,0.0,0.00048148402
1,1.0,0.9994209
0,0.0,0.00056949706
0,0.0,0.00031928124
0,0.0,0.002245223
0,0.0,0.00036519082
1,1.0,0.9995089
1,1.0,0.9999829
0,0.0,0.0003379092
0,0.0,0.00033789457
0,0.0,0.0004117297
0,0.0,0.0003250901
1,1.0,0.9995364
1,1.0,0.9994754
0,0.0,0.0003192776
0,0.0,0.001176436
1,1.0,0.9990023
1,1.0,0.99853504
1,1.0,0.9980903
1,1.0,0.99929214
1,1.0,0.9988713
1,1.0,0.9983708
1,1.0,0.9988066
1,1.0,0.99836355
0,0.0,0.00032639378
1,1.0,0.99889743
0,0.0,0.00031122053
1,1.0,0.9992106
0,0.0,0.00034161843
1,1.0,0.99833864
0,0.0,0.0005714864
0,0.0,0.0005145636
1,1.0,0.99937385
0,0.0,0.0024375974
0,0.0,0.0003173499
0,0.0,0.0005387168
0,0.0,0.0003375605
0,0.0,0.00037783867
0,0.0,0.0012303436
0,0.0,0.0005853982
0,0.0,0.0016863531
1,1.0,0.999016
0,0.0,0.0002861485
1,1.0,0.9957647
0,0.0,0.005344539
1,1.0,0.9971672
1,1.0,0.9983705
0,0.0,0.000342821
1,1.0,0.9986143
1,1.0,0.99687177
1,1.0,0.99871695
0,0.0,0.0005707434
1,1.0,0.99833286
1,1.0,0.99836004
1,1.0,0.99949795
0,0.0,0.0029510527
1,1.0,0.99911964
1,1.0,0.99863094
0,0.0,0.00034282543
1,1.0,0.9990345
0,0.0,0.0007448033
1,1.0,0.9992543
1,1.0,0.9981022
0,0.0,0.00033755583
1,1.0,0.9989556
1,1.0,0.9988988
1,1.0,0.99844384
1,1.0,0.9998052
1,1.0,0.99887013
0,0.0,0.0031125897
1,1.0,0.9999031
1,1.0,0.9987169
0,0.0,0.00033756453
1,1.0,0.99860483
1,1.0,0.9996342
1,1.0,0.99890715
0,0.0,0.00032565775
1,1.0,0.99911904
0,0.0,0.0005842491
0,0.0,0.00079723116
1,1.0,0.99831736
1,1.0,0.99930006
1,1.0,0.9968244
1,1.0,0.998851
1,1.0,0.9993971
0,0.0,0.00033793593
0,0.0,0.00033919766
0,0.0,0.0003330301
1,1.0,0.99902856
1,1.0,0.9994722
1,1.0,0.99839866
0,0.0,0.00033701755
0,0.0,0.0014381566
1,1.0,0.9984531
0,0.0,0.0031159252
1,1.0,0.99933153
0,0.0,0.0003389512
1,1.0,0.9988642
1,1.0,0.99903554
0,0.0,0.0003379284
1,1.0,0.9978889
1,1.0,0.998208
0,0.0,0.00033085165
1,1.0,0.9988305
0,0.0,0.00029148703
1,1.0,0.99841964
0,0.0,0.00044430367
1,1.0,0.99518865
0,0.0,0.0005363615
1,1.0,0.9984193
1,1.0,0.9997456
1,1.0,0.99913013
1,1.0,0.9929401
1,1.0,0.9987758
1,1.0,0.9980475
0,0.0,0.0003172483
1,1.0,0.99841964
1,1.0,0.995241
0,0.0,0.00032640874
0,0.0,0.0003389457
0,0.0,0.00032239658
1,1.0,0.99864626
0,0.0,0.0002976586
1,1.0,0.99881476
0,0.0,0.0022492837
1,1.0,0.99856395
0,0.0,0.0007415264
0,0.0,0.00044431386
0,0.0,0.00033757064
1,1.0,0.99923265
1,1.0,0.9992839
1,1.0,0.99893564
1,1.0,0.99926335
1,1.0,0.9984412
0,0.0,0.00058521715
1,1.0,0.99834126
0,0.0,0.00029159262
0,0.0,0.0050234306
1,1.0,0.99924254
0,0.0,0.00033265632
1,1.0,0.9984534
1,1.0,0.99871665
1,1.0,0.99883425
1,1.0,0.9987874
1,1.0,0.99839336
1,1.0,0.9986914
0,0.0,0.0005272716
1,1.0,0.9992395
1,1.0,0.99889565
1,1.0,0.9987163
0,0.0,0.00033421358
1,1.0,0.99840796
1,1.0,0.99836004
0,0.0,0.0008458174
1,1.0,0.9992945
0,0.0,0.00031978328
1,1.0,0.99896187
0,0.0,0.00038437854
0,0.0,0.0005714278
1,1.0,0.9994197
1,1.0,0.9986398
1,1.0,0.9988642
0,0.0,0.0003326636
0,0.0,0.0009870266
1,1.0,0.99840784
1,1.0,0.99892217
1,1.0,0.998366
1,1.0,0.99930155
1,1.0,0.9968636
0,0.0,0.00057151687
0,0.0,0.0005835957
1,1.0,0.99884063
0,0.0,0.00039090766
1,1.0,0.99247795
1,1.0,0.9991543
0,0.0,0.00044363205
1,1.0,0.997977
1,1.0,0.9992308
0,0.0,0.00032497483
1,1.0,0.9983034
1,1.0,0.99709475
0,0.0,0.0003132537
1,1.0,0.998976
1,1.0,0.99883795
0,0.0,0.00034638285
0,0.0,0.00034297156
1,1.0,0.9993514
0,0.0,0.0030100902
0,0.0,0.0018876089
0,0.0,0.00033790004
1,1.0,0.9987807
1,1.0,0.9992678
1,1.0,0.9990165
1,1.0,0.9985399
0,0.0,0.0009852853
1,1.0,0.9989662
0,0.0,0.00057576346
1,1.0,0.99865633
1,1.0,0.99873185
0,0.0,0.0003672927
0,0.0,0.0004293138
1,1.0,0.9983118
0,0.0,0.00040082287
1,1.0,0.99912673
0,0.0,0.00033919106
1,1.0,0.99859935
1,1.0,0.99827677
0,0.0,0.00050456316
1,1.0,0.99812967
1,1.0,0.99890614
0,0.0,0.00046506233
1,1.0,0.9986913
0,0.0,0.0005755997
0,0.0,0.0005380684
0,0.0,0.00062582013
1,1.0,0.9986864
0,0.0,0.00036632252
0,0.0,0.0022050594
1,1.0,0.99993
0,0.0,0.00038940983
0,0.0,0.0003914099
0,0.0,0.0005441191
1,1.0,0.99677604
0,0.0,0.0003144311
1,1.0,0.9979635
0,0.0,0.0002937599
0,0.0,0.00031775562
0,0.0,0.0067079784
1,1.0,0.99943
1,1.0,0.9988884
1,1.0,0.99862975
0,0.0,0.0003789888
0,0.0,0.00048498547
1,1.0,0.9990344
0,0.0,0.00053646014
1,1.0,0.9986285
1,1.0,0.9983265
1,1.0,0.9995359
1,1.0,0.9983847
0,0.0,0.010375945
0,0.0,0.0012568544
0,0.0,0.0002935004
0,0.0,0.00073622726
1,1.0,0.99917024
0,0.0,0.0003924436
1,1.0,0.99833554
1,1.0,0.99886584
1,1.0,0.9983179
1,1.0,0.99906677
1,1.0,0.9984211
0,0.0,0.00037774578
1,1.0,0.99876535
1,1.0,0.99980885
1,1.0,0.9983934
1,1.0,0.99935913
1,1.0,0.99959576
1,1.0,0.9993298
0,0.0,0.00032855736
1,1.0,0.9986874
1,1.0,0.9984078
1,1.0,0.99831706
1,1.0,0.99911946
1,1.0,0.99871635
0,0.0,0.00039117623
1,1.0,0.9988651
1,1.0,0.9985649
1,1.0,0.9983385
1,1.0,0.99937016
0,0.0,0.00043050206
1,1.0,0.9986564
0,0.0,0.00056201307
0,0.0,0.0012353967
1,1.0,0.9968353
1,1.0,0.9984412
1,1.0,0.99867713
1,1.0,0.9988664
0,0.0,0.00033421582
1,1.0,0.9990596
0,0.0,0.0003181794
1,1.0,0.99640614
1,1.0,0.99900204
1,1.0,0.9990006
0,0.0,0.0018010829
0,0.0,0.00033904295
1,1.0,0.9986437
0,0.0,0.0014051595
1,1.0,0.9980318
0,0.0,0.000341608
0,0.0,0.00048005214
0,0.0,0.0012394689
1,1.0,0.99862486
1,1.0,0.9984196
1,1.0,0.99885213
0,0.0,0.0003378968
0,0.0,0.0023173871
1,1.0,0.99978244
1,1.0,0.9983361
0,0.0,0.0003376973
0,0.0,0.0047877114
0,0.0,0.00031706414
0,0.0,0.00033267122
1,1.0,0.99831486
1,1.0,0.9983145
0,0.0,0.00034258873
1,1.0,0.9987823
1,1.0,0.9988719
0,0.0,0.00033930942
0,0.0,0.00058038783
1,1.0,0.9993944
1,1.0,0.9988645
0,0.0,0.00034282656
1,1.0,0.99897486
0,0.0,0.000293754
1,1.0,0.99943924
0,0.0,0.0003339082
1,1.0,0.99689114
1,1.0,0.9985349
1,1.0,0.9988513
0,0.0,0.0006699718
0,0.0,0.00057001977
0,0.0,0.00036521853
1,1.0,0.9983128
1,1.0,0.9994312
1,1.0,0.9981765
1,1.0,0.99911284
1,1.0,0.9989187
1,1.0,0.99918294
1,1.0,0.9988717
0,0.0,0.00027298043
1,1.0,0.99920833
1,1.0,0.9985271
1,1.0,0.9990004
0,0.0,0.0009645527
0,0.0,0.00031124576
1,1.0,0.9990687
1,1.0,0.9983752
0,0.0,0.00028745638
1,1.0,0.99822044
0,0.0,0.00036529446
1,1.0,0.9993048
1,1.0,0.99890894
0,0.0,0.00033757515
1,1.0,0.99902105
1,1.0,0.9990852
1,1.0,0.9964855
1,1.0,0.9993464
0,0.0,0.0003281601
0,0.0,0.000812343
0,0.0,0.00058543636
0,0.0,0.000291942
1,1.0,0.9981942
0,0.0,0.00031754846
1,1.0,0.9992545
0,0.0,0.00033879757
1,1.0,0.9989924
0,0.0,0.000990834
0,0.0,0.00033918006
0,0.0,0.009967818
1,1.0,0.99886733
0,0.0,0.00034260814
1,1.0,0.99944854
1,1.0,0.99930227
0,0.0,0.00034161305
1,1.0,0.9988407
1,1.0,0.9971339
1,1.0,0.99947125
0,0.0,0.00044201635
0,0.0,0.00028540197
1,1.0,0.9969347
1,1.0,0.9984193
1,1.0,0.9989504
1,1.0,0.99876153
1,1.0,0.99854046
0,0.0,0.00028947365
1,1.0,0.99921113
1,1.0,0.99863887
1,1.0,0.99830204
0,0.0,0.0017291566
0,0.0,0.00034159454
1,1.0,0.99890053
1,1.0,0.99681705
1,1.0,0.9984625
1,1.0,0.9992926
1,1.0,0.9959913
0,0.0,0.0003800086
0,0.0,0.00033266173
0,0.0,0.00032109203
0,0.0,0.00036603693
1,1.0,0.9990766
0,0.0,0.00034258154
1,1.0,0.9994733
0,0.0,0.0003172474
0,0.0,0.0005757582
1,1.0,0.9995465
1,1.0,0.9993576
1,1.0,0.9984079
0,0.0,0.005008804
1,1.0,0.9995309
1,1.0,0.9994486
1,1.0,0.99839836
0,0.0,0.00033397376
0,0.0,0.0005700475
1,1.0,0.9992927
1,1.0,0.998961
1,1.0,0.99889666
0,0.0,0.0019108125
0,0.0,0.0012846545
0,0.0,0.0005203853
0,0.0,0.00033558923
0,0.0,0.000585259
0,0.0,0.00032122977
0,0.0,0.00033399285
1,1.0,0.99835193
0,0.0,0.00056999555
1,1.0,0.99864626
1,1.0,0.9989894
0,0.0,0.00039250377
1,1.0,0.9992864
1,1.0,0.9986118
1,1.0,0.99938315
0,0.0,0.0012322471
0,0.0,0.000991968
1,1.0,0.999773
0,0.0,0.00032840704
1,1.0,0.99978566
0,0.0,0.00057562254
0,0.0,0.00033384902
0,0.0,0.0005837757
0,0.0,0.00045550495
0,0.0,0.007550521
1,1.0,0.9923471
1,1.0,0.9983771
1,1.0,0.9996809
1,1.0,0.9986305
1,1.0,0.99886805
1,1.0,0.99885947
1,1.0,0.9983411
1,1.0,0.99878395
0,0.0,0.00033789972
0,0.0,0.0003018484
1,1.0,0.9989044
1,1.0,0.99956995
1,1.0,0.9988433
1,1.0,0.99901223
1,1.0,0.99880666
1,1.0,0.99886
1,1.0,0.999306
1,1.0,0.9993401
1,1.0,0.9983792
0,0.0,0.00043648266
0,0.0,0.004338131
1,1.0,0.9994747
0,0.0,0.00029369746
1,1.0,0.9986775
1,1.0,0.99901855
0,0.0,0.0009936577
1,1.0,0.99842405
0,0.0,0.00087065686
0,0.0,0.00033399794
0,0.0,0.00056930416
1,1.0,0.99842095
1,1.0,0.9983122
0,0.0,0.0005362142
1,1.0,0.9991582
1,1.0,0.9990832
1,1.0,0.9984079
1,1.0,0.9990835
1,1.0,0.99909467
1,1.0,0.99936
0,0.0,0.00051983004
1,1.0,0.99839354
1,1.0,0.99959624
0,0.0,0.00033735958
1,1.0,0.99872506
0,0.0,0.00066989876
1,1.0,0.9969787
1,1.0,0.99943113
0,0.0,0.0021877445
0,0.0,0.0003126948
0,0.0,0.00030948932
1,1.0,0.99833786
0,0.0,0.0003375634
0,0.0,0.0003160914
0,0.0,0.00039087562
0,0.0,0.0003416007
0,0.0,0.00031767928
0,0.0,0.0005163783
1,1.0,0.9983635
0,0.0,0.00042892987
0,0.0,0.00057575357
1,1.0,0.9986293
1,1.0,0.99883217
1,1.0,0.9984532
0,0.0,0.000536419
0,0.0,0.00032840736
0,0.0,0.0006441306
1,1.0,0.9993443
0,0.0,0.00052718056
0,0.0,0.0004673421
1,1.0,0.99926573
0,0.0,0.00033906108
1,1.0,0.99915797
1,1.0,0.9991717
1,1.0,0.99864244
0,0.0,0.00046685632
1,1.0,0.9986601
1,1.0,0.99835104
0,0.0,0.0002915704
1,1.0,0.9990378
0,0.0,0.00031724104
0,0.0,0.0004348346
0,0.0,0.00036625462
1,1.0,0.998677
1,1.0,0.99886495
1,1.0,0.998998
1,1.0,0.99094945
1,1.0,0.9987238
1,1.0,0.99854064
0,0.0,0.0031131979
0,0.0,0.0003439996
0,0.0,0.000513424
0,0.0,0.0011585811
0,0.0,0.00035682932
0,0.0,0.0003130698
1,1.0,0.9961958
0,0.0,0.0003239176
1,1.0,0.9993657
0,0.0,0.00029532376
0,0.0,0.0005755681
0,0.0,0.00029422715
0,0.0,0.00061608496
0,0.0,0.00033363389
0,0.0,0.0014608423
1,1.0,0.9994226
1,1.0,0.99884254
1,1.0,0.9995792
0,0.0,0.00027896877
0,0.0,0.0069090673
0,0.0,0.0031166659
1,1.0,0.9991705
0,0.0,0.00033303484
1,1.0,0.9993159
1,1.0,0.9986465
1,1.0,0.999396
1,1.0,0.99941784
1,1.0,0.998564
1,1.0,0.99834955
0,0.0,0.00032777397
1,1.0,0.99964315
1,1.0,0.99944735
1,1.0,0.9992463
0,0.0,0.0003870695
0,0.0,0.0004157804
1,1.0,0.9994883
1,1.0,0.9983506
1,1.0,0.9993532
0,0.0,0.0005347502
1,1.0,1.0
1,1.0,0.9994489
1,1.0,0.9993179
0,0.0,0.00034781333
1,1.0,0.99887055
0,0.0,0.0008905886
1,1.0,0.9963143
0,0.0,0.0003330336
1,1.0,0.9979221
1,1.0,0.99886847
0,0.0,0.00033978233
1,1.0,0.9979359
1,1.0,0.998748
1,1.0,0.99898773
0,0.0,0.00031006284
0,0.0,0.00033358432
1,1.0,0.9984222
1,1.0,0.99936706
0,0.0,0.00057143136
0,0.0,0.004739391
1,1.0,0.9983383
1,1.0,0.9986321
1,1.0,0.9983935
1,1.0,0.99840784
1,1.0,0.99929696
1,1.0,0.99930596
1,1.0,0.9992738
1,1.0,0.9992842
0,0.0,0.00029387057
1,1.0,0.99929553
0,0.0,0.0003429346
0,0.0,0.0005849668
1,1.0,0.9989055
1,1.0,0.9989462
1,1.0,0.9987065
1,1.0,0.9967706
0,0.0,0.00033030417
1,1.0,0.999155
1,1.0,0.99883324
0,0.0,0.00856969
1,1.0,0.998312
1,1.0,0.9984209
0,0.0,0.00038662032
1,1.0,0.9987445
0,0.0,0.00033755356
0,0.0,0.00062585954
0,0.0,0.0003428143
0,0.0,0.00027746003
1,1.0,0.99984527
1,1.0,0.9983417
0,0.0,0.00037072983
1,1.0,0.9987072
0,0.0,0.0012319097
0,0.0,0.0005858221
1,1.0,0.99837106
0,0.0,0.0003224556
0,0.0,0.0004517079
1,1.0,0.9985406
1,1.0,0.9978018
0,0.0,0.00051861705
1,1.0,0.99838173
1,1.0,0.9983411
0,0.0,0.0006699064
1,1.0,0.99963975
1,1.0,0.9986826
1,1.0,0.9993535
0,0.0,0.00047698375
0,0.0,0.00034161925
0,0.0,0.00053359766
1,1.0,0.9993304
1,1.0,0.99841964
0,0.0,0.00349549
1,1.0,0.9987252
1,1.0,0.99884385
0,0.0,0.0003339973
1,1.0,0.9990342
0,0.0,0.00033899772
0,0.0,0.0003932285
1,1.0,0.99957263
1,1.0,0.9988817
0,0.0,0.00036404864
1,1.0,0.99962014
0,0.0,0.00031723318
0,0.0,0.0031122451
0,0.0,0.0007128926
1,1.0,0.9984411
0,0.0,0.00033357667
0,0.0,0.0003326614
1,1.0,0.9992978
1,1.0,0.99863386
0,0.0,0.0010709332
0,0.0,0.0004168424
0,0.0,0.004629984
0,0.0,0.00065483554
0,0.0,0.0005448867
0,0.0,0.00040974453
0,0.0,0.0026998227
1,1.0,0.9993619
0,0.0,0.00038874408
0,0.0,0.00046698764
0,0.0,0.0020306662
1,1.0,0.9993773
1,1.0,0.9989349
0,0.0,0.0002935877
1,1.0,0.9989237
0,0.0,0.0005755742
0,0.0,0.00032647222
1,1.0,0.99885035
0,0.0,0.0005362452
0,0.0,0.0004073325
1,1.0,0.9993968
0,0.0,0.00036427274
0,0.0,0.0069120848
0,0.0,0.0005160561
0,0.0,0.00036727716
1,1.0,0.9983817
0,0.0,0.0005773453
1,1.0,0.9993425
0,0.0,0.00038700248
1,1.0,0.99840784
0,0.0,0.00032319888
1,1.0,0.999069
0,0.0,0.00033904976
1,1.0,0.9979424
1,1.0,0.9987073
1,1.0,0.99939394
0,0.0,0.0094505325
0,0.0,0.0003216297
1,1.0,0.99856406
1,1.0,0.9995359
1,1.0,0.9971246
1,1.0,0.99882376
1,1.0,0.99845314
0,0.0,0.0005371522
0,0.0,0.00031723134
1,1.0,0.99879485
0,0.0,0.00034606317
0,0.0,0.0005574089
0,0.0,0.00037316597
0,0.0,0.00041259566
1,1.0,0.9983201
1,1.0,0.9989061
0,0.0,0.00046560878
0,0.0,0.00034159404
1,1.0,0.99790823
0,0.0,0.00057149184
0,0.0,0.0005198566
1,1.0,0.99931496
1,1.0,0.9983608
0,0.0,0.002798487
1,1.0,0.9992489
1,1.0,0.99841964
0,0.0,0.00031816907
1,1.0,0.9988405
1,1.0,0.9992915
0,0.0,0.007545427
0,0.0,0.00036094605
0,0.0,0.0003268755
1,1.0,0.9989782
0,0.0,0.00034297025
1,1.0,0.9986922
0,0.0,0.00031723862
0,0.0,0.00034155886
0,0.0,0.0012311292
1,1.0,0.99890554
1,1.0,0.99832666
1,1.0,0.9989679
1,1.0,0.9990014
1,1.0,0.99965787
1,1.0,0.99832654
1,1.0,0.9978702
1,1.0,0.99933845
0,0.0,0.0005452823
1,1.0,0.99676687
0,0.0,0.00034280695
1,1.0,0.9991165
1,1.0,0.9980425
0,0.0,0.002358121
0,0.0,0.00037711574
1,1.0,0.99885046
1,1.0,0.99932057
0,0.0,0.0003913788
0,0.0,0.00034159535
0,0.0,0.0005707126
1,1.0,0.9990302
0,0.0,0.00033134152
1,1.0,0.99799526
0,0.0,0.00020788169
0,0.0,0.00066466944
1,1.0,0.99953324
0,0.0,0.0026915888
1,1.0,0.9993019
1,1.0,0.9981155
1,1.0,0.99697286
1,1.0,0.99861306
1,1.0,0.999434
1,1.0,0.9983709
1,1.0,0.9994756
1,1.0,0.99838245
0,0.0,0.003823254
1,1.0,0.9998017
1,1.0,0.99890614
1,1.0,0.99877083
0,0.0,0.00058538653
1,1.0,0.99974495
1,1.0,0.99892586
0,0.0,0.0003125938
1,1.0,0.9984411
1,1.0,0.9984193
1,1.0,0.9992868
1,1.0,0.999077
1,1.0,0.99862057
0,0.0,0.0027300892
0,0.0,0.00046073983
0,0.0,0.00031366223
1,1.0,0.9980425
1,1.0,0.9993239
0,0.0,0.0017326773
0,0.0,0.00033790327
1,1.0,0.9986561
0,0.0,0.00030438195
0,0.0,0.0006441496
0,0.0,0.00032876446
1,1.0,0.9973764
1,1.0,0.9991715
0,0.0,0.00033920724
0,0.0,0.00028167505
0,0.0,0.00033875587
1,1.0,0.99943405
1,1.0,0.99951375
1,1.0,0.9988659
1,1.0,0.998656
1,1.0,0.9988526
0,0.0,0.008954006
1,1.0,0.99839354
0,0.0,0.0021697877
0,0.0,0.004021376
1,1.0,0.99832463
0,0.0,0.00036518872
0,0.0,0.0028969091
1,1.0,0.999297
1,1.0,0.99982136
1,1.0,0.9992884
0,0.0,0.002820245
0,0.0,0.0003217858
1,1.0,0.99804115
0,0.0,0.00033262427
0,0.0,0.00032076339
1,1.0,0.99934995
1,1.0,0.9983637
0,0.0,0.00034388353
0,0.0,0.000383593
0,0.0,0.00033791966
0,0.0,0.0012490394
0,0.0,0.00047689604
1,1.0,0.99695265
1,1.0,0.99856526
0,0.0,0.0031142163
0,0.0,0.00034238974
1,1.0,0.99937296
0,0.0,0.00031727314
0,0.0,0.00040601246
1,1.0,0.99929506
0,0.0,0.00042869686
0,0.0,0.0003429096
0,0.0,0.00053478783
1,1.0,0.998342
1,1.0,0.99840784
1,1.0,0.9988686
1,1.0,0.9994421
0,0.0,0.0005779138
0,0.0,0.00034258515
0,0.0,0.00034967557
1,1.0,0.9995205
0,0.0,0.0005756
0,0.0,0.00032837855
0,0.0,0.0005066739
1,1.0,0.998787
1,1.0,0.99864644
0,0.0,0.0003201847
1,1.0,0.9987883
1,1.0,0.99869394
0,0.0,0.00055766443
1,1.0,0.99920744
1,1.0,0.9989057
1,1.0,0.99886847
0,0.0,0.00031819762
1,1.0,0.99959683
1,1.0,0.9983416
1,1.0,0.9988531
1,1.0,0.9992772
0,0.0,0.0005037688
0,0.0,0.0012325805
1,1.0,0.998336
1,1.0,0.99867636
1,1.0,0.9994827
0,0.0,0.00033904958
1,1.0,0.9984413
0,0.0,0.0003426217
1,1.0,0.9988578
0,0.0,0.0005852818
1,1.0,0.99869144
0,0.0,0.00033792193
0,0.0,0.0005347267
0,0.0,0.0022526283
0,0.0,0.00032063926
1,1.0,0.9991718
1,1.0,0.99939024
1,1.0,0.99890023
0,0.0,0.00034160897
0,0.0,0.00046723342
0,0.0,0.0010799961
1,1.0,0.9991576
1,1.0,0.996015
1,1.0,0.9992851
0,0.0,0.00035489336
0,0.0,0.0003191604
0,0.0,0.00038982122
0,0.0,0.00035226665
1,1.0,0.9977479
0,0.0,0.0003368226
1,1.0,0.9991347
0,0.0,0.00033685146
0,0.0,0.00030958024
1,1.0,0.99883693
1,1.0,0.9983542
1,1.0,0.9984158
1,1.0,0.9992439
1,1.0,0.99838233
1,1.0,0.99951154
1,1.0,0.99693
1,1.0,0.9983174
0,0.0,0.00029419517
1,1.0,0.996842
1,1.0,0.99906397
0,0.0,0.00041418063
0,0.0,0.00033397885
0,0.0,0.0003191595
1,1.0,0.99885947
0,0.0,0.0003415872
0,0.0,0.0008857112
1,1.0,0.9988666
1,1.0,0.99885696
0,0.0,0.00038144336
1,1.0,0.99916273
1,1.0,0.9993484
1,1.0,0.99835664
1,1.0,0.99929756
0,0.0,0.0005286171
0,0.0,0.004950619
1,1.0,0.9992833
1,1.0,0.99886507
1,1.0,0.9994185
0,0.0,0.00035486356
0,0.0,0.00031816727
0,0.0,0.00033398648
0,0.0,0.0003389444
1,1.0,0.99926776
1,1.0,0.9984412
1,1.0,0.99907035
1,1.0,0.99862987
0,0.0,0.0004145302
1,1.0,0.99856347
1,1.0,0.9992613
1,1.0,0.9983256
0,0.0,0.00038663796
0,0.0,0.00032839327
1,1.0,0.99717706
1,1.0,0.9989862
1,1.0,0.99815685
0,0.0,0.0003867893
1,1.0,0.9983506
1,1.0,0.9984073
0,0.0,0.0005851876
1,1.0,0.9988414
1,1.0,0.99897254
1,1.0,0.9993128
0,0.0,0.00045361836
0,0.0,0.00018610277
1,1.0,0.9993605
1,1.0,0.9968575
0,0.0,0.0003211468
1,1.0,0.99916655
0,0.0,0.00044603914
0,0.0,0.00045554515
0,0.0,0.00035117872
0,0.0,0.0010444386
0,0.0,0.00035201787
1,1.0,0.99831283
1,1.0,0.99891967
0,0.0,0.0003710891
1,1.0,0.9987826
1,1.0,0.9991882
1,1.0,0.9990084
1,1.0,0.9994099
1,1.0,0.9988595
0,0.0,0.00037831155
1,1.0,0.9988185
0,0.0,0.0003843388
1,1.0,0.99839646
1,1.0,0.99929684
0,0.0,0.009227513
1,1.0,0.99949753
1,1.0,0.9989993
0,0.0,0.00058557594
0,0.0,0.0003624745
0,0.0,0.008062316
0,0.0,0.00066995807
0,0.0,0.0014453538
1,1.0,0.9993591
1,1.0,0.99795604
1,1.0,0.9994873
0,0.0,0.001218838
0,0.0,0.0010964078
1,1.0,0.99873036
0,0.0,0.0008983198
0,0.0,0.00029406953
1,1.0,0.9991257
1,1.0,0.9983955
0,0.0,0.00053368113
1,1.0,0.997459
0,0.0,0.0006300015
0,0.0,0.00032012188
1,1.0,0.9994314
1,1.0,0.9992889
1,1.0,0.9984532
0,0.0,0.0003283942
1,1.0,0.9990678
1,1.0,0.9988398
1,1.0,0.9990772
1,1.0,0.99877936
0,0.0,0.00053786335
1,1.0,0.9991615
1,1.0,0.9992568
1,1.0,0.99837923
0,0.0,0.002368518
1,1.0,0.9982888
0,0.0,0.00033266423
1,1.0,0.9988729
0,0.0,0.00079706096
0,0.0,0.0003626577
0,0.0,0.00038658344
0,0.0,0.00045468612
0,0.0,0.0003366128
1,1.0,0.9997449
1,1.0,0.9988962
1,1.0,0.9985977
1,1.0,0.99895984
1,1.0,0.99938625
0,0.0,0.00057765766
0,0.0,0.00029119148
1,1.0,0.99984765
0,0.0,0.0010489112
1,1.0,0.99893373
0,0.0,0.0003614848
1,1.0,0.9986958
1,1.0,0.99880505
0,0.0,0.00033084437
1,1.0,0.99879694
0,0.0,0.0002873613
0,0.0,0.00051980896
0,0.0,0.00039133252
0,0.0,0.0008984541
1,1.0,0.99952096
1,1.0,0.998541
1,1.0,0.99835473
1,1.0,0.9987882
0,0.0,0.00043055564
1,1.0,0.9984979
0,0.0,0.004452043
0,0.0,0.00083257543
0,0.0,0.00033791678
1,1.0,0.99849176
1,1.0,0.9994271
1,1.0,0.998693
1,1.0,0.9984478
1,1.0,0.99844813
1,1.0,0.9994261
1,1.0,0.99900615
1,1.0,0.999545
0,0.0,0.0002504815
0,0.0,0.0002540643
1,1.0,0.9997424
1,1.0,0.9995136
1,1.0,0.99873894
0,0.0,0.0003639119
0,0.0,0.000266653
0,0.0,0.0002246945
1,1.0,0.9982404
0,0.0,0.00025994817
1,1.0,0.99858385
0,0.0,0.00026286437
1,1.0,0.99855757
0,0.0,0.004510201
1,1.0,0.9990148
1,1.0,0.9981483
0,0.0,0.00025949648
1,1.0,0.9984555
1,1.0,0.9995337
0,0.0,0.00036230628
1,1.0,0.999083
0,0.0,0.0014856035
1,1.0,0.99868476
1,1.0,0.99952865
1,1.0,0.9992095
1,1.0,0.99913615
1,1.0,0.99821365
1,1.0,0.9995755
1,1.0,0.9995504
1,1.0,0.99839616
1,1.0,0.9984071
1,1.0,0.9984023
1,1.0,0.99951607
0,0.0,0.00023446244
1,1.0,0.9987159
0,0.0,0.00038043124
1,1.0,0.9984579
0,0.0,0.00035187762
0,0.0,0.00025580102
0,0.0,0.00037627938
1,1.0,0.9982404
1,1.0,0.9962903
1,1.0,0.99757516
1,1.0,0.9981695
0,0.0,0.00025300073
1,1.0,0.99819165
1,1.0,0.9991996
1,1.0,0.99815637
1,1.0,0.99936366
1,1.0,0.99824125
1,1.0,0.99844795
0,0.0,0.00025994866
0,0.0,0.00025919086
1,1.0,0.99840355
1,1.0,0.99798936
0,0.0,0.00026870175
1,1.0,0.9982571
1,1.0,0.9992476
0,0.0,0.0002591859
0,0.0,0.00063959457
1,1.0,0.99821377
0,0.0,0.0041590594
0,0.0,0.0002669455
1,1.0,0.9985357
1,1.0,0.9995159
0,0.0,0.00025561568
1,1.0,0.9992843
1,1.0,0.99850243
0,0.0,0.0002472732
0,0.0,0.00059517805
1,1.0,0.9994214
0,0.0,0.00031375253
0,0.0,0.00026607647
0,0.0,0.00024098682
1,1.0,0.99863267
1,1.0,0.9992317
1,1.0,0.99995756
1,1.0,0.99624527
1,1.0,0.9985388
1,1.0,0.99657154
1,1.0,0.9986328
1,1.0,0.9987013
0,0.0,0.000513922
0,0.0,0.00025164272
0,0.0,0.00095637643
0,0.0,0.00026575098
1,1.0,0.9985152
1,1.0,0.99970394
0,0.0,0.00024827532
0,0.0,0.00017675594
1,1.0,0.9995249
1,1.0,0.99973214
0,0.0,0.0002282062
1,1.0,0.9981739
1,1.0,0.9993453
1,1.0,0.9985385
1,1.0,0.99949855
1,1.0,0.9984021
0,0.0,0.0002718906
0,0.0,0.00023264269
1,1.0,0.9994505
1,1.0,0.99956167
1,1.0,0.99917114
0,0.0,0.00037729734
0,0.0,0.00025954944
0,0.0,0.00031022046
0,0.0,0.00026977656
0,0.0,0.00026588072
0,0.0,0.0014953878
1,1.0,0.9994918
0,0.0,0.0008741265
0,0.0,0.00023428052
1,1.0,0.9986149
0,0.0,0.00025982526
1,1.0,0.9984105
0,0.0,0.0002676734
1,1.0,0.9984675
0,0.0,0.0002594663
0,0.0,0.00017158299
1,1.0,0.9992367
0,0.0,0.003569722
0,0.0,0.0005311746
1,1.0,0.9984576
1,1.0,0.99918103
1,1.0,0.9995364
1,1.0,0.99937236
1,1.0,0.99848706
0,0.0,0.0003204434
1,1.0,0.998501
1,1.0,0.9957154
0,0.0,0.0002591854
1,1.0,0.99821526
1,1.0,0.99921703
1,1.0,0.9981701
1,1.0,0.99824107
1,1.0,0.9990834
0,0.0,0.00025917997
1,1.0,0.9981704
1,1.0,0.99821365
1,1.0,0.9986167
1,1.0,0.99763876
0,0.0,0.00023263914
0,0.0,0.0002684319
0,0.0,0.00051525777
0,0.0,0.0003760947
0,0.0,0.00025918864
1,1.0,0.99838704
0,0.0,0.00026872457
1,1.0,0.99856967
1,1.0,0.99852717
1,1.0,0.998458
1,1.0,0.9997521
0,0.0,0.00031579018
0,0.0,0.00023837302
0,0.0,0.00026571803
0,0.0,0.00023428857
1,1.0,0.99856824
0,0.0,0.0002658726
1,1.0,0.99947774
0,0.0,0.00025954747
0,0.0,0.0002595472
0,0.0,0.00025779445
0,0.0,0.00026766956
1,1.0,0.9981562
1,1.0,0.9984001
0,0.0,0.00025899374
0,0.0,0.00017669327
0,0.0,0.00038203926
1,1.0,0.9981739
1,1.0,0.99940753
1,1.0,0.9994903
0,0.0,0.0002480127
1,1.0,0.9985809
1,1.0,0.9993442
1,1.0,0.9993152
0,0.0,0.00023299009
1,1.0,0.9994611
1,1.0,0.9986143
1,1.0,0.99853855
0,0.0,0.0002658508
0,0.0,0.0002516475
0,0.0,0.0011935118
0,0.0,0.0004940522
1,1.0,0.99840105
0,0.0,0.0002573924
1,1.0,0.9994271
0,0.0,0.00370548
0,0.0,0.00032424944
0,0.0,0.0010045872
1,1.0,0.9985399
0,0.0,0.016201535
0,0.0,0.00037823693
1,1.0,0.9960726
0,0.0,0.00037763163
1,1.0,0.99072003
0,0.0,0.00017663144
1,1.0,0.99878955
0,0.0,0.0008693305
1,1.0,0.9982445
1,1.0,0.9980976
0,0.0,0.0002529648
1,1.0,0.9988179
1,1.0,0.9994641
0,0.0,0.0010220307
0,0.0,0.00031898823
1,1.0,0.99911046
0,0.0,0.00036014433
1,1.0,0.9984613
1,1.0,0.9995719
1,1.0,0.99959975
0,0.0,0.00024928196
0,0.0,0.00027144144
0,0.0,0.00043044568
1,1.0,0.9982404
1,1.0,0.99821365
1,1.0,0.99775124
1,1.0,0.99908817
0,0.0,0.0018550556
0,0.0,0.000392545
0,0.0,0.00026683966
1,1.0,0.99936134
0,0.0,0.00017159853
0,0.0,0.0014950446
1,1.0,0.99874645
0,0.0,0.00025946257
1,1.0,0.9984002
1,1.0,0.99951804
1,1.0,0.99933887
1,1.0,0.9991341
0,0.0,0.000313702
1,1.0,0.9994195
1,1.0,0.99491036
0,0.0,0.00025147747
1,1.0,0.9985507
1,1.0,0.99942356
0,0.0,0.00026362282
1,1.0,0.9994006
0,0.0,0.0018559837
1,1.0,0.9994351
1,1.0,0.9985589
1,1.0,0.9984805
0,0.0,0.00026389444
0,0.0,0.00043063852
0,0.0,0.00031599856
0,0.0,0.00026681114
1,1.0,0.9997692
1,1.0,0.9966029
1,1.0,0.9990631
0,0.0,0.0003480432
1,1.0,0.99911237
0,0.0,0.00022891293
0,0.0,0.0002564464
0,0.0,0.00068862835
0,0.0,0.00039243908
1,1.0,0.9984535
1,1.0,0.9992051
0,0.0,0.0013365403
0,0.0,0.0008294204
0,0.0,0.00024834252
0,0.0,0.00036053848
0,0.0,0.00035349658
0,0.0,0.00021886073
1,1.0,0.99854994
0,0.0,0.0002825045
1,1.0,0.9993565
0,0.0,0.0003924065
1,1.0,0.9994213
1,1.0,0.9986983
1,1.0,0.99809784
1,1.0,0.9994197
0,0.0,0.00022714253
0,0.0,0.0023792088
0,0.0,0.00021884717
0,0.0,0.00026195945
1,1.0,0.9987558
1,1.0,0.9980667
1,1.0,0.99891317
0,0.0,0.0018980028
0,0.0,0.0011639405
0,0.0,0.0005190962
1,1.0,0.9991832
1,1.0,0.99907583
1,1.0,0.9986309
1,1.0,0.99629635
0,0.0,0.00025406212
1,1.0,0.998165
1,1.0,0.9982058
1,1.0,0.9994615
1,1.0,0.9985614
0,0.0,0.00031900496
0,0.0,0.0002537385
0,0.0,0.00026602982
0,0.0,0.00025875802
1,1.0,0.99821895
1,1.0,0.998165
0,0.0,0.00026683608
1,1.0,0.99844736
0,0.0,0.00026714356
0,0.0,0.00024929908
0,0.0,0.00027164858
1,1.0,0.998212
0,0.0,0.0025644277
0,0.0,0.00025964918
0,0.0,0.00026722765
1,1.0,0.9994319
1,1.0,0.99933326
1,1.0,0.99814546
1,1.0,0.9995303
1,1.0,0.9985759
0,0.0,0.00026976652
1,1.0,0.9996283
0,0.0,0.00032997495
1,1.0,0.9958492
1,1.0,0.99837595
1,1.0,0.9988523
1,1.0,0.9995125
0,0.0,0.0009566298
1,1.0,0.9992909
0,0.0,0.00031596998
0,0.0,0.00025995262
0,0.0,0.00023939223
0,0.0,0.00025219948
1,1.0,0.998422
0,0.0,0.00047236047
1,1.0,0.99817765
0,0.0,0.00039244042
0,0.0,0.00047437023
1,1.0,0.9981738
1,1.0,0.9982
1,1.0,0.9981694
1,1.0,0.9995504
0,0.0,0.0002442696
0,0.0,0.009881194
1,1.0,0.99943227
1,1.0,0.99775386
0,0.0,0.00017156093
1,1.0,0.9981221
1,1.0,0.99833864
0,0.0,0.0002759505
0,0.0,0.000316007
0,0.0,0.00032305962
1,1.0,0.99818933
1,1.0,0.9992876
1,1.0,0.9984674
0,0.0,0.00026873176
1,1.0,0.9966695
0,0.0,0.0002491154
1,1.0,0.99837357
1,1.0,0.99964094
0,0.0,0.00028267852
1,1.0,0.99819344
1,1.0,0.99861395
1,1.0,0.99846756
0,0.0,0.00037584864
1,1.0,0.9993669
0,0.0,0.0015897016
0,0.0,0.00026870408
1,1.0,0.9975881
0,0.0,0.00032342173
0,0.0,0.0002762553
0,0.0,0.00026683966
1,1.0,0.99936277
0,0.0,0.00031140874
0,0.0,0.000360561
1,1.0,0.99839973
0,0.0,0.0002534851
1,1.0,0.99863297
1,1.0,0.99849236
1,1.0,0.99818814
1,1.0,0.9956766
1,1.0,0.9995298
1,1.0,0.99882436
0,0.0,0.00022699963
1,1.0,0.9980068
0,0.0,0.00023157556
0,0.0,0.00026705267
1,1.0,0.9991328
0,0.0,0.00025995015
0,0.0,0.00032302542
1,1.0,0.9996411
0,0.0,0.0002473911
1,1.0,0.9987031
1,1.0,0.99932086
1,1.0,0.9995306
1,1.0,0.99872553
1,1.0,0.9989442
1,1.0,0.99622786
1,1.0,0.9962637
0,0.0,0.0003102944
1,1.0,0.9992732
1,1.0,0.9996689
0,0.0,0.00026587158
1,1.0,0.999398
0,0.0,0.0010558772
0,0.0,0.00026859573
0,0.0,0.00027151135
1,1.0,0.9981703
1,1.0,0.9983896
1,1.0,0.99885374
1,1.0,0.99974364
1,1.0,0.998195
1,1.0,0.9994253
1,1.0,0.99905246
0,0.0,0.00028998993
1,1.0,0.99972063
1,1.0,0.9987272
1,1.0,0.996523
0,0.0,0.00023658293
0,0.0,0.00024343493
1,1.0,0.9994558
0,0.0,0.0001715233
0,0.0,0.00025878
1,1.0,0.99933094
0,0.0,0.002799376
1,1.0,0.99821377
1,1.0,0.99911124
1,1.0,0.9965975
0,0.0,0.00038762038
0,0.0,0.0013304449
1,1.0,0.99817073
0,0.0,0.00026566457
0,0.0,0.0010450612
0,0.0,0.00024945408
1,1.0,0.99850184
1,1.0,0.9981485
1,1.0,0.9984007
1,1.0,0.9989281
1,1.0,0.99863297
1,1.0,0.9981702
0,0.0,0.00035554418
1,1.0,0.99963117
1,1.0,0.9982409
0,0.0,0.00031368854
1,1.0,0.99447834
1,1.0,0.99974114
0,0.0,0.00024072205
1,1.0,0.99857837
1,1.0,0.99825776
1,1.0,0.9989725
0,0.0,0.00022891555
0,0.0,0.00026441552
1,1.0,0.9982199
1,1.0,0.9984579
1,1.0,0.9994552
1,1.0,0.9993892
1,1.0,0.9995164
1,1.0,0.9984056
0,0.0,0.00025995262
0,0.0,0.00024193188
1,1.0,0.9994214
1,1.0,0.99567884
0,0.0,0.00034985528
0,0.0,0.0011726439
0,0.0,0.00024327716
0,0.0,0.00025566274
1,1.0,0.99821365
0,0.0,0.0002535153
1,1.0,0.99600023
0,0.0,0.00023233259
1,1.0,0.9981703
0,0.0,0.0003638963
1,1.0,0.99920696
1,1.0,0.9981495
1,1.0,0.9992391
1,1.0,0.99933547
1,1.0,0.9984227
0,0.0,0.00022835161
1,1.0,0.99845755
1,1.0,0.9993383
1,1.0,0.9981938
1,1.0,0.9969313
0,0.0,0.00086790486
1,1.0,0.9994341
0,0.0,0.0002419524
0,0.0,0.0002249511
1,1.0,0.99946517
1,1.0,0.99937236
0,0.0,0.00027617157
0,0.0,0.00031372174
1,1.0,0.9994279
1,1.0,0.9976197
0,0.0,0.00034963136
1,1.0,0.9981454
1,1.0,0.9985452
0,0.0,0.00036356846
0,0.0,0.00024747086
0,0.0,0.0003755472
0,0.0,0.0012492613
1,1.0,0.9990013
1,1.0,0.9993341
0,0.0,0.00026192795
1,1.0,0.9981562
0,0.0,0.00064186007
1,1.0,0.9966545
0,0.0,0.00037515027
1,1.0,0.99958616
0,0.0,0.00026361656
0,0.0,0.0001766343
0,0.0,0.0002595435
0,0.0,0.00026664537
0,0.0,0.00022476305
1,1.0,0.9991102
0,0.0,0.0002660747
0,0.0,0.004327101
0,0.0,0.00042594402
0,0.0,0.00017158283
1,1.0,0.99872434
0,0.0,0.00022331519
1,1.0,0.99924076
1,1.0,0.99816597
0,0.0,0.0002672195
0,0.0,0.00017156893
1,1.0,0.9981701
1,1.0,0.9986948
1,1.0,0.9985551
1,1.0,0.999667
0,0.0,0.00032346923
1,1.0,0.9987782
1,1.0,0.99856824
0,0.0,0.00022691677
1,1.0,0.99952835
1,1.0,0.99956447
1,1.0,0.99629736
0,0.0,0.00056960376
0,0.0,0.00026771805
1,1.0,0.99907345
1,1.0,0.9994629
0,0.0,0.0004250381
0,0.0,0.0002860105
1,1.0,0.9981915
1,1.0,0.9983903
1,1.0,0.99863267
0,0.0,0.0005869391
1,1.0,0.99815595
1,1.0,0.9996524
1,1.0,0.9961818
1,1.0,0.99821526
1,1.0,0.99644834
1,1.0,0.99855554
1,1.0,0.99817353
1,1.0,0.999167
1,1.0,0.9986553
1,1.0,0.9995171
1,1.0,0.9992153
0,0.0,0.00041565322
1,1.0,0.99856186
0,0.0,0.00026979225
0,0.0,0.00031636696
1,1.0,0.9990825
1,1.0,0.9992572
0,0.0,0.00027167914
0,0.0,0.0004265066
1,1.0,0.9985337
0,0.0,0.00026585133
0,0.0,0.00025717754
1,1.0,0.9995135
0,0.0,0.00026363012
1,1.0,0.99863267
1,1.0,0.99633616
1,1.0,0.99879634
0,0.0,0.0002591916
1,1.0,0.9981703
0,0.0,0.00029460862
1,1.0,0.99938893
1,1.0,0.99961114
0,0.0,0.00063172524
0,0.0,0.0032496946
1,1.0,0.9994664
0,0.0,0.00022539936
1,1.0,0.9984481
1,1.0,0.99906075
1,1.0,0.9981489
1,1.0,0.99875444
1,1.0,0.99972904
1,1.0,0.9981949
1,1.0,0.9998008
0,0.0,0.0002765075
1,1.0,0.99857324
1,1.0,0.99965924
0,0.0,0.000271538
1,1.0,0.9980069
1,1.0,0.9981735
1,1.0,0.9980978
0,0.0,0.0002550986
0,0.0,0.00031353574
0,0.0,0.00025995212
1,1.0,0.9982155
1,1.0,0.9995292
1,1.0,0.9992393
1,1.0,0.99818474
0,0.0,0.00026180438
1,1.0,0.998178
1,1.0,0.9985384
1,1.0,0.9994187
1,1.0,0.9986141
0,0.0,0.0018586817
1,1.0,0.999549
0,0.0,0.0002265134
1,1.0,0.9981314
1,1.0,0.9981584
1,1.0,0.9985733
1,1.0,0.9962632
0,0.0,0.0012357887
1,1.0,0.9981916
1,1.0,0.99959266
1,1.0,0.99794215
1,1.0,0.9989392
1,1.0,0.9994389
0,0.0,0.0002599514
0,0.0,0.00068034104
1,1.0,0.99844766
0,0.0,0.000382557
1,1.0,0.9967648
1,1.0,0.998567
0,0.0,0.00026351077
1,1.0,0.9995249
1,1.0,0.99952817
0,0.0,0.0002700679
0,0.0,0.000269783
1,1.0,0.99855554
0,0.0,0.00041570587
1,1.0,0.99843895
0,0.0,0.00026704403
0,0.0,0.0004259438
0,0.0,0.00022419138
0,0.0,0.00064337987
0,0.0,0.00026560354
0,0.0,0.00021870011
0,0.0,0.00023607796
1,1.0,0.9995312
1,1.0,0.9993064
1,1.0,0.99943805
1,1.0,0.99860954
0,0.0,0.0002664357
0,0.0,0.00026583383
0,0.0,0.0002748896
0,0.0,0.002947449
0,0.0,0.00026584804
1,1.0,0.9996033
0,0.0,0.0003137092
1,1.0,0.999147
0,0.0,0.00025351238
0,0.0,0.0002449705
1,1.0,0.99946725
1,1.0,0.99946535
0,0.0,0.00037556424
1,1.0,0.9975167
1,1.0,0.9985401
0,0.0,0.00026389898
0,0.0,0.0002638977
0,0.0,0.0003568317
1,1.0,0.99970835
1,1.0,0.9985432
1,1.0,0.9985578
1,1.0,0.99936926
0,0.0,0.00034146462
1,1.0,0.99808776
1,1.0,0.9991163
0,0.0,0.00017159559
0,0.0,0.0002594663
0,0.0,0.0002687297
1,1.0,0.99938977
1,1.0,0.9994997
1,1.0,0.998565
1,1.0,0.9982198
0,0.0,0.00023686145
0,0.0,0.00044703236
1,1.0,0.99950737
1,1.0,0.99815637
1,1.0,0.9984634
1,1.0,0.9986179
1,1.0,0.9975463
0,0.0,0.00026867873
0,0.0,0.00025916367
1,1.0,0.9991472
1,1.0,0.99926907
0,0.0,0.00025382775
1,1.0,0.99907154
1,1.0,0.99951845
0,0.0,0.00017678224
0,0.0,0.0002596289
0,0.0,0.00032136394
1,1.0,0.99674916
0,0.0,0.00026361432
0,0.0,0.00023259611
0,0.0,0.0002494555
0,0.0,0.00035555588
0,0.0,0.00095619966
0,0.0,0.004219018
0,0.0,0.0003647514
1,1.0,0.9985746
0,0.0,0.0002667089
0,0.0,0.0002283416
1,1.0,0.99811333
1,1.0,0.9984228
0,0.0,0.0055087428
1,1.0,0.9991089
0,0.0,0.00024766487
0,0.0,0.00026706033
1,1.0,0.9991117
1,1.0,0.9956307
0,0.0,0.0002679466
1,1.0,0.99853384
1,1.0,0.9981472
1,1.0,0.9975908
1,1.0,0.9982139
1,1.0,0.99930143
1,1.0,0.99758047
1,1.0,0.99859387
0,0.0,0.0018763926
1,1.0,0.9988762
0,0.0,0.0002668343
1,1.0,0.9987848
0,0.0,0.0002670481
0,0.0,0.0002514794
1,1.0,0.99822044
0,0.0,0.00025953408
1,1.0,0.99861413
0,0.0,0.0002676777
1,1.0,0.99921995
1,1.0,0.99952555
1,1.0,0.99626243
0,0.0,0.00017157316
1,1.0,0.99861926
1,1.0,0.99849755
0,0.0,0.0006325218
1,1.0,0.9996128
1,1.0,0.99823743
0,0.0,0.00023426757
1,1.0,0.9994208
1,1.0,0.9982152
0,0.0,0.00017157807
1,1.0,0.9978485
0,0.0,0.00026587208
1,1.0,0.9990664
1,1.0,0.9995273
0,0.0,0.0005633901
0,0.0,0.0002516461
0,0.0,0.0002551049
1,1.0,0.9981707
1,1.0,0.99931806
0,0.0,0.00025249203
1,1.0,0.9991837
1,1.0,0.99920595
1,1.0,0.998611
1,1.0,0.99491775
0,0.0,0.00025995064
1,1.0,0.9994292
0,0.0,0.00036040743
0,0.0,0.00022756873
0,0.0,0.00022870503
1,1.0,0.9995276
1,1.0,0.9991839
0,0.0,0.00026584676
1,1.0,0.99951875
0,0.0,0.00027946473
0,0.0,0.0044557047
0,0.0,0.002537599
0,0.0,0.00086056924
1,1.0,0.9995582
0,0.0,0.0003279165
0,0.0,0.00025867665
0,0.0,0.00064194057
0,0.0,0.00021869906
1,1.0,0.99912417
0,0.0,0.00031229202
0,0.0,0.0003695883
0,0.0,0.00025995536
0,0.0,0.00024451705
1,1.0,0.9984534
1,1.0,0.9984535
1,1.0,0.99789983
0,0.0,0.00024984826
0,0.0,0.00043036643
1,1.0,0.9995634
0,0.0,0.00076778315
0,0.0,0.00026049447
1,1.0,0.99631125
0,0.0,0.00029464543
0,0.0,0.00026683608
0,0.0,0.0020813646
1,1.0,0.99845725
1,1.0,0.99819154
1,1.0,0.99955386
0,0.0,0.000269766
0,0.0,0.0010277595
1,1.0,0.99809426
0,0.0,0.00021611378
1,1.0,0.99910027
0,0.0,0.0003876463
1,1.0,0.99935997
1,1.0,0.99619484
1,1.0,0.9994177
1,1.0,0.99877316
0,0.0,0.0002571741
0,0.0,0.00024069886
1,1.0,0.99928015
1,1.0,0.997983
1,1.0,0.9985733
1,1.0,0.9995266
0,0.0,0.00027008101
1,1.0,0.99942213
1,1.0,0.9980121
0,0.0,0.00043018968
0,0.0,0.00037628764
0,0.0,0.0010864302
1,1.0,0.9982285
1,1.0,0.9995464
1,1.0,0.99924827
1,1.0,0.9995538
1,1.0,0.999276
1,1.0,0.9993645
1,1.0,0.9975148
0,0.0,0.0002464508
1,1.0,0.9986326
1,1.0,0.999205
1,1.0,0.9991753
0,0.0,0.0002403496
0,0.0,0.0018552683
0,0.0,0.0002322181
1,1.0,0.9985441
1,1.0,0.9995154
1,1.0,0.99950063
1,1.0,0.99884045
0,0.0,0.00015232251
1,1.0,0.9994694
0,0.0,0.00025954895
0,0.0,0.00024941532
1,1.0,0.9988105
0,0.0,0.00024848274
1,1.0,0.9984761
1,1.0,0.9985732
1,1.0,0.9981736
1,1.0,0.99908733
0,0.0,6.573721e-05
0,0.0,0.00021867947
1,1.0,0.99157125
0,0.0,0.0002483345
0,0.0,0.00024966922
1,1.0,0.99864495
0,0.0,0.00026937743
0,0.0,0.00026361228
0,0.0,0.00026663544
0,0.0,0.00046423453
0,0.0,0.00064345996
0,0.0,0.00036055138
0,0.0,0.00035140794
1,1.0,0.9981562
1,1.0,0.9994909
1,1.0,0.99952275
0,0.0,0.0013363112
1,1.0,0.998526
0,0.0,0.0007153027
0,0.0,0.0006421064
0,0.0,0.0002483295
0,0.0,0.00033022455
0,0.0,0.0004156645
0,0.0,0.0002584636
0,0.0,0.00025885648
0,0.0,0.0003924462
0,0.0,0.01115617
1,1.0,0.9985781
0,0.0,0.00039254723
0,0.0,0.00025412056
1,1.0,0.9995249
0,0.0,0.0046627545
0,0.0,0.0003956996
1,1.0,0.99763787
0,0.0,0.00026348565
0,0.0,0.00047239783
1,1.0,0.9993891
0,0.0,0.0017703156
1,1.0,0.9980377
0,0.0,0.00022939076
1,1.0,0.9988463
0,0.0,0.0002672292
1,1.0,0.99813133
1,1.0,0.9980064
1,1.0,0.9994901
0,0.0,0.00029168327
1,1.0,0.999412
1,1.0,0.9995395
1,1.0,0.999007
0,0.0,0.0002480777
1,1.0,0.9982137
0,0.0,0.0004307609
1,1.0,0.99797827
1,1.0,0.99951434
0,0.0,0.0002665721
1,1.0,0.9993695
0,0.0,0.0002591874
1,1.0,0.99857336
1,1.0,0.9984034
0,0.0,0.00028325693
0,0.0,0.00025092563
1,1.0,0.99963576
1,1.0,0.99913216
1,1.0,0.9985675
1,1.0,0.9990931
1,1.0,0.9971803
1,1.0,0.99955726
1,1.0,0.99867153
1,1.0,0.99839246
0,0.0,0.00036078948
1,1.0,0.99845344
1,1.0,0.9970966
0,0.0,0.00049115415
1,1.0,0.99944925
1,1.0,0.99821997
1,1.0,0.9985495
1,1.0,0.99979186
1,1.0,0.99817073
1,1.0,0.9984009
1,1.0,0.9962841
0,0.0,0.000265954
0,0.0,0.0004266017
0,0.0,0.00027615577
0,0.0,0.00025406166
1,1.0,0.99821997
0,0.0,0.00025947025
1,1.0,0.9960109
1,1.0,0.99844784
1,1.0,0.99608743
0,0.0,0.0002540602
0,0.0,0.000251483
0,0.0,0.00031871832
1,1.0,0.99893236
0,0.0,0.00036265096
1,1.0,0.9995086
1,1.0,0.99938935
1,1.0,0.9988807
0,0.0,0.00024396238
1,1.0,0.9994305
0,0.0,0.00026615922
0,0.0,0.0002820112
1,1.0,0.99839216
0,0.0,0.0003926625
1,1.0,0.9992686
0,0.0,0.00023783202
0,0.0,0.00025165183
1,1.0,0.9982575
0,0.0,0.00026585057
0,0.0,0.00036388467
0,0.0,0.00021550388
1,1.0,0.998165
0,0.0,0.00037554296
1,1.0,0.9986216
1,1.0,0.9985885
0,0.0,0.00026979225
1,1.0,0.99908465
0,0.0,0.00031634854
0,0.0,0.00025717434
1,1.0,0.9995249
1,1.0,0.998396
0,0.0,0.00026871124
0,0.0,0.0002527965
0,0.0,0.00047274827
0,0.0,0.000267057
1,1.0,0.99946386
0,0.0,0.00037597353
0,0.0,0.0010584745
0,0.0,0.0006442233
1,1.0,0.998259
0,0.0,0.0013492146
0,0.0,0.00025995707
0,0.0,0.00022367042
1,1.0,0.9982119
1,1.0,0.9985569
0,0.0,0.0018957775
1,1.0,0.99884605
1,1.0,0.99855864
1,1.0,0.99939257
1,1.0,0.99934024
1,1.0,0.99817383
1,1.0,0.9992285
1,1.0,0.9966077
0,0.0,0.0002680963
1,1.0,0.9994315
1,1.0,0.9995948
1,1.0,0.99925625
0,0.0,0.00026325913
0,0.0,0.0002322896
0,0.0,0.00023691
0,0.0,0.002805863
0,0.0,0.00037568653
1,1.0,0.9958247
1,1.0,0.99853843
0,0.0,0.00046858817
0,0.0,0.00037570606
0,0.0,0.0024198247
1,1.0,0.9995154
1,1.0,0.9981151
1,1.0,0.99959564
0,0.0,0.00095702993
0,0.0,0.0015792556
1,1.0,0.99657047
0,0.0,0.0018559934
1,1.0,0.9983737
1,1.0,0.9993584
1,1.0,0.9996319
1,1.0,0.9995496
1,1.0,0.9985713
0,0.0,0.0018590913
1,1.0,0.99859864
0,0.0,0.0003601275
1,1.0,0.99939966
0,0.0,0.0002527076
0,0.0,0.00027010113
1,1.0,0.99837637
0,0.0,0.0002591973
0,0.0,0.0003115011
1,1.0,0.9985822
1,1.0,0.99809766
1,1.0,0.9994847
0,0.0,0.00024294962
0,0.0,0.0003226463
0,0.0,0.0002521966
0,0.0,0.00023173151
1,1.0,0.99920446
1,1.0,0.9986754
0,0.0,0.00024453993
0,0.0,0.00026571928
1,1.0,0.9975606
1,1.0,0.99960726
1,1.0,0.998905
1,1.0,0.9994774
1,1.0,0.9995289
0,0.0,0.0001763603
1,1.0,0.9985734
1,1.0,0.9996036
1,1.0,0.99714047
0,0.0,0.0002645151
1,1.0,0.99907154
0,0.0,0.00043034303
0,0.0,0.00027170219
0,0.0,0.00026664665
0,0.0,0.00095599197
0,0.0,0.0002479791
1,1.0,0.9994228
1,1.0,0.99918795
0,0.0,0.001039506
1,1.0,0.99764425
1,1.0,0.9997942
1,1.0,0.9985351
1,1.0,0.9982137
0,0.0,0.00024060914
1,1.0,0.99840236
1,1.0,0.9962791
1,1.0,0.9993701
0,0.0,0.00026592688
0,0.0,0.00025871853
1,1.0,0.99751693
0,0.0,0.00026399383
0,0.0,0.00033209258
0,0.0,0.00024310465
0,0.0,0.0002443926
0,0.0,0.00052154635
1,1.0,0.9995107
0,0.0,0.0018580342
0,0.0,0.0015546024
0,0.0,0.00035347452
1,1.0,0.99941444
0,0.0,0.00042602018
1,1.0,0.9977697
1,1.0,0.9977338
0,0.0,0.00026682895
0,0.0,0.00026661332
1,1.0,0.9962199
1,1.0,0.99607044
1,1.0,0.9981401
1,1.0,0.9988627
1,1.0,0.99614453
0,0.0,0.00023964208
0,0.0,0.00026772954
1,1.0,0.9993991
0,0.0,0.000314873
0,0.0,0.00025746704
1,1.0,0.99818176
0,0.0,0.00025149446
1,1.0,0.9995167
0,0.0,0.0011500485
1,1.0,0.9961802
0,0.0,0.00023691452
1,1.0,0.99814725
0,0.0,0.0002623351
0,0.0,0.00023170277
1,1.0,0.99938893
1,1.0,0.99840134
0,0.0,0.0002668338
0,0.0,0.0002413575
1,1.0,0.9985732
1,1.0,0.9983635
0,0.0,0.0032569524
1,1.0,0.9995224
0,0.0,0.00024035785
1,1.0,0.9991838
0,0.0,0.0002700406
0,0.0,0.00025107377
0,0.0,0.0023302787
0,0.0,0.000266654
1,1.0,0.99916834
0,0.0,0.0002497573
1,1.0,0.9981951
0,0.0,0.00024927885
1,1.0,0.99760884
1,1.0,0.9971972
1,1.0,0.99609524
1,1.0,0.99821526
0,0.0,0.00024790913
1,1.0,0.99953556
0,0.0,0.00025276854
1,1.0,0.9994283
1,1.0,0.9984336
1,1.0,0.99934244
0,0.0,0.0013620263
0,0.0,0.0002478808
1,1.0,0.9981955
0,0.0,0.00029555277
1,1.0,0.9994439
0,0.0,0.00031372232
0,0.0,0.00031485438
0,0.0,0.0012364893
1,1.0,0.998738
1,1.0,0.99963135
1,1.0,0.99941176
0,0.0,0.00031601454
0,0.0,0.00031591576
1,1.0,0.9957348
1,1.0,0.9981485
1,1.0,0.9996612
1,1.0,0.9982406
0,0.0,0.00036013592
0,0.0,0.00026600852
1,1.0,0.9984229
1,1.0,0.99819154
1,1.0,0.999536
1,1.0,0.9981736
0,0.0,0.0020441117
1,1.0,0.99933314
1,1.0,0.99817044
1,1.0,0.99819165
0,0.0,0.00027189398
1,1.0,0.99658275
1,1.0,0.99959433
0,0.0,0.0002506815
1,1.0,0.9984937
1,1.0,0.99942887
0,0.0,0.0002283662
1,1.0,0.99863005
1,1.0,0.99659
0,0.0,0.00024246462
1,1.0,0.9981448
0,0.0,0.00060884317
1,1.0,0.9994305
0,0.0,0.0002636276
1,1.0,0.99619484
0,0.0,0.0004265413
1,1.0,0.99840593
1,1.0,0.99836916
1,1.0,0.99942535
1,1.0,0.9995235
1,1.0,0.99885744
0,0.0,0.00024892687
1,1.0,0.99945766
1,1.0,0.9985747
0,0.0,0.00023429908
1,1.0,0.9968255
0,0.0,0.00030512662
1,1.0,0.99955386
1,1.0,0.9994632
1,1.0,0.99790245
1,1.0,0.99839604
1,1.0,0.99941766
1,1.0,0.99846417
0,0.0,0.00026561873
0,0.0,0.00036955197
1,1.0,0.9981703
1,1.0,0.99917006
1,1.0,0.99797314
0,0.0,0.0003755705
0,0.0,0.00023201556
1,1.0,0.99863285
0,0.0,0.00022620392
1,1.0,0.9984035
1,1.0,0.99856776
1,1.0,0.9976443
1,1.0,0.99824107
1,1.0,0.996987
1,1.0,0.9987274
1,1.0,0.9960805
1,1.0,0.99880767
0,0.0,0.001300101
1,1.0,0.99825835
1,1.0,0.999545
1,1.0,0.9985832
1,1.0,0.99936163
0,0.0,0.00025406748
1,1.0,0.99887264
0,0.0,0.0002533157
1,1.0,0.9981914
1,1.0,0.9994619
1,1.0,0.9983897
0,0.0,0.00035188248
1,1.0,0.99919116
0,0.0,0.0018605227
1,1.0,0.99800646
0,0.0,0.0002505004
0,0.0,0.0003928029
0,0.0,0.0005128278
1,1.0,0.99852127
1,1.0,0.9958787
1,1.0,0.9981651
1,1.0,0.9981699
1,1.0,0.9991987
1,1.0,0.999688
1,1.0,0.9981057
0,0.0,0.00026302406
0,0.0,0.0008172437
1,1.0,0.99666935
0,0.0,0.0017890102
1,1.0,0.99655384
0,0.0,0.00025440197
1,1.0,0.9982153
1,1.0,0.99624485
0,0.0,0.00023205829
0,0.0,0.0012803548
1,1.0,0.9995191
0,0.0,0.00023572842
0,0.0,0.00023329972
0,0.0,0.0008767265
1,1.0,0.9980479
0,0.0,0.0002588303
1,1.0,0.9993965
0,0.0,0.0006689889
0,0.0,0.00025164225
0,0.0,0.00025254596
0,0.0,0.00026602577
1,1.0,0.9994392
0,0.0,0.00027394434
0,0.0,0.00026979405
0,0.0,0.00026870047
0,0.0,0.00030328377
0,0.0,0.01054407
0,0.0,0.0011689961
1,1.0,0.998676
1,1.0,0.998119
1,1.0,0.99778265
1,1.0,0.9960324
1,1.0,0.9997431
0,0.0,0.00024906054
1,1.0,0.9994833
1,1.0,0.9986139
0,0.0,0.00027514974
1,1.0,0.99904597
0,0.0,0.00042599865
0,0.0,0.0002499605
1,1.0,0.999507
1,1.0,0.9993208
0,0.0,0.00026870458
0,0.0,0.00027167914
1,1.0,0.99860895
1,1.0,0.9982002
0,0.0,0.0033278114
0,0.0,0.00026362008
0,0.0,0.00024628686
0,0.0,0.0002677303
1,1.0,0.9983895
1,1.0,0.99805677
1,1.0,0.9995234
1,1.0,0.9994838
1,1.0,0.99956006
1,1.0,0.99626774
1,1.0,0.9982138
1,1.0,0.9995307
0,0.0,0.0010410666
0,0.0,0.0006435234
0,0.0,0.00025090316
0,0.0,0.00017653765
1,1.0,0.99840593
0,0.0,0.0030440935
1,1.0,0.99861413
1,1.0,0.9966006
0,0.0,0.00034983692
1,1.0,0.9985251
1,1.0,0.9981132
0,0.0,0.00026586754
1,1.0,0.9990837
1,1.0,0.99841034
1,1.0,0.9984674
0,0.0,0.00026767465
1,1.0,0.9996506
1,1.0,0.99840236
0,0.0,0.0011128236
1,1.0,0.99812865
0,0.0,0.00027620106
1,1.0,0.9991847
1,1.0,0.99902904
1,1.0,0.9992493
0,0.0,0.0002587035
0,0.0,0.0004308276
0,0.0,0.0002717356
0,0.0,0.0010397617
0,0.0,0.00030023314
1,1.0,0.9991062
0,0.0,0.00030407187
0,0.0,0.00037514293
1,1.0,0.9982572
1,1.0,0.9981952
0,0.0,0.0003576518
1,1.0,0.99672246
1,1.0,0.99844
0,0.0,0.0009031021
1,1.0,0.99853843
1,1.0,0.9991426
1,1.0,0.9983959
0,0.0,0.00026560834
1,1.0,0.999721
0,0.0,0.00026827966
0,0.0,0.0002516461
1,1.0,0.999125
1,1.0,0.9994298
1,1.0,0.99942756
1,1.0,0.99968976
1,1.0,0.9984228
1,1.0,0.9982154
1,1.0,0.9985837
1,1.0,0.9985371
1,1.0,0.9981939
1,1.0,0.99947995
1,1.0,0.9980977
1,1.0,0.99841017
0,0.0,0.0002571817
1,1.0,0.99912536
0,0.0,0.00026550758
0,0.0,0.00029187746
0,0.0,0.0038262736
1,1.0,0.99896306
1,1.0,0.99877846
0,0.0,0.00025909944
0,0.0,0.0004302596
0,0.0,0.000251447
0,0.0,0.00027534133
1,1.0,0.99850273
1,1.0,0.99853843
0,0.0,0.0003137056
1,1.0,0.9984738
1,1.0,0.9985102
1,1.0,0.99809766
1,1.0,0.99623734
1,1.0,0.99950695
1,1.0,0.998258
1,1.0,0.9995022
1,1.0,0.998714
1,1.0,0.9984479
1,1.0,0.99853843
1,1.0,0.9987246
0,0.0,0.00024419883
1,1.0,0.99659646
0,0.0,0.00027366608
0,0.0,0.00036390065
1,1.0,0.9984098
1,1.0,0.99854743
0,0.0,0.00050101924
1,1.0,0.998414
0,0.0,0.0050383387
0,0.0,0.0002432491
0,0.0,0.0002670667
1,1.0,0.9986324
1,1.0,0.99856216
1,1.0,0.99568653
1,1.0,0.9984642
1,1.0,0.9990785
1,1.0,0.9958544
1,1.0,0.9991835
0,0.0,0.00039571698
0,0.0,0.00035558915
1,1.0,0.9981882
1,1.0,0.9991128
0,0.0,0.00042649763
1,1.0,0.9982137
1,1.0,0.9983904
1,1.0,0.9965041
0,0.0,0.0032710664
1,1.0,0.9984009
1,1.0,0.99848664
1,1.0,0.99838006
1,1.0,0.9981915
0,0.0,0.00026308652
0,0.0,0.00025823998
1,1.0,0.9994267
1,1.0,0.9983904
0,0.0,0.00023258945
1,1.0,0.9992025
0,0.0,0.0002626141
1,1.0,0.9967483
1,1.0,0.99950033
0,0.0,0.0003925356
1,1.0,0.99845356
0,0.0,0.0002273137
0,0.0,0.00028172016
1,1.0,0.99800324
1,1.0,0.9966103
0,0.0,0.00043077936
0,0.0,0.00025765193
0,0.0,0.00025827077
0,0.0,0.00031602237
0,0.0,0.00063183665
0,0.0,0.00026870382
0,0.0,0.0018574393
0,0.0,0.00026978788
1,1.0,0.9994762
0,0.0,0.00036071197
1,1.0,0.9976192
1,1.0,0.9989444
0,0.0,0.00037516083
0,0.0,0.0002668753
0,0.0,0.0002697943
0,0.0,0.00026448813
0,0.0,0.00026718943
0,0.0,0.00025148084
1,1.0,0.9994907
0,0.0,0.0010749481
1,1.0,0.9996545
1,1.0,0.99866146
1,1.0,0.99954176
0,0.0,0.00023213131
0,0.0,0.00026068455
0,0.0,0.0002669399
0,0.0,0.0018208217
1,1.0,0.99930334
0,0.0,0.0006319737
0,0.0,0.00026707788
1,1.0,0.9994371
0,0.0,0.0035319333
0,0.0,0.00022940343
1,1.0,0.999545
1,1.0,0.9990719
0,0.0,0.0002653378
1,1.0,0.9967161
0,0.0,0.00023267775
0,0.0,0.00029238214
0,0.0,0.0002635462
0,0.0,0.00025113916
0,0.0,0.0002651347
1,1.0,0.9985385
0,0.0,0.00017158707
1,1.0,0.99845755
1,1.0,0.9994255
1,1.0,0.9982569
1,1.0,0.999402
1,1.0,0.9995766
0,0.0,0.00025307192
0,0.0,0.0003300873
1,1.0,0.9984535
1,1.0,0.9984083
1,1.0,0.9995104
0,0.0,0.00022646136
1,1.0,0.9985556
1,1.0,0.99757415
1,1.0,0.997027
0,0.0,0.00036495537
0,0.0,0.00047050026
1,1.0,0.99849206
1,1.0,0.99952304
0,0.0,0.00026869818
1,1.0,0.9995294
1,1.0,0.9979024
1,1.0,0.9988052
1,1.0,0.9983932
0,0.0,0.00026727526
0,0.0,0.00023343279
0,0.0,0.00035188938
1,1.0,0.9981916
0,0.0,0.0006324018
0,0.0,0.0009808396
0,0.0,0.00036015533
0,0.0,0.00031481052
1,1.0,0.9985337
0,0.0,0.0006866817
1,1.0,0.99608713
1,1.0,0.99817777
0,0.0,0.00025541912
1,1.0,0.9981075
1,1.0,0.9997358
0,0.0,0.0002599541
0,0.0,0.0045451466
1,1.0,0.99949366
1,1.0,0.9995289
1,1.0,0.99937296
1,1.0,0.9982152
0,0.0,0.00046945465
1,1.0,0.9981137
0,0.0,0.00025252235
1,1.0,0.9966554
0,0.0,0.00022419565
0,0.0,0.00032286104
0,0.0,0.0036250183
0,0.0,0.0004156552
1,1.0,0.99717814
0,0.0,0.004910597
1,1.0,0.998365
1,1.0,0.9995013
1,1.0,0.99939895
1,1.0,0.9982197
1,1.0,0.99817806
0,0.0,0.0018586393
0,0.0,0.0005117352
1,1.0,0.9989476
1,1.0,0.99885595
1,1.0,0.9994249
1,1.0,0.99858296
1,1.0,0.99856216
0,0.0,0.00017673116
0,0.0,0.00026390929
1,1.0,0.9981428
1,1.0,0.9993566
1,1.0,0.99867797
0,0.0,0.0002519798
1,1.0,0.9984422
1,1.0,0.99958014
1,1.0,0.99858373
1,1.0,0.99840236
0,0.0,0.0027609852
0,0.0,0.00031150077
0,0.0,0.00024791056
0,0.0,0.00027022036
0,0.0,0.00022284724
0,0.0,0.00026196244
0,0.0,0.0030527273
1,1.0,0.9982187
1,1.0,0.9984525
1,1.0,0.9986328
1,1.0,0.9996395
0,0.0,0.0019388194
1,1.0,0.9993154
0,0.0,0.00034436662
0,0.0,0.003663383
0,0.0,0.00023747582
1,1.0,0.9992537
0,0.0,0.00047315223
1,1.0,0.99817365
0,0.0,0.00023347286
0,0.0,0.00031134905
1,1.0,0.99760324
0,0.0,0.0014455109
0,0.0,0.00024634134
1,1.0,0.9985838
1,1.0,0.9991116
0,0.0,0.00025955192
0,0.0,0.00022477677
0,0.0,0.00026683303
1,1.0,0.9994674
1,1.0,0.9995366
0,0.0,0.0002594668
1,1.0,0.997546
0,0.0,0.00024425937
0,0.0,0.0013052718
1,1.0,0.9983979
1,1.0,0.99942845
1,1.0,0.99820006
1,1.0,0.99849194
1,1.0,0.9985433
1,1.0,0.9981127
1,1.0,0.999535
1,1.0,0.99888486
0,0.0,0.00026665657
1,1.0,0.9982407
0,0.0,0.0002686874
1,1.0,0.9993639
0,0.0,0.00014583448
1,1.0,0.99840826
1,1.0,0.99831384
1,1.0,0.99858695
1,1.0,0.99858874
1,1.0,0.998532
0,0.0,0.00042500286
1,1.0,0.9986326
1,1.0,0.9990087
0,0.0,0.00025127325
1,1.0,0.9992491
0,0.0,0.0049631447
0,0.0,0.0002591854
1,1.0,0.9985151
1,1.0,0.99840605
1,1.0,0.9975613
0,0.0,0.00023186367
1,1.0,0.9993342
1,1.0,0.99840647
1,1.0,0.9962909
0,0.0,0.00025329567
0,0.0,0.0002326347
0,0.0,0.001279218
1,1.0,0.99957216
0,0.0,0.00038744087
0,0.0,0.00026772442
1,1.0,0.9993529
0,0.0,0.0002540704
1,1.0,0.9981561
0,0.0,0.0002538665
1,1.0,0.9983894
0,0.0,0.0017253999
1,1.0,0.99761355
0,0.0,0.00028584446
1,1.0,0.9996647
1,1.0,0.99952483
1,1.0,0.99920636
1,1.0,0.9988477
1,1.0,0.9986141
1,1.0,0.9984579
1,1.0,0.99728346
1,1.0,0.99817365
1,1.0,0.9992932
0,0.0,0.00024225847
0,0.0,0.00030671468
1,1.0,0.9991778
1,1.0,0.99821526
1,1.0,0.99816984
1,1.0,0.9996233
1,1.0,0.99943835
1,1.0,0.99821997
1,1.0,0.999288
0,0.0,0.00034983925
1,1.0,0.9993589
1,1.0,0.9936306
1,1.0,0.9994212
0,0.0,0.0002540653
1,1.0,0.99818844
1,1.0,0.99840677
0,0.0,0.00029205086
0,0.0,0.00038748333
1,1.0,0.9995158
0,0.0,0.0001715789
1,1.0,0.9984677
1,1.0,0.9974379
0,0.0,0.00024972612
0,0.0,0.0002356963
1,1.0,0.99918026
1,1.0,0.99936324
0,0.0,0.00025148824
0,0.0,0.00027582006
0,0.0,0.0002483558
0,0.0,0.00028144577
0,0.0,0.00025946603
0,0.0,0.00017667002
1,1.0,0.9985384
0,0.0,0.00024066056
0,0.0,0.0002658427
1,1.0,0.998556
0,0.0,0.00087221415
1,1.0,0.99840045
0,0.0,0.00017158217
0,0.0,0.0002849311
1,1.0,0.99817795
1,1.0,0.99841005
1,1.0,0.99819535
1,1.0,0.9981097
1,1.0,0.997684
0,0.0,0.00026562077
1,1.0,0.99954534
1,1.0,0.9994847
1,1.0,0.99974453
1,1.0,0.99905914
1,1.0,0.99715877
1,1.0,0.995373
1,1.0,0.9990817
0,0.0,0.00025374623
0,0.0,0.00056456245
0,0.0,0.00025406698
1,1.0,0.9985625
0,0.0,0.00037508926
1,1.0,0.9984006
0,0.0,0.0007774512
1,1.0,0.9982504
1,1.0,0.99815637
1,1.0,0.99920446
1,1.0,0.9985491
0,0.0,0.001857821
1,1.0,0.9997311
1,1.0,0.9990038
0,0.0,0.0041876133
1,1.0,0.99821377
0,0.0,0.0003102737
1,1.0,0.99811333
0,0.0,0.00026791362
0,0.0,0.00016899097
0,0.0,0.0002662432
0,0.0,0.0002621443
0,0.0,0.00032997152
1,1.0,0.99937814
1,1.0,0.9992935
1,1.0,0.99954104
1,1.0,0.9998041
0,0.0,0.0002445826
1,1.0,0.999516
1,1.0,0.99972385
0,0.0,0.000266144
0,0.0,0.00017152476
0,0.0,0.00026586346
0,0.0,0.00044837265
1,1.0,0.99824035
1,1.0,0.99911773
1,1.0,0.9995697
1,1.0,0.9995047
1,1.0,0.99853843
1,1.0,0.99850684
1,1.0,0.9987846
0,0.0,0.00017666984
0,0.0,0.00029722476
0,0.0,0.00026659502
1,1.0,0.99860406
0,0.0,0.00036956236
0,0.0,0.00046885022
1,1.0,0.99840033
0,0.0,0.0002486548
1,1.0,0.9978204
1,1.0,0.9986329
0,0.0,0.00025406748
0,0.0,0.00025423104
1,1.0,0.9995304
0,0.0,0.00026365728
0,0.0,0.0002666576
0,0.0,0.00025947197
1,1.0,0.999563
1,1.0,0.9983923
0,0.0,0.00026868156
0,0.0,0.0005833664
1,1.0,0.9995166
0,0.0,0.00022700093
1,1.0,0.9962242
1,1.0,0.9982187
1,1.0,0.99817383
1,1.0,0.9990028
0,0.0,0.00039281097
1,1.0,0.9952039
1,1.0,0.9993894
1,1.0,0.99852586
0,0.0,0.00042498298
0,0.0,0.00023347865
1,1.0,0.9984574
0,0.0,0.00026176995
0,0.0,0.0019356341
1,1.0,0.9991775
0,0.0,0.00025615146
0,0.0,0.00017151936
1,1.0,0.9965844
1,1.0,0.99974245
0,0.0,0.0002908089
1,1.0,0.9996445
0,0.0,0.0004304766
0,0.0,0.0027557528
0,0.0,0.005293799
1,1.0,0.99909234
0,0.0,0.0005968204
0,0.0,0.00026382547
1,1.0,0.99948335
0,0.0,0.00027650828
1,1.0,0.9982056
1,1.0,0.9996386
1,1.0,0.9981215
1,1.0,0.99671483
0,0.0,0.0002638927
1,1.0,0.99877137
1,1.0,0.99953014
1,1.0,0.99765325
1,1.0,0.9994725
1,1.0,0.998291
1,1.0,0.9992344
1,1.0,0.9983922
1,1.0,0.9985555
0,0.0,0.00027692856
1,1.0,0.9994966
0,0.0,0.00025797982
1,1.0,0.99998
0,0.0,0.0021470992
0,0.0,0.0004305583
1,1.0,0.99820024
1,1.0,0.9966317
0,0.0,0.00024327623
0,0.0,0.00023247326
1,1.0,0.99840236
0,0.0,0.006179086
1,1.0,0.99928427
0,0.0,0.0003103015
1,1.0,0.9981856
1,1.0,0.9960416
1,1.0,0.9992544
0,0.0,0.00025945515
0,0.0,0.00026559643
1,1.0,0.99912673
0,0.0,0.00023427918
1,1.0,0.9982135
0,0.0,0.00024657068
1,1.0,0.9990666
0,0.0,0.00031895298
1,1.0,0.99821365
1,1.0,0.9994185
1,1.0,0.99862576
1,1.0,0.9990641
0,0.0,0.0002580192
0,0.0,0.0006274566
1,1.0,0.99941826
1,1.0,0.9981485
0,0.0,0.00024847777
1,1.0,0.9992773
1,1.0,0.9989006
1,1.0,0.9984007
1,1.0,0.99821377
0,0.0,0.0018047987
1,1.0,0.9992878
1,1.0,0.99845785
1,1.0,0.99940556
0,0.0,0.00025765636
1,1.0,0.99809784
0,0.0,0.0012552909
1,1.0,0.998956
1,1.0,0.9992078
0,0.0,0.000259468
0,0.0,0.00032988313
1,1.0,0.99858725
1,1.0,0.9994534
1,1.0,0.9994723
1,1.0,0.9993345
1,1.0,0.9985417
1,1.0,0.99861413
0,0.0,0.0002697943
1,1.0,0.9995866
1,1.0,0.99858373
0,0.0,0.00027168173
1,1.0,0.998614
1,1.0,0.99850917
0,0.0,0.00027758995
0,0.0,0.00023958544
1,1.0,0.99821526
0,0.0,0.00043738418
1,1.0,0.998195
0,0.0,0.00023138002
0,0.0,0.00026872227
0,0.0,0.00035716878
0,0.0,0.00022332712
1,1.0,0.99656105
1,1.0,0.9983206
0,0.0,0.00025993923
1,1.0,0.99817795
1,1.0,0.99852544
1,1.0,0.9956776
0,0.0,0.0045712637
1,1.0,0.99932873
0,0.0,0.00036952816
0,0.0,0.00026389546
0,0.0,0.00034972772
0,0.0,0.00026586448
0,0.0,0.00025308057
0,0.0,0.00025226368
1,1.0,0.99920326
1,1.0,0.9981953
1,1.0,0.99877286
0,0.0,0.0002687169
0,0.0,0.00025200046
1,1.0,0.9965838
0,0.0,0.00023267065
1,1.0,0.99937195
1,1.0,0.9990076
0,0.0,0.00043046204
1,1.0,0.99944323
0,0.0,0.00027980143
0,0.0,0.00043037796
0,0.0,0.00021177808
1,1.0,0.99920475
0,0.0,0.00093556463
0,0.0,0.00024850125
0,0.0,0.0003137603
0,0.0,0.00026561948
1,1.0,0.9981152
0,0.0,0.0003924065
1,1.0,0.99953383
1,1.0,0.99959075
0,0.0,0.00024327531
1,1.0,0.9990944
0,0.0,0.00024649172
1,1.0,0.9986329
1,1.0,0.9984535
1,1.0,0.9987581
1,1.0,0.99814713
0,0.0,0.00026689813
1,1.0,0.99817276
1,1.0,0.99658185
0,0.0,0.00025147988
1,1.0,0.999412
1,1.0,0.9994624
1,1.0,0.998212
1,1.0,0.9988799
1,1.0,0.9981308
1,1.0,0.999167
1,1.0,0.9982135
0,0.0,0.0003924821
1,1.0,0.9989137
1,1.0,0.9982131
1,1.0,0.9994271
0,0.0,0.00026586626
0,0.0,0.00026706976
1,1.0,0.99844426
1,1.0,0.9995162
0,0.0,0.0018583969
1,1.0,0.99942404
0,0.0,0.00026561366
0,0.0,0.00023244935
1,1.0,0.99840575
0,0.0,0.00023428902
1,1.0,0.9993223
1,1.0,0.99879813
1,1.0,0.9991134
0,0.0,0.0018565068
1,1.0,0.9985385
1,1.0,0.9965335
0,0.0,0.0002771718
0,0.0,0.0003750771
1,1.0,0.99851966
1,1.0,0.99821556
1,1.0,0.99819136
0,0.0,0.0003638798
1,1.0,0.9995048
1,1.0,0.9984003
0,0.0,0.00038764035
0,0.0,0.0002431881
1,1.0,0.99765396
1,1.0,0.9990014
1,1.0,0.9995171
1,1.0,0.99844813
0,0.0,0.0016161135
1,1.0,0.99863285
1,1.0,0.9985593
0,0.0,0.00026773819
0,0.0,0.00026590482
0,0.0,0.00025164726
1,1.0,0.9995538
0,0.0,0.00035706718
1,1.0,0.99917513
1,1.0,0.9990587
0,0.0,0.00026512815
1,1.0,0.9986325
1,1.0,0.99850583
1,1.0,0.99900556
0,0.0,0.00024493333
0,0.0,0.00026135097
0,0.0,0.00026575098
1,1.0,0.9962409
0,0.0,0.00027421952
1,1.0,0.9989862
1,1.0,0.99753016
1,1.0,0.9980492
1,1.0,0.9994194
0,0.0,0.00024926983
1,1.0,0.99825776
1,1.0,0.9994311
1,1.0,0.9985885
0,0.0,0.00022333201
0,0.0,0.00027618502
1,1.0,0.9981781
1,1.0,0.99676067
0,0.0,0.00038744495
0,0.0,0.00031377468
0,0.0,0.0002687233
0,0.0,0.00039281638
0,0.0,0.00022793029
0,0.0,0.00026260712
0,0.0,0.0003925446
0,0.0,0.00037551558
0,0.0,0.0002675494
0,0.0,0.00032298727
1,1.0,0.998456
1,1.0,0.9984022
1,1.0,0.9989382
0,0.0,0.0002489276
0,0.0,0.0006428528
1,1.0,0.99845755
1,1.0,0.99942654
1,1.0,0.9995278
1,1.0,0.998491
1,1.0,0.9981916
1,1.0,0.99913174
1,1.0,0.999412
1,1.0,0.9984422
0,0.0,0.0002247515
1,1.0,0.99923277
0,0.0,0.00024994308
1,1.0,0.99819154
1,1.0,0.998448
0,0.0,0.00035346052
0,0.0,0.00027167343
1,1.0,0.9995147
0,0.0,0.00023274429
0,0.0,0.00017156909
0,0.0,0.0002541213
1,1.0,0.99821997
1,1.0,0.99863225
0,0.0,0.00022743271
1,1.0,0.99939466
1,1.0,0.99809796
1,1.0,0.9968257
0,0.0,0.00025955436
1,1.0,0.99910504
1,1.0,0.9990495
0,0.0,0.00026290573
1,1.0,0.9995273
1,1.0,0.9983892
1,1.0,0.9982563
0,0.0,0.0002576588
0,0.0,0.00032277242
0,0.0,0.00037509497
1,1.0,0.9985378
0,0.0,0.00021873412
1,1.0,0.99854326
0,0.0,0.0002599603
0,0.0,0.00022166922
0,0.0,0.00025412394
1,1.0,0.9993341
0,0.0,0.0002349906
0,0.0,0.0058960025
1,1.0,0.99818814
0,0.0,0.00043032668
0,0.0,0.00027647137
1,1.0,0.9966698
0,0.0,0.0002446134
0,0.0,0.00025185008
0,0.0,0.00022866708
1,1.0,0.9993153
1,1.0,0.9983247
0,0.0,0.0005102559
1,1.0,0.99958426
1,1.0,0.99819154
1,1.0,0.99821377
0,0.0,0.0003763018
0,0.0,0.003536229
0,0.0,0.00026603948
1,1.0,0.9985437
1,1.0,0.9994567
0,0.0,0.000360702
1,1.0,0.9608443
1,1.0,0.99825764
0,0.0,0.00026689435
0,0.0,0.0003923366
0,0.0,0.00025885698
1,1.0,0.9979788
0,0.0,0.0002249987
1,1.0,0.9996464
1,1.0,0.99816495
0,0.0,0.00025993056
1,1.0,0.99925417
0,0.0,0.0026753147
0,0.0,0.00035145757
0,0.0,0.00025955093
1,1.0,0.9989488
0,0.0,0.0002516461
0,0.0,0.0003149342
1,1.0,0.99600244
1,1.0,0.99949235
1,1.0,0.9981915
0,0.0,0.00027579162
0,0.0,0.00047982796
1,1.0,0.9981562
1,1.0,0.99614453
1,1.0,0.9984229
1,1.0,0.9994018
0,0.0,0.0010114055
0,0.0,0.00026565065
0,0.0,0.0002334811
0,0.0,0.00026979484
1,1.0,0.99922377
0,0.0,0.00023299697
1,1.0,0.9985677
1,1.0,0.9992666
1,1.0,0.9981939
1,1.0,0.9995293
0,0.0,0.0010572149
1,1.0,0.9994597
1,1.0,0.99843025
1,1.0,0.9981451
1,1.0,0.9981937
1,1.0,0.9986484
0,0.0,0.00032323986
1,1.0,0.9993863
0,0.0,0.0002804111
0,0.0,0.00017155879
1,1.0,0.99821365
1,1.0,0.99898887
0,0.0,0.00027123993
1,1.0,0.9982422
1,1.0,0.9993713
0,0.0,0.00049782806
1,1.0,0.9985016
1,1.0,0.9985618
0,0.0,0.0018567074
1,1.0,0.998534
0,0.0,0.00024645645
1,1.0,0.9995175
0,0.0,0.0012786211
1,1.0,0.9992825
1,1.0,0.9976204
1,1.0,0.9980904
0,0.0,0.00039250622
0,0.0,0.00034986495
1,1.0,0.99958724
1,1.0,0.9984581
0,0.0,0.00031494114
0,0.0,0.0002522423
0,0.0,0.00031318533
1,1.0,0.9991032
1,1.0,0.99920774
0,0.0,0.00026449392
1,1.0,0.9991083
1,1.0,0.9985558
1,1.0,0.9999001
1,1.0,0.9981914
0,0.0,0.00027560868
1,1.0,0.99974614
0,0.0,0.0017389352
1,1.0,0.998614
1,1.0,0.9981738
1,1.0,0.99819124
1,1.0,0.99819887
0,0.0,0.00022491398
0,0.0,0.00027378666
1,1.0,0.99959475
1,1.0,0.9984377
0,0.0,0.00048399554
1,1.0,0.99868333
1,1.0,0.9982404
0,0.0,0.00025291924
0,0.0,0.00023517238
0,0.0,0.00024708797
1,1.0,0.99938905
0,0.0,0.00024245212
1,1.0,0.99858373
1,1.0,0.99938583
0,0.0,0.00038762926
1,1.0,0.9985837
1,1.0,0.9996641
1,1.0,0.99946356
0,0.0,0.00024806758
1,1.0,0.9957237
0,0.0,0.00037567792
1,1.0,0.9995166
1,1.0,0.99831504
1,1.0,0.9989199
1,1.0,0.99821347
0,0.0,0.0002670379
0,0.0,0.001975055
1,1.0,0.9993279
0,0.0,0.0009783828
1,1.0,0.99898565
1,1.0,0.99825346
0,0.0,0.00025918195
1,1.0,0.99819154
0,0.0,0.00021717799
1,1.0,0.999103
0,0.0,0.00038763907
1,1.0,0.9990621
0,0.0,0.0058363746
0,0.0,0.001322246
0,0.0,0.00032311818
0,0.0,0.00025420415
0,0.0,0.00026868435
1,1.0,0.99853843
1,1.0,0.9994364
1,1.0,0.99942935
0,0.0,0.0002711409
1,1.0,0.99859554
0,0.0,0.0024686875
0,0.0,0.00026362407
1,1.0,0.9990196
1,1.0,0.99236715
1,1.0,0.9996486
0,0.0,0.00022227791
0,0.0,0.00026771933
1,1.0,0.9993515
0,0.0,0.0002709879
0,0.0,0.00026665707
1,1.0,0.99845725
1,1.0,0.999244
0,0.0,0.001046775
0,0.0,0.00026067285
1,1.0,0.9980944
1,1.0,0.9981916
1,1.0,0.99840087
0,0.0,0.0002666497
1,1.0,0.9984722
1,1.0,0.9987547
0,0.0,0.0002511437
0,0.0,0.0016425458
1,1.0,0.9971759
1,1.0,0.9990841
1,1.0,0.9985638
1,1.0,0.9984475
1,1.0,0.9985311
1,1.0,0.998502
1,1.0,0.9985486
1,1.0,0.9990768
1,1.0,0.9993318
0,0.0,0.00036389023
0,0.0,0.00026594463
1,1.0,0.998599
0,0.0,0.0018876358
1,1.0,0.99840665
0,0.0,0.0006316913
1,1.0,0.9995156
1,1.0,0.9995166
0,0.0,0.0006464442
1,1.0,0.9994212
1,1.0,0.9982411
0,0.0,0.00026979277
0,0.0,0.00026558025
0,0.0,0.00033184193
0,0.0,0.00018322172
0,0.0,0.00026560505
1,1.0,0.9975548
1,1.0,0.9967487
1,1.0,0.99906117
1,1.0,0.9984009
1,1.0,0.99811345
1,1.0,0.99858385
1,1.0,0.99950224
1,1.0,0.9984378
1,1.0,0.99907583
0,0.0,0.0002677173
1,1.0,0.9981779
1,1.0,0.998619
1,1.0,0.9985851
1,1.0,0.99931276
0,0.0,0.00037554794
1,1.0,0.9985551
1,1.0,0.998241
0,0.0,0.00024800937
1,1.0,0.9984581
1,1.0,0.99945676
0,0.0,0.00026870484
0,0.0,0.00017665804
1,1.0,0.99870586
0,0.0,0.00026586224
1,1.0,0.9990895
0,0.0,0.00026873764
1,1.0,0.99854
0,0.0,0.0002629002
0,0.0,0.00064449257
0,0.0,0.00025946455
0,0.0,0.00037607586
1,1.0,0.9981706
0,0.0,0.00024636672
1,1.0,0.9985208
0,0.0,0.00022327795
1,1.0,0.9975461
0,0.0,0.00023603364
1,1.0,0.99609405
1,1.0,0.9991298
1,1.0,0.99858385
0,0.0,0.00026686027
0,0.0,0.00036955302
1,1.0,0.998581
0,0.0,0.0002599452
1,1.0,0.998901
1,1.0,0.9996291
1,1.0,0.99910915
0,0.0,0.00025860238
0,0.0,0.00025411838
0,0.0,0.00022430407
1,1.0,0.995842
0,0.0,0.00027375584
1,1.0,0.99980736
0,0.0,0.00026773056
0,0.0,0.00024427567
1,1.0,0.9992548
0,0.0,0.00026683582
0,0.0,0.0003874553
1,1.0,0.9981573
1,1.0,0.9985429
1,1.0,0.99964297
1,1.0,0.9996436
1,1.0,0.999475
1,1.0,0.9989682
0,0.0,0.0038091037
0,0.0,0.00039254723
1,1.0,0.9980719
0,0.0,0.00024800134
1,1.0,0.9982152
1,1.0,0.999046
1,1.0,0.99864775
0,0.0,0.00036389404
1,1.0,0.9986327
1,1.0,0.9981562
1,1.0,0.99999344
0,0.0,0.00027592736
1,1.0,0.99819136
0,0.0,0.00025945294
0,0.0,0.0002671319
1,1.0,0.9986991
0,0.0,0.00024924916
1,1.0,0.9977788
0,0.0,0.00026361857
0,0.0,0.00025185515
1,1.0,0.9972831
1,1.0,0.9994716
0,0.0,0.000661649
1,1.0,0.99925053
1,1.0,0.9996359
0,0.0,0.00046977133
0,0.0,0.0003148147
0,0.0,0.00039254216
1,1.0,0.9985732
1,1.0,0.9985383
0,0.0,0.00026013856
0,0.0,0.00031601757
0,0.0,0.00042508106
1,1.0,0.9995278
0,0.0,0.0038730062
0,0.0,0.00026596032
0,0.0,0.0002055224
0,0.0,0.00034978223
0,0.0,0.0003534686
1,1.0,0.9986602
0,0.0,0.00017684393
1,1.0,0.999439
1,1.0,0.9984476
0,0.0,0.00028206065
0,0.0,0.0002483378
0,0.0,0.00026565065
0,0.0,0.0002666591
1,1.0,0.99814725
0,0.0,0.00026773007
1,1.0,0.9997012
0,0.0,0.00024242046
1,1.0,0.99966663
0,0.0,0.0003137277
1,1.0,0.99961954
1,1.0,0.9981135
1,1.0,0.9985386
1,1.0,0.99911207
0,0.0,0.0002658746
0,0.0,0.00025868896
1,1.0,0.9995058
1,1.0,0.9984208
0,0.0,0.00022491891
0,0.0,0.00017632166
1,1.0,0.99854016
1,1.0,0.99891144
1,1.0,0.99974144
0,0.0,0.00025164368
1,1.0,0.9985195
0,0.0,0.0004306911
1,1.0,0.9991837
1,1.0,0.99890953
1,1.0,0.9986147
0,0.0,0.00026583762
1,1.0,0.99824476
1,1.0,0.99855566
1,1.0,0.99839044
0,0.0,0.00025531027
1,1.0,0.99930257
1,1.0,0.9994434
1,1.0,0.9990715
1,1.0,0.9996245
1,1.0,0.9985653
0,0.0,0.00023337427
1,1.0,0.99837345
1,1.0,0.99952793
1,1.0,0.99914175
1,1.0,0.99626184
0,0.0,0.00091844687
1,1.0,0.9994191
1,1.0,0.9982199
0,0.0,0.00017696284
1,1.0,0.9984263
1,1.0,0.9981652
0,0.0,0.00042328046
0,0.0,0.00022700483
1,1.0,0.9991879
1,1.0,0.99820477
1,1.0,0.9994237
1,1.0,0.99825877
0,0.0,0.00026049645
0,0.0,0.00026586096
1,1.0,0.99928415
0,0.0,0.00026772596
1,1.0,0.99761915
0,0.0,0.0002683234
1,1.0,0.99853843
1,1.0,0.99847287
1,1.0,0.99779135
0,0.0,0.0014185263
1,1.0,0.9981938
0,0.0,0.00023571271
0,0.0,0.0004249121
0,0.0,0.00036389058
0,0.0,0.00026630439
0,0.0,0.00024070368
1,1.0,0.99860954
1,1.0,0.9960333
1,1.0,0.9985731
1,1.0,0.9985553
1,1.0,0.9994274
1,1.0,0.9991915
1,1.0,0.99821967
1,1.0,0.9987135
1,1.0,0.9967174
1,1.0,0.99861413
1,1.0,0.9996253
1,1.0,0.998215
0,0.0,0.00024217743
1,1.0,0.99945635
0,0.0,0.0037399728
0,0.0,0.00022794025
1,1.0,0.9984058
1,1.0,0.99955845
1,1.0,0.9985454
0,0.0,0.00031370978
0,0.0,0.0002702271
1,1.0,0.9994919
0,0.0,0.00023430487
1,1.0,0.99660134
1,1.0,0.9983962
0,0.0,0.0002478836
1,1.0,0.99824077
0,0.0,0.00027600734
0,0.0,0.00025901227
1,1.0,0.9989005
1,1.0,0.99940413
0,0.0,0.00026586172
1,1.0,0.9976026
0,0.0,0.00023348756
1,1.0,0.9990545
1,1.0,0.9981917
1,1.0,0.9961037
1,1.0,0.9968071
0,0.0,0.0010870398
0,0.0,0.00022866402
0,0.0,0.00024914488
1,1.0,0.9993702
0,0.0,0.0002441723
0,0.0,0.00026664714
1,1.0,0.9981737
0,0.0,0.00023218576
0,0.0,0.000265619
0,0.0,0.00025869612
0,0.0,0.0002574604
1,1.0,0.9996222
0,0.0,0.00024502538
1,1.0,0.99863327
1,1.0,0.99821514
1,1.0,0.99954003
1,1.0,0.9994271
0,0.0,0.00028574283
0,0.0,0.00026562583
0,0.0,0.00056074833
1,1.0,0.9995171
1,1.0,0.9986324
0,0.0,0.00029018353
0,0.0,0.0006585189
1,1.0,0.9989356
1,1.0,0.9994881
1,1.0,0.99822
1,1.0,0.99797267
1,1.0,0.99973345
1,1.0,0.99871224
0,0.0,0.0024700712
0,0.0,0.00025147747
0,0.0,0.0013636351
0,0.0,0.0013731627
1,1.0,0.9995049
0,0.0,0.0003102613
1,1.0,0.9984802
1,1.0,0.9993618
1,1.0,0.9990835
1,1.0,0.9965973
1,1.0,0.9993726
1,1.0,0.99926823
0,0.0,0.0003227247
1,1.0,0.9994318
0,0.0,0.00039580147
0,0.0,0.00042653093
1,1.0,0.99814725
1,1.0,0.99880177
1,1.0,0.99821514
1,1.0,0.9994556
1,1.0,0.9984024
1,1.0,0.9990892
1,1.0,0.9994439
0,0.0,0.00025307914
0,0.0,0.00027767278
0,0.0,0.00026627112
1,1.0,0.9984565
1,1.0,0.9993594
0,0.0,0.00037607728
0,0.0,0.0044737603
0,0.0,0.0015862408
0,0.0,0.00025147796
1,1.0,0.9980412
1,1.0,0.9981751
0,0.0,0.0002874657
1,1.0,0.9985711
1,1.0,0.9986142
0,0.0,0.00024925487
1,1.0,0.99623173
1,1.0,0.99845827
0,0.0,0.00026868537
1,1.0,0.999432
0,0.0,0.00025433628
1,1.0,0.99817795
0,0.0,0.00025216604
1,1.0,0.9995622
0,0.0,0.00032353736
0,0.0,0.0003436905
0,0.0,0.00026977912
1,1.0,0.99664205
1,1.0,0.99917746
0,0.0,0.00024911517
1,1.0,0.99532974
0,0.0,0.00026193846
0,0.0,0.00025148346
1,1.0,0.9968059
0,0.0,0.00029419994
1,1.0,0.9987608
0,0.0,0.0002672241
1,1.0,0.99817383
1,1.0,0.9983692
0,0.0,0.00026976163
1,1.0,0.9983737
1,1.0,0.9997058
1,1.0,0.996592
0,0.0,0.00023220106
1,1.0,0.99946445
0,0.0,0.00017672998
0,0.0,0.00023516183
0,0.0,0.00025954202
1,1.0,0.9992656
0,0.0,0.0002716921
0,0.0,0.00022693732
0,0.0,0.00027171074
0,0.0,0.0002619567
1,1.0,0.9981839
0,0.0,0.00024937326
0,0.0,0.00025164513
1,1.0,0.99821985
1,1.0,0.9981564
1,1.0,0.9975052
1,1.0,0.9997258
0,0.0,0.0002658698
1,1.0,0.9994538
0,0.0,0.00047428705
1,1.0,0.9966314
0,0.0,0.00026755806
1,1.0,0.9994785
1,1.0,0.9986593
1,1.0,0.9984004
1,1.0,0.9994348
1,1.0,0.999457
1,1.0,0.9986158
0,0.0,0.00032312988
0,0.0,0.000267506
0,0.0,0.00025007516
1,1.0,0.9995109
0,0.0,0.0002525344
1,1.0,0.9994618
0,0.0,0.0002523717
1,1.0,0.9995449
1,1.0,0.99941975
1,1.0,0.9967041
1,1.0,0.99844795
0,0.0,0.00026773108
1,1.0,0.99811333
1,1.0,0.999412
1,1.0,0.9994126
0,0.0,0.00022318088
0,0.0,0.0018581635
1,1.0,0.9984575
1,1.0,0.9981897
0,0.0,0.0002599524
1,1.0,0.9999562
1,1.0,0.9984642
1,1.0,0.9987815
1,1.0,0.999545
1,1.0,0.99942994
1,1.0,0.9981781
1,1.0,0.99879724
0,0.0,0.0002526688
0,0.0,0.0002485325
0,0.0,0.00033102007
0,0.0,0.00043075022
1,1.0,0.9991125
0,0.0,0.0011040368
1,1.0,0.9986325
0,0.0,0.001072086
0,0.0,0.0002521456
1,1.0,0.99817026
0,0.0,0.0003920403
0,0.0,0.001807739
1,1.0,0.9995549
1,1.0,0.9985303
0,0.0,0.00048878626
0,0.0,0.00026767314
1,1.0,0.99961406
0,0.0,0.00023936831
1,1.0,0.9982003
1,1.0,0.9982002
1,1.0,0.99937576
1,1.0,0.9994269
0,0.0,0.0002670537
1,1.0,0.99853814
1,1.0,0.9985716
1,1.0,0.99942386
1,1.0,0.9991541
1,1.0,0.9995364
1,1.0,0.99941814
1,1.0,0.9995204
1,1.0,0.9993532
0,0.0,0.00025147892
1,1.0,0.999486
1,1.0,0.9981697
1,1.0,0.998945
1,1.0,0.9996689
1,1.0,0.99858844
0,0.0,0.00026669263
1,1.0,0.99820024
1,1.0,0.9995112
0,0.0,0.00032272717
0,0.0,0.0002636158
0,0.0,0.00039574833
1,1.0,0.99848884
1,1.0,0.9982583
1,1.0,0.99914396
0,0.0,0.00037565595
1,1.0,0.99912655
0,0.0,0.0003534791
0,0.0,0.00037886362
1,1.0,0.9982197
1,1.0,0.99936277
1,1.0,0.9952565
0,0.0,0.00038763223
1,1.0,0.9995617
1,1.0,0.9981619
1,1.0,0.99951655
0,0.0,0.00037559148
0,0.0,0.00031032282
0,0.0,0.00022415056
1,1.0,0.998486
1,1.0,0.9985523
1,1.0,0.99819386
1,1.0,0.9984484
1,1.0,0.9984573
1,1.0,0.99816996
0,0.0,0.00026979198
0,0.0,0.0002514813
0,0.0,0.00037935586
1,1.0,0.9994306
0,0.0,0.00037557213
0,0.0,0.00027627166
0,0.0,0.0009540465
0,0.0,0.00026708908
1,1.0,0.99944973
1,1.0,0.999948
0,0.0,0.0002686754
0,0.0,0.00026868077
0,0.0,0.00024507442
0,0.0,0.0002557937
1,1.0,0.9995623
1,1.0,0.9994977
0,0.0,0.00025172284
0,0.0,0.00046992343
1,1.0,0.9990217
1,1.0,0.99823695
1,1.0,0.9981541
1,1.0,0.99942356
1,1.0,0.99858296
1,1.0,0.99819493
1,1.0,0.9984872
1,1.0,0.9981134
0,0.0,0.00024800014
1,1.0,0.9985861
0,0.0,0.00024506787
1,1.0,0.99940854
0,0.0,0.00026773108
1,1.0,0.99817055
0,0.0,0.00039244245
0,0.0,0.00034984658
1,1.0,0.9995218
0,0.0,0.0012222358
0,0.0,0.00023751704
0,0.0,0.00035062092
0,0.0,0.00026978864
0,0.0,0.0002497475
0,0.0,0.0008713216
0,0.0,0.0003231326
0,0.0,0.0011231828
1,1.0,0.999089
0,0.0,0.00017158217
1,1.0,0.9974847
0,0.0,0.002465662
1,1.0,0.9980643
1,1.0,0.99865985
0,0.0,0.00026587208
1,1.0,0.99845153
1,1.0,0.9965708
1,1.0,0.9985028
0,0.0,0.00039204926
1,1.0,0.998887
1,1.0,0.9981882
1,1.0,0.9995981
0,0.0,0.0013116399
1,1.0,0.9991773
1,1.0,0.9986795
0,0.0,0.0002658782
1,1.0,0.9991087
0,0.0,0.00033675533
1,1.0,0.9994383
1,1.0,0.9986568
0,0.0,0.00026978762
1,1.0,0.99848986
1,1.0,0.9985647
1,1.0,0.99888694
1,1.0,0.99952483
1,1.0,0.9985433
0,0.0,0.0018561047
1,1.0,0.9997809
1,1.0,0.99850255
0,0.0,0.00026979172
1,1.0,0.99836916
1,1.0,0.9995584
1,1.0,0.9985841
0,0.0,0.0002467047
1,1.0,0.9992048
0,0.0,0.0003219365
0,0.0,0.00038595524
1,1.0,0.99814886
1,1.0,0.9994819
1,1.0,0.9975166
1,1.0,0.9985167
1,1.0,0.9994949
0,0.0,0.00026585994
0,0.0,0.00026361557
0,0.0,0.00025946283
1,1.0,0.9993978
1,1.0,0.99955755
1,1.0,0.99844486
0,0.0,0.00024075304
0,0.0,0.00061397726
1,1.0,0.99821514
0,0.0,0.001858342
1,1.0,0.9994803
0,0.0,0.00026683303
1,1.0,0.99857426
1,1.0,0.99871546
0,0.0,0.0002687097
1,1.0,0.99753094
1,1.0,0.99801123
0,0.0,0.00025820278
1,1.0,0.99899507
0,0.0,0.00022476177
1,1.0,0.99819344
0,0.0,0.0004542668
1,1.0,0.9961446
0,0.0,0.00036012716
1,1.0,0.9981916
1,1.0,0.9997163
1,1.0,0.9994268
1,1.0,0.99166507
1,1.0,0.9987024
1,1.0,0.99762774
0,0.0,0.0002541329
1,1.0,0.99819344
1,1.0,0.9962978
0,0.0,0.00024800253
0,0.0,0.00026682718
0,0.0,0.00023605724
1,1.0,0.9984072
0,0.0,0.00022878201
1,1.0,0.99900275
0,0.0,0.00095600745
1,1.0,0.9982578
0,0.0,0.0005880957
0,0.0,0.00025077857
0,0.0,0.00026979484
1,1.0,0.99914974
1,1.0,0.9994268
1,1.0,0.99861926
1,1.0,0.999516
1,1.0,0.9982001
0,0.0,0.00032294414
1,1.0,0.9981695
0,0.0,0.00022480743
0,0.0,0.0020474116
1,1.0,0.9957025
0,0.0,0.00025953903
1,1.0,0.9982156
1,1.0,0.99844563
1,1.0,0.9985169
1,1.0,0.9984899
1,1.0,0.9982198
1,1.0,0.99840236
0,0.0,0.00031596818
1,1.0,0.99963605
1,1.0,0.9985591
1,1.0,0.998502
0,0.0,0.00026663952
1,1.0,0.99817806
1,1.0,0.9981882
0,0.0,0.0005356296
1,1.0,0.9994197
0,0.0,0.0002425964
1,1.0,0.9992542
0,0.0,0.00024747654
0,0.0,0.00039244004
1,1.0,0.9995334
1,1.0,0.99840045
1,1.0,0.99858373
0,0.0,0.0002595445
0,0.0,0.00064261176
1,1.0,0.9981779
1,1.0,0.9985399
1,1.0,0.99819326
1,1.0,0.99956936
1,1.0,0.99656403
0,0.0,0.0003924572
0,0.0,0.0003760764
1,1.0,0.99855566
0,0.0,0.00024828574
1,1.0,0.99432075
1,1.0,0.99885494
0,0.0,0.0002761063
1,1.0,0.99757314
1,1.0,0.9994257
0,0.0,0.00026410058
1,1.0,0.99794436
1,1.0,0.9967617
0,0.0,0.0002320773
1,1.0,0.99936277
1,1.0,0.9983687
0,0.0,0.00025200692
0,0.0,0.00026561975
1,1.0,0.9995001
0,0.0,0.0017754439
0,0.0,0.0010292256
0,0.0,0.00026584294
1,1.0,0.9985211
1,1.0,0.99941033
1,1.0,0.9991835
1,1.0,0.99824005
0,0.0,0.00064259797
1,1.0,0.9990298
0,0.0,0.0003761942
1,1.0,0.99840695
1,1.0,0.9992924
0,0.0,0.00026704732
0,0.0,0.0003433571
1,1.0,0.9981396
0,0.0,0.00026286964
1,1.0,0.99890476
0,0.0,0.0002636191
1,1.0,0.99874735
1,1.0,0.9979259
0,0.0,0.00027188542
1,1.0,0.99821067
1,1.0,0.99853855
0,0.0,0.0002920489
1,1.0,0.9988383
0,0.0,0.00037503958
0,0.0,0.00038767105
0,0.0,0.000392536
1,1.0,0.99845994
0,0.0,0.00024341638
0,0.0,0.0008741282
1,1.0,0.99976885
0,0.0,0.0002491413
0,0.0,0.0002483321
0,0.0,0.0003691706
1,1.0,0.9965801
0,0.0,0.00027649934
1,1.0,0.9975865
0,0.0,0.00017658832
0,0.0,0.00023167934
0,0.0,0.0036775323
1,1.0,0.999516
1,1.0,0.99882704
1,1.0,0.99840236
0,0.0,0.0002485079
0,0.0,0.00021490925
1,1.0,0.9991092
0,0.0,0.000363544
1,1.0,0.99839234
1,1.0,0.998156
1,1.0,0.99947655
1,1.0,0.9981388
0,0.0,0.005044194
0,0.0,0.00061353185
0,0.0,0.00017647284
0,0.0,0.0004778707
1,1.0,0.9988316
0,0.0,0.00024793658
1,1.0,0.99817
1,1.0,0.9985072
1,1.0,0.9981444
1,1.0,0.9990948
1,1.0,0.99846756
0,0.0,0.00024974108
1,1.0,0.99849
1,1.0,0.9996655
1,1.0,0.99821985
1,1.0,0.9995249
1,1.0,0.99976945
1,1.0,0.99939024
0,0.0,0.0002478945
1,1.0,0.99846107
1,1.0,0.9981779
1,1.0,0.99814856
1,1.0,0.99917805
1,1.0,0.99850214
0,0.0,0.00024836385
1,1.0,0.9986332
1,1.0,0.9982588
1,1.0,0.99817044
1,1.0,0.999322
0,0.0,0.00025411375
1,1.0,0.99840724
0,0.0,0.0003166633
0,0.0,0.0008756069
1,1.0,0.996642
1,1.0,0.99820006
1,1.0,0.99839044
1,1.0,0.99863267
0,0.0,0.0002666362
1,1.0,0.9991646
0,0.0,0.00025165206
1,1.0,0.9962546
1,1.0,0.999082
1,1.0,0.9989168
0,0.0,0.00077009393
0,0.0,0.00026390175
1,1.0,0.9984009
0,0.0,0.0006004703
1,1.0,0.997614
0,0.0,0.0002677298
0,0.0,0.00027645897
0,0.0,0.00087725173
1,1.0,0.9985144
1,1.0,0.9981933
1,1.0,0.99852693
0,0.0,0.00026583814
0,0.0,0.0017231205
1,1.0,0.99952614
1,1.0,0.9981649
0,0.0,0.00025265146
0,0.0,0.0017543145
0,0.0,0.00023425683
0,0.0,0.00025954796
1,1.0,0.9981482
1,1.0,0.99814534
0,0.0,0.0002657925
1,1.0,0.99842453
1,1.0,0.9985887
0,0.0,0.00025331523
0,0.0,0.00036045484
1,1.0,0.999673
1,1.0,0.9985838
0,0.0,0.00026587793
1,1.0,0.9986111
0,0.0,0.00017660027
1,1.0,0.99955
0,0.0,0.00026767363
1,1.0,0.99663025
1,1.0,0.99823684
1,1.0,0.9985624
0,0.0,0.00042508432
0,0.0,0.00037805235
0,0.0,0.00026720422
1,1.0,0.9981472
1,1.0,0.9995309
1,1.0,0.9977904
1,1.0,0.99922764
1,1.0,0.99897736
1,1.0,0.9995029
1,1.0,0.9985837
0,0.0,0.00022731608
1,1.0,0.99915135
1,1.0,0.99850464
1,1.0,0.99908036
0,0.0,0.0004302994
0,0.0,0.00023184487
1,1.0,0.99875546
1,1.0,0.9975995
0,0.0,0.00022418327
1,1.0,0.9982956
0,0.0,0.0002672075
1,1.0,0.9994276
1,1.0,0.9984957
0,0.0,0.00026976832
1,1.0,0.9990907
1,1.0,0.9993638
1,1.0,0.99585754
1,1.0,0.99941355
0,0.0,0.0002610633
0,0.0,0.0006138924
0,0.0,0.00032319085
0,0.0,0.00022712369
1,1.0,0.99801487
0,0.0,0.00023168797
1,1.0,0.9993673
0,0.0,0.00027588735
1,1.0,0.9993736
0,0.0,0.00064390193
0,0.0,0.00026365602
0,0.0,0.0041879592
1,1.0,0.99851817
0,0.0,0.00026873252
1,1.0,0.9993893
1,1.0,0.9994381
0,0.0,0.00026772954
1,1.0,0.9985556
1,1.0,0.9968062
1,1.0,0.9997275
0,0.0,0.00026792052
0,0.0,0.00022096695
1,1.0,0.99771017
1,1.0,0.9981916
1,1.0,0.9985868
1,1.0,0.9987126
1,1.0,0.99824053
0,0.0,0.00022432888
1,1.0,0.998927
1,1.0,0.99853265
1,1.0,0.9981314
0,0.0,0.00084763387
0,0.0,0.00026771933
1,1.0,0.99858505
1,1.0,0.9965929
1,1.0,0.99876374
1,1.0,0.9993263
1,1.0,0.9969918
0,0.0,0.00024911895
0,0.0,0.00025954202
0,0.0,0.00022903235
0,0.0,0.00024323077
1,1.0,0.9991083
0,0.0,0.00026872868
1,1.0,0.9995587
0,0.0,0.0002541329
0,0.0,0.00037626113
1,1.0,0.99954116
1,1.0,0.99954987
1,1.0,0.998178
0,0.0,0.0024589861
1,1.0,0.99960554
1,1.0,0.99938935
1,1.0,0.9984446
0,0.0,0.00025917453
0,0.0,0.00037797252
1,1.0,0.99942386
1,1.0,0.9983935
1,1.0,0.9993374
0,0.0,0.0010625684
0,0.0,0.0005463962
0,0.0,0.0003443717
0,0.0,0.0002534394
0,0.0,0.00032282103
0,0.0,0.00022541484
0,0.0,0.00025918294
1,1.0,0.9984526
0,0.0,0.00037807703
1,1.0,0.9984072
1,1.0,0.99936515
0,0.0,0.00024793233
1,1.0,0.99941766
1,1.0,0.99929106
1,1.0,0.9995285
0,0.0,0.0008735919
0,0.0,0.0006442773
1,1.0,0.9994161
0,0.0,0.00025995658
1,1.0,0.9996543
0,0.0,0.00037505673
0,0.0,0.00026767008
0,0.0,0.00032223001
0,0.0,0.00026390803
0,0.0,0.0045347256
1,1.0,0.98134685
1,1.0,0.9981446
1,1.0,0.9998042
1,1.0,0.9984025
1,1.0,0.9985783
1,1.0,0.9985732
1,1.0,0.9980976
1,1.0,0.9987153
0,0.0,0.00026869972
0,0.0,0.00023271279
1,1.0,0.9985663
1,1.0,0.99974924
1,1.0,0.9986137
1,1.0,0.99800885
1,1.0,0.9985441
1,1.0,0.9985615
1,1.0,0.9994282
1,1.0,0.9992513
1,1.0,0.99842286
0,0.0,0.00026195945
0,0.0,0.0026466215
1,1.0,0.9993787
0,0.0,0.0001765831
1,1.0,0.9987529
1,1.0,0.999074
0,0.0,0.00064463756
1,1.0,0.99830925
0,0.0,0.0003556083
0,0.0,0.0002591859
0,0.0,0.00037556334
1,1.0,0.99846745
1,1.0,0.99814
0,0.0,0.00045610868
1,1.0,0.9994319
1,1.0,0.99885374
1,1.0,0.99817795
1,1.0,0.99858975
1,1.0,0.9991726
1,1.0,0.99952084
0,0.0,0.00035554706
1,1.0,0.99821997
1,1.0,0.9997379
0,0.0,0.00026968165
1,1.0,0.9985095
0,0.0,0.00042505635
1,1.0,0.9967465
1,1.0,0.9992747
0,0.0,0.0011976594
0,0.0,0.00025432487
0,0.0,0.00022836229
1,1.0,0.99816966
0,0.0,0.00026979327
0,0.0,0.00022327049
0,0.0,0.00028115802
0,0.0,0.00026772442
0,0.0,0.00023573045
0,0.0,0.00046870054
1,1.0,0.99811333
0,0.0,0.0002629491
0,0.0,0.00037624425
1,1.0,0.99840206
1,1.0,0.9986508
1,1.0,0.99821544
0,0.0,0.00036016168
0,0.0,0.00025995608
0,0.0,0.0004156524
1,1.0,0.99949354
0,0.0,0.00031598564
0,0.0,0.00025887994
1,1.0,0.99941874
0,0.0,0.000263903
1,1.0,0.9994317
1,1.0,0.99930215
1,1.0,0.9984058
0,0.0,0.00025862755
1,1.0,0.9983736
1,1.0,0.9981139
0,0.0,0.00022480315
1,1.0,0.99913186
0,0.0,0.00025412854
0,0.0,0.000263009
0,0.0,0.00024329619
1,1.0,0.99839044
1,1.0,0.9986332
1,1.0,0.99907845
1,1.0,0.9947025
1,1.0,0.9985094
1,1.0,0.99824077
0,0.0,0.0018564697
0,0.0,0.00025333068
0,0.0,0.00027631014
0,0.0,0.0005667576
0,0.0,0.00027633275
0,0.0,0.00023346707
1,1.0,0.99597055
0,0.0,0.00023296586
1,1.0,0.9995296
0,0.0,0.00022846833
0,0.0,0.00037511752
0,0.0,0.00022785856
0,0.0,0.00046625815
0,0.0,0.00026755294
0,0.0,0.00056634366
1,1.0,0.999531
1,1.0,0.99854136
1,1.0,0.99923503
0,0.0,0.00021865944
0,0.0,0.0032122477
0,0.0,0.0018586577
1,1.0,0.9993017
0,0.0,0.00025946554
1,1.0,0.99946004
1,1.0,0.99840736
1,1.0,0.9995001
1,1.0,0.9993509
1,1.0,0.9982578
1,1.0,0.9981152
0,0.0,0.0002393489
1,1.0,0.99972844
1,1.0,0.99938864
1,1.0,0.9993614
0,0.0,0.00024735363
0,0.0,0.0003735345
1,1.0,0.9997258
1,1.0,0.9981134
1,1.0,0.9994572
0,0.0,0.00036068202
1,1.0,0.999916
1,1.0,0.9993895
1,1.0,0.9991905
0,0.0,0.00030932706
1,1.0,0.99858856
0,0.0,0.00056196994
1,1.0,0.9962435
0,0.0,0.00025946432
1,1.0,0.9975429
1,1.0,0.9985783
0,0.0,0.0002527425
1,1.0,0.9975604
1,1.0,0.9984585
1,1.0,0.999364
0,0.0,0.00023236292
0,0.0,0.00024641605
1,1.0,0.9980571
1,1.0,0.99956346
0,0.0,0.00039245238
0,0.0,0.0041863527
1,1.0,0.99865127
1,1.0,0.9984039
1,1.0,0.9982199
1,1.0,0.9981779
1,1.0,0.9994985
1,1.0,0.99942744
1,1.0,0.9993785
1,1.0,0.9994165
0,0.0,0.00017663802
1,1.0,0.9994253
0,0.0,0.00026559999
0,0.0,0.00032274562
1,1.0,0.9985383
1,1.0,0.9989006
1,1.0,0.998457
1,1.0,0.996323
0,0.0,0.00023346372
1,1.0,0.99941915
1,1.0,0.9990781
0,0.0,0.00392591
1,1.0,0.99813986
1,1.0,0.9984674
0,0.0,0.0002525255
1,1.0,0.998666
0,0.0,0.00026978683
0,0.0,0.00039254798
0,0.0,0.00026586928
0,0.0,0.00023223733
1,1.0,0.999613
1,1.0,0.99817395
0,0.0,0.00027486947
1,1.0,0.99845785
0,0.0,0.00086884934
0,0.0,0.00032341832
1,1.0,0.9981951
0,0.0,0.00024034685
0,0.0,0.00031025213
1,1.0,0.99824077
1,1.0,0.9981293
0,0.0,0.00034357223
1,1.0,0.99821377
1,1.0,0.99809754
0,0.0,0.00042512725
1,1.0,0.99956566
1,1.0,0.9983961
1,1.0,0.9993353
0,0.0,0.00027382947
0,0.0,0.00026773257
0,0.0,0.00031140517
1,1.0,0.9995149
1,1.0,0.99819344
0,0.0,0.001326215
1,1.0,0.9992006
1,1.0,0.9986139
0,0.0,0.0002591869
1,1.0,0.99910843
0,0.0,0.00026681216
0,0.0,0.00024905248
1,1.0,0.99956894
1,1.0,0.99858165
0,0.0,0.00026612013
1,1.0,0.99976265
0,0.0,0.00025412466
0,0.0,0.0018557789
0,0.0,0.00034359813
1,1.0,0.9982
0,0.0,0.00025061195
0,0.0,0.00025954202
1,1.0,0.999606
1,1.0,0.9988329
0,0.0,0.00036155563
0,0.0,0.0003856136
0,0.0,0.002937244
0,0.0,0.0005148039
0,0.0,0.00036957065
0,0.0,0.00025534094
0,0.0,0.0013980564
1,1.0,0.9995023
0,0.0,0.0002700604
0,0.0,0.00025863198
0,0.0,0.0010338121
1,1.0,0.9996904
1,1.0,0.99858195
0,0.0,0.0001765114
1,1.0,0.99892986
0,0.0,0.00037509963
0,0.0,0.00024803542
1,1.0,0.99856186
0,0.0,0.00036639548
0,0.0,0.00026519186
1,1.0,0.99953455
0,0.0,0.00025139283
0,0.0,0.0037771177
0,0.0,0.00034986794
0,0.0,0.00026685186
1,1.0,0.9982137
0,0.0,0.00043006853
1,1.0,0.9995145
0,0.0,0.00024726184
1,1.0,0.99817795
0,0.0,0.00026160452
1,1.0,0.99855316
0,0.0,0.00026389997
1,1.0,0.99755734
1,1.0,0.9984581
1,1.0,0.9995822
0,0.0,0.0041451743
0,0.0,0.00025408418
1,1.0,0.9982579
1,1.0,0.9994904
1,1.0,0.99688894
1,1.0,0.99884254
1,1.0,0.9982152
0,0.0,0.00036388257
0,0.0,0.0002541237
1,1.0,0.9989829
0,0.0,0.00025471702
0,0.0,0.0003879864
0,0.0,0.0002605377
0,0.0,0.000306858
1,1.0,0.9981516
1,1.0,0.9985385
0,0.0,0.00036191204
0,0.0,0.0002677188
1,1.0,0.9980913
0,0.0,0.00039240427
0,0.0,0.00035557183
1,1.0,0.9994326
1,1.0,0.9981891
0,0.0,0.0019703931
1,1.0,0.9994534
1,1.0,0.9981938
0,0.0,0.00025164706
1,1.0,0.99855554
1,1.0,0.9994854
0,0.0,0.004529923
0,0.0,0.0002865321
0,0.0,0.00024838565
1,1.0,0.9986612
0,0.0,0.00026561975
1,1.0,0.99854416
0,0.0,0.0002541278
0,0.0,0.0002677012
0,0.0,0.00087125023
1,1.0,0.9985383
1,1.0,0.99815625
1,1.0,0.9993573
1,1.0,0.9986649
1,1.0,0.99951655
1,1.0,0.99815613
1,1.0,0.9975206
1,1.0,0.99948704
0,0.0,0.00028671487
1,1.0,0.9962321
0,0.0,0.00026586803
1,1.0,0.99888223
1,1.0,0.9976107
0,0.0,0.0012163359
0,0.0,0.00027275985
1,1.0,0.9985618
1,1.0,0.9994315
0,0.0,0.00024834016
0,0.0,0.00026771933
0,0.0,0.00039203206
1,1.0,0.9989982
0,0.0,0.00025452935
1,1.0,0.99758774
0,0.0,6.5755754e-05
0,0.0,0.0004260163
1,1.0,0.9997289
0,0.0,0.0013912413
1,1.0,0.9996222
1,1.0,0.9989597
1,1.0,0.9966316
1,1.0,0.998507
1,1.0,0.99953693
1,1.0,0.99819493
1,1.0,0.9995048
1,1.0,0.99821365
0,0.0,0.0020801777
1,1.0,0.9996065
1,1.0,0.9985385
1,1.0,0.9984056
0,0.0,0.00032306858
1,1.0,0.99931544
1,1.0,0.9989952
0,0.0,0.00023341455
1,1.0,0.99819994
1,1.0,0.9981916
1,1.0,0.99923384
1,1.0,0.9991088
1,1.0,0.99844146
0,0.0,0.0013392633
0,0.0,0.0003392321
0,0.0,0.00023219484
1,1.0,0.99761057
1,1.0,0.99950486
0,0.0,0.00071834883
0,0.0,0.00026584067
1,1.0,0.99840707
0,0.0,0.00026057198
0,0.0,0.00041565797
0,0.0,0.00025765685
1,1.0,0.9970715
1,1.0,0.9993022
0,0.0,0.00026362008
0,0.0,0.00021903045
0,0.0,0.00025776913
1,1.0,0.99950725
1,1.0,0.99933803
1,1.0,0.99858385
1,1.0,0.99841607
1,1.0,0.9985625
0,0.0,0.005284637
1,1.0,0.99822
0,0.0,0.0010075853
0,0.0,0.0012447834
1,1.0,0.99803984
0,0.0,0.00026706923
0,0.0,0.0013474394
1,1.0,0.99944234
1,1.0,0.9996568
1,1.0,0.99926525
0,0.0,0.0012316791
0,0.0,0.000254265
1,1.0,0.9976392
0,0.0,0.00025151606
0,0.0,0.00025597276
1,1.0,0.9994402
1,1.0,0.9981133
0,0.0,0.00025889106
0,0.0,0.00027201686
0,0.0,0.00026585258
0,0.0,0.0005307518
0,0.0,0.00037353538
1,1.0,0.99672365
1,1.0,0.99825925
0,0.0,0.001857067
0,0.0,0.00026859803
1,1.0,0.99926764
0,0.0,0.000254146
0,0.0,0.0002919384
1,1.0,0.9994199
0,0.0,0.0002514379
0,0.0,0.00026558986
0,0.0,0.00036071092
1,1.0,0.9981694
1,1.0,0.9981779
1,1.0,0.9985783
1,1.0,0.9996642
0,0.0,0.00043060363
0,0.0,0.00026872125
0,0.0,0.0002613373
1,1.0,0.9994131
0,0.0,0.00037504657
0,0.0,0.00025994147
0,0.0,0.0002954708
1,1.0,0.999213
1,1.0,0.99840736
0,0.0,0.00024311438
1,1.0,0.998507
1,1.0,0.9984627
0,0.0,0.00051961356
1,1.0,0.9994049
1,1.0,0.9983888
1,1.0,0.9985783
0,0.0,0.00025166236
1,1.0,0.99973464
1,1.0,0.99817395
1,1.0,0.998565
1,1.0,0.99941474
0,0.0,0.00027171487
0,0.0,0.0008727138
1,1.0,0.99816483
1,1.0,0.9987271
1,1.0,0.99950916
0,0.0,0.0002638967
1,1.0,0.99820024
0,0.0,0.00026873202
1,1.0,0.99856764
0,0.0,0.00032289364
1,1.0,0.9994583
0,0.0,0.000268669
0,0.0,0.00036067
0,0.0,0.0010243405
0,0.0,0.00023305543
1,1.0,0.9994605
1,1.0,0.99952996
1,1.0,0.9985872
0,0.0,0.00026772777
0,0.0,0.0002588703
0,0.0,0.0004754195
1,1.0,0.9994663
1,1.0,0.99608773
1,1.0,0.9994212
0,0.0,0.00026579126
0,0.0,0.00025148058
0,0.0,0.00026841756
0,0.0,0.00025852895
1,1.0,0.99805343
0,0.0,0.00025383502
1,1.0,0.9994056
0,0.0,0.00025411448
0,0.0,0.00023417869
1,1.0,0.99854904
1,1.0,0.99800634
1,1.0,0.9984611
1,1.0,0.99937606
1,1.0,0.9982135
1,1.0,0.999425
1,1.0,0.99659103
1,1.0,0.9981447
0,0.0,0.00017679909
1,1.0,0.9965611
1,1.0,0.99923426
0,0.0,0.00026595578
0,0.0,0.00025917677
0,0.0,0.00025147988
1,1.0,0.9985732
0,0.0,0.00026771805
0,0.0,0.0005604489
1,1.0,0.998633
1,1.0,0.99915606
0,0.0,0.00022126234
1,1.0,0.9992819
1,1.0,0.99951667
1,1.0,0.9980123
1,1.0,0.99942625
0,0.0,0.00031031898
0,0.0,0.0009513634
1,1.0,0.9994167
1,1.0,0.9986328
1,1.0,0.9994021
0,0.0,0.00026620892
0,0.0,0.00025164706
0,0.0,0.00025918047
0,0.0,0.00026683178
1,1.0,0.99941057
1,1.0,0.99820006
1,1.0,0.99858433
1,1.0,0.9984025
0,0.0,0.00029623715
1,1.0,0.9982572
1,1.0,0.99951017
1,1.0,0.99815595
0,0.0,0.00025253152
0,0.0,0.00025995015
1,1.0,0.9975883
1,1.0,0.99936295
1,1.0,0.99778384
0,0.0,0.00024728614
1,1.0,0.9981134
1,1.0,0.99845344
0,0.0,0.00032279853
1,1.0,0.9986136
1,1.0,0.99911654
1,1.0,0.9993235
0,0.0,0.00032097238
0,0.0,0.00014032816
1,1.0,0.99926156
1,1.0,0.99658155
0,0.0,0.00022538519
1,1.0,0.9993153
0,0.0,0.00026598974
0,0.0,0.00026394599
0,0.0,0.0002621983
0,0.0,0.00067135214
0,0.0,0.00027277443
1,1.0,0.9981472
1,1.0,0.99865043
0,0.0,0.00026781965
1,1.0,0.9984928
1,1.0,0.99930894
1,1.0,0.99910396
1,1.0,0.9994178
1,1.0,0.99857324
0,0.0,0.00024848062
1,1.0,0.99914503
0,0.0,0.00024746
1,1.0,0.99844235
1,1.0,0.99942523
0,0.0,0.0033769265
1,1.0,0.9994751
1,1.0,0.99907917
0,0.0,0.00032322784
0,0.0,0.00026800815
0,0.0,0.0033604966
0,0.0,0.0004250237
0,0.0,0.00073400437
1,1.0,0.9995077
1,1.0,0.99759835
1,1.0,0.999509
0,0.0,0.00047692712
0,0.0,0.00064475246
1,1.0,0.9985316
0,0.0,0.00056416413
0,0.0,0.00017672661
1,1.0,0.99903655
1,1.0,0.9982213
0,0.0,0.0003928555
1,1.0,0.9972014
0,0.0,0.0002963174
0,0.0,0.00024242532
1,1.0,0.9995243
1,1.0,0.9994374
1,1.0,0.99821544
0,0.0,0.0002599509
1,1.0,0.9991337
1,1.0,0.998551
1,1.0,0.99910873
1,1.0,0.9984214
0,0.0,0.0003094849
1,1.0,0.9994674
1,1.0,0.999511
1,1.0,0.99842286
0,0.0,0.00092395017
1,1.0,0.9981217
0,0.0,0.000259544
1,1.0,0.9985618
0,0.0,0.00035747484
0,0.0,0.0002662445
0,0.0,0.00025253897
0,0.0,0.0002017353
0,0.0,0.0002529496
1,1.0,0.9993153
1,1.0,0.99856895
1,1.0,0.9983942
1,1.0,0.9990002
1,1.0,0.9995289
0,0.0,0.0004302721
0,0.0,0.0002247682
1,1.0,0.99962246
0,0.0,0.00035534496
1,1.0,0.9992972
0,0.0,0.00023260918
1,1.0,0.99846435
1,1.0,0.9984403
0,0.0,0.0002589715
1,1.0,0.9986838
0,0.0,0.00022413024
0,0.0,0.00035553306
0,0.0,0.0002483269
0,0.0,0.00056431926
1,1.0,0.9995064
1,1.0,0.9982413
1,1.0,0.9980067
1,1.0,0.9984822
0,0.0,0.00034118883
1,1.0,0.9983567
0,0.0,0.001843598
0,0.0,0.00045212038
0,0.0,0.00026870868
1,1.0,0.9989482
1,1.0,0.999709
1,1.0,0.99925584
1,1.0,0.99892765
1,1.0,0.9989274
1,1.0,0.999703
1,1.0,0.999519
1,1.0,0.9997904
0,0.0,0.00019470153
0,0.0,0.00018442867
1,1.0,0.99984694
1,1.0,0.9998019
1,1.0,0.99920267
0,0.0,0.00023341943
0,0.0,0.00019531643
0,0.0,0.000113519585
1,1.0,0.99882925
0,0.0,0.00019043476
1,1.0,0.99907595
0,0.0,0.00013056671
1,1.0,0.99892443
0,0.0,0.0019699943
1,1.0,0.99951833
1,1.0,0.99882483
0,0.0,0.00019774873
1,1.0,0.9989244
1,1.0,0.99980265
0,0.0,0.00020091467
1,1.0,0.99946314
0,0.0,0.0010600423
1,1.0,0.9992182
1,1.0,0.99980277
1,1.0,0.9994319
1,1.0,0.9994512
1,1.0,0.9988469
1,1.0,0.9998066
1,1.0,0.99963564
1,1.0,0.9989685
1,1.0,0.9989339
1,1.0,0.99896556
1,1.0,0.999794
0,0.0,0.00011552342
1,1.0,0.99908686
0,0.0,0.00025150215
1,1.0,0.9989229
0,0.0,0.00023599424
0,0.0,0.00018626395
0,0.0,0.00025635227
1,1.0,0.9988293
1,1.0,0.99767387
1,1.0,0.99838185
1,1.0,0.9988383
0,0.0,0.0002090056
1,1.0,0.99881643
1,1.0,0.999498
1,1.0,0.998847
1,1.0,0.99978006
1,1.0,0.99882936
1,1.0,0.99892735
0,0.0,0.00019043802
0,0.0,0.00018953824
1,1.0,0.9989418
1,1.0,0.9990346
0,0.0,0.00019737048
1,1.0,0.9988219
1,1.0,0.999696
0,0.0,0.0001895341
0,0.0,0.00032646352
1,1.0,0.99884695
0,0.0,0.0027845176
0,0.0,0.00018790919
1,1.0,0.99901116
1,1.0,0.99981534
0,0.0,0.00020406631
1,1.0,0.9996042
1,1.0,0.9989517
0,0.0,0.00014586437
0,0.0,0.00046391028
1,1.0,0.9997095
0,0.0,0.00020693187
0,0.0,0.00018598871
0,0.0,0.00018505752
1,1.0,0.9991446
1,1.0,0.9996062
1,1.0,0.9999353
1,1.0,0.9974993
1,1.0,0.9991628
1,1.0,0.99772066
1,1.0,0.99914473
1,1.0,0.9990096
0,0.0,0.00028669002
0,0.0,0.0001817547
0,0.0,0.0006986357
0,0.0,0.00019696272
1,1.0,0.9992696
1,1.0,0.9998192
0,0.0,0.00014616874
0,0.0,0.00014176805
1,1.0,0.9996737
1,1.0,0.99984425
0,0.0,0.00011607066
1,1.0,0.9988411
1,1.0,0.99966985
1,1.0,0.99916255
1,1.0,0.9997978
1,1.0,0.9989657
0,0.0,0.0001188512
0,0.0,0.00013362932
1,1.0,0.999711
1,1.0,0.99974686
1,1.0,0.9995718
0,0.0,0.00018077351
0,0.0,0.00019027341
0,0.0,0.00020302781
0,0.0,0.00019811072
0,0.0,0.00019702697
0,0.0,0.0015921314
1,1.0,0.9997442
0,0.0,0.00055244385
0,0.0,0.00013451604
1,1.0,0.9990045
0,0.0,0.00020041529
1,1.0,0.99893194
0,0.0,0.00019608784
1,1.0,0.9990587
0,0.0,0.00018967675
0,0.0,0.00013002426
1,1.0,0.9995131
0,0.0,0.0014424525
0,0.0,0.00019480404
1,1.0,0.9989229
1,1.0,0.9996372
1,1.0,0.99977094
1,1.0,0.9997843
1,1.0,0.9989503
0,0.0,0.00020954355
1,1.0,0.9989276
1,1.0,0.9969901
0,0.0,0.00018953174
1,1.0,0.998818
1,1.0,0.99946433
1,1.0,0.99883825
1,1.0,0.9988291
1,1.0,0.9994378
0,0.0,0.00018952812
1,1.0,0.9988414
1,1.0,0.9988469
1,1.0,0.9990401
1,1.0,0.9983539
0,0.0,0.00022630616
0,0.0,0.00016080108
0,0.0,0.0006083849
0,0.0,0.00025242922
0,0.0,0.00018953627
1,1.0,0.998861
0,0.0,0.00019763621
1,1.0,0.9989752
1,1.0,0.9989805
1,1.0,0.99910915
1,1.0,0.9998578
0,0.0,0.00015959707
0,0.0,0.00020631994
0,0.0,0.00019468708
0,0.0,0.00013452489
1,1.0,0.9990832
0,0.0,0.0001970172
1,1.0,0.99970216
0,0.0,0.00019027159
0,0.0,0.0001902745
0,0.0,0.00020975505
0,0.0,0.0001960828
1,1.0,0.99884707
1,1.0,0.9989361
0,0.0,0.00012817333
0,0.0,0.00014181955
0,0.0,0.00021579133
1,1.0,0.99884105
1,1.0,0.9996615
1,1.0,0.9997475
0,0.0,0.0001686177
1,1.0,0.99898165
1,1.0,0.9996951
1,1.0,0.9996215
0,0.0,0.00011831905
1,1.0,0.9997757
1,1.0,0.99914944
1,1.0,0.9991626
0,0.0,0.00019474962
0,0.0,0.00018175886
0,0.0,0.0009143945
0,0.0,0.00037457456
1,1.0,0.9989365
0,0.0,0.00021082956
1,1.0,0.99971545
0,0.0,0.002421628
0,0.0,0.00021944266
0,0.0,0.00068026845
1,1.0,0.99915546
0,0.0,0.0065641464
0,0.0,0.00020080838
1,1.0,0.99757916
0,0.0,0.00025512875
1,1.0,0.9947075
0,0.0,0.00014175764
1,1.0,0.9990153
0,0.0,0.00050791923
1,1.0,0.9988589
1,1.0,0.99877125
0,0.0,0.0002090981
1,1.0,0.9992575
1,1.0,0.9995357
0,0.0,0.00065524067
0,0.0,0.00020914673
1,1.0,0.9994333
0,0.0,0.0002339872
1,1.0,0.9989279
1,1.0,0.9997572
1,1.0,0.99979234
0,0.0,0.00014916669
0,0.0,0.00011843813
0,0.0,0.0003006473
1,1.0,0.99882936
1,1.0,0.9988469
1,1.0,0.9977525
1,1.0,0.99918675
0,0.0,0.0006489207
0,0.0,0.00017091531
0,0.0,0.00019568141
1,1.0,0.99977946
0,0.0,0.00013003603
0,0.0,0.0013964855
1,1.0,0.99913144
0,0.0,0.00018967276
1,1.0,0.9989362
1,1.0,0.9994515
1,1.0,0.999655
1,1.0,0.99979514
0,0.0,0.00020689123
1,1.0,0.9997105
1,1.0,0.99684703
0,0.0,0.00018159342
1,1.0,0.99896604
1,1.0,0.9997141
0,0.0,0.00019479958
1,1.0,0.99969184
0,0.0,0.000649063
1,1.0,0.9997274
1,1.0,0.99897766
1,1.0,0.9989417
0,0.0,0.00019497555
0,0.0,0.0003006605
0,0.0,0.00020689714
0,0.0,0.00018800993
1,1.0,0.99979466
1,1.0,0.9977255
1,1.0,0.9995782
0,0.0,0.00024381308
1,1.0,0.9994833
0,0.0,0.0001308213
0,0.0,0.00020105993
0,0.0,0.00039628777
0,0.0,0.00025239718
1,1.0,0.9990606
1,1.0,0.99951553
0,0.0,0.00075266825
0,0.0,0.000922941
0,0.0,0.0001902598
0,0.0,0.00020243647
0,0.0,0.00023590472
0,0.0,0.0001264431
1,1.0,0.99908876
0,0.0,0.00020302548
1,1.0,0.9997782
0,0.0,0.0002523623
1,1.0,0.9997098
1,1.0,0.999224
1,1.0,0.99877137
1,1.0,0.99971426
0,0.0,0.00012856527
0,0.0,0.00218668
0,0.0,0.00012644853
0,0.0,0.00013848576
1,1.0,0.9996941
1,1.0,0.9986231
1,1.0,0.9994754
0,0.0,0.0006655917
0,0.0,0.0010004581
0,0.0,0.00059404894
1,1.0,0.9995144
1,1.0,0.99945647
1,1.0,0.9988733
1,1.0,0.9976717
0,0.0,0.00018442498
1,1.0,0.99884677
1,1.0,0.99880856
1,1.0,0.9997747
1,1.0,0.99898255
0,0.0,0.00020914832
0,0.0,0.0001996364
0,0.0,0.00019890527
0,0.0,0.00019229425
1,1.0,0.998846
1,1.0,0.99884677
0,0.0,0.0001956788
1,1.0,0.9989274
0,0.0,0.0001882074
0,0.0,0.00014879252
0,0.0,0.00011862837
1,1.0,0.99882007
0,0.0,0.0018784533
0,0.0,0.00019368685
0,0.0,0.00018826876
1,1.0,0.9997582
1,1.0,0.9992251
1,1.0,0.99882543
1,1.0,0.9998062
1,1.0,0.9989894
0,0.0,0.0001980992
1,1.0,0.9998411
0,0.0,0.00016763022
1,1.0,0.99709827
1,1.0,0.99898034
1,1.0,0.99943894
1,1.0,0.99982125
0,0.0,0.00069887715
1,1.0,0.99953663
0,0.0,0.00020689497
0,0.0,0.00019044183
0,0.0,0.00013421342
0,0.0,0.00017945113
1,1.0,0.99887925
0,0.0,0.00033005676
1,1.0,0.99882185
0,0.0,0.00025238658
0,0.0,0.00032431158
1,1.0,0.998841
1,1.0,0.99885726
1,1.0,0.99884564
1,1.0,0.9997545
0,0.0,0.00012152937
0,0.0,0.004644263
1,1.0,0.99972785
1,1.0,0.99840164
0,0.0,0.00013000479
1,1.0,0.9988319
1,1.0,0.99851125
0,0.0,0.00021771165
0,0.0,0.00020689753
0,0.0,0.00016376551
1,1.0,0.99882376
1,1.0,0.9996139
1,1.0,0.99905866
0,0.0,0.00019763998
1,1.0,0.9978214
0,0.0,0.00016969869
1,1.0,0.99897254
1,1.0,0.9997964
0,0.0,0.0001691188
1,1.0,0.99881494
1,1.0,0.99914974
1,1.0,0.9990588
0,0.0,0.00025401614
1,1.0,0.9997461
0,0.0,0.0013385047
0,0.0,0.00019761962
1,1.0,0.9983142
0,0.0,0.0001639988
0,0.0,0.00023258524
0,0.0,0.00019568067
1,1.0,0.99932706
0,0.0,0.00020307928
0,0.0,0.00020243533
1,1.0,0.9988936
0,0.0,0.00012531684
1,1.0,0.99914455
1,1.0,0.9989231
1,1.0,0.9988309
1,1.0,0.99702215
1,1.0,0.9998019
1,1.0,0.9996724
0,0.0,0.00012848474
1,1.0,0.99863887
0,0.0,0.0001775495
0,0.0,0.00018826159
1,1.0,0.999497
0,0.0,0.00019043639
0,0.0,0.0001636606
1,1.0,0.9997393
0,0.0,0.00020308606
1,1.0,0.999115
1,1.0,0.99964327
1,1.0,0.9997981
1,1.0,0.9994777
1,1.0,0.99927974
1,1.0,0.99755114
1,1.0,0.9976772
0,0.0,0.00020303902
1,1.0,0.9995503
1,1.0,0.9997406
0,0.0,0.00019702133
1,1.0,0.9996189
0,0.0,0.0007598223
0,0.0,0.00019758212
0,0.0,0.00011850242
1,1.0,0.99884135
1,1.0,0.99896985
1,1.0,0.9992714
1,1.0,0.99984884
1,1.0,0.99882704
1,1.0,0.99970055
1,1.0,0.9994404
0,0.0,0.00018504428
1,1.0,0.99975646
1,1.0,0.99922013
1,1.0,0.9977405
0,0.0,0.00013485408
0,0.0,0.00018486794
1,1.0,0.9996878
0,0.0,0.00013000306
0,0.0,0.00012806887
1,1.0,0.999632
0,0.0,0.0017917285
1,1.0,0.99884695
1,1.0,0.999483
1,1.0,0.99772376
0,0.0,0.00025882758
0,0.0,0.0013654102
1,1.0,0.9988416
0,0.0,0.00019686659
0,0.0,0.0007028963
0,0.0,0.00014883393
1,1.0,0.99892163
1,1.0,0.99882483
1,1.0,0.9989363
1,1.0,0.9993141
1,1.0,0.99914455
1,1.0,0.99884135
0,0.0,0.0002358107
1,1.0,0.9996224
1,1.0,0.99882936
0,0.0,0.00020691588
1,1.0,0.99698603
1,1.0,0.99979347
0,0.0,0.000120985125
1,1.0,0.9990797
1,1.0,0.998822
1,1.0,0.99938035
0,0.0,0.00013082803
0,0.0,0.00017456814
1,1.0,0.9988432
1,1.0,0.9989229
1,1.0,0.9997528
1,1.0,0.9997368
1,1.0,0.99979407
1,1.0,0.99896216
0,0.0,0.00019043911
0,0.0,0.0001849725
1,1.0,0.99971163
1,1.0,0.99702346
0,0.0,0.00023763483
0,0.0,0.0012057126
0,0.0,0.0001845678
0,0.0,0.00019194125
1,1.0,0.99884695
0,0.0,0.00018387625
1,1.0,0.9983431
0,0.0,0.00011667499
1,1.0,0.9988414
0,0.0,0.00023340521
1,1.0,0.99917877
1,1.0,0.99882543
1,1.0,0.9995693
1,1.0,0.9996305
1,1.0,0.9990635
0,0.0,0.00018626875
1,1.0,0.9989229
1,1.0,0.99963415
1,1.0,0.99881464
1,1.0,0.9987113
0,0.0,0.0005067337
1,1.0,0.9996765
0,0.0,0.00018499313
0,0.0,0.0001297096
1,1.0,0.99966973
1,1.0,0.99973625
0,0.0,0.0002139885
0,0.0,0.00020692199
1,1.0,0.9997714
1,1.0,0.99833256
0,0.0,0.0002373889
1,1.0,0.99882543
1,1.0,0.99895865
0,0.0,0.0002333242
0,0.0,0.00014790472
0,0.0,0.00025615047
0,0.0,0.0009980306
1,1.0,0.99938667
1,1.0,0.999554
0,0.0,0.00013699311
1,1.0,0.9988469
0,0.0,0.000430324
1,1.0,0.99779624
0,0.0,0.00025606964
1,1.0,0.9997425
0,0.0,0.00019479459
0,0.0,0.00014174412
0,0.0,0.00019027015
0,0.0,0.0001953114
0,0.0,0.0001281891
1,1.0,0.9994982
0,0.0,0.0001403327
0,0.0,0.0015681261
0,0.0,0.00027492788
0,0.0,0.00013002327
1,1.0,0.9991336
0,0.0,0.0001276989
1,1.0,0.99951464
1,1.0,0.99884677
0,0.0,0.00018825191
0,0.0,0.00013002029
1,1.0,0.9988384
1,1.0,0.9992019
1,1.0,0.99897003
1,1.0,0.9998827
0,0.0,0.00016400724
1,1.0,0.99969906
1,1.0,0.9990832
0,0.0,0.0001284453
1,1.0,0.9997207
1,1.0,0.999754
1,1.0,0.9976723
0,0.0,0.000395492
0,0.0,0.00019671275
1,1.0,0.99945945
1,1.0,0.9997752
0,0.0,0.0002760089
0,0.0,0.00019912462
1,1.0,0.9988164
1,1.0,0.9989696
1,1.0,0.9991446
0,0.0,0.00030759582
1,1.0,0.9988468
1,1.0,0.9996196
1,1.0,0.997557
1,1.0,0.998818
1,1.0,0.99856097
1,1.0,0.9990868
1,1.0,0.9988408
1,1.0,0.99951196
1,1.0,0.99901843
1,1.0,0.99979424
1,1.0,0.9995099
0,0.0,0.00018362378
1,1.0,0.9990854
0,0.0,0.0001981143
0,0.0,0.00015951859
1,1.0,0.9994576
1,1.0,0.999575
0,0.0,0.00011865666
0,0.0,0.00027512087
1,1.0,0.9989449
0,0.0,0.00019699728
0,0.0,0.00018746698
1,1.0,0.9997985
0,0.0,0.00019480682
1,1.0,0.9991446
1,1.0,0.9980338
1,1.0,0.99944925
0,0.0,0.00018953824
1,1.0,0.9988414
0,0.0,0.00020123352
1,1.0,0.9996855
1,1.0,0.9998623
0,0.0,0.0007286734
0,0.0,0.0013239762
1,1.0,0.99981546
0,0.0,0.00012839437
1,1.0,0.9991214
1,1.0,0.9993102
1,1.0,0.9988251
1,1.0,0.99969447
1,1.0,0.9998372
1,1.0,0.998827
1,1.0,0.9998772
0,0.0,0.00017472317
1,1.0,0.9990816
1,1.0,0.99987906
0,0.0,0.00011852684
1,1.0,0.9986375
1,1.0,0.9988409
1,1.0,0.9987713
0,0.0,0.00017117185
0,0.0,0.00020687346
0,0.0,0.00019044166
1,1.0,0.9988178
1,1.0,0.9998017
1,1.0,0.99958014
1,1.0,0.99883276
0,0.0,0.00013693301
1,1.0,0.99882203
1,1.0,0.9991625
1,1.0,0.9997181
1,1.0,0.99914944
0,0.0,0.00064936525
1,1.0,0.9996033
0,0.0,0.00013146331
1,1.0,0.99883145
1,1.0,0.9989906
1,1.0,0.9990817
1,1.0,0.99767727
0,0.0,0.0009333854
1,1.0,0.99881643
1,1.0,0.9997857
1,1.0,0.9984877
1,1.0,0.99958974
1,1.0,0.99971765
0,0.0,0.00019044039
0,0.0,0.00045041906
1,1.0,0.9989275
0,0.0,0.00042616602
1,1.0,0.9979357
1,1.0,0.99890697
0,0.0,0.00019475314
1,1.0,0.9996737
1,1.0,0.99980354
0,0.0,0.00016106686
0,0.0,0.00019810542
1,1.0,0.9990868
0,0.0,0.00018368437
1,1.0,0.998889
0,0.0,0.00018825692
0,0.0,0.00027504456
0,0.0,0.00012956001
0,0.0,0.00043079373
0,0.0,0.00019682775
0,0.0,0.00012611269
0,0.0,0.00011947366
1,1.0,0.9997081
1,1.0,0.99949765
1,1.0,0.99974334
1,1.0,0.9990319
0,0.0,0.00017536445
0,0.0,0.00019473086
0,0.0,0.0002106176
0,0.0,0.002928447
0,0.0,0.00019699465
1,1.0,0.9997985
0,0.0,0.00020689951
1,1.0,0.9994993
0,0.0,0.0001838724
0,0.0,0.00017321878
1,1.0,0.99978477
1,1.0,0.9996113
0,0.0,0.0002561605
1,1.0,0.9983441
1,1.0,0.99915564
0,0.0,0.00019497778
0,0.0,0.00019497146
0,0.0,0.00020144891
1,1.0,0.9996554
1,1.0,0.99945617
1,1.0,0.9989689
1,1.0,0.9996606
0,0.0,0.00035124586
1,1.0,0.9992405
1,1.0,0.9996859
0,0.0,0.00013003578
0,0.0,0.00018967675
0,0.0,0.00019764111
1,1.0,0.99974173
1,1.0,0.9997982
1,1.0,0.9990843
1,1.0,0.9988431
0,0.0,0.0001357361
0,0.0,0.00028486317
1,1.0,0.99980676
1,1.0,0.99884695
1,1.0,0.99892527
1,1.0,0.9996135
1,1.0,0.9983601
0,0.0,0.0001973624
0,0.0,0.0001895097
1,1.0,0.9993832
1,1.0,0.9997022
0,0.0,0.00019675944
1,1.0,0.9994612
1,1.0,0.99981815
0,0.0,0.00014185648
0,0.0,0.00019684632
0,0.0,0.00020332534
1,1.0,0.9979291
0,0.0,0.00019479031
0,0.0,0.00015699315
0,0.0,0.00014884627
0,0.0,0.00023581092
0,0.0,0.0006985275
0,0.0,0.0027548291
0,0.0,0.00015777576
1,1.0,0.99908096
0,0.0,0.00019562863
0,0.0,0.00011751499
1,1.0,0.9987646
1,1.0,0.9990636
0,0.0,0.0028654074
1,1.0,0.99947256
0,0.0,0.00020216432
0,0.0,0.00018828116
1,1.0,0.99977434
1,1.0,0.9961377
0,0.0,0.00014251335
1,1.0,0.99896175
1,1.0,0.9988477
1,1.0,0.9983786
1,1.0,0.998847
1,1.0,0.99964935
1,1.0,0.9983866
1,1.0,0.99900806
0,0.0,0.000654498
1,1.0,0.9992365
0,0.0,0.00019567824
1,1.0,0.99926627
0,0.0,0.00018799002
0,0.0,0.00018159568
1,1.0,0.99884623
0,0.0,0.00019025871
1,1.0,0.9991498
0,0.0,0.0001960912
1,1.0,0.9995655
1,1.0,0.9995438
1,1.0,0.99767673
0,0.0,0.00013002103
1,1.0,0.99914896
1,1.0,0.998936
0,0.0,0.0007296351
1,1.0,0.9997772
1,1.0,0.9992756
0,0.0,0.00013449784
1,1.0,0.9997099
1,1.0,0.9988179
0,0.0,0.00013002983
1,1.0,0.9984269
0,0.0,0.0001970187
1,1.0,0.99946207
1,1.0,0.99980223
0,0.0,0.00043707265
0,0.0,0.00018175817
0,0.0,0.00021467434
1,1.0,0.9988415
1,1.0,0.99964803
0,0.0,0.00019460855
1,1.0,0.99951434
1,1.0,0.99965787
1,1.0,0.9990176
1,1.0,0.99684435
0,0.0,0.00019044003
1,1.0,0.99977154
0,0.0,0.00020229988
0,0.0,0.0001319058
0,0.0,0.00013003976
1,1.0,0.99980193
1,1.0,0.99951446
0,0.0,0.00019474479
1,1.0,0.9998248
0,0.0,0.00021010092
0,0.0,0.0019970483
0,0.0,0.0019469721
0,0.0,0.00046682716
1,1.0,0.9997898
0,0.0,0.00017919861
0,0.0,0.00012799122
0,0.0,0.00033782385
0,0.0,0.00012685033
1,1.0,0.99943626
0,0.0,0.00017011684
0,0.0,0.00023118331
0,0.0,0.00019044166
0,0.0,0.00019431466
1,1.0,0.9990606
1,1.0,0.99906063
1,1.0,0.99883217
0,0.0,0.00018822534
0,0.0,0.0003006255
1,1.0,0.99974555
0,0.0,0.000447276
0,0.0,0.00013601338
1,1.0,0.9976704
0,0.0,0.00023422224
0,0.0,0.00019568346
0,0.0,0.0021394568
1,1.0,0.9989228
1,1.0,0.9988164
1,1.0,0.9997042
0,0.0,0.00018832138
0,0.0,0.0008167501
1,1.0,0.99875575
0,0.0,0.00012455332
1,1.0,0.9994624
0,0.0,0.00025884339
1,1.0,0.9997295
1,1.0,0.99754995
1,1.0,0.99970603
1,1.0,0.99943733
0,0.0,0.0001874634
0,0.0,0.00012098501
1,1.0,0.99972713
1,1.0,0.9986534
1,1.0,0.99908113
1,1.0,0.9998011
0,0.0,0.00016108161
1,1.0,0.99974316
1,1.0,0.9986375
0,0.0,0.00030059632
0,0.0,0.00025633103
0,0.0,0.00075087126
1,1.0,0.9988738
1,1.0,0.999567
1,1.0,0.99957913
1,1.0,0.9997042
1,1.0,0.9994107
1,1.0,0.99966073
1,1.0,0.99774426
0,0.0,0.00019856135
1,1.0,0.9991447
1,1.0,0.9995155
1,1.0,0.9995067
0,0.0,0.00013391225
0,0.0,0.00064895075
0,0.0,0.00011664173
1,1.0,0.99905914
1,1.0,0.9998022
1,1.0,0.9997467
1,1.0,0.99948907
0,0.0,7.203089e-05
1,1.0,0.9997147
0,0.0,0.0001902736
0,0.0,0.00014880685
1,1.0,0.9994371
0,0.0,0.00016917945
1,1.0,0.99904853
1,1.0,0.999081
1,1.0,0.9988395
1,1.0,0.9994663
0,0.0,6.223516e-05
0,0.0,0.00012725133
1,1.0,0.9957039
0,0.0,0.00014620218
0,0.0,0.00019585203
1,1.0,0.9990206
0,0.0,0.00022145058
0,0.0,0.00019478901
0,0.0,0.0001953086
0,0.0,0.00032693104
0,0.0,0.00043083375
0,0.0,0.00023215741
0,0.0,0.00024031822
1,1.0,0.998847
1,1.0,0.99978244
1,1.0,0.9998007
0,0.0,0.00094116223
1,1.0,0.99894744
0,0.0,0.00059347734
0,0.0,0.00043069437
0,0.0,0.00014619452
0,0.0,0.00016797967
0,0.0,0.00018363674
0,0.0,0.00012786643
0,0.0,0.00012813654
0,0.0,0.00025237698
0,0.0,0.004575371
1,1.0,0.99907947
0,0.0,0.00017091792
0,0.0,0.00020508254
1,1.0,0.9996737
0,0.0,0.0035756445
0,0.0,0.0002565171
1,1.0,0.9983538
0,0.0,0.00019472788
0,0.0,0.000338441
1,1.0,0.9997367
0,0.0,0.0004916523
1,1.0,0.998081
0,0.0,0.00012855521
1,1.0,0.9991095
0,0.0,0.00018825551
1,1.0,0.99883133
1,1.0,0.9986388
1,1.0,0.9996284
0,0.0,0.00019881445
1,1.0,0.99970704
1,1.0,0.99973714
1,1.0,0.99931234
0,0.0,0.00018603003
1,1.0,0.9988469
0,0.0,0.00030069577
1,1.0,0.9986486
1,1.0,0.9998018
0,0.0,0.0001410199
1,1.0,0.9997432
0,0.0,0.00018953536
1,1.0,0.999081
1,1.0,0.99896467
0,0.0,0.00018790578
0,0.0,0.00019870132
1,1.0,0.9997318
1,1.0,0.9992495
1,1.0,0.9989691
1,1.0,0.9994642
1,1.0,0.9987962
1,1.0,0.99978215
1,1.0,0.9989124
1,1.0,0.998966
0,0.0,0.00020239307
1,1.0,0.99906063
1,1.0,0.9977582
0,0.0,0.0003700695
1,1.0,0.9996924
1,1.0,0.99884313
1,1.0,0.9990891
1,1.0,0.9998293
1,1.0,0.9988415
1,1.0,0.99893653
1,1.0,0.9980577
0,0.0,0.00018576733
0,0.0,0.00020857718
0,0.0,0.00021291373
0,0.0,0.00018442622
1,1.0,0.9988431
0,0.0,0.00018967963
1,1.0,0.9972629
1,1.0,0.99892735
1,1.0,0.99748063
0,0.0,0.00018442357
0,0.0,0.0001815981
0,0.0,0.00018262137
1,1.0,0.9992867
0,0.0,0.0002010099
1,1.0,0.9998068
1,1.0,0.9996959
1,1.0,0.9994921
0,0.0,0.00019294365
1,1.0,0.99969906
0,0.0,0.00014014643
0,0.0,0.00019835908
1,1.0,0.9988453
0,0.0,0.00017103921
1,1.0,0.99959195
0,0.0,0.0001849725
0,0.0,0.00018176233
1,1.0,0.9988219
0,0.0,0.00019699596
0,0.0,0.00023340632
0,0.0,0.00018447897
1,1.0,0.99884677
0,0.0,0.00025627093
1,1.0,0.9991369
1,1.0,0.9990747
0,0.0,0.00019811638
1,1.0,0.99945843
0,0.0,0.0001594804
0,0.0,0.00018746413
1,1.0,0.99966455
1,1.0,0.99928755
0,0.0,0.00019762038
0,0.0,0.00020125364
0,0.0,0.0003303382
0,0.0,0.00018825602
1,1.0,0.99976945
0,0.0,0.00025402222
0,0.0,0.00057761476
0,0.0,0.00043127945
1,1.0,0.99882084
0,0.0,0.0009496364
0,0.0,0.00019044365
0,0.0,0.00012801148
1,1.0,0.99882
1,1.0,0.998974
0,0.0,0.0006650717
1,1.0,0.9992925
1,1.0,0.9989785
1,1.0,0.9996779
1,1.0,0.99979275
1,1.0,0.99884105
1,1.0,0.9996079
1,1.0,0.997712
0,0.0,0.00015996516
1,1.0,0.9997168
1,1.0,0.99976546
1,1.0,0.9992895
0,0.0,0.00021030272
0,0.0,0.00011666297
0,0.0,0.00018406958
0,0.0,0.0027099112
0,0.0,0.00025234764
1,1.0,0.9972741
1,1.0,0.9991626
0,0.0,0.00032476764
0,0.0,0.0002022885
0,0.0,0.0016774395
1,1.0,0.9998022
1,1.0,0.9987627
1,1.0,0.99960005
0,0.0,0.0006991469
0,0.0,0.00040308037
1,1.0,0.9985913
0,0.0,0.00064901414
1,1.0,0.9989726
1,1.0,0.999757
1,1.0,0.9998612
1,1.0,0.99975425
1,1.0,0.9989873
0,0.0,0.00064929505
1,1.0,0.9990136
0,0.0,0.0002339716
1,1.0,0.99979395
0,0.0,0.00020239191
0,0.0,0.00021566032
1,1.0,0.998863
0,0.0,0.00018954475
0,0.0,0.00020315984
1,1.0,0.9992373
1,1.0,0.99877125
1,1.0,0.9997568
0,0.0,0.00012133959
0,0.0,0.0001635397
0,0.0,0.00015146943
0,0.0,0.00011673076
1,1.0,0.9995155
1,1.0,0.9990548
0,0.0,0.00017317188
0,0.0,0.00019693062
1,1.0,0.998357
1,1.0,0.9997731
1,1.0,0.99918514
1,1.0,0.9998153
1,1.0,0.99980277
0,0.0,0.0001417502
1,1.0,0.9990815
1,1.0,0.99971104
1,1.0,0.9984483
0,0.0,0.00015400613
1,1.0,0.99946123
0,0.0,0.0003006189
0,0.0,0.00011867792
0,0.0,0.00019531364
0,0.0,0.0006983392
0,0.0,0.00016859312
1,1.0,0.9996951
1,1.0,0.999317
0,0.0,0.0007566272
1,1.0,0.9983662
1,1.0,0.99983466
1,1.0,0.9991941
1,1.0,0.99884695
0,0.0,0.00012095398
1,1.0,0.9989656
1,1.0,0.9975458
1,1.0,0.9996405
0,0.0,0.00018574698
0,0.0,0.00012806032
1,1.0,0.998344
0,0.0,0.0001401114
0,0.0,0.00017446995
0,0.0,0.000121376164
0,0.0,0.000121579564
0,0.0,0.0003741243
1,1.0,0.9997491
0,0.0,0.00064921606
0,0.0,0.0013898971
0,0.0,0.00023591012
1,1.0,0.99971014
0,0.0,0.00027495335
1,1.0,0.998585
1,1.0,0.9986831
0,0.0,0.00018803483
0,0.0,0.0001410394
1,1.0,0.9975405
1,1.0,0.9974285
1,1.0,0.9988309
1,1.0,0.99931186
1,1.0,0.9976204
0,0.0,0.00013601144
0,0.0,0.00019672567
1,1.0,0.99978465
0,0.0,0.00020480098
0,0.0,0.00018763618
1,1.0,0.998863
0,0.0,0.00018161126
1,1.0,0.9997939
0,0.0,0.0009741436
1,1.0,0.9976163
0,0.0,0.00013566132
1,1.0,0.9988478
0,0.0,0.00018771525
0,0.0,0.000116733536
1,1.0,0.99974054
1,1.0,0.9989365
0,0.0,0.00019567805
0,0.0,0.00021190313
1,1.0,0.999081
1,1.0,0.9988663
0,0.0,0.001959036
1,1.0,0.999803
0,0.0,0.00013391556
1,1.0,0.9995144
0,0.0,0.00017788402
0,0.0,0.00019115425
0,0.0,0.0008878366
0,0.0,0.00019532014
1,1.0,0.99975467
0,0.0,0.00012475837
1,1.0,0.99882704
0,0.0,0.0001487857
1,1.0,0.9983333
1,1.0,0.998073
1,1.0,0.997452
1,1.0,0.998818
0,0.0,0.00014760521
1,1.0,0.9997245
0,0.0,0.00019489472
1,1.0,0.9997135
1,1.0,0.9991137
1,1.0,0.9995767
0,0.0,0.0013671624
0,0.0,0.00016848558
1,1.0,0.9988273
0,0.0,0.00026150676
1,1.0,0.99968374
0,0.0,0.00020689557
0,0.0,0.0002048326
0,0.0,0.0010449148
1,1.0,0.9990838
1,1.0,0.9996225
1,1.0,0.99970704
0,0.0,0.00020690857
0,0.0,0.00020688727
1,1.0,0.9969872
1,1.0,0.99882483
1,1.0,0.99981827
1,1.0,0.998829
0,0.0,0.00023399212
0,0.0,0.0001402713
1,1.0,0.9990636
1,1.0,0.99881643
1,1.0,0.9998063
1,1.0,0.99884087
0,0.0,0.00088498025
1,1.0,0.9997325
1,1.0,0.99884146
1,1.0,0.99881643
0,0.0,0.000118854376
1,1.0,0.9977344
1,1.0,0.9995959
0,0.0,0.00018206969
1,1.0,0.9989265
1,1.0,0.9997714
0,0.0,0.00011755523
1,1.0,0.99909914
1,1.0,0.9977333
0,0.0,0.00018593302
1,1.0,0.9988252
0,0.0,0.00047532484
1,1.0,0.9996593
0,0.0,0.00019480441
1,1.0,0.99755037
0,0.0,0.00027512613
1,1.0,0.9989634
1,1.0,0.99897134
1,1.0,0.9997139
1,1.0,0.99958897
1,1.0,0.99948037
0,0.0,0.00012440009
1,1.0,0.99981326
1,1.0,0.999081
0,0.0,0.00013450989
1,1.0,0.9979328
0,0.0,0.00022827978
1,1.0,0.9997042
1,1.0,0.9995585
1,1.0,0.9989308
1,1.0,0.99896836
1,1.0,0.99970603
1,1.0,0.99905914
0,0.0,0.00019684518
0,0.0,0.00023117404
1,1.0,0.9988414
1,1.0,0.99935734
1,1.0,0.9986495
0,0.0,0.00025392848
0,0.0,0.0001331121
1,1.0,0.99914443
0,0.0,0.00011374128
1,1.0,0.9989648
1,1.0,0.99908346
1,1.0,0.998359
1,1.0,0.9988295
1,1.0,0.99765927
1,1.0,0.99922025
1,1.0,0.997625
1,1.0,0.999455
0,0.0,0.0009272432
1,1.0,0.99882203
1,1.0,0.9997904
1,1.0,0.9990776
1,1.0,0.9997795
0,0.0,0.00018442937
1,1.0,0.9991873
0,0.0,0.00019997284
1,1.0,0.9988164
1,1.0,0.9997748
1,1.0,0.998894
0,0.0,0.00023599628
1,1.0,0.99945945
0,0.0,0.0018483265
1,1.0,0.9986391
0,0.0,0.00014943161
0,0.0,0.00025650338
0,0.0,0.00043523725
1,1.0,0.9989617
1,1.0,0.997402
1,1.0,0.99884677
1,1.0,0.9988384
1,1.0,0.9995204
1,1.0,0.99973816
1,1.0,0.9985989
0,0.0,0.00013918661
0,0.0,0.00092287106
1,1.0,0.9978216
0,0.0,0.0008583369
1,1.0,0.9977481
0,0.0,0.00015343638
1,1.0,0.998818
1,1.0,0.9974988
0,0.0,0.000117996366
0,0.0,0.00084376754
1,1.0,0.9998156
0,0.0,0.00011657034
0,0.0,0.00012936744
0,0.0,0.00051403075
1,1.0,0.9987533
0,0.0,0.00012814852
1,1.0,0.99968535
0,0.0,0.0003631424
0,0.0,0.00018175453
0,0.0,0.00020109945
0,0.0,0.0001401118
1,1.0,0.999716
0,0.0,0.00019997131
0,0.0,0.00019811846
0,0.0,0.00019736824
0,0.0,0.00014544479
0,0.0,0.0043664454
0,0.0,0.0009264806
1,1.0,0.99915445
1,1.0,0.9987683
1,1.0,0.9984064
1,1.0,0.9972489
1,1.0,0.9998549
0,0.0,0.00016748371
1,1.0,0.9997882
1,1.0,0.99914974
0,0.0,0.00019754353
1,1.0,0.9994441
0,0.0,0.0002749486
0,0.0,0.00015054931
1,1.0,0.9997963
1,1.0,0.9996363
0,0.0,0.00019737688
0,0.0,0.00011865666
1,1.0,0.9990043
1,1.0,0.99882394
0,0.0,0.0013313913
0,0.0,0.00019479865
0,0.0,0.00014618102
0,0.0,0.00019672397
1,1.0,0.9989698
1,1.0,0.9987301
1,1.0,0.99980223
1,1.0,0.99979264
1,1.0,0.999647
1,1.0,0.9980614
1,1.0,0.99884695
1,1.0,0.9997347
0,0.0,0.0005150882
0,0.0,0.00043093011
0,0.0,0.0001905966
0,0.0,0.00014165953
1,1.0,0.9989624
0,0.0,0.0017591587
1,1.0,0.9991498
1,1.0,0.9977423
0,0.0,0.00023692401
1,1.0,0.99896455
1,1.0,0.9987486
0,0.0,0.00019701588
1,1.0,0.9994584
1,1.0,0.99893177
1,1.0,0.99905866
0,0.0,0.00019608953
1,1.0,0.99982125
1,1.0,0.9989656
0,0.0,0.00081063714
1,1.0,0.9987773
0,0.0,0.00017156418
1,1.0,0.9996202
1,1.0,0.9994234
1,1.0,0.99971193
0,0.0,0.00012803005
0,0.0,0.00030068916
0,0.0,0.0001187086
0,0.0,0.00063636404
0,0.0,0.00022258096
1,1.0,0.9994454
0,0.0,0.00023517956
0,0.0,0.00025608845
1,1.0,0.9988219
1,1.0,0.99882704
0,0.0,0.00020839351
1,1.0,0.99785525
1,1.0,0.998885
0,0.0,0.00051541405
1,1.0,0.99916273
1,1.0,0.99949497
1,1.0,0.99896824
0,0.0,0.00019683226
1,1.0,0.9998325
0,0.0,0.00016053818
0,0.0,0.00018175817
1,1.0,0.99949086
1,1.0,0.9997087
1,1.0,0.9997133
1,1.0,0.99984735
1,1.0,0.99906355
1,1.0,0.99881804
1,1.0,0.999076
1,1.0,0.9989551
1,1.0,0.9988147
1,1.0,0.99970794
1,1.0,0.99877125
1,1.0,0.99893874
0,0.0,0.00020119782
1,1.0,0.9994586
0,0.0,0.00019680016
0,0.0,0.00020460227
0,0.0,0.0026963996
1,1.0,0.99950945
1,1.0,0.9996084
0,0.0,0.00018943184
0,0.0,0.0003006078
0,0.0,0.00019056554
0,0.0,0.00023014986
1,1.0,0.9990507
1,1.0,0.9991628
0,0.0,0.00020690267
1,1.0,0.9989228
1,1.0,0.9990492
1,1.0,0.99877125
1,1.0,0.99841803
1,1.0,0.99976933
1,1.0,0.99882185
1,1.0,0.99971133
1,1.0,0.9990385
1,1.0,0.9989274
1,1.0,0.99916273
1,1.0,0.99923223
0,0.0,0.00012152624
1,1.0,0.99771786
0,0.0,0.0002095987
0,0.0,0.0002334139
1,1.0,0.99893904
1,1.0,0.9989745
0,0.0,0.00030326413
1,1.0,0.9989373
0,0.0,0.0038332008
0,0.0,0.000121427554
0,0.0,0.00018827757
1,1.0,0.9991262
1,1.0,0.9990854
1,1.0,0.9970148
1,1.0,0.9990592
1,1.0,0.99943423
1,1.0,0.997211
1,1.0,0.9995144
0,0.0,0.00025651758
0,0.0,0.0002358224
1,1.0,0.998831
1,1.0,0.9994835
0,0.0,0.00027511592
1,1.0,0.99884695
1,1.0,0.99896973
1,1.0,0.9985497
0,0.0,0.0010385662
1,1.0,0.9989365
1,1.0,0.9989693
1,1.0,0.99897933
1,1.0,0.9988164
0,0.0,0.00018176614
0,0.0,0.00012791132
1,1.0,0.9997055
1,1.0,0.99896973
0,0.0,0.00013362538
1,1.0,0.99964684
0,0.0,0.0001877457
1,1.0,0.9979287
1,1.0,0.999751
0,0.0,0.0001709052
1,1.0,0.99906063
0,0.0,0.00013267201
0,0.0,0.00019470636
1,1.0,0.99848294
1,1.0,0.9977197
0,0.0,0.00030069836
0,0.0,0.00018828995
0,0.0,0.00019994937
0,0.0,0.00020691469
0,0.0,0.00072880747
0,0.0,0.00019737857
0,0.0,0.00064927427
0,0.0,0.00019811072
1,1.0,0.99976623
0,0.0,0.00020238728
1,1.0,0.9983324
1,1.0,0.99952435
0,0.0,0.00025462135
0,0.0,0.00018804666
0,0.0,0.00019811752
0,0.0,0.00020465085
0,0.0,0.00014174952
0,0.0,0.00018159724
1,1.0,0.9997062
0,0.0,0.0004080855
1,1.0,0.99968994
1,1.0,0.99905556
1,1.0,0.9996743
0,0.0,0.00013313178
0,0.0,0.00020440065
0,0.0,0.00015889146
0,0.0,0.0013311604
1,1.0,0.999429
0,0.0,0.0007289731
0,0.0,0.00018827901
1,1.0,0.99970716
0,0.0,0.0015770617
0,0.0,0.00012929912
1,1.0,0.9996351
1,1.0,0.9995924
0,0.0,0.00019256321
1,1.0,0.99781215
0,0.0,0.00013363417
0,0.0,0.00018403711
0,0.0,0.00013073451
0,0.0,0.00019391172
0,0.0,0.00013950779
1,1.0,0.99916255
0,0.0,0.00013002996
1,1.0,0.9989229
1,1.0,0.99964255
1,1.0,0.9988216
1,1.0,0.9996927
1,1.0,0.9996964
0,0.0,0.00015055563
0,0.0,0.00016762591
1,1.0,0.99906063
1,1.0,0.9988891
1,1.0,0.99977183
0,0.0,0.00013163792
1,1.0,0.9990867
1,1.0,0.99799246
1,1.0,0.99749947
0,0.0,0.00026213407
0,0.0,0.00025967913
1,1.0,0.9989454
1,1.0,0.9998045
0,0.0,0.00019737124
1,1.0,0.99980175
1,1.0,0.99893117
1,1.0,0.9992212
1,1.0,0.99894613
0,0.0,0.00019681518
0,0.0,0.00011570642
0,0.0,0.00023599988
1,1.0,0.99881643
0,0.0,0.0007294902
0,0.0,0.0005279293
0,0.0,0.0002339823
0,0.0,0.000204783
1,1.0,0.9993827
0,0.0,0.00039412244
1,1.0,0.9974805
1,1.0,0.9988219
0,0.0,0.00020745062
1,1.0,0.9987227
1,1.0,0.99984264
0,0.0,0.00019044311
0,0.0,0.0027362236
1,1.0,0.99962825
1,1.0,0.99980277
1,1.0,0.999752
1,1.0,0.998818
0,0.0,0.0003389906
1,1.0,0.9987648
0,0.0,0.00019303878
1,1.0,0.99782306
0,0.0,0.00012955321
0,0.0,0.00016362908
0,0.0,0.0014973013
0,0.0,0.00018362554
1,1.0,0.9984379
0,0.0,0.0020063957
1,1.0,0.9990845
1,1.0,0.9997474
1,1.0,0.9996861
1,1.0,0.9988429
1,1.0,0.9988221
0,0.0,0.0006492941
0,0.0,0.00037545274
1,1.0,0.99931985
1,1.0,0.9992259
1,1.0,0.999709
1,1.0,0.9990776
1,1.0,0.9990849
0,0.0,0.00014167425
0,0.0,0.00019498727
1,1.0,0.99878454
1,1.0,0.9995312
1,1.0,0.9990334
0,0.0,0.0001965901
1,1.0,0.999062
1,1.0,0.9998243
1,1.0,0.99907607
1,1.0,0.9989656
0,0.0,0.0011966337
0,0.0,0.00020318484
0,0.0,0.00016853059
0,0.0,0.00016132109
0,0.0,0.00011334154
0,0.0,0.00013852287
0,0.0,0.0025137211
1,1.0,0.99884593
1,1.0,0.9989309
1,1.0,0.9991448
1,1.0,0.9998204
0,0.0,0.0008336241
1,1.0,0.9995286
0,0.0,0.00018808039
0,0.0,0.00221366
0,0.0,0.0001333353
1,1.0,0.9995013
0,0.0,0.00033945596
1,1.0,0.9988395
0,0.0,0.00011577287
0,0.0,0.00020308471
1,1.0,0.99838555
0,0.0,0.00036870193
0,0.0,0.00014617055
1,1.0,0.9990761
1,1.0,0.99948305
0,0.0,0.00019027741
0,0.0,0.00012819252
0,0.0,0.00018803088
1,1.0,0.9997903
1,1.0,0.9998055
0,0.0,0.00018967765
1,1.0,0.9983598
0,0.0,0.00012152659
0,0.0,0.0010724697
1,1.0,0.9988936
1,1.0,0.99966896
1,1.0,0.9988239
1,1.0,0.99881566
1,1.0,0.99897784
1,1.0,0.9987642
1,1.0,0.9998034
1,1.0,0.99929905
0,0.0,0.00019532126
1,1.0,0.9988292
0,0.0,0.00019736333
1,1.0,0.9997801
0,0.0,5.929347e-05
1,1.0,0.9988853
1,1.0,0.99893427
1,1.0,0.99897695
1,1.0,0.99907464
1,1.0,0.9989982
0,0.0,0.00027600443
1,1.0,0.99914455
1,1.0,0.99951893
0,0.0,0.00020140666
1,1.0,0.9995658
0,0.0,0.0037720504
0,0.0,0.00018953337
1,1.0,0.99904764
1,1.0,0.99893355
1,1.0,0.9983214
0,0.0,0.00011678764
1,1.0,0.99962866
1,1.0,0.99893403
1,1.0,0.997538
0,0.0,0.00018339544
0,0.0,0.00013394405
0,0.0,0.00027012118
1,1.0,0.9996005
0,0.0,0.00025914045
0,0.0,0.00019671835
1,1.0,0.99966055
0,0.0,0.0001844329
1,1.0,0.9988469
0,0.0,0.00019802064
1,1.0,0.99896973
0,0.0,0.000801083
1,1.0,0.9983616
0,0.0,0.00020888406
1,1.0,0.99988186
1,1.0,0.99967366
1,1.0,0.9994574
1,1.0,0.9992925
1,1.0,0.99914986
1,1.0,0.998923
1,1.0,0.9977224
1,1.0,0.9988395
1,1.0,0.99962
0,0.0,0.00013469896
0,0.0,0.00022520602
1,1.0,0.99951667
1,1.0,0.998818
1,1.0,0.99883825
1,1.0,0.99969447
1,1.0,0.99963635
1,1.0,0.99884313
1,1.0,0.9997412
0,0.0,0.00023692152
1,1.0,0.999759
1,1.0,0.9966411
1,1.0,0.9997095
0,0.0,0.0001844278
1,1.0,0.99883115
1,1.0,0.9989338
0,0.0,0.00020293817
0,0.0,0.0002591681
1,1.0,0.9998014
0,0.0,0.00013003529
1,1.0,0.9989239
1,1.0,0.9988669
0,0.0,0.00012474504
0,0.0,0.00011681348
1,1.0,0.9990462
1,1.0,0.9995872
0,0.0,0.00018160502
0,0.0,0.0002111915
0,0.0,0.00014620804
0,0.0,0.00018424464
0,0.0,0.00018967547
0,0.0,0.00014188868
1,1.0,0.9991627
0,0.0,0.000120916855
0,0.0,0.00019474051
1,1.0,0.99897426
0,0.0,0.0005111941
1,1.0,0.9989666
0,0.0,0.00013002785
0,0.0,0.00018130399
1,1.0,0.99882203
1,1.0,0.9989393
1,1.0,0.9988574
1,1.0,0.99907017
1,1.0,0.99876046
0,0.0,0.00019684744
1,1.0,0.99958575
1,1.0,0.99975675
1,1.0,0.99989027
1,1.0,0.999688
1,1.0,0.99843985
1,1.0,0.99698055
1,1.0,0.99943274
0,0.0,0.00020320558
0,0.0,0.00039170013
0,0.0,0.00018443078
1,1.0,0.99908525
0,0.0,0.00025462935
1,1.0,0.9989364
0,0.0,0.00039941558
1,1.0,0.99878293
1,1.0,0.99884707
1,1.0,0.99951553
1,1.0,0.99899286
0,0.0,0.0006492251
1,1.0,0.9998461
1,1.0,0.9995169
0,0.0,0.0027871402
1,1.0,0.998847
0,0.0,0.00020311745
1,1.0,0.9987487
0,0.0,0.0001424938
0,0.0,9.704061e-05
0,0.0,0.00015945971
0,0.0,0.00021146111
0,0.0,0.00016789431
1,1.0,0.99967986
1,1.0,0.9995479
1,1.0,0.9997813
1,1.0,0.9998832
0,0.0,0.00017318295
1,1.0,0.9998154
1,1.0,0.9998142
0,0.0,0.00014015805
0,0.0,0.00012999214
0,0.0,0.00019701043
0,0.0,0.00028538646
1,1.0,0.9988294
1,1.0,0.9995984
1,1.0,0.9998044
1,1.0,0.9996164
1,1.0,0.9991627
1,1.0,0.9989318
1,1.0,0.9994025
0,0.0,0.00014174439
0,0.0,0.00018868392
0,0.0,0.000195298
1,1.0,0.9989523
0,0.0,0.00023118264
0,0.0,0.00032708124
1,1.0,0.99893695
0,0.0,0.0001822745
1,1.0,0.99851084
1,1.0,0.9991445
0,0.0,0.00018443009
0,0.0,0.00018447211
1,1.0,0.9998021
0,0.0,0.00019480869
0,0.0,0.00019531774
0,0.0,0.00018968145
1,1.0,0.99981076
1,1.0,0.998966
0,0.0,0.00019735844
0,0.0,0.0004540237
1,1.0,0.9997938
0,0.0,0.00012850288
1,1.0,0.9980712
1,1.0,0.99884593
1,1.0,0.99884105
1,1.0,0.99931747
0,0.0,0.00025651025
1,1.0,0.99842286
1,1.0,0.99973685
1,1.0,0.99894685
0,0.0,0.00027600047
0,0.0,0.00011577331
1,1.0,0.99892294
0,0.0,0.00017101133
0,0.0,0.0015181302
1,1.0,0.99951655
0,0.0,0.0001938705
0,0.0,0.00012999313
1,1.0,0.99773514
1,1.0,0.99984974
0,0.0,0.00017086789
1,1.0,0.99968296
0,0.0,0.00030065275
0,0.0,0.0010465642
0,0.0,0.004050937
1,1.0,0.9994676
0,0.0,0.0004652734
0,0.0,0.00019494077
1,1.0,0.99973303
0,0.0,0.00017472268
1,1.0,0.9988087
1,1.0,0.9997231
1,1.0,0.99883175
1,1.0,0.99782807
0,0.0,0.00019497071
1,1.0,0.9994365
1,1.0,0.9997791
1,1.0,0.9983633
1,1.0,0.9998133
1,1.0,0.99891937
1,1.0,0.9995734
1,1.0,0.9989659
1,1.0,0.9990868
0,0.0,0.00019883834
1,1.0,0.9997927
0,0.0,0.00019271603
1,1.0,0.99996036
0,0.0,0.00061582366
0,0.0,0.00030066335
1,1.0,0.998824
1,1.0,0.99768937
0,0.0,0.00012141505
0,0.0,0.00013361378
1,1.0,0.998942
0,0.0,0.0029293494
1,1.0,0.99963945
0,0.0,0.00020301173
1,1.0,0.99906147
1,1.0,0.99745905
1,1.0,0.99962795
0,0.0,0.00018966461
0,0.0,0.00019682155
1,1.0,0.9994669
0,0.0,0.00013451425
1,1.0,0.9988469
0,0.0,0.00019767012
1,1.0,0.99946207
0,0.0,0.00020911841
1,1.0,0.9988469
1,1.0,0.9997101
1,1.0,0.9992082
1,1.0,0.9992885
0,0.0,0.00012785142
0,0.0,0.0002922918
1,1.0,0.99971
1,1.0,0.99882346
0,0.0,0.00016915155
1,1.0,0.9997295
1,1.0,0.99928784
1,1.0,0.9987863
1,1.0,0.998847
0,0.0,0.00063216855
1,1.0,0.99964064
1,1.0,0.9989227
1,1.0,0.99969476
0,0.0,0.00018829535
1,1.0,0.99877137
0,0.0,0.00067064154
1,1.0,0.9989892
1,1.0,0.99950135
0,0.0,0.0001896742
0,0.0,0.00016763534
1,1.0,0.9989992
1,1.0,0.99981225
1,1.0,0.99968374
1,1.0,0.9996415
1,1.0,0.9989675
1,1.0,0.9991495
0,0.0,0.00019811808
1,1.0,0.9997856
1,1.0,0.99907607
0,0.0,0.00011865914
1,1.0,0.9991498
1,1.0,0.9989492
0,0.0,0.0002343212
0,0.0,0.00013769256
1,1.0,0.998818
0,0.0,0.00020310021
1,1.0,0.998827
0,0.0,0.0001324416
0,0.0,0.00019764864
0,0.0,0.00020152074
0,0.0,0.00011468223
1,1.0,0.9977348
1,1.0,0.99929273
0,0.0,0.00019042585
1,1.0,0.99882203
1,1.0,0.99895376
1,1.0,0.9970229
0,0.0,0.0018768018
1,1.0,0.9995869
0,0.0,0.00023116016
0,0.0,0.00019497128
0,0.0,0.00023686845
0,0.0,0.00019701156
0,0.0,0.00015057976
0,0.0,0.00019575271
1,1.0,0.9995631
1,1.0,0.9988272
1,1.0,0.99908906
0,0.0,0.00019763432
0,0.0,0.00017948983
1,1.0,0.9977349
0,0.0,0.00013358994
1,1.0,0.9997842
1,1.0,0.9995195
0,0.0,0.0003006433
1,1.0,0.9995911
0,0.0,0.0002119714
0,0.0,0.0003006218
0,0.0,0.00017608458
1,1.0,0.9995155
0,0.0,0.0005600973
0,0.0,0.00014890832
0,0.0,0.00020693423
0,0.0,0.00019684687
1,1.0,0.9987627
0,0.0,0.0002523724
1,1.0,0.9998027
1,1.0,0.99971825
0,0.0,0.00012143068
1,1.0,0.9994294
0,0.0,0.00019959394
1,1.0,0.9991444
1,1.0,0.99893063
1,1.0,0.99906313
1,1.0,0.9988477
0,0.0,0.00018807931
1,1.0,0.9992611
1,1.0,0.99773103
0,0.0,0.00018159568
1,1.0,0.99970704
1,1.0,0.9997741
1,1.0,0.99882007
1,1.0,0.99906445
1,1.0,0.9988311
1,1.0,0.99951196
1,1.0,0.9988468
0,0.0,0.00025227474
1,1.0,0.9994795
1,1.0,0.99884665
1,1.0,0.999709
0,0.0,0.00019701381
0,0.0,0.00018826734
1,1.0,0.9989942
1,1.0,0.99979407
0,0.0,0.0006492935
1,1.0,0.99971414
0,0.0,0.00019683898
0,0.0,0.00011829085
1,1.0,0.99888
0,0.0,0.00013450668
1,1.0,0.9994771
1,1.0,0.99924576
1,1.0,0.99936885
0,0.0,0.00064911396
1,1.0,0.9991626
1,1.0,0.99773586
0,0.0,0.00021053849
0,0.0,0.00025462426
1,1.0,0.9989421
1,1.0,0.99881786
1,1.0,0.99881625
0,0.0,0.00023340098
1,1.0,0.9998122
1,1.0,0.9989597
0,0.0,0.00025883695
0,0.0,0.00012139063
1,1.0,0.9983631
1,1.0,0.99951637
1,1.0,0.99979407
1,1.0,0.99892735
0,0.0,0.0013869446
1,1.0,0.9991445
1,1.0,0.99907225
0,0.0,0.00019673449
0,0.0,0.00018572484
0,0.0,0.00018175764
1,1.0,0.9997042
0,0.0,0.00020817206
1,1.0,0.99950683
1,1.0,0.99943703
0,0.0,0.00015840541
1,1.0,0.9991448
1,1.0,0.9991551
1,1.0,0.99955475
0,0.0,0.00017333213
0,0.0,0.0002003981
0,0.0,0.00019696291
1,1.0,0.99752843
0,0.0,0.0001718461
1,1.0,0.99950355
1,1.0,0.9983413
1,1.0,0.99846
1,1.0,0.9997099
0,0.0,0.00016992862
1,1.0,0.998822
1,1.0,0.99970865
1,1.0,0.99907464
0,0.0,0.00012770183
0,0.0,0.00020118113
1,1.0,0.9988221
1,1.0,0.99792653
0,0.0,0.0002591459
0,0.0,0.00020692397
0,0.0,0.00019763206
0,0.0,0.00025650903
0,0.0,0.00013068205
0,0.0,0.00017024876
0,0.0,0.00017091498
0,0.0,0.00025616857
0,0.0,0.00019602987
0,0.0,0.00016399349
1,1.0,0.9989249
1,1.0,0.9989655
1,1.0,0.99920315
0,0.0,0.00012440661
0,0.0,0.00043004905
1,1.0,0.9989231
1,1.0,0.9996401
1,1.0,0.9997358
1,1.0,0.99894524
1,1.0,0.99881643
1,1.0,0.9996255
1,1.0,0.99970704
1,1.0,0.999062
0,0.0,0.00012893837
1,1.0,0.99957347
0,0.0,0.00017010825
1,1.0,0.9988164
1,1.0,0.9989274
0,0.0,0.0002359045
0,0.0,0.00011865146
1,1.0,0.99973035
0,0.0,0.00013395515
0,0.0,0.00013002091
0,0.0,0.00018439403
1,1.0,0.9988432
1,1.0,0.99914473
0,0.0,0.00013279021
1,1.0,0.99968815
1,1.0,0.9987714
1,1.0,0.9979288
0,0.0,0.00019027921
1,1.0,0.9993251
1,1.0,0.9993353
0,0.0,0.0001574672
1,1.0,0.99974984
1,1.0,0.9989666
1,1.0,0.99880236
0,0.0,0.00018830002
0,0.0,0.00016366436
0,0.0,0.00025461309
1,1.0,0.99896616
0,0.0,0.00012611655
1,1.0,0.9994562
0,0.0,0.00019044802
0,0.0,0.00012730497
0,0.0,0.00018439455
1,1.0,0.9996286
0,0.0,0.00019832315
0,0.0,0.0033099484
1,1.0,0.998831
0,0.0,0.0003006166
0,0.0,0.00017303141
1,1.0,0.99782157
0,0.0,0.00017320871
0,0.0,0.00019541963
0,0.0,0.00012936769
1,1.0,0.9995286
1,1.0,0.998849
0,0.0,0.00028327908
1,1.0,0.99968904
1,1.0,0.9988164
1,1.0,0.998847
0,0.0,0.00025634008
0,0.0,0.002408103
0,0.0,0.00022121507
1,1.0,0.9989671
1,1.0,0.9998132
0,0.0,0.00023548088
1,1.0,0.9902519
1,1.0,0.998822
0,0.0,0.00018806066
0,0.0,0.00017069594
0,0.0,0.00012809451
1,1.0,0.9986508
0,0.0,0.00011502108
1,1.0,0.9998741
1,1.0,0.99884677
0,0.0,0.00019041641
1,1.0,0.99977654
0,0.0,0.0012950021
0,0.0,0.00024044723
0,0.0,0.00019027632
1,1.0,0.9993466
0,0.0,0.00018175817
0,0.0,0.00020485799
1,1.0,0.99726725
1,1.0,0.9997051
1,1.0,0.9988164
0,0.0,0.00021580736
0,0.0,0.00034474372
1,1.0,0.99884695
1,1.0,0.9976204
1,1.0,0.9990637
1,1.0,0.9997939
0,0.0,0.00081275107
0,0.0,0.00019685157
0,0.0,0.00011577464
0,0.0,0.000198116
1,1.0,0.9995674
0,0.0,0.00011832153
1,1.0,0.99908346
1,1.0,0.99959135
1,1.0,0.9988147
1,1.0,0.99975693
0,0.0,0.00082059606
1,1.0,0.9998127
1,1.0,0.99873513
1,1.0,0.99882525
1,1.0,0.9988151
1,1.0,0.9992711
0,0.0,0.00016376551
1,1.0,0.99947596
0,0.0,0.00020624226
0,0.0,0.00013002624
1,1.0,0.9988469
1,1.0,0.99928933
0,0.0,0.00018854848
1,1.0,0.9987492
1,1.0,0.9997482
0,0.0,0.00019505252
1,1.0,0.9989269
1,1.0,0.99908537
0,0.0,0.000649076
1,1.0,0.9990798
0,0.0,0.00019857234
1,1.0,0.9998135
0,0.0,0.000900532
1,1.0,0.9995686
1,1.0,0.99833256
1,1.0,0.99864715
0,0.0,0.00025238158
0,0.0,0.0002369344
1,1.0,0.9998525
1,1.0,0.9989228
0,0.0,0.0001734629
0,0.0,0.00015146566
0,0.0,0.00020267925
1,1.0,0.9994592
1,1.0,0.9995623
0,0.0,0.0001730466
1,1.0,0.9994688
1,1.0,0.9990868
1,1.0,0.9998645
1,1.0,0.9988163
0,0.0,0.00017288348
1,1.0,0.9998516
0,0.0,0.0007482836
1,1.0,0.9991498
1,1.0,0.998841
1,1.0,0.99881613
1,1.0,0.99885714
0,0.0,0.00012970738
0,0.0,0.00022422175
1,1.0,0.99976265
1,1.0,0.99896103
0,0.0,0.0003542519
1,1.0,0.99907744
1,1.0,0.9988293
0,0.0,0.00019663828
0,0.0,0.000119075696
0,0.0,0.00019762716
1,1.0,0.9996676
0,0.0,0.00018590642
1,1.0,0.99907607
1,1.0,0.9996766
0,0.0,0.00025883276
1,1.0,0.99907744
1,1.0,0.9998818
1,1.0,0.9996647
0,0.0,0.00014761942
1,1.0,0.996966
0,0.0,0.0002523443
1,1.0,0.9997941
1,1.0,0.9988715
1,1.0,0.99924284
1,1.0,0.99884677
0,0.0,0.00018826357
0,0.0,0.001654824
1,1.0,0.9997733
0,0.0,0.0003666871
1,1.0,0.999545
1,1.0,0.9988703
0,0.0,0.00018952921
1,1.0,0.9988164
0,0.0,0.00016591251
1,1.0,0.9993341
0,0.0,0.0002588266
1,1.0,0.9992991
0,0.0,0.0034368068
0,0.0,0.00094754325
0,0.0,0.00016381362
0,0.0,0.0001811711
0,0.0,0.00019735054
1,1.0,0.99916273
1,1.0,0.9997162
1,1.0,0.9997254
0,0.0,0.00017256249
1,1.0,0.9990709
0,0.0,0.0016764713
0,0.0,0.00019480106
1,1.0,0.9995224
1,1.0,0.99616635
1,1.0,0.9997957
0,0.0,0.00021341654
0,0.0,0.00017691647
1,1.0,0.9997507
0,0.0,0.00021913259
0,0.0,0.00019531942
1,1.0,0.99892306
1,1.0,0.9995802
0,0.0,0.0006943048
0,0.0,0.00020439285
1,1.0,0.9987558
1,1.0,0.99881643
1,1.0,0.9989364
0,0.0,0.00019532071
1,1.0,0.9989233
1,1.0,0.9996946
0,0.0,0.0001908876
0,0.0,0.00041681598
1,1.0,0.9984293
1,1.0,0.99945885
1,1.0,0.99896884
1,1.0,0.99892735
1,1.0,0.99895656
1,1.0,0.9990508
1,1.0,0.9989919
1,1.0,0.99952364
1,1.0,0.9996507
0,0.0,0.00023339897
0,0.0,0.00018574431
1,1.0,0.9988419
0,0.0,0.00065858645
1,1.0,0.99911934
0,0.0,0.00072863174
1,1.0,0.99971074
1,1.0,0.9997942
0,0.0,0.00043354035
1,1.0,0.9997095
1,1.0,0.9988294
0,0.0,0.00019811506
0,0.0,0.00019680653
0,0.0,0.00018241412
0,0.0,9.1553e-05
0,0.0,0.00019683
1,1.0,0.9983175
1,1.0,0.9979288
1,1.0,0.9993753
1,1.0,0.99896455
1,1.0,0.9987647
1,1.0,0.9990762
1,1.0,0.99979466
1,1.0,0.9989609
1,1.0,0.9994686
0,0.0,0.00019671011
1,1.0,0.99882203
1,1.0,0.99914914
1,1.0,0.9990474
1,1.0,0.999652
0,0.0,0.00025615757
1,1.0,0.99896765
1,1.0,0.9988293
0,0.0,0.00016862477
1,1.0,0.9989228
1,1.0,0.99968827
0,0.0,0.00019737745
0,0.0,0.00014185878
1,1.0,0.9991768
0,0.0,0.0001970093
1,1.0,0.9994249
0,0.0,0.0001976494
1,1.0,0.9991555
0,0.0,0.00021206279
0,0.0,0.00043111396
0,0.0,0.00018967385
0,0.0,0.00025242945
1,1.0,0.99884146
0,0.0,0.00014631152
1,1.0,0.9989487
0,0.0,0.00012779147
1,1.0,0.9983598
0,0.0,0.00011947389
1,1.0,0.9974514
1,1.0,0.9992509
1,1.0,0.99907595
0,0.0,0.00018804254
0,0.0,0.00023117669
1,1.0,0.99898165
0,0.0,0.00019043166
1,1.0,0.9993152
1,1.0,0.99956864
1,1.0,0.9994883
0,0.0,0.00012797535
0,0.0,0.00018439192
0,0.0,0.00012891389
1,1.0,0.9972348
0,0.0,0.00017242384
1,1.0,0.99988186
0,0.0,0.00019672603
0,0.0,0.000121534125
1,1.0,0.9995998
0,0.0,0.00019567805
0,0.0,0.00025914985
1,1.0,0.9988477
1,1.0,0.9992584
1,1.0,0.99981827
1,1.0,0.9998109
1,1.0,0.9997657
1,1.0,0.9994867
0,0.0,0.0025216965
0,0.0,0.00017091776
1,1.0,0.9987184
0,0.0,0.00016860887
1,1.0,0.9988179
1,1.0,0.999331
1,1.0,0.9989385
0,0.0,0.0002334101
1,1.0,0.9991444
1,1.0,0.998847
1,1.0,0.9999763
0,0.0,0.00019200183
1,1.0,0.99881625
0,0.0,0.00018966317
0,0.0,0.00018831223
1,1.0,0.99962264
0,0.0,0.00014916042
1,1.0,0.9989575
0,0.0,0.00019479514
0,0.0,0.00019817965
1,1.0,0.9976129
1,1.0,0.99959534
0,0.0,0.0003780783
1,1.0,0.99957716
1,1.0,0.9996317
0,0.0,0.00044608416
0,0.0,0.00020481659
0,0.0,0.00017091254
1,1.0,0.9990811
1,1.0,0.99916273
0,0.0,0.00020245636
0,0.0,0.00020690936
0,0.0,0.00027605786
1,1.0,0.9996606
0,0.0,0.0027677827
0,0.0,0.00018576486
0,0.0,0.0001855834
0,0.0,0.00023687791
0,0.0,0.00023589033
1,1.0,0.99914306
0,0.0,0.00014193902
1,1.0,0.99977773
1,1.0,0.9989274
0,0.0,0.00022743554
0,0.0,0.0001461502
0,0.0,0.00019685081
0,0.0,0.00019532778
1,1.0,0.9988477
0,0.0,0.0001967251
1,1.0,0.99980927
0,0.0,0.00018412925
1,1.0,0.9997643
0,0.0,0.0002069145
1,1.0,0.9998198
1,1.0,0.9987647
1,1.0,0.9991627
1,1.0,0.9994831
0,0.0,0.00019702245
0,0.0,0.00012801393
1,1.0,0.9997087
1,1.0,0.9989811
0,0.0,0.00012970848
0,0.0,0.00014168843
1,1.0,0.99915564
1,1.0,0.9991907
1,1.0,0.9998465
0,0.0,0.00018175573
1,1.0,0.9991831
0,0.0,0.0003006817
1,1.0,0.9995144
1,1.0,0.99935657
1,1.0,0.9991497
0,0.0,0.00019473532
1,1.0,0.9990112
1,1.0,0.99908686
1,1.0,0.99896973
0,0.0,0.00018620625
1,1.0,0.99943465
1,1.0,0.99971545
1,1.0,0.9994612
1,1.0,0.99983954
1,1.0,0.99908423
0,0.0,0.00018000604
1,1.0,0.9989724
1,1.0,0.99973583
1,1.0,0.9997964
1,1.0,0.9974948
0,0.0,0.00086770474
1,1.0,0.999577
1,1.0,0.9988431
0,0.0,0.00014203243
1,1.0,0.9989777
1,1.0,0.9988468
0,0.0,0.00024690214
0,0.0,0.00012850117
1,1.0,0.99964505
1,1.0,0.99880856
1,1.0,0.99970263
1,1.0,0.9988208
0,0.0,0.00013601247
0,0.0,0.00019700892
1,1.0,0.99950933
0,0.0,0.00019672059
1,1.0,0.99833256
0,0.0,0.00019741981
1,1.0,0.99916273
1,1.0,0.99905795
1,1.0,0.99879265
0,0.0,0.000997897
1,1.0,0.99881464
0,0.0,0.00011656712
0,0.0,0.0002760147
0,0.0,0.0002334032
0,0.0,0.00017534921
0,0.0,0.00012093898
1,1.0,0.9990116
1,1.0,0.9972481
1,1.0,0.99908096
1,1.0,0.9990811
1,1.0,0.99971324
1,1.0,0.99946517
1,1.0,0.99884295
1,1.0,0.9992258
1,1.0,0.9978106
1,1.0,0.9991495
1,1.0,0.9997694
1,1.0,0.9988178
0,0.0,0.0001346843
1,1.0,0.99968815
0,0.0,0.0024170233
0,0.0,0.00013068442
1,1.0,0.9988814
1,1.0,0.9998029
1,1.0,0.9989842
0,0.0,0.00024329341
0,0.0,0.0001613077
1,1.0,0.9997442
0,0.0,0.00013450668
1,1.0,0.99774355
1,1.0,0.9989685
0,0.0,0.00016849555
1,1.0,0.9988293
0,0.0,0.00015931563
0,0.0,0.00012817419
1,1.0,0.9994699
1,1.0,0.9996368
0,0.0,0.00019700949
1,1.0,0.99880797
0,0.0,0.000115775074
1,1.0,0.9992491
1,1.0,0.9988165
1,1.0,0.99747795
1,1.0,0.9979219
0,0.0,0.0004133113
0,0.0,0.00012936276
0,0.0,0.000169716
1,1.0,0.99967474
0,0.0,0.00012152253
0,0.0,0.00019531103
1,1.0,0.99883956
0,0.0,0.00011835471
0,0.0,0.00019684575
0,0.0,0.00012800709
0,0.0,0.00018763044
1,1.0,0.9997092
0,0.0,0.00017336369
1,1.0,0.99914443
1,1.0,0.9988179
1,1.0,0.9997555
1,1.0,0.999709
0,0.0,0.00020886357
0,0.0,0.00019685007
0,0.0,0.00039074203
1,1.0,0.99979407
1,1.0,0.99900967
0,0.0,0.00024825684
0,0.0,0.00051999465
1,1.0,0.9993043
1,1.0,0.9998033
1,1.0,0.99884325
1,1.0,0.9986494
1,1.0,0.99983996
1,1.0,0.9991741
0,0.0,0.0014532435
0,0.0,0.00018159342
0,0.0,0.001282087
0,0.0,0.00094194716
1,1.0,0.9997635
0,0.0,0.00020303475
1,1.0,0.9990702
1,1.0,0.9991575
1,1.0,0.9995794
1,1.0,0.99771845
1,1.0,0.9997363
1,1.0,0.99959177
0,0.0,0.0001635974
1,1.0,0.9997169
0,0.0,0.00025654936
0,0.0,0.0002751235
1,1.0,0.9988478
1,1.0,0.99954647
1,1.0,0.99881786
1,1.0,0.9996874
1,1.0,0.9989656
1,1.0,0.9994672
1,1.0,0.9996837
0,0.0,0.00015057014
0,0.0,0.00019318702
0,0.0,0.00015948177
1,1.0,0.99892306
1,1.0,0.999779
0,0.0,0.00025241115
0,0.0,0.0027561984
0,0.0,0.0013863847
0,0.0,0.0001815943
1,1.0,0.99901414
1,1.0,0.99884117
0,0.0,0.00020119477
1,1.0,0.99919003
1,1.0,0.99914956
0,0.0,0.00016991759
1,1.0,0.998069
1,1.0,0.9989227
0,0.0,0.00019736015
1,1.0,0.99975824
0,0.0,0.00019748588
1,1.0,0.99882203
0,0.0,0.000193702
1,1.0,0.9997524
0,0.0,0.0001640581
0,0.0,0.0001876605
0,0.0,0.00019810183
1,1.0,0.99782264
1,1.0,0.99951655
0,0.0,0.00014886772
1,1.0,0.99699837
0,0.0,0.00013696149
0,0.0,0.00018159983
1,1.0,0.99870366
0,0.0,0.00020285462
1,1.0,0.999065
0,0.0,0.00014177331
1,1.0,0.99884105
1,1.0,0.9989714
0,0.0,0.00019809541
1,1.0,0.9989726
1,1.0,0.99983233
1,1.0,0.9976991
0,0.0,0.0001330815
1,1.0,0.99981356
0,0.0,0.00014198614
0,0.0,0.00011907513
0,0.0,0.00019026833
1,1.0,0.9995925
0,0.0,0.00011866864
0,0.0,0.00012849
0,0.0,0.00011868584
0,0.0,0.00013851047
1,1.0,0.99883264
0,0.0,0.00014879336
0,0.0,0.00018175696
1,1.0,0.9988431
1,1.0,0.99884707
1,1.0,0.99842465
1,1.0,0.9998135
0,0.0,0.0001970172
1,1.0,0.9997807
0,0.0,0.00024770407
1,1.0,0.9976892
0,0.0,0.00019603399
1,1.0,0.9997344
1,1.0,0.999174
1,1.0,0.99893653
1,1.0,0.9997562
1,1.0,0.9998139
1,1.0,0.99902284
0,0.0,0.00016387469
0,0.0,0.0002080405
0,0.0,0.00017024779
1,1.0,0.9998138
0,0.0,0.00015175842
1,1.0,0.9998115
0,0.0,0.00020441976
1,1.0,0.9997904
1,1.0,0.99971426
1,1.0,0.9978127
1,1.0,0.9989274
0,0.0,0.0001967236
1,1.0,0.99874866
1,1.0,0.99970704
1,1.0,0.99970007
0,0.0,0.000114597526
0,0.0,0.00064928824
1,1.0,0.9989236
1,1.0,0.99886245
0,0.0,0.0001904413
1,1.0,0.9999081
1,1.0,0.99892575
1,1.0,0.9989784
1,1.0,0.9997904
1,1.0,0.99974906
1,1.0,0.99882215
1,1.0,0.99944973
0,0.0,0.00019591514
0,0.0,0.00014892565
0,0.0,0.0002591254
0,0.0,0.00030068803
1,1.0,0.99949193
0,0.0,0.0008195341
1,1.0,0.9991443
0,0.0,0.00092916755
0,0.0,0.00019140064
1,1.0,0.99884135
0,0.0,0.00025226295
0,0.0,0.00063255127
1,1.0,0.99967897
1,1.0,0.99896336
0,0.0,0.00037303174
0,0.0,0.00019608691
1,1.0,0.9997604
0,0.0,0.00013422212
1,1.0,0.998824
1,1.0,0.998824
1,1.0,0.9996596
1,1.0,0.99970543
0,0.0,0.00018798912
1,1.0,0.99916255
1,1.0,0.9989791
1,1.0,0.9997062
1,1.0,0.99946105
1,1.0,0.9998102
1,1.0,0.9997107
1,1.0,0.9997653
1,1.0,0.9996466
0,0.0,0.0001815955
1,1.0,0.999423
1,1.0,0.99883837
1,1.0,0.99958444
1,1.0,0.9997406
1,1.0,0.9990746
0,0.0,0.00018829085
1,1.0,0.998824
1,1.0,0.99980766
0,0.0,0.0001637224
0,0.0,0.00019479234
0,0.0,0.000256521
1,1.0,0.9989148
1,1.0,0.9988218
1,1.0,0.99949396
0,0.0,0.00020212654
1,1.0,0.99946696
0,0.0,0.00023589618
0,0.0,0.00020929595
1,1.0,0.9988431
1,1.0,0.9997798
1,1.0,0.99626875
0,0.0,0.00025882834
1,1.0,0.99980474
1,1.0,0.99912226
1,1.0,0.99981546
0,0.0,0.00025627116
0,0.0,0.00020308781
0,0.0,0.0001296034
1,1.0,0.9989213
1,1.0,0.99932677
1,1.0,0.9988147
1,1.0,0.9989277
1,1.0,0.9988958
1,1.0,0.99883854
0,0.0,0.0001981143
0,0.0,0.00018159619
0,0.0,0.00020577808
1,1.0,0.9996394
0,0.0,0.00025615978
0,0.0,0.00021828119
0,0.0,0.00069678755
0,0.0,0.0001882844
1,1.0,0.99963623
1,1.0,0.99992174
0,0.0,0.00019735863
0,0.0,0.00019735977
0,0.0,0.0001733247
0,0.0,0.00018625631
1,1.0,0.9997896
1,1.0,0.99970335
0,0.0,0.00018179613
0,0.0,0.00032590656
1,1.0,0.99967116
1,1.0,0.9988303
1,1.0,0.99893075
1,1.0,0.9997141
1,1.0,0.9990777
1,1.0,0.998827
1,1.0,0.99892837
1,1.0,0.99874836
0,0.0,0.0001686071
1,1.0,0.99898297
0,0.0,0.00018590376
1,1.0,0.9996964
0,0.0,0.00019672397
1,1.0,0.99884146
0,0.0,0.00025225888
0,0.0,0.00023693258
1,1.0,0.9998004
0,0.0,0.0008713947
0,0.0,0.00013333326
0,0.0,0.00023901161
0,0.0,0.00019811316
0,0.0,0.00012475063
0,0.0,0.0005100841
0,0.0,0.00016376613
0,0.0,0.0005055324
1,1.0,0.9994248
0,0.0,0.00013002413
1,1.0,0.9989655
0,0.0,0.0016742453
1,1.0,0.9984977
1,1.0,0.99963456
0,0.0,0.0001970202
1,1.0,0.9990031
1,1.0,0.9977203
1,1.0,0.99905074
0,0.0,0.00025216772
1,1.0,0.99915457
1,1.0,0.998831
1,1.0,0.9998109
0,0.0,0.0009438598
1,1.0,0.9995166
1,1.0,0.9995148
0,0.0,0.00019702734
1,1.0,0.99947566
0,0.0,0.00034450338
1,1.0,0.9997299
1,1.0,0.9996215
0,0.0,0.00019811052
1,1.0,0.99897707
1,1.0,0.9989657
1,1.0,0.9993966
1,1.0,0.9996737
1,1.0,0.9989778
0,0.0,0.0006489557
1,1.0,0.9996274
1,1.0,0.99905056
0,0.0,0.00019811392
1,1.0,0.99897116
1,1.0,0.99983454
1,1.0,0.9989917
0,0.0,0.00020084516
1,1.0,0.99951553
0,0.0,0.0001633432
0,0.0,0.00018375585
1,1.0,0.998825
1,1.0,0.9997469
1,1.0,0.99807316
1,1.0,0.9989685
1,1.0,0.9997032
0,0.0,0.00019475816
0,0.0,0.00019479291
0,0.0,0.00018967385
1,1.0,0.999766
1,1.0,0.99978966
1,1.0,0.9990617
0,0.0,0.00012094014
0,0.0,0.0004795767
1,1.0,0.9988179
0,0.0,0.00064923835
1,1.0,0.9997341
0,0.0,0.00019567955
1,1.0,0.99908066
1,1.0,0.9990361
0,0.0,0.00019738347
1,1.0,0.99834126
1,1.0,0.9986369
0,0.0,0.00020360394
1,1.0,0.99950695
0,0.0,0.0001281908
1,1.0,0.998815
0,0.0,0.00027055418
1,1.0,0.9976204
0,0.0,0.00023396847
1,1.0,0.99881643
1,1.0,0.9998466
1,1.0,0.9997557
1,1.0,0.9962247
1,1.0,0.99910253
1,1.0,0.99837095
0,0.0,0.00018440458
1,1.0,0.99881494
1,1.0,0.9976723
0,0.0,0.00016860325
0,0.0,0.00019567563
0,0.0,0.00011703178
1,1.0,0.9989582
0,0.0,0.00013004422
1,1.0,0.99951583
0,0.0,0.00069838006
1,1.0,0.998822
0,0.0,0.0003085048
0,0.0,0.00017770025
0,0.0,0.00019811676
1,1.0,0.9994307
1,1.0,0.9997055
1,1.0,0.99901706
1,1.0,0.9998154
1,1.0,0.9988239
0,0.0,0.00016368981
1,1.0,0.9988457
0,0.0,0.00012819421
0,0.0,0.0005237013
1,1.0,0.9990284
0,0.0,0.00019026561
1,1.0,0.9988179
1,1.0,0.9990535
1,1.0,0.9989379
1,1.0,0.9989297
1,1.0,0.998843
1,1.0,0.9989656
0,0.0,0.00020689123
1,1.0,0.99971485
1,1.0,0.99897206
1,1.0,0.99905086
0,0.0,0.00019530991
1,1.0,0.9988221
1,1.0,0.99883103
0,0.0,0.00029847844
1,1.0,0.9997096
0,0.0,0.00018895218
1,1.0,0.99977654
0,0.0,0.0001478957
0,0.0,0.00025238877
1,1.0,0.9997547
1,1.0,0.99895996
1,1.0,0.99907607
0,0.0,0.00019027159
0,0.0,0.00043055133
1,1.0,0.998822
1,1.0,0.99915546
1,1.0,0.99883
1,1.0,0.9997119
1,1.0,0.99772185
0,0.0,0.00025226537
0,0.0,0.0002524174
1,1.0,0.9990869
0,0.0,0.00014621152
1,1.0,0.99766517
1,1.0,0.9996373
0,0.0,0.00020562747
1,1.0,0.9983133
1,1.0,0.9997636
0,0.0,0.00020002929
1,1.0,0.9985075
1,1.0,0.99792737
0,0.0,0.00011833078
1,1.0,0.9997819
1,1.0,0.99873406
0,0.0,0.00017433726
0,0.0,0.00019684425
1,1.0,0.9997939
0,0.0,0.0005966753
0,0.0,0.00077232585
0,0.0,0.0001947435
1,1.0,0.99894625
1,1.0,0.9997071
1,1.0,0.99957573
1,1.0,0.9988292
0,0.0,0.00043116475
1,1.0,0.9994086
0,0.0,0.0002563281
1,1.0,0.99893385
1,1.0,0.9996535
0,0.0,0.00018798572
0,0.0,0.00025928774
1,1.0,0.99883074
0,0.0,0.00015231976
1,1.0,0.99921525
0,0.0,0.00019479883
1,1.0,0.9993052
1,1.0,0.99836886
0,0.0,0.000118846445
1,1.0,0.9990323
1,1.0,0.99916255
0,0.0,0.00017656156
1,1.0,0.99932486
0,0.0,0.00025462548
0,0.0,0.00025885622
0,0.0,0.0001709057
1,1.0,0.99892807
0,0.0,0.00012147411
0,0.0,0.00055249577
1,1.0,0.999888
0,0.0,0.0001488565
0,0.0,0.00014616721
0,0.0,0.00023109847
1,1.0,0.99774617
0,0.0,0.00021517415
1,1.0,0.9983887
0,0.0,0.00014191857
0,0.0,0.00011672708
0,0.0,0.0024197118
1,1.0,0.9997731
1,1.0,0.9992815
1,1.0,0.998942
0,0.0,0.00012429622
0,0.0,0.00022647648
1,1.0,0.9994763
0,0.0,0.00023331953
1,1.0,0.99896604
1,1.0,0.99884677
1,1.0,0.9996723
1,1.0,0.9987657
0,0.0,0.003870974
0,0.0,0.0002834347
0,0.0,0.00014177035
0,0.0,0.00034003705
1,1.0,0.9989937
0,0.0,0.00014761675
1,1.0,0.9988384
1,1.0,0.9989862
1,1.0,0.9988296
1,1.0,0.99973994
1,1.0,0.9990587
0,0.0,0.00012476384
1,1.0,0.99895185
1,1.0,0.9998824
1,1.0,0.99884313
1,1.0,0.999805
1,1.0,0.9997948
1,1.0,0.9996493
0,0.0,0.0001684962
1,1.0,0.9989278
1,1.0,0.998822
1,1.0,0.99882483
1,1.0,0.9995166
1,1.0,0.9990509
0,0.0,0.00014622672
1,1.0,0.99914443
1,1.0,0.99882084
1,1.0,0.99884146
1,1.0,0.99956554
0,0.0,0.00018114362
1,1.0,0.9989339
0,0.0,0.00015974233
0,0.0,0.0005139501
1,1.0,0.99782264
1,1.0,0.9988239
1,1.0,0.9989697
1,1.0,0.9991446
0,0.0,0.00019530935
1,1.0,0.9996036
0,0.0,0.00018176198
1,1.0,0.9975477
1,1.0,0.9994327
1,1.0,0.9993228
0,0.0,0.00050420593
0,0.0,0.00019497816
1,1.0,0.9989364
0,0.0,0.00046835956
1,1.0,0.99836147
0,0.0,0.0001967251
0,0.0,0.00020128647
0,0.0,0.0005159269
1,1.0,0.9990707
1,1.0,0.9988149
1,1.0,0.99895084
0,0.0,0.00019473699
0,0.0,0.000841579
1,1.0,0.9998036
1,1.0,0.99884665
0,0.0,0.00019782776
0,0.0,0.00047592056
0,0.0,0.0001345199
0,0.0,0.00019027414
1,1.0,0.9988233
1,1.0,0.9988253
0,0.0,0.00019698263
1,1.0,0.9989017
1,1.0,0.9990746
0,0.0,0.00018916777
0,0.0,0.00020231128
1,1.0,0.99976724
1,1.0,0.9990761
0,0.0,0.00019702566
1,1.0,0.99901766
0,0.0,0.0001417598
1,1.0,0.9998029
0,0.0,0.00019609662
1,1.0,0.99770933
1,1.0,0.9988303
1,1.0,0.9990851
0,0.0,0.00027601654
0,0.0,0.00025519956
0,0.0,0.00018824259
1,1.0,0.9988477
1,1.0,0.9997518
1,1.0,0.99841857
1,1.0,0.9995766
1,1.0,0.9995088
1,1.0,0.99981153
1,1.0,0.9990775
0,0.0,0.00013267327
1,1.0,0.9994329
1,1.0,0.9994415
1,1.0,0.99943346
0,0.0,0.00026393845
0,0.0,0.00017417708
1,1.0,0.9991272
1,1.0,0.9984832
0,0.0,0.00012955433
1,1.0,0.99918294
0,0.0,0.0001882641
1,1.0,0.9997133
1,1.0,0.99897563
0,0.0,0.00019809975
1,1.0,0.999472
1,1.0,0.9995463
1,1.0,0.99724334
1,1.0,0.9996678
0,0.0,0.00020520264
0,0.0,0.000322657
0,0.0,0.00016379112
0,0.0,0.00012855632
1,1.0,0.9986412
0,0.0,0.0001167765
1,1.0,0.9996419
0,0.0,0.00022435049
1,1.0,0.9997846
0,0.0,0.0004311039
0,0.0,0.00019480627
0,0.0,0.0027871735
1,1.0,0.9989857
0,0.0,0.00019764225
1,1.0,0.9997368
1,1.0,0.9997168
0,0.0,0.00019672322
1,1.0,0.99908686
1,1.0,0.997921
1,1.0,0.9998185
0,0.0,0.00014251309
0,0.0,0.00012703746
1,1.0,0.99935657
1,1.0,0.9988164
1,1.0,0.9990026
1,1.0,0.9992043
1,1.0,0.99882925
0,0.0,0.00012891303
1,1.0,0.9992002
1,1.0,0.9990829
1,1.0,0.9988314
0,0.0,0.0007457362
0,0.0,0.00019671237
1,1.0,0.99898106
1,1.0,0.99773484
1,1.0,0.9996594
1,1.0,0.9996612
1,1.0,0.9981795
0,0.0,0.00012447307
0,0.0,0.00019026906
0,0.0,0.0001140297
0,0.0,0.00012142419
1,1.0,0.9994725
0,0.0,0.00019763169
1,1.0,0.9997901
0,0.0,0.00018440353
0,0.0,0.00025633568
1,1.0,0.99971545
1,1.0,0.99977714
1,1.0,0.9988221
0,0.0,0.0018358321
1,1.0,0.99981517
1,1.0,0.99973685
1,1.0,0.9990615
0,0.0,0.0001895218
0,0.0,0.00025520078
1,1.0,0.99971414
1,1.0,0.9989046
1,1.0,0.9995244
0,0.0,0.00082887243
0,0.0,0.00042141412
0,0.0,0.00018807895
0,0.0,0.0001960697
0,0.0,0.00016371772
0,0.0,0.00011442837
0,0.0,0.00018952921
1,1.0,0.99941754
0,0.0,0.00025519688
1,1.0,0.9989582
1,1.0,0.9997804
0,0.0,0.00014760492
1,1.0,0.99970603
1,1.0,0.99972415
1,1.0,0.9998023
0,0.0,0.00051243
0,0.0,0.00043120273
1,1.0,0.9996992
0,0.0,0.0001904462
1,1.0,0.99987704
0,0.0,0.0002546296
0,0.0,0.00019608391
0,0.0,0.00016366046
0,0.0,0.00013807951
0,0.0,0.0016033356
1,1.0,0.9886794
1,1.0,0.99878305
1,1.0,0.9998788
1,1.0,0.9989414
1,1.0,0.99907964
1,1.0,0.9990811
1,1.0,0.99877125
1,1.0,0.9991996
0,0.0,0.00019736991
0,0.0,0.00013363633
1,1.0,0.99898696
1,1.0,0.99985677
1,1.0,0.99914956
1,1.0,0.99857116
1,1.0,0.9990896
1,1.0,0.99896747
1,1.0,0.9997135
1,1.0,0.99951375
1,1.0,0.9990636
0,0.0,0.00013696881
0,0.0,0.001012112
1,1.0,0.9996269
0,0.0,0.00014171412
1,1.0,0.99969333
1,1.0,0.99945664
0,0.0,0.0004312272
1,1.0,0.99907553
0,0.0,0.00017664001
0,0.0,0.00018953318
0,0.0,0.0002562802
1,1.0,0.99905866
1,1.0,0.99883085
0,0.0,0.00025595224
1,1.0,0.9997582
1,1.0,0.9993145
1,1.0,0.99882203
1,1.0,0.9989561
1,1.0,0.999511
1,1.0,0.9998025
0,0.0,0.00023580733
1,1.0,0.9988432
1,1.0,0.99984807
0,0.0,0.0001980682
1,1.0,0.9990491
0,0.0,0.00027604363
1,1.0,0.9978525
1,1.0,0.9994929
0,0.0,0.0005214034
0,0.0,0.0002049936
0,0.0,0.000117515774
1,1.0,0.99884117
0,0.0,0.0001981177
0,0.0,0.000114624505
0,0.0,0.00019494467
0,0.0,0.00019671816
0,0.0,0.00011657257
0,0.0,0.00026247997
1,1.0,0.9987483
0,0.0,0.00013916749
0,0.0,0.00025633152
1,1.0,0.9989419
1,1.0,0.9991093
1,1.0,0.9988178
0,0.0,0.00023398765
0,0.0,0.00019044256
0,0.0,0.00018362273
1,1.0,0.99975353
0,0.0,0.00020692081
0,0.0,0.00012817908
1,1.0,0.99970686
0,0.0,0.00019498206
1,1.0,0.9997581
1,1.0,0.9996494
1,1.0,0.99896234
0,0.0,0.00012793204
1,1.0,0.99897254
1,1.0,0.99876493
0,0.0,0.00012819434
1,1.0,0.9994873
0,0.0,0.00018439894
0,0.0,0.00013766183
0,0.0,0.000121421646
1,1.0,0.99896973
1,1.0,0.99914443
1,1.0,0.99943423
1,1.0,0.9980251
1,1.0,0.99904925
1,1.0,0.99882925
0,0.0,0.00064897025
0,0.0,0.00020178108
0,0.0,0.0001889475
0,0.0,0.00039983334
0,0.0,0.00021782376
0,0.0,0.00011577176
1,1.0,0.9972329
0,0.0,0.00011832085
1,1.0,0.9998059
0,0.0,0.00013217865
0,0.0,0.00025462353
0,0.0,0.00013065562
0,0.0,0.0002488016
0,0.0,0.00019603268
0,0.0,0.0002753686
1,1.0,0.99975526
1,1.0,0.9989717
1,1.0,0.99974227
0,0.0,0.0001272523
0,0.0,0.0026677374
0,0.0,0.00064960634
1,1.0,0.9996492
0,0.0,0.00018967493
1,1.0,0.9997634
1,1.0,0.9989583
1,1.0,0.9997347
1,1.0,0.9995724
1,1.0,0.998822
1,1.0,0.9987627
0,0.0,0.00013592743
1,1.0,0.9998435
1,1.0,0.9997364
1,1.0,0.99961954
0,0.0,0.00014589081
0,0.0,0.00020677112
1,1.0,0.99981576
1,1.0,0.9987647
1,1.0,0.99968827
0,0.0,0.00023547548
1,1.0,0.9998921
1,1.0,0.99973685
1,1.0,0.9994707
0,0.0,0.00022795112
1,1.0,0.9990747
0,0.0,0.00039101965
1,1.0,0.99753606
0,0.0,0.00018967403
1,1.0,0.9983597
1,1.0,0.99907964
0,0.0,0.00020194876
1,1.0,0.9983562
1,1.0,0.9988986
1,1.0,0.9997801
0,0.0,0.00013096021
0,0.0,0.00015867209
1,1.0,0.9987304
1,1.0,0.9998167
0,0.0,0.00025238754
0,0.0,0.00151387
1,1.0,0.9995684
1,1.0,0.9989416
1,1.0,0.9988431
1,1.0,0.998822
1,1.0,0.999617
1,1.0,0.9997127
1,1.0,0.9996833
1,1.0,0.99971026
0,0.0,0.00014188571
1,1.0,0.9997145
0,0.0,0.0001968238
0,0.0,0.00016352911
1,1.0,0.99916273
1,1.0,0.9993151
1,1.0,0.99892294
1,1.0,0.9975664
0,0.0,0.00015654769
1,1.0,0.9995769
1,1.0,0.99957556
0,0.0,0.002363352
1,1.0,0.99883074
1,1.0,0.9990586
0,0.0,0.00015175596
1,1.0,0.99926895
0,0.0,0.00019811185
0,0.0,0.00017091857
0,0.0,0.00019701794
0,0.0,0.00013307948
1,1.0,0.9998233
1,1.0,0.9988411
0,0.0,0.00022876677
1,1.0,0.9989229
0,0.0,0.0005092963
0,0.0,0.00016402853
1,1.0,0.99882704
0,0.0,0.00013393114
0,0.0,0.00016886098
1,1.0,0.99882936
1,1.0,0.9992026
0,0.0,0.00018757622
1,1.0,0.9988469
1,1.0,0.99877125
0,0.0,0.00027599442
1,1.0,0.99983764
1,1.0,0.9989684
1,1.0,0.999754
0,0.0,0.00019997035
0,0.0,0.0001967251
0,0.0,0.00020309517
1,1.0,0.9996232
1,1.0,0.998815
0,0.0,0.0009273081
1,1.0,0.9992105
1,1.0,0.9991496
0,0.0,0.00018953427
1,1.0,0.9994755
0,0.0,0.00019565603
0,0.0,0.00014740799
1,1.0,0.99950945
1,1.0,0.99897283
0,0.0,0.00018597824
1,1.0,0.9998288
0,0.0,0.00018439683
0,0.0,0.00064901786
0,0.0,0.00015773409
1,1.0,0.9988238
0,0.0,0.00019603604
0,0.0,0.00019026797
1,1.0,0.99969786
1,1.0,0.9992723
0,0.0,0.00015693103
0,0.0,0.00020721498
0,0.0,0.0011811012
0,0.0,0.0004055685
0,0.0,0.00023117868
0,0.0,0.00018259055
0,0.0,0.0011396087
1,1.0,0.9997897
0,0.0,0.0001610555
0,0.0,0.00012799501
0,0.0,0.00046365143
1,1.0,0.9997652
1,1.0,0.99893475
0,0.0,0.0001418278
1,1.0,0.9993501
0,0.0,0.0002546228
0,0.0,0.00016862992
1,1.0,0.9990854
0,0.0,0.00023456596
0,0.0,0.00015292678
1,1.0,0.99975854
0,0.0,0.00017970953
0,0.0,0.002413285
0,0.0,0.00023764186
0,0.0,0.00018803429
1,1.0,0.99884695
0,0.0,0.00030048686
1,1.0,0.9998019
0,0.0,0.0001458538
1,1.0,0.99882203
0,0.0,0.0002008758
1,1.0,0.99923176
0,0.0,0.00019498038
1,1.0,0.9982479
1,1.0,0.9989228
1,1.0,0.99967444
0,0.0,0.0026927579
0,0.0,0.00018444729
1,1.0,0.9988221
1,1.0,0.99970555
1,1.0,0.9977782
1,1.0,0.99927634
1,1.0,0.9988179
0,0.0,0.00023339853
0,0.0,0.00018439718
1,1.0,0.9992576
0,0.0,0.00020256604
0,0.0,0.00021397036
0,0.0,0.00017231882
0,0.0,0.00023858107
1,1.0,0.9988278
1,1.0,0.9991626
0,0.0,0.00019508805
0,0.0,0.00019671125
1,1.0,0.99857783
0,0.0,0.0002522567
0,0.0,0.00023580935
1,1.0,0.9997017
1,1.0,0.99883157
0,0.0,0.000857095
1,1.0,0.99977124
1,1.0,0.99881464
0,0.0,0.00018175904
1,1.0,0.9990868
1,1.0,0.99976444
0,0.0,0.0016011548
0,0.0,0.00016647094
0,0.0,0.00020466081
1,1.0,0.9990275
0,0.0,0.0001968448
1,1.0,0.99905914
0,0.0,0.00018439894
0,0.0,0.00019669397
0,0.0,0.0005104795
1,1.0,0.99916273
1,1.0,0.9988469
1,1.0,0.99978054
1,1.0,0.9990321
1,1.0,0.9996319
1,1.0,0.9988469
1,1.0,0.99833554
1,1.0,0.9997895
0,0.0,0.00019399125
1,1.0,0.9980692
0,0.0,0.00019701644
1,1.0,0.9991654
1,1.0,0.9983351
0,0.0,0.0009152074
0,0.0,0.00017055406
1,1.0,0.99908537
1,1.0,0.9997168
0,0.0,0.00014617405
0,0.0,0.00019671275
0,0.0,0.0002521567
1,1.0,0.999341
0,0.0,0.00020031919
1,1.0,0.99831426
0,0.0,6.225896e-05
0,0.0,0.00027498245
1,1.0,0.99977493
0,0.0,0.0011390336
1,1.0,0.99970907
1,1.0,0.9994109
1,1.0,0.99768937
1,1.0,0.9990709
1,1.0,0.9997839
1,1.0,0.998827
1,1.0,0.9997104
1,1.0,0.9988468
0,0.0,0.0021382093
1,1.0,0.9998609
1,1.0,0.99916255
1,1.0,0.99889284
0,0.0,0.00016372646
1,1.0,0.99952865
1,1.0,0.9993905
0,0.0,0.00011570278
1,1.0,0.9988238
1,1.0,0.99881643
1,1.0,0.9995155
1,1.0,0.99947256
1,1.0,0.99890196
0,0.0,0.0011516644
0,0.0,0.0002757711
0,0.0,0.00011831431
1,1.0,0.998335
1,1.0,0.99961495
0,0.0,0.00060645596
0,0.0,0.00019473884
1,1.0,0.9989344
0,0.0,0.00019991242
0,0.0,0.00018362903
0,0.0,0.00018829678
1,1.0,0.9977645
1,1.0,0.99964947
0,0.0,0.00019479607
0,0.0,0.00012751065
0,0.0,0.00020974204
1,1.0,0.9998068
1,1.0,0.9994956
1,1.0,0.99907595
1,1.0,0.99895626
1,1.0,0.999085
0,0.0,0.0029202758
1,1.0,0.99884313
0,0.0,0.0008635169
0,0.0,0.000656033
1,1.0,0.9989524
0,0.0,0.00018825514
0,0.0,0.0005921267
1,1.0,0.9997204
1,1.0,0.99977535
1,1.0,0.99952024
0,0.0,0.0008621476
0,0.0,0.00018450798
1,1.0,0.9983542
0,0.0,0.00020073316
0,0.0,0.00018628314
1,1.0,0.99977803
1,1.0,0.99874866
0,0.0,0.00021435259
0,0.0,0.00017769958
0,0.0,0.0001947524
0,0.0,0.0004063981
0,0.0,0.0002702044
1,1.0,0.9978561
1,1.0,0.99882084
0,0.0,0.0006491629
0,0.0,0.0001975872
1,1.0,0.9995053
0,0.0,0.00018441619
0,0.0,0.00018651383
1,1.0,0.99970967
0,0.0,0.00017943319
0,0.0,0.00019681537
0,0.0,0.00023547548
1,1.0,0.9988455
1,1.0,0.998822
1,1.0,0.99907964
1,1.0,0.99962664
0,0.0,0.0003006582
0,0.0,0.00019762981
0,0.0,0.00021702689
1,1.0,0.9996547
0,0.0,0.000254625
0,0.0,0.00019042857
0,0.0,0.0002051246
1,1.0,0.99970096
1,1.0,0.9989583
0,0.0,0.00017926183
1,1.0,0.99893415
1,1.0,0.9989263
0,0.0,0.00027361207
1,1.0,0.99969447
1,1.0,0.998598
1,1.0,0.99907964
0,0.0,0.00018177446
1,1.0,0.9998509
1,1.0,0.9988411
1,1.0,0.99908423
1,1.0,0.9997067
0,0.0,0.000118689466
0,0.0,0.0005106698
1,1.0,0.9988467
1,1.0,0.99922013
1,1.0,0.9998071
0,0.0,0.00019497388
1,1.0,0.99882394
0,0.0,0.00019764432
1,1.0,0.9990834
0,0.0,0.00016373974
1,1.0,0.99970335
0,0.0,0.00019735468
0,0.0,0.00023547684
0,0.0,0.0003863178
0,0.0,0.00011719495
1,1.0,0.99980944
1,1.0,0.99980164
1,1.0,0.9989797
0,0.0,0.0001967221
0,0.0,0.00012810282
0,0.0,0.00026248224
1,1.0,0.9998152
1,1.0,0.9974808
1,1.0,0.9997095
0,0.0,0.00022124124
0,0.0,0.00018159689
0,0.0,0.00016078053
0,0.0,0.00018659422
1,1.0,0.9990414
0,0.0,0.00019675588
1,1.0,0.99973613
0,0.0,0.00020507297
0,0.0,0.00011549588
1,1.0,0.99896723
1,1.0,0.9986387
1,1.0,0.9990598
1,1.0,0.9996752
1,1.0,0.9988467
1,1.0,0.99956346
1,1.0,0.9976987
1,1.0,0.99882996
0,0.0,0.00014189396
1,1.0,0.997731
1,1.0,0.99960876
0,0.0,0.00021203226
0,0.0,0.00018952433
0,0.0,0.00018159585
1,1.0,0.9990811
0,0.0,0.00019671237
0,0.0,0.0003906154
1,1.0,0.99914455
1,1.0,0.99963033
0,0.0,9.872092e-05
1,1.0,0.9995953
1,1.0,0.9998021
1,1.0,0.99864256
1,1.0,0.9997147
0,0.0,0.00020309401
0,0.0,0.0001691817
1,1.0,0.99970627
1,1.0,0.99914473
1,1.0,0.99973434
0,0.0,0.00018618743
0,0.0,0.00018175886
0,0.0,0.00018952758
0,0.0,0.00019567712
1,1.0,0.9997071
1,1.0,0.9988239
1,1.0,0.9989535
1,1.0,0.9989419
0,0.0,0.00016289322
1,1.0,0.99882174
1,1.0,0.9998148
1,1.0,0.99884695
0,0.0,0.00015175712
0,0.0,0.00019043857
1,1.0,0.998655
1,1.0,0.9997799
1,1.0,0.99911505
0,0.0,0.00014588523
1,1.0,0.99876463
1,1.0,0.9990606
0,0.0,0.000163699
1,1.0,0.99914986
1,1.0,0.99930155
1,1.0,0.9995784
0,0.0,0.00018150981
0,0.0,6.890203e-05
1,1.0,0.99950844
1,1.0,0.99772996
0,0.0,0.00011442378
1,1.0,0.99963635
0,0.0,0.00014026929
0,0.0,0.00013809123
0,0.0,0.00021870887
0,0.0,0.00047427844
0,0.0,0.00022686482
1,1.0,0.9988478
1,1.0,0.9990318
0,0.0,0.00017397208
1,1.0,0.99892825
1,1.0,0.9996295
1,1.0,0.9994714
1,1.0,0.9996559
1,1.0,0.9990811
0,0.0,0.00014889527
1,1.0,0.9991175
0,0.0,0.00014789513
1,1.0,0.9990621
1,1.0,0.9997139
0,0.0,0.0022915297
1,1.0,0.9996787
1,1.0,0.9994341
0,0.0,0.00016390659
0,0.0,0.00017497526
0,0.0,0.0024731443
0,0.0,0.00027600944
0,0.0,0.00083680754
1,1.0,0.9997965
1,1.0,0.99837554
1,1.0,0.9997096
0,0.0,0.00034230977
0,0.0,0.0005694517
1,1.0,0.99896955
0,0.0,0.00039159934
0,0.0,0.00014194213
1,1.0,0.9992007
1,1.0,0.9988433
0,0.0,0.00025653176
1,1.0,0.99805754
0,0.0,0.00018819609
0,0.0,0.00018005239
1,1.0,0.99977386
1,1.0,0.9997271
1,1.0,0.9988178
0,0.0,0.00019044003
1,1.0,0.99948627
1,1.0,0.9989666
1,1.0,0.99947256
1,1.0,0.99890214
0,0.0,0.0001992836
1,1.0,0.99981505
1,1.0,0.99981385
1,1.0,0.99906355
0,0.0,0.00056082703
1,1.0,0.9988319
0,0.0,0.00019027051
1,1.0,0.9989787
0,0.0,0.00020827234
0,0.0,0.00021445482
0,0.0,0.00015177188
0,0.0,0.00010575257
0,0.0,0.00019204542
1,1.0,0.9995285
1,1.0,0.9989772
1,1.0,0.9989446
1,1.0,0.9994055
1,1.0,0.9998018
0,0.0,0.00030062234
0,0.0,0.00012894094
1,1.0,0.9997918
0,0.0,0.00015662024
1,1.0,0.9994327
0,0.0,0.00018143853
1,1.0,0.9989255
1,1.0,0.9988963
0,0.0,0.00019984189
1,1.0,0.9991504
0,0.0,0.0001295368
0,0.0,0.0002357997
0,0.0,0.0001461732
0,0.0,0.00039164934
1,1.0,0.9996763
1,1.0,0.9988293
1,1.0,0.9986389
1,1.0,0.99893343
0,0.0,0.00024162805
1,1.0,0.9989386
0,0.0,0.001341997
0,0.0,0.0005713426
0,0.0,0.0001973799
1,1.0,0.9985832
1,1.0,0.9996354
1,1.0,0.99946225
1,1.0,0.99855345
1,1.0,0.9985527
1,1.0,0.9996137
1,1.0,0.9994226
1,1.0,0.99979293
0,0.0,0.00020766794
0,0.0,0.00017888703
1,1.0,0.99977064
1,1.0,0.9998585
1,1.0,0.998624
0,0.0,0.00022730655
0,0.0,0.00019093894
0,0.0,9.852924e-05
1,1.0,0.998438
0,0.0,0.00018745965
1,1.0,0.9988084
0,0.0,7.3106756e-05
1,1.0,0.9988505
0,0.0,0.0014795477
1,1.0,0.9994235
1,1.0,0.9984768
0,0.0,0.000198451
1,1.0,0.9985584
1,1.0,0.9997529
0,0.0,0.00020863484
1,1.0,0.999275
0,0.0,0.00053625926
1,1.0,0.9992186
1,1.0,0.99985945
1,1.0,0.9990228
1,1.0,0.9992178
1,1.0,0.99846506
1,1.0,0.9998355
1,1.0,0.99941087
1,1.0,0.9987469
1,1.0,0.9985902
1,1.0,0.99874955
1,1.0,0.9998532
0,0.0,9.26291e-05
1,1.0,0.9988232
0,0.0,0.00024492023
1,1.0,0.9985629
0,0.0,0.00023251474
0,0.0,0.00018100378
0,0.0,0.00024710374
1,1.0,0.99843806
1,1.0,0.9972365
1,1.0,0.9979524
1,1.0,0.9984982
0,0.0,0.00018679415
1,1.0,0.9984516
1,1.0,0.9991774
1,1.0,0.99848264
1,1.0,0.9998423
1,1.0,0.998438
1,1.0,0.9985526
0,0.0,0.00018746287
0,0.0,0.00018669586
1,1.0,0.9985895
1,1.0,0.99844515
0,0.0,0.0001931964
1,1.0,0.9984512
1,1.0,0.9996556
0,0.0,0.00018669141
0,0.0,0.00013088457
1,1.0,0.9984651
0,0.0,0.0025176185
0,0.0,0.00018521427
1,1.0,0.9986991
1,1.0,0.99983466
0,0.0,0.00021851066
1,1.0,0.99946976
1,1.0,0.9985867
0,0.0,0.0001371251
0,0.0,0.00034287578
1,1.0,0.99963826
0,0.0,0.00020589426
0,0.0,0.00018430545
0,0.0,0.00019503152
1,1.0,0.9988681
1,1.0,0.99954784
1,1.0,0.9999326
1,1.0,0.99715775
1,1.0,0.9991511
1,1.0,0.99735266
1,1.0,0.9988679
1,1.0,0.9986187
0,0.0,0.00011930983
0,0.0,0.0001781675
0,0.0,0.00053555385
0,0.0,0.00019021772
1,1.0,0.99899775
1,1.0,0.99986404
0,0.0,0.00013663707
0,0.0,9.298629e-05
1,1.0,0.9996817
1,1.0,0.99984163
0,0.0,9.562989e-05
1,1.0,0.998495
1,1.0,0.9996152
1,1.0,0.99915105
1,1.0,0.9998576
1,1.0,0.9987495
0,0.0,7.809257e-05
0,0.0,0.00011650657
1,1.0,0.99959344
1,1.0,0.99954236
1,1.0,0.9991726
0,0.0,0.000122188
0,0.0,0.00018559348
0,0.0,0.00020073049
0,0.0,0.0001935567
0,0.0,0.00019023531
0,0.0,0.0012811001
1,1.0,0.9996893
0,0.0,0.00040162192
0,0.0,0.00011891513
1,1.0,0.9986753
0,0.0,0.00020426525
1,1.0,0.99859375
0,0.0,0.00019130396
1,1.0,0.998757
0,0.0,0.00018712928
0,0.0,8.5518725e-05
1,1.0,0.9994586
0,0.0,0.0011726961
0,0.0,8.9828776e-05
1,1.0,0.998563
1,1.0,0.9994965
1,1.0,0.99978137
1,1.0,0.99984765
1,1.0,0.9985836
0,0.0,0.00020444822
1,1.0,0.9986627
1,1.0,0.9968718
0,0.0,0.0001866891
1,1.0,0.99845695
1,1.0,0.99931693
1,1.0,0.99849814
1,1.0,0.99843764
1,1.0,0.9991246
0,0.0,0.00018668499
1,1.0,0.9984948
1,1.0,0.99846506
1,1.0,0.99878466
1,1.0,0.9979196
0,0.0,0.00020606455
0,0.0,0.00015260006
0,0.0,0.00041584007
0,0.0,0.00024210887
0,0.0,0.00018669337
1,1.0,0.9984625
0,0.0,0.00019120183
1,1.0,0.9986391
1,1.0,0.9986575
1,1.0,0.99909407
1,1.0,0.9998894
0,0.0,9.023642e-05
0,0.0,0.00024951284
0,0.0,0.00018912194
0,0.0,0.000118913886
1,1.0,0.9988363
0,0.0,0.00019023314
1,1.0,0.9995711
0,0.0,0.00018559047
0,0.0,0.00018559277
0,0.0,0.00022146157
0,0.0,0.00019129885
1,1.0,0.99848276
1,1.0,0.9985854
0,0.0,7.123346e-05
0,0.0,9.304278e-05
0,0.0,0.00021783187
1,1.0,0.998495
1,1.0,0.99953544
1,1.0,0.99969023
0,0.0,0.00016489667
1,1.0,0.998668
1,1.0,0.999737
1,1.0,0.9994693
0,0.0,0.00010237508
1,1.0,0.9996898
1,1.0,0.998861
1,1.0,0.99915105
0,0.0,0.00018914703
0,0.0,0.00017817276
0,0.0,0.0005758713
0,0.0,0.00028381837
1,1.0,0.99858576
0,0.0,0.00022198711
1,1.0,0.9996775
0,0.0,0.0019791431
0,0.0,0.0002778913
0,0.0,0.0009170736
1,1.0,0.9991536
0,0.0,0.0040768194
0,0.0,0.00017191264
1,1.0,0.9971369
0,0.0,0.0002493043
1,1.0,0.99381024
0,0.0,9.29956e-05
1,1.0,0.99847037
0,0.0,0.00056009355
1,1.0,0.99849135
1,1.0,0.99838257
0,0.0,0.00018692315
1,1.0,0.9989673
1,1.0,0.9992718
0,0.0,0.00050649856
0,0.0,0.00020679341
1,1.0,0.9990423
0,0.0,0.00022616143
1,1.0,0.9985575
1,1.0,0.9997005
1,1.0,0.99970496
0,0.0,0.0001384752
0,0.0,7.768865e-05
0,0.0,0.0002715116
1,1.0,0.99843824
1,1.0,0.998465
1,1.0,0.99737674
1,1.0,0.9990076
0,0.0,0.00048481236
0,0.0,0.000111741814
0,0.0,0.00018895091
1,1.0,0.99984175
0,0.0,8.552753e-05
0,0.0,0.000993431
1,1.0,0.9985919
0,0.0,0.00018712554
1,1.0,0.99858546
1,1.0,0.9992985
1,1.0,0.99959344
1,1.0,0.9999148
0,0.0,0.00020584384
1,1.0,0.9996399
1,1.0,0.9966642
0,0.0,0.00017773973
1,1.0,0.9986225
1,1.0,0.9996469
0,0.0,0.0001879031
1,1.0,0.9995703
0,0.0,0.00048486923
1,1.0,0.99970585
1,1.0,0.99864334
1,1.0,0.9985934
0,0.0,0.00018802048
0,0.0,0.00027146682
0,0.0,0.00020361812
0,0.0,0.00018580578
1,1.0,0.99967086
1,1.0,0.99738574
1,1.0,0.99970555
0,0.0,0.00024593747
1,1.0,0.9992345
0,0.0,0.00011197829
0,0.0,0.00021596876
0,0.0,0.00024973182
0,0.0,0.00024095787
1,1.0,0.9987534
1,1.0,0.999322
0,0.0,0.0007676661
0,0.0,0.00076807296
0,0.0,0.0002027179
0,0.0,0.00021061317
0,0.0,0.00023296253
0,0.0,0.00010690468
1,1.0,0.9988295
0,0.0,0.00019644714
1,1.0,0.9998406
0,0.0,0.00024091975
1,1.0,0.99964094
1,1.0,0.99892753
1,1.0,0.9983827
1,1.0,0.9996457
0,0.0,0.00010701718
0,0.0,0.0016859759
0,0.0,0.00010691641
0,0.0,0.00012481262
1,1.0,0.9998376
1,1.0,0.9983619
1,1.0,0.9994822
0,0.0,0.0004941497
0,0.0,0.0006059296
0,0.0,0.000454917
1,1.0,0.99933976
1,1.0,0.9992664
1,1.0,0.99853706
1,1.0,0.9972378
0,0.0,0.00017888276
1,1.0,0.99848574
1,1.0,0.9984162
1,1.0,0.99983805
1,1.0,0.99868935
0,0.0,0.00020679913
0,0.0,0.00021304045
0,0.0,0.00020021819
0,0.0,0.0001952535
1,1.0,0.9984676
1,1.0,0.99848574
0,0.0,0.00018894767
1,1.0,0.9985532
0,0.0,0.0001862098
0,0.0,0.00014138235
0,0.0,7.787453e-05
1,1.0,0.9984542
0,0.0,0.00156695
0,0.0,0.0002008465
0,0.0,0.00018627195
1,1.0,0.9997021
1,1.0,0.998977
1,1.0,0.9984768
1,1.0,0.99985915
1,1.0,0.9986625
0,0.0,0.0001935445
1,1.0,0.9997972
0,0.0,9.637433e-05
1,1.0,0.99703413
1,1.0,0.99864084
1,1.0,0.9989929
1,1.0,0.99985033
0,0.0,0.00053570495
1,1.0,0.99935585
0,0.0,0.00020359598
0,0.0,0.00018746644
0,0.0,0.00011456342
0,0.0,0.00016584735
1,1.0,0.9984857
0,0.0,0.00024855594
1,1.0,0.9984412
0,0.0,0.00024094408
0,0.0,0.00024173451
1,1.0,0.9984949
1,1.0,0.99851316
1,1.0,0.99848914
1,1.0,0.99967986
0,0.0,0.00010752075
0,0.0,0.0034260524
1,1.0,0.999705
1,1.0,0.9981477
0,0.0,8.550381e-05
1,1.0,0.99846
1,1.0,0.9980364
0,0.0,0.00022257016
0,0.0,0.00020360317
0,0.0,9.328949e-05
1,1.0,0.99867004
1,1.0,0.9996117
1,1.0,0.9987569
0,0.0,0.0001912042
1,1.0,0.99743533
0,0.0,0.00016658526
1,1.0,0.9987406
1,1.0,0.9997912
0,0.0,0.000175633
1,1.0,0.9984533
1,1.0,0.99886113
1,1.0,0.99875706
0,0.0,0.0002471598
1,1.0,0.9998131
0,0.0,0.0006161257
0,0.0,0.00019118324
1,1.0,0.9978794
0,0.0,9.339826e-05
0,0.0,0.00018790794
0,0.0,0.00018894911
1,1.0,0.9989544
0,0.0,0.00019874318
0,0.0,0.00021060192
1,1.0,0.998595
0,0.0,6.920645e-05
1,1.0,0.99886787
1,1.0,0.99855924
1,1.0,0.9984467
1,1.0,0.9968873
1,1.0,0.99985945
1,1.0,0.9997755
0,0.0,0.000107878346
1,1.0,0.9982427
0,0.0,0.00017625625
0,0.0,0.00018678399
1,1.0,0.9992956
0,0.0,0.00018746109
0,0.0,9.321836e-05
1,1.0,0.9997179
0,0.0,0.00016158726
1,1.0,0.998801
1,1.0,0.999583
1,1.0,0.9998508
1,1.0,0.9994262
1,1.0,0.9990079
1,1.0,0.99723876
1,1.0,0.99723023
0,0.0,0.00020076874
1,1.0,0.999357
1,1.0,0.9996701
0,0.0,0.00019022661
1,1.0,0.9994865
0,0.0,0.00063833885
0,0.0,0.00019118506
0,0.0,7.775142e-05
1,1.0,0.99849474
1,1.0,0.99874485
1,1.0,0.99901104
1,1.0,0.99984604
1,1.0,0.9984547
1,1.0,0.9995868
1,1.0,0.99926466
0,0.0,0.00017505484
1,1.0,0.99966854
1,1.0,0.998939
1,1.0,0.997365
0,0.0,0.00011829638
0,0.0,0.00019649528
1,1.0,0.999549
0,0.0,8.550992e-05
0,0.0,7.119659e-05
1,1.0,0.99950576
0,0.0,0.0018685155
1,1.0,0.99846506
1,1.0,0.99923444
1,1.0,0.99737656
0,0.0,0.00023145328
0,0.0,0.00085794437
1,1.0,0.9984949
0,0.0,0.00019014066
0,0.0,0.0005525371
0,0.0,0.00014140851
1,1.0,0.9985525
1,1.0,0.99847674
1,1.0,0.9985855
1,1.0,0.9990632
1,1.0,0.99886787
1,1.0,0.9984948
0,0.0,0.00023340766
1,1.0,0.9993556
1,1.0,0.998438
0,0.0,0.0002058715
1,1.0,0.99103796
1,1.0,0.9996987
0,0.0,0.00010329568
1,1.0,0.9988359
1,1.0,0.998451
1,1.0,0.9991631
0,0.0,0.00011198203
0,0.0,0.00017999351
1,1.0,0.9984731
1,1.0,0.9985629
1,1.0,0.99968934
1,1.0,0.99973017
1,1.0,0.99985325
1,1.0,0.998722
0,0.0,0.00018746413
0,0.0,0.00019779529
1,1.0,0.9996407
1,1.0,0.99688774
0,0.0,0.0002307123
0,0.0,0.00077078806
0,0.0,0.00019532965
0,0.0,0.00020203619
1,1.0,0.9984651
0,0.0,0.00018232611
1,1.0,0.9976823
0,0.0,9.553592e-05
1,1.0,0.99849486
0,0.0,0.0002272905
1,1.0,0.9991064
1,1.0,0.9984775
1,1.0,0.99940085
1,1.0,0.9994999
1,1.0,0.9987472
0,0.0,0.00016933534
1,1.0,0.998563
1,1.0,0.9995094
1,1.0,0.9984537
1,1.0,0.99811226
0,0.0,0.00055872585
1,1.0,0.99953395
0,0.0,0.00019782172
0,0.0,0.0001119737
1,1.0,0.9995671
1,1.0,0.99963886
0,0.0,0.00021941066
0,0.0,0.00020588368
1,1.0,0.9998272
1,1.0,0.9978904
0,0.0,0.00023090641
1,1.0,0.99847686
1,1.0,0.99861217
0,0.0,0.00022727858
0,0.0,0.00013995293
0,0.0,0.00024911872
0,0.0,0.0007843075
1,1.0,0.99915147
1,1.0,0.9991901
0,0.0,0.00012330999
1,1.0,0.99848264
0,0.0,0.00038303103
1,1.0,0.9974239
0,0.0,0.0002491242
1,1.0,0.99969447
0,0.0,0.00018789721
0,0.0,9.298434e-05
0,0.0,0.000185588
0,0.0,0.00019093366
0,0.0,0.00011124139
1,1.0,0.999231
0,0.0,0.00012861555
0,0.0,0.0004246329
0,0.0,0.0002561605
0,0.0,8.551791e-05
1,1.0,0.99857247
0,0.0,0.00010795038
1,1.0,0.9992999
1,1.0,0.9984858
0,0.0,0.00018623855
0,0.0,8.551767e-05
1,1.0,0.9984982
1,1.0,0.9989445
1,1.0,0.9985977
1,1.0,0.9999451
0,0.0,9.339452e-05
1,1.0,0.9998405
1,1.0,0.9988363
0,0.0,0.00010722361
1,1.0,0.9995092
1,1.0,0.9995461
1,1.0,0.9972384
0,0.0,0.00032813448
0,0.0,0.00019138459
1,1.0,0.9992633
1,1.0,0.9998384
0,0.0,0.00025368042
0,0.0,0.00018668536
1,1.0,0.9984515
1,1.0,0.99874496
1,1.0,0.99886805
0,0.0,0.00014100806
1,1.0,0.9984825
1,1.0,0.9989669
1,1.0,0.99722874
1,1.0,0.99845695
1,1.0,0.9979395
1,1.0,0.9988268
1,1.0,0.9984947
1,1.0,0.99933946
1,1.0,0.99872655
1,1.0,0.9998532
1,1.0,0.9993267
0,0.0,0.000118903336
1,1.0,0.99883443
0,0.0,0.00019356186
0,0.0,9.008046e-05
1,1.0,0.9992339
1,1.0,0.99896705
0,0.0,7.79023e-05
0,0.0,0.00025620323
1,1.0,0.99859047
0,0.0,0.0001902061
0,0.0,0.0001844227
1,1.0,0.99985874
0,0.0,0.00018791044
1,1.0,0.99886805
1,1.0,0.99841964
1,1.0,0.9996093
0,0.0,0.00018669604
1,1.0,0.9984948
0,0.0,0.00018744305
1,1.0,0.99956167
1,1.0,0.9999367
0,0.0,0.0005651222
0,0.0,0.001160791
1,1.0,0.9998784
0,0.0,0.00010987058
1,1.0,0.99909353
1,1.0,0.99945116
1,1.0,0.99847704
1,1.0,0.99983793
1,1.0,0.999874
1,1.0,0.9984548
1,1.0,0.9998883
0,0.0,0.00016580861
1,1.0,0.99883926
1,1.0,0.9999428
0,0.0,7.777538e-05
1,1.0,0.9982444
1,1.0,0.99849486
1,1.0,0.9983826
0,0.0,0.00015803684
0,0.0,0.00020587268
0,0.0,0.0001874659
1,1.0,0.9984572
1,1.0,0.99985945
1,1.0,0.9994248
1,1.0,0.99866205
0,0.0,0.00012326945
1,1.0,0.9984414
1,1.0,0.99915105
1,1.0,0.9996986
1,1.0,0.99886096
0,0.0,0.000484973
1,1.0,0.9995146
0,0.0,0.0001075351
1,1.0,0.99846476
1,1.0,0.9989679
1,1.0,0.9988393
1,1.0,0.9972305
0,0.0,0.00059462554
1,1.0,0.9984516
1,1.0,0.99970806
1,1.0,0.99840325
1,1.0,0.9993089
1,1.0,0.9996384
0,0.0,0.00018746502
0,0.0,0.00041460947
1,1.0,0.9985532
0,0.0,0.0003167152
1,1.0,0.9975304
1,1.0,0.998347
0,0.0,0.00018789039
1,1.0,0.9996817
1,1.0,0.99986255
0,0.0,0.00015319137
0,0.0,0.00019355226
1,1.0,0.9988268
0,0.0,0.000118958575
1,1.0,0.9985314
0,0.0,0.00018678131
0,0.0,0.00025633446
0,0.0,0.000112951726
0,0.0,0.00038324468
0,0.0,0.00019007918
0,0.0,0.00010739123
0,0.0,0.00010411807
1,1.0,0.99964815
1,1.0,0.9994631
1,1.0,0.9997807
1,1.0,0.99877083
0,0.0,0.00018138404
0,0.0,0.00018912682
0,0.0,0.00021203044
0,0.0,0.0019456429
0,0.0,0.00019020756
1,1.0,0.9998407
0,0.0,0.00020585228
1,1.0,0.99930775
0,0.0,0.00018232106
0,0.0,0.00015892937
1,1.0,0.9998453
1,1.0,0.99951875
0,0.0,0.00024912728
1,1.0,0.9979195
1,1.0,0.9991537
0,0.0,0.00018802712
0,0.0,0.00018802748
0,0.0,0.00020869554
1,1.0,0.99945414
1,1.0,0.99939257
1,1.0,0.99864197
1,1.0,0.99955666
0,0.0,0.00026308303
1,1.0,0.999343
1,1.0,0.9996237
0,0.0,8.5527776e-05
0,0.0,0.00018712928
0,0.0,0.00019120476
1,1.0,0.9996456
1,1.0,0.99985784
1,1.0,0.99883026
1,1.0,0.99847317
0,0.0,0.00011581604
0,0.0,0.00020244728
1,1.0,0.9998402
1,1.0,0.9984827
1,1.0,0.99856097
1,1.0,0.9996937
1,1.0,0.99793154
0,0.0,0.00019318738
0,0.0,0.00018666594
1,1.0,0.99942815
1,1.0,0.99966615
0,0.0,0.0002072217
1,1.0,0.9992614
1,1.0,0.9998379
0,0.0,9.306088e-05
0,0.0,0.00019855851
0,0.0,0.0001831335
1,1.0,0.9975153
0,0.0,0.00018789165
0,0.0,0.00015666014
0,0.0,0.00014142995
0,0.0,0.00023340454
0,0.0,0.00053546706
0,0.0,0.0025023562
0,0.0,0.00013865385
1,1.0,0.9988344
0,0.0,0.0001889383
0,0.0,9.8359706e-05
1,1.0,0.99839306
1,1.0,0.99874735
0,0.0,0.0019236469
1,1.0,0.9992624
0,0.0,0.00020984164
0,0.0,0.00018680768
1,1.0,0.9999019
1,1.0,0.9953279
0,0.0,0.00013237995
1,1.0,0.9985925
1,1.0,0.9984782
1,1.0,0.99795884
1,1.0,0.9984651
1,1.0,0.9995343
1,1.0,0.99795854
1,1.0,0.99871635
0,0.0,0.00049145427
1,1.0,0.9989562
0,0.0,0.00018894732
1,1.0,0.99928063
0,0.0,0.0001853139
0,0.0,0.00017774363
1,1.0,0.99846804
0,0.0,0.00018557649
1,1.0,0.9988612
0,0.0,0.00019130742
1,1.0,0.99940324
1,1.0,0.9994728
1,1.0,0.99723
0,0.0,8.55175e-05
1,1.0,0.9988627
1,1.0,0.9985762
0,0.0,0.0005657195
1,1.0,0.99962056
1,1.0,0.99891984
0,0.0,0.00011889689
1,1.0,0.9996407
1,1.0,0.9984569
0,0.0,8.552549e-05
1,1.0,0.9979606
0,0.0,0.00019023042
1,1.0,0.9992598
1,1.0,0.9998593
0,0.0,0.00032730802
0,0.0,0.00017817089
0,0.0,0.00017743239
1,1.0,0.99849486
1,1.0,0.9995991
0,0.0,0.00020491426
1,1.0,0.9993396
1,1.0,0.99976546
1,1.0,0.9987249
1,1.0,0.99666643
0,0.0,0.00018746556
1,1.0,0.9998367
0,0.0,0.00021044875
0,0.0,0.00011193633
0,0.0,0.00011141931
1,1.0,0.9998594
1,1.0,0.99933964
0,0.0,0.00018914287
1,1.0,0.99985665
0,0.0,0.00021823955
0,0.0,0.0013592857
0,0.0,0.0013180986
0,0.0,0.00029090565
1,1.0,0.9997973
0,0.0,8.370699e-05
0,0.0,7.115891e-05
0,0.0,0.0001545142
0,0.0,0.000108565226
1,1.0,0.9990528
0,0.0,0.000100363584
0,0.0,0.0002251047
0,0.0,0.00018746716
0,0.0,0.00020514084
1,1.0,0.99875337
1,1.0,0.9987534
1,1.0,0.99851966
0,0.0,0.00019871817
0,0.0,0.0002715059
1,1.0,0.9995438
0,0.0,0.00029058606
0,0.0,0.00012173328
1,1.0,0.99724144
0,0.0,0.0002444667
0,0.0,0.00018895399
0,0.0,0.0012984243
1,1.0,0.9985631
1,1.0,0.99845153
1,1.0,0.9997194
0,0.0,0.00017663481
0,0.0,0.00064385013
1,1.0,0.998368
0,0.0,0.00011511863
1,1.0,0.9992563
0,0.0,0.00023147071
1,1.0,0.999767
1,1.0,0.9972203
1,1.0,0.9996319
1,1.0,0.9996011
0,0.0,0.00018441865
0,0.0,0.00010327619
1,1.0,0.9997971
1,1.0,0.9982354
1,1.0,0.9988235
1,1.0,0.9998589
0,0.0,0.00015321007
1,1.0,0.9996378
1,1.0,0.99839395
0,0.0,0.00027152427
0,0.0,0.000247075
0,0.0,0.0005584892
1,1.0,0.9986221
1,1.0,0.99944204
1,1.0,0.999421
1,1.0,0.9997194
1,1.0,0.9992941
1,1.0,0.99955815
1,1.0,0.9969809
0,0.0,0.00020870271
1,1.0,0.9988678
1,1.0,0.9993219
1,1.0,0.9993233
0,0.0,0.00011610907
0,0.0,0.00048484333
0,0.0,9.552617e-05
1,1.0,0.99872655
1,1.0,0.9998587
1,1.0,0.9997326
1,1.0,0.9994799
0,0.0,3.6697344e-05
1,1.0,0.99950385
0,0.0,0.00018559296
0,0.0,0.00014137884
1,1.0,0.9995868
0,0.0,0.00016567395
1,1.0,0.9991351
1,1.0,0.99882334
1,1.0,0.99849665
1,1.0,0.99922955
0,0.0,4.0225063e-05
0,0.0,0.00010871855
1,1.0,0.9948173
0,0.0,0.00013667915
0,0.0,0.00020467585
1,1.0,0.9987275
0,0.0,0.00022780796
0,0.0,0.00018789487
0,0.0,0.00019093038
0,0.0,0.0002460118
0,0.0,0.00038335487
0,0.0,0.00022250628
0,0.0,0.00023855764
1,1.0,0.99848264
1,1.0,0.99984133
1,1.0,0.9998584
0,0.0,0.00072145875
1,1.0,0.9985937
0,0.0,0.00059033104
0,0.0,0.00038316907
0,0.0,0.000136666
0,0.0,9.654386e-05
0,0.0,0.000118915246
0,0.0,7.110201e-05
0,0.0,7.123108e-05
0,0.0,0.00024093007
0,0.0,0.002755796
1,1.0,0.9988357
0,0.0,0.000111744164
0,0.0,0.00021803803
1,1.0,0.9996817
0,0.0,0.0028458298
0,0.0,0.00023386387
1,1.0,0.99791986
0,0.0,0.00018787588
0,0.0,0.00023320787
1,1.0,0.99973017
0,0.0,0.00032673593
1,1.0,0.9981847
0,0.0,0.00010472826
1,1.0,0.9988449
0,0.0,0.00018624743
1,1.0,0.99846464
1,1.0,0.9982428
1,1.0,0.9993875
0,0.0,0.00018069253
1,1.0,0.99962956
1,1.0,0.999496
1,1.0,0.9989066
0,0.0,0.00019758174
1,1.0,0.998465
0,0.0,0.0002714808
1,1.0,0.9982277
1,1.0,0.9998586
0,0.0,0.00013033571
1,1.0,0.99961114
0,0.0,0.00018669266
1,1.0,0.99882346
1,1.0,0.9987502
0,0.0,0.000186477
0,0.0,0.00020825706
1,1.0,0.9997279
1,1.0,0.9985093
1,1.0,0.9986639
1,1.0,0.9992603
1,1.0,0.9982136
1,1.0,0.99976695
1,1.0,0.99861085
1,1.0,0.9987176
0,0.0,0.00021044916
1,1.0,0.9987534
1,1.0,0.9969938
0,0.0,0.00028044055
1,1.0,0.9995818
1,1.0,0.9984732
1,1.0,0.99883026
1,1.0,0.9998016
1,1.0,0.9984948
1,1.0,0.9985859
1,1.0,0.99787664
0,0.0,0.00018334143
0,0.0,0.00012858254
0,0.0,0.00022420185
0,0.0,0.00017888345
1,1.0,0.99847305
0,0.0,0.0001871325
1,1.0,0.997121
1,1.0,0.9985528
1,1.0,0.9971885
0,0.0,0.00017888089
0,0.0,0.00017774566
0,0.0,0.00010152986
1,1.0,0.9990016
0,0.0,0.00020865614
1,1.0,0.99984014
1,1.0,0.99962777
1,1.0,0.99963903
0,0.0,0.00020239674
1,1.0,0.99958867
0,0.0,0.00012855939
0,0.0,0.00018671116
1,1.0,0.9984677
0,0.0,0.00011185866
1,1.0,0.9994318
0,0.0,0.00018347714
0,0.0,0.00017817633
1,1.0,0.99845093
0,0.0,0.00019020683
0,0.0,0.0002272942
0,0.0,0.00016841349
1,1.0,0.9984857
0,0.0,0.00024927245
1,1.0,0.9988443
1,1.0,0.9988103
0,0.0,0.00019356408
1,1.0,0.9992347
0,0.0,9.005573e-05
0,0.0,0.00018441935
1,1.0,0.99965006
1,1.0,0.999159
0,0.0,0.0001911836
0,0.0,0.00021405585
0,0.0,0.00024876412
0,0.0,0.00018677865
1,1.0,0.9996691
0,0.0,0.0002471386
0,0.0,0.0004452931
0,0.0,0.0003832039
1,1.0,0.99845225
0,0.0,0.0007264606
0,0.0,0.00018746914
0,0.0,0.00010744614
1,1.0,0.9984542
1,1.0,0.9986343
0,0.0,0.0004939208
1,1.0,0.9990453
1,1.0,0.9986423
1,1.0,0.99958366
1,1.0,0.9998705
1,1.0,0.9984949
1,1.0,0.9992674
1,1.0,0.9973622
0,0.0,0.00015178042
1,1.0,0.9996346
1,1.0,0.9995538
1,1.0,0.9992599
0,0.0,0.00022151119
0,0.0,9.552945e-05
0,0.0,0.00018273041
0,0.0,0.001628048
0,0.0,0.00024212501
1,1.0,0.997054
1,1.0,0.999151
0,0.0,0.0002447944
0,0.0,0.00016940625
0,0.0,0.0017518996
1,1.0,0.9998587
1,1.0,0.99839526
1,1.0,0.9994267
0,0.0,0.0005359381
0,0.0,0.0002617819
1,1.0,0.998099
0,0.0,0.0004848207
1,1.0,0.99874073
1,1.0,0.99973166
1,1.0,0.99990684
1,1.0,0.9996781
1,1.0,0.9986592
0,0.0,0.0004848602
1,1.0,0.998723
0,0.0,0.00022614484
1,1.0,0.99986213
0,0.0,0.00021323675
0,0.0,0.00022626518
1,1.0,0.9985677
0,0.0,0.0001867028
0,0.0,0.00019885902
1,1.0,0.9991368
1,1.0,0.99838257
1,1.0,0.99958485
0,0.0,0.00010633675
0,0.0,9.319596e-05
0,0.0,0.0001412786
0,0.0,9.767898e-05
1,1.0,0.9993222
1,1.0,0.99870455
0,0.0,0.0001590071
0,0.0,0.00019018288
1,1.0,0.99793833
1,1.0,0.9995715
1,1.0,0.9991702
1,1.0,0.9998756
1,1.0,0.99985945
0,0.0,9.302318e-05
1,1.0,0.9988393
1,1.0,0.99969554
1,1.0,0.99818015
0,0.0,0.0001568275
1,1.0,0.9992614
0,0.0,0.00027150463
0,0.0,7.792296e-05
0,0.0,0.00019093548
0,0.0,0.0005353433
0,0.0,0.00016487733
1,1.0,0.9996956
1,1.0,0.99904835
0,0.0,0.00059212156
1,1.0,0.9979255
1,1.0,0.9998643
1,1.0,0.9990834
1,1.0,0.9984652
0,0.0,0.000103283084
1,1.0,0.9987496
1,1.0,0.99725264
1,1.0,0.9994911
0,0.0,0.0001833201
0,0.0,7.119509e-05
1,1.0,0.9979192
0,0.0,0.00012843906
0,0.0,8.433739e-05
0,0.0,0.000106341824
0,0.0,0.000107543514
0,0.0,0.00026585208
1,1.0,0.9997301
0,0.0,0.00048487037
0,0.0,0.0010042986
0,0.0,0.00023297787
1,1.0,0.9996362
0,0.0,0.00025617075
1,1.0,0.9983308
1,1.0,0.99820155
0,0.0,0.00018582527
0,0.0,0.00013035994
1,1.0,0.99720114
1,1.0,0.9971302
1,1.0,0.9984676
1,1.0,0.9991922
1,1.0,0.9971942
0,0.0,0.000117291755
0,0.0,0.00019139938
1,1.0,0.9998005
0,0.0,0.00019870076
0,0.0,0.00018486458
1,1.0,0.99850094
0,0.0,0.00017776075
1,1.0,0.9998532
0,0.0,0.0008523095
1,1.0,0.9972021
0,0.0,0.00011777817
1,1.0,0.99847823
0,0.0,0.00017147603
0,0.0,9.768466e-05
1,1.0,0.9996727
1,1.0,0.99858564
0,0.0,0.00018894767
0,0.0,0.00018971055
1,1.0,0.9988234
1,1.0,0.99830407
0,0.0,0.0019654226
1,1.0,0.99985915
0,0.0,0.00011611117
1,1.0,0.99933976
0,0.0,0.00018480589
0,0.0,0.0002011702
0,0.0,0.00074113434
0,0.0,0.00019094277
1,1.0,0.99964464
0,0.0,0.00011093323
1,1.0,0.99845487
0,0.0,0.00014139773
1,1.0,0.997901
1,1.0,0.9981575
1,1.0,0.99720454
1,1.0,0.99845695
0,0.0,0.0001356718
1,1.0,0.99952334
0,0.0,0.00020545695
1,1.0,0.99964875
1,1.0,0.9991008
1,1.0,0.9994066
0,0.0,0.0008604282
0,0.0,0.00016402367
1,1.0,0.9984551
0,0.0,0.00021909793
1,1.0,0.999427
0,0.0,0.0002058513
0,0.0,0.0001987394
0,0.0,0.00063210895
1,1.0,0.9982466
1,1.0,0.99935573
1,1.0,0.9996298
0,0.0,0.00020361987
0,0.0,0.00020360005
1,1.0,0.9969048
1,1.0,0.9984768
1,1.0,0.9998487
1,1.0,0.9984376
0,0.0,0.00022616897
0,0.0,0.00012852592
1,1.0,0.9987474
1,1.0,0.99845153
1,1.0,0.9997482
1,1.0,0.9984948
0,0.0,0.000583214
1,1.0,0.99954545
1,1.0,0.99849486
1,1.0,0.9984516
0,0.0,7.8095545e-05
1,1.0,0.99735063
1,1.0,0.9994237
0,0.0,0.00015280957
1,1.0,0.9985686
1,1.0,0.99983656
0,0.0,9.843092e-05
1,1.0,0.99878484
1,1.0,0.99735266
0,0.0,0.00019760737
1,1.0,0.9984767
0,0.0,0.00034959236
1,1.0,0.9996031
0,0.0,0.00018791115
1,1.0,0.9972212
0,0.0,0.0002561986
1,1.0,0.9987519
1,1.0,0.9987216
1,1.0,0.99964756
1,1.0,0.9994362
1,1.0,0.99963075
0,0.0,0.00010971062
1,1.0,0.9998784
1,1.0,0.9988344
0,0.0,0.00011889891
1,1.0,0.9975395
0,0.0,0.00022962819
1,1.0,0.9997194
1,1.0,0.99930644
1,1.0,0.99857277
1,1.0,0.99874675
1,1.0,0.9996318
1,1.0,0.9987561
0,0.0,0.0001901033
0,0.0,0.00022510019
1,1.0,0.99849486
1,1.0,0.9991502
1,1.0,0.9982253
0,0.0,0.00024713247
0,0.0,0.0001082806
1,1.0,0.99886775
0,0.0,9.985696e-05
1,1.0,0.9987503
1,1.0,0.998837
1,1.0,0.9979263
1,1.0,0.9984381
1,1.0,0.9963032
1,1.0,0.9989391
1,1.0,0.9971805
1,1.0,0.9996132
0,0.0,0.00083624
1,1.0,0.99845093
1,1.0,0.99979293
1,1.0,0.99882776
1,1.0,0.9998418
0,0.0,0.00017888908
1,1.0,0.9989559
0,0.0,0.00021397832
1,1.0,0.9984515
1,1.0,0.9998382
1,1.0,0.9985295
0,0.0,0.00023251519
1,1.0,0.99920267
0,0.0,0.0013699684
1,1.0,0.9982432
0,0.0,0.00014094972
0,0.0,0.00023341434
0,0.0,0.00043023744
1,1.0,0.99860466
1,1.0,0.9971566
1,1.0,0.99848574
1,1.0,0.99849826
1,1.0,0.9990952
1,1.0,0.999769
1,1.0,0.9983164
0,0.0,0.00012672313
0,0.0,0.00072487595
1,1.0,0.99743545
0,0.0,0.00025594956
1,1.0,0.9973602
0,0.0,0.0001448889
1,1.0,0.998457
1,1.0,0.99715686
0,0.0,0.00010141239
0,0.0,0.0005853502
1,1.0,0.999826
0,0.0,9.430116e-05
0,0.0,0.00011013829
0,0.0,0.00056591124
1,1.0,0.99837995
0,0.0,7.124392e-05
1,1.0,0.99958766
0,0.0,0.00022377899
0,0.0,0.00017816715
0,0.0,0.00021270574
0,0.0,0.0001285546
1,1.0,0.9996327
0,0.0,0.00018832856
0,0.0,0.00019356592
0,0.0,0.00019319291
0,0.0,9.07426e-05
0,0.0,0.0025384768
0,0.0,0.0005841572
1,1.0,0.9988356
1,1.0,0.9983973
1,1.0,0.9981225
1,1.0,0.99713546
1,1.0,0.9997964
0,0.0,0.00015387344
1,1.0,0.99985087
1,1.0,0.99886113
0,0.0,0.000185447
1,1.0,0.9994895
0,0.0,0.0002561703
0,0.0,0.00014356605
1,1.0,0.99985707
1,1.0,0.9996303
0,0.0,0.00019320266
0,0.0,7.79023e-05
1,1.0,0.99869543
1,1.0,0.99844694
0,0.0,0.0011374018
0,0.0,0.00018789934
0,0.0,0.00013723773
0,0.0,0.00019139882
1,1.0,0.9987448
1,1.0,0.998606
1,1.0,0.9998592
1,1.0,0.9998513
1,1.0,0.9994225
1,1.0,0.99787366
1,1.0,0.99846506
1,1.0,0.9995947
0,0.0,0.00044791301
0,0.0,0.0003834411
0,0.0,0.00019389953
0,0.0,9.292122e-05
1,1.0,0.9987223
0,0.0,0.00040331634
1,1.0,0.9988612
1,1.0,0.9973799
0,0.0,0.00023133303
1,1.0,0.99862397
1,1.0,0.9983785
0,0.0,0.0001902228
1,1.0,0.9992349
1,1.0,0.99859345
1,1.0,0.99875695
0,0.0,0.00019130597
1,1.0,0.9998586
1,1.0,0.9987496
0,0.0,0.0006413398
1,1.0,0.99840605
0,0.0,7.3270276e-05
1,1.0,0.99956214
1,1.0,0.9992211
1,1.0,0.99978566
0,0.0,7.1182876e-05
0,0.0,0.00027145128
0,0.0,7.795299e-05
0,0.0,0.00070941553
0,0.0,0.00022460196
1,1.0,0.999037
0,0.0,0.000244549
0,0.0,0.0002491496
1,1.0,0.998451
1,1.0,0.9984549
0,0.0,0.00013928433
1,1.0,0.99746466
1,1.0,0.9984969
0,0.0,0.00023429416
1,1.0,0.999151
1,1.0,0.99931365
1,1.0,0.9987467
0,0.0,0.00019007774
1,1.0,0.99972963
0,0.0,0.00015217211
0,0.0,0.0001781719
1,1.0,0.99928695
1,1.0,0.99961543
1,1.0,0.9996486
1,1.0,0.99988693
1,1.0,0.9987473
1,1.0,0.9984571
1,1.0,0.9988083
1,1.0,0.998603
1,1.0,0.99845374
1,1.0,0.9996778
1,1.0,0.99838257
1,1.0,0.99859345
0,0.0,0.00021380006
1,1.0,0.99919975
0,0.0,0.0001900995
0,0.0,0.00019289675
0,0.0,0.0024327533
1,1.0,0.9994442
1,1.0,0.9997563
0,0.0,0.0001865793
0,0.0,0.000271516
0,0.0,0.00020307019
0,0.0,0.00018585734
1,1.0,0.9987908
1,1.0,0.99915093
0,0.0,0.00020586465
1,1.0,0.9985717
1,1.0,0.9987935
1,1.0,0.99838257
1,1.0,0.9977683
1,1.0,0.99973065
1,1.0,0.99845076
1,1.0,0.9994966
1,1.0,0.99896455
1,1.0,0.99855274
1,1.0,0.999151
1,1.0,0.9989468
0,0.0,0.00010755244
1,1.0,0.997322
0,0.0,0.00021529954
0,0.0,0.00022730221
1,1.0,0.9985941
1,1.0,0.9986399
0,0.0,0.00014294001
1,1.0,0.99859774
0,0.0,0.0030073968
0,0.0,0.0001063471
0,0.0,0.0001868018
1,1.0,0.99866635
1,1.0,0.9988346
1,1.0,0.9968797
1,1.0,0.9987562
1,1.0,0.99912
1,1.0,0.9970201
1,1.0,0.99933976
0,0.0,0.00023385807
0,0.0,0.00023341233
1,1.0,0.99844664
1,1.0,0.99923474
0,0.0,0.0002561981
1,1.0,0.99846506
1,1.0,0.9987451
1,1.0,0.9979346
0,0.0,0.0009235141
1,1.0,0.9985857
1,1.0,0.9982566
1,1.0,0.99864405
1,1.0,0.9984515
0,0.0,0.00022845548
0,0.0,7.1155315e-05
1,1.0,0.99962425
1,1.0,0.9987451
0,0.0,0.00011650879
1,1.0,0.99952686
0,0.0,0.00017140656
1,1.0,0.99751526
1,1.0,0.9997324
0,0.0,0.000111732224
1,1.0,0.9987535
0,0.0,0.00010626761
0,0.0,0.00018035619
1,1.0,0.9984173
1,1.0,0.99738
0,0.0,0.0002714782
0,0.0,0.00018331344
0,0.0,0.0001749112
0,0.0,0.00020362744
0,0.0,0.0005652059
0,0.0,0.00019320525
0,0.0,0.00048499426
0,0.0,0.000193558
1,1.0,0.99964625
0,0.0,0.00021047244
1,1.0,0.9978904
1,1.0,0.999662
0,0.0,0.00024588188
0,0.0,0.0001858414
0,0.0,0.0001935652
0,0.0,0.00021577242
0,0.0,0.00013057231
0,0.0,0.00017774448
1,1.0,0.99961376
0,0.0,0.00025514502
1,1.0,0.99960345
1,1.0,0.99876946
1,1.0,0.99963874
0,0.0,0.000108284425
0,0.0,0.00021276051
0,0.0,0.00014909799
0,0.0,0.000820858
1,1.0,0.99932504
0,0.0,0.0005653085
0,0.0,0.00018680697
1,1.0,0.99961776
0,0.0,0.0011047228
0,0.0,0.000109858425
1,1.0,0.9995761
1,1.0,0.9997272
0,0.0,0.00018012967
1,1.0,0.99744815
0,0.0,0.00011650001
0,0.0,0.00017410734
0,0.0,7.3154035e-05
0,0.0,0.00020795979
0,0.0,0.00012696056
1,1.0,0.99915105
0,0.0,8.552387e-05
1,1.0,0.9985629
1,1.0,0.999512
1,1.0,0.99845076
1,1.0,0.99957156
1,1.0,0.9996545
0,0.0,0.00013933242
0,0.0,9.634558e-05
1,1.0,0.9987535
1,1.0,0.998526
1,1.0,0.9996154
0,0.0,0.00010729634
1,1.0,0.9988268
1,1.0,0.9970877
1,1.0,0.9967871
0,0.0,0.00032897232
0,0.0,0.00022124968
1,1.0,0.9986375
1,1.0,0.9998627
0,0.0,0.00019319751
1,1.0,0.99985945
1,1.0,0.99857306
1,1.0,0.99894077
1,1.0,0.9986004
0,0.0,0.00019319788
0,0.0,9.145633e-05
0,0.0,0.00023251917
1,1.0,0.99845153
0,0.0,0.00056562945
0,0.0,0.00022977602
0,0.0,0.00022615344
0,0.0,0.00019867782
1,1.0,0.9991059
0,0.0,0.00025128166
1,1.0,0.9971884
1,1.0,0.9984413
0,0.0,0.00021968049
1,1.0,0.99756134
1,1.0,0.9997629
0,0.0,0.00018746823
0,0.0,0.002230528
1,1.0,0.9993867
1,1.0,0.99985945
1,1.0,0.9996298
1,1.0,0.99845695
0,0.0,0.00023864774
1,1.0,0.99839336
0,0.0,0.00020241718
1,1.0,0.997432
0,0.0,0.00011295129
0,0.0,9.321809e-05
0,0.0,0.0012950401
0,0.0,0.00011890504
1,1.0,0.99818295
0,0.0,0.0014450188
1,1.0,0.9987944
1,1.0,0.99973315
1,1.0,0.9995881
1,1.0,0.9984731
1,1.0,0.99844146
0,0.0,0.00048489711
0,0.0,0.00033586723
1,1.0,0.99900347
1,1.0,0.99890447
1,1.0,0.99963814
1,1.0,0.99882764
1,1.0,0.9988335
0,0.0,9.29074e-05
0,0.0,0.00018803787
1,1.0,0.99842954
1,1.0,0.99934304
1,1.0,0.99875027
0,0.0,0.0002111293
1,1.0,0.998751
1,1.0,0.99976987
1,1.0,0.9988084
1,1.0,0.9987496
0,0.0,0.0007638555
0,0.0,0.00019887986
0,0.0,0.00016406778
0,0.0,0.00015360443
0,0.0,9.8587516e-05
0,0.0,0.00012485929
0,0.0,0.0021349834
1,1.0,0.99846756
1,1.0,0.99855214
1,1.0,0.998868
1,1.0,0.9998501
0,0.0,0.00062468456
1,1.0,0.9994985
0,0.0,0.00011356386
0,0.0,0.0022036436
0,0.0,0.00011577596
1,1.0,0.9992544
0,0.0,0.0002378715
1,1.0,0.99849665
0,0.0,9.1365495e-05
0,0.0,0.00019875246
1,1.0,0.9979689
0,0.0,0.0003002234
0,0.0,0.00013721443
1,1.0,0.99880844
1,1.0,0.9992343
0,0.0,0.00018559756
0,0.0,0.00011124542
0,0.0,0.00018582492
1,1.0,0.99978
1,1.0,0.9998014
0,0.0,0.00018712928
1,1.0,0.99793106
0,0.0,0.00010751911
0,0.0,0.00065637537
1,1.0,0.99851465
1,1.0,0.9995224
1,1.0,0.9984469
1,1.0,0.9985137
1,1.0,0.99862534
1,1.0,0.998394
1,1.0,0.9998595
1,1.0,0.99903226
0,0.0,0.00019094403
1,1.0,0.9984378
0,0.0,0.00019318794
1,1.0,0.99984235
0,0.0,3.219261e-05
1,1.0,0.9985334
1,1.0,0.99859947
1,1.0,0.99864817
1,1.0,0.9988104
1,1.0,0.9986728
0,0.0,0.0002536831
1,1.0,0.998868
1,1.0,0.9994233
0,0.0,0.00021336813
1,1.0,0.99940497
0,0.0,0.002969608
0,0.0,0.00018669016
1,1.0,0.99879664
1,1.0,0.99859005
1,1.0,0.9978634
0,0.0,9.773777e-05
1,1.0,0.9994796
1,1.0,0.9985907
1,1.0,0.99724275
0,0.0,0.00017980585
0,0.0,0.00010715187
0,0.0,0.00017637933
1,1.0,0.99952734
0,0.0,0.00023129552
0,0.0,0.00019139244
1,1.0,0.99954903
0,0.0,0.00017889301
1,1.0,0.9984825
0,0.0,0.00020766418
1,1.0,0.9987447
0,0.0,0.0010227711
1,1.0,0.99790525
0,0.0,0.00019454528
1,1.0,0.9999448
1,1.0,0.9996817
1,1.0,0.9993772
1,1.0,0.99904543
1,1.0,0.99886125
1,1.0,0.998563
1,1.0,0.99711776
1,1.0,0.99849665
1,1.0,0.99948514
0,0.0,0.00011493996
0,0.0,0.00023007308
1,1.0,0.9993377
1,1.0,0.99845695
1,1.0,0.9984982
1,1.0,0.9996199
1,1.0,0.99963254
1,1.0,0.99847305
1,1.0,0.9997594
0,0.0,0.00023132884
1,1.0,0.99969167
1,1.0,0.9921826
1,1.0,0.99963844
0,0.0,0.00017888652
1,1.0,0.9984472
1,1.0,0.99859023
0,0.0,0.00019467834
0,0.0,0.00023132774
1,1.0,0.9998583
0,0.0,8.553071e-05
1,1.0,0.9986997
1,1.0,0.99896735
0,0.0,0.00011093323
0,0.0,9.330035e-05
1,1.0,0.99892306
1,1.0,0.9990893
0,0.0,0.00017775329
0,0.0,0.0002214018
0,0.0,0.0001366832
0,0.0,0.00018350354
0,0.0,0.00018712821
0,0.0,9.3107934e-05
1,1.0,0.999151
0,0.0,0.000103225175
0,0.0,0.00018913728
1,1.0,0.9986364
0,0.0,0.0005645961
1,1.0,0.9987487
0,0.0,8.552256e-05
0,0.0,0.00015875547
1,1.0,0.9984414
1,1.0,0.99859434
1,1.0,0.9985128
1,1.0,0.9991682
1,1.0,0.99829817
0,0.0,0.00019010095
1,1.0,0.9995127
1,1.0,0.9995848
1,1.0,0.99993426
1,1.0,0.9995128
1,1.0,0.99816144
1,1.0,0.9968575
1,1.0,0.9991236
0,0.0,0.00021521783
0,0.0,0.00032534497
0,0.0,0.00017888976
1,1.0,0.99883384
0,0.0,0.00024590723
1,1.0,0.9985857
0,0.0,0.00024407289
1,1.0,0.9989013
1,1.0,0.9984827
1,1.0,0.9993224
1,1.0,0.99867934
0,0.0,0.0004848955
1,1.0,0.99984294
1,1.0,0.9994223
0,0.0,0.0025210597
1,1.0,0.9984651
0,0.0,0.0002008488
1,1.0,0.99837863
0,0.0,0.00013235385
0,0.0,4.6773228e-05
0,0.0,0.00015078204
0,0.0,0.00016911187
0,0.0,9.651596e-05
1,1.0,0.9995704
1,1.0,0.9993928
1,1.0,0.9997818
1,1.0,0.99989396
0,0.0,0.00015900847
1,1.0,0.9998347
1,1.0,0.99978167
0,0.0,0.00012859689
0,0.0,8.549875e-05
0,0.0,0.00019022153
0,0.0,0.0002084891
1,1.0,0.9984383
1,1.0,0.9992737
1,1.0,0.9998049
1,1.0,0.9993827
1,1.0,0.999151
1,1.0,0.99858886
1,1.0,0.99922353
0,0.0,9.2978036e-05
0,0.0,0.00017970096
0,0.0,0.00019096608
1,1.0,0.99887097
0,0.0,0.00022510943
0,0.0,0.0002464231
1,1.0,0.9985853
0,0.0,0.00015597774
1,1.0,0.99825686
1,1.0,0.9988683
0,0.0,0.00017888976
0,0.0,0.00017901431
1,1.0,0.99985945
0,0.0,0.00018794343
0,0.0,0.00019093948
0,0.0,0.00018713463
1,1.0,0.99976915
1,1.0,0.99871755
0,0.0,0.00019318279
0,0.0,0.00033716878
1,1.0,0.9998532
0,0.0,0.00010708741
1,1.0,0.9978662
1,1.0,0.9984675
1,1.0,0.9984949
1,1.0,0.99920976
0,0.0,0.00023342343
1,1.0,0.99821436
1,1.0,0.9997302
1,1.0,0.9985705
0,0.0,0.00025368188
0,0.0,9.136428e-05
1,1.0,0.99856335
0,0.0,0.00017597884
0,0.0,0.0012966348
1,1.0,0.99933755
0,0.0,0.00020181476
0,0.0,8.550071e-05
1,1.0,0.9973509
1,1.0,0.99984664
0,0.0,8.927083e-05
1,1.0,0.9996342
0,0.0,0.00027150876
0,0.0,0.00092204043
0,0.0,0.0031374502
1,1.0,0.9992852
0,0.0,0.00034366164
0,0.0,0.00018806191
1,1.0,0.9996391
0,0.0,0.00016580815
1,1.0,0.99841636
1,1.0,0.99970365
1,1.0,0.9984598
1,1.0,0.99743176
0,0.0,0.00018801994
1,1.0,0.99960047
1,1.0,0.9996269
1,1.0,0.9979316
1,1.0,0.9998741
1,1.0,0.9985826
1,1.0,0.99942905
1,1.0,0.9987175
1,1.0,0.99882674
0,0.0,0.00018868248
1,1.0,0.9998543
0,0.0,0.0002035358
1,1.0,0.99996215
0,0.0,0.00039589868
0,0.0,0.00027149607
1,1.0,0.998447
1,1.0,0.9973356
0,0.0,0.000106325395
0,0.0,0.0001164859
1,1.0,0.998589
0,0.0,0.0022651064
1,1.0,0.9995838
0,0.0,0.00020071364
1,1.0,0.9988841
1,1.0,0.9971923
1,1.0,0.99933594
0,0.0,0.00018711643
0,0.0,0.00019007339
1,1.0,0.9992688
0,0.0,0.000118916156
1,1.0,0.9984654
0,0.0,0.00020859051
1,1.0,0.9992598
0,0.0,0.00020676185
1,1.0,0.99846506
1,1.0,0.9996395
1,1.0,0.9992379
1,1.0,0.9988764
0,0.0,7.117446e-05
0,0.0,0.0001759228
1,1.0,0.9996394
1,1.0,0.9984788
0,0.0,0.00016565042
1,1.0,0.99980205
1,1.0,0.99903196
1,1.0,0.9983966
1,1.0,0.9984652
0,0.0,0.0004684127
1,1.0,0.99935734
1,1.0,0.9985625
1,1.0,0.99957454
0,0.0,0.00018331905
1,1.0,0.9983827
0,0.0,0.0003663255
1,1.0,0.99896646
1,1.0,0.9993026
0,0.0,0.0001871275
0,0.0,9.640558e-05
1,1.0,0.99869084
1,1.0,0.999878
1,1.0,0.99956423
1,1.0,0.9995261
1,1.0,0.99860466
1,1.0,0.998861
0,0.0,0.00019356592
1,1.0,0.9996918
1,1.0,0.9988084
0,0.0,7.790453e-05
1,1.0,0.9988612
1,1.0,0.9985732
0,0.0,0.0002117139
0,0.0,0.00011805027
1,1.0,0.998457
0,0.0,0.0001317689
1,1.0,0.9984548
0,0.0,0.000113586924
0,0.0,0.00019122062
0,0.0,0.00020865753
0,0.0,0.00010160949
1,1.0,0.9973748
1,1.0,0.998407
0,0.0,0.00018744965
1,1.0,0.9984414
1,1.0,0.9985864
1,1.0,0.99688745
0,0.0,0.0013484155
1,1.0,0.99942356
0,0.0,0.00022508537
0,0.0,0.00018802944
0,0.0,0.00023128097
0,0.0,0.0001902228
0,0.0,0.00013936112
0,0.0,0.00021052384
1,1.0,0.99940294
1,1.0,0.9984551
1,1.0,0.999069
0,0.0,0.00019120002
0,0.0,0.00016602185
1,1.0,0.99735063
0,0.0,0.00011645003
1,1.0,0.99984753
1,1.0,0.99942344
0,0.0,0.00027149997
1,1.0,0.99944574
0,0.0,0.00021825016
0,0.0,0.00027149764
0,0.0,0.0001688713
1,1.0,0.99932206
0,0.0,0.0004095038
0,0.0,0.00014135634
0,0.0,0.00020589563
0,0.0,0.00019010548
1,1.0,0.99839526
0,0.0,0.00024093305
1,1.0,0.999753
1,1.0,0.99973077
0,0.0,0.00010633918
1,1.0,0.99913365
0,0.0,0.00020887668
1,1.0,0.99886775
1,1.0,0.9985513
1,1.0,0.9987185
1,1.0,0.99847823
0,0.0,0.00018587524
1,1.0,0.99896246
1,1.0,0.9973817
0,0.0,0.00017774296
1,1.0,0.99962956
1,1.0,0.99974215
1,1.0,0.9984543
1,1.0,0.9986641
1,1.0,0.99846447
1,1.0,0.99933946
1,1.0,0.99846494
0,0.0,0.00024082765
1,1.0,0.99948514
1,1.0,0.9984651
1,1.0,0.9996354
0,0.0,0.00019021844
0,0.0,0.00018679343
1,1.0,0.9986413
1,1.0,0.99985325
0,0.0,0.00048493716
1,1.0,0.999647
0,0.0,0.00019009731
0,0.0,9.870303e-05
1,1.0,0.9984896
0,0.0,0.00011889689
1,1.0,0.9993355
1,1.0,0.9989618
1,1.0,0.99905753
0,0.0,0.00048489968
1,1.0,0.999151
1,1.0,0.99736
0,0.0,0.00021645508
0,0.0,0.0002459037
1,1.0,0.9986476
1,1.0,0.99845725
1,1.0,0.9984514
0,0.0,0.00022728811
1,1.0,0.99983025
1,1.0,0.99870014
0,0.0,0.00023146144
0,0.0,0.000106319305
1,1.0,0.9979309
1,1.0,0.99942
1,1.0,0.9998533
1,1.0,0.9985527
0,0.0,0.0010136198
1,1.0,0.9988683
1,1.0,0.9987334
0,0.0,0.00019140868
0,0.0,0.00018329878
0,0.0,0.00017817157
1,1.0,0.9997193
0,0.0,0.000139266
1,1.0,0.9993236
1,1.0,0.9992227
0,0.0,0.00014807774
1,1.0,0.99886817
1,1.0,0.9990481
1,1.0,0.99968433
0,0.0,0.00015910735
0,0.0,0.0002065329
0,0.0,0.00019021881
1,1.0,0.997205
0,0.0,0.00016371257
1,1.0,0.9994533
1,1.0,0.9979268
1,1.0,0.99738353
1,1.0,0.9996374
0,0.0,0.00016747316
1,1.0,0.99845093
1,1.0,0.99963045
1,1.0,0.9988103
0,0.0,0.00010794966
0,0.0,0.00018606143
1,1.0,0.99844146
1,1.0,0.9975182
0,0.0,0.00023130368
0,0.0,0.00020588074
0,0.0,0.0001911971
0,0.0,0.0002334201
0,0.0,0.00011297617
0,0.0,0.00015226661
0,0.0,0.00011174139
0,0.0,0.00024914937
0,0.0,0.00019128753
0,0.0,9.343034e-05
1,1.0,0.99855924
1,1.0,0.9987495
1,1.0,0.9990941
0,0.0,0.00010971805
0,0.0,0.00038266185
1,1.0,0.99856246
1,1.0,0.9995179
1,1.0,0.9995922
1,1.0,0.9986534
1,1.0,0.99845153
1,1.0,0.9997492
1,1.0,0.99962956
1,1.0,0.998751
0,0.0,0.00011143408
1,1.0,0.99942905
0,0.0,0.00016539537
1,1.0,0.99845153
1,1.0,0.9985528
0,0.0,0.00023297386
0,0.0,7.7897115e-05
1,1.0,0.9997803
0,0.0,0.00010714574
0,0.0,8.551832e-05
0,0.0,0.00018072235
1,1.0,0.99847305
1,1.0,0.99886805
0,0.0,0.00010617908
1,1.0,0.9995856
1,1.0,0.9983828
1,1.0,0.99754554
0,0.0,0.00018559933
1,1.0,0.99888456
1,1.0,0.9990208
0,0.0,0.0001601732
1,1.0,0.9996665
1,1.0,0.9987166
1,1.0,0.99730664
0,0.0,0.00018332411
0,0.0,9.323489e-05
0,0.0,0.0002458854
1,1.0,0.99860686
0,0.0,0.000107387335
1,1.0,0.99939257
0,0.0,0.00018747395
0,0.0,0.00010897149
0,0.0,0.00018072355
1,1.0,0.99947953
0,0.0,0.00016607792
0,0.0,0.0023131068
1,1.0,0.9984467
0,0.0,0.000271508
0,0.0,0.00016556989
1,1.0,0.9974355
0,0.0,0.00015903395
0,0.0,0.00020517135
0,0.0,0.00011124637
1,1.0,0.9994985
1,1.0,0.99862653
0,0.0,0.00034443854
1,1.0,0.99950063
1,1.0,0.99845153
1,1.0,0.9984652
0,0.0,0.00024708326
0,0.0,0.0023531208
0,0.0,0.00022821383
1,1.0,0.99860597
1,1.0,0.99987847
0,0.0,0.00022730092
1,1.0,0.9861329
1,1.0,0.998451
0,0.0,0.00018586249
0,0.0,0.00011153454
0,0.0,7.120059e-05
1,1.0,0.9982323
0,0.0,0.00010140253
1,1.0,0.99994004
1,1.0,0.99848574
0,0.0,0.00018743929
1,1.0,0.9996782
0,0.0,0.0008280183
0,0.0,0.00023870825
0,0.0,0.00018559632
1,1.0,0.99911153
0,0.0,0.0001781714
0,0.0,0.00019874886
1,1.0,0.9971177
1,1.0,0.9994851
1,1.0,0.9984515
0,0.0,0.00022011218
0,0.0,0.0002617305
1,1.0,0.99848264
1,1.0,0.9971941
1,1.0,0.9987474
1,1.0,0.9998607
0,0.0,0.0006393724
0,0.0,0.0001901258
0,0.0,9.1366186e-05
0,0.0,0.00019356408
1,1.0,0.9993964
0,0.0,0.00010238163
1,1.0,0.99883693
1,1.0,0.99937576
1,1.0,0.99845374
1,1.0,0.99969715
0,0.0,0.00064953516
1,1.0,0.9998773
1,1.0,0.9983892
1,1.0,0.9984767
1,1.0,0.99845344
1,1.0,0.9992508
0,0.0,9.326495e-05
1,1.0,0.99934703
0,0.0,0.0001731846
0,0.0,8.552565e-05
1,1.0,0.99846506
1,1.0,0.9990436
0,0.0,0.00017954015
1,1.0,0.998374
1,1.0,0.99962217
0,0.0,0.00011844718
1,1.0,0.9985569
1,1.0,0.9988344
0,0.0,0.00048484933
1,1.0,0.99877286
0,0.0,0.00020872062
1,1.0,0.9998297
0,0.0,0.00069478864
1,1.0,0.99938184
1,1.0,0.99789196
1,1.0,0.99838144
0,0.0,0.00024096454
0,0.0,0.00023134142
1,1.0,0.9999021
1,1.0,0.9985627
0,0.0,9.710086e-05
0,0.0,0.00014126148
0,0.0,0.0002047416
1,1.0,0.99926543
1,1.0,0.9994041
0,0.0,0.00017715566
1,1.0,0.99926513
1,1.0,0.998827
1,1.0,0.99991983
1,1.0,0.9984515
0,0.0,0.00016509774
1,1.0,0.9997881
0,0.0,0.0005209392
1,1.0,0.9988612
1,1.0,0.9984949
1,1.0,0.9984513
1,1.0,0.998513
0,0.0,0.00011197883
0,0.0,0.00018072338
1,1.0,0.99972135
1,1.0,0.99861586
0,0.0,0.00026911814
1,1.0,0.99877346
1,1.0,0.9984381
0,0.0,0.00020595593
0,0.0,0.00010307045
0,0.0,0.00020913695
1,1.0,0.9995602
0,0.0,0.00019758118
1,1.0,0.9988084
1,1.0,0.9995733
0,0.0,0.00023145857
1,1.0,0.998828
1,1.0,0.99994475
1,1.0,0.9995693
0,0.0,0.00013645751
1,1.0,0.9968334
0,0.0,0.0002421227
1,1.0,0.99985325
1,1.0,0.99864364
1,1.0,0.9989897
1,1.0,0.9984649
0,0.0,0.0001867929
0,0.0,0.0012786424
1,1.0,0.99983776
0,0.0,0.00023378314
1,1.0,0.999677
1,1.0,0.9984983
0,0.0,0.00018668536
1,1.0,0.99845153
0,0.0,0.00016340644
1,1.0,0.99922717
0,0.0,0.00023144377
1,1.0,0.9991969
0,0.0,0.0028303585
0,0.0,0.0006053729
0,0.0,9.331334e-05
0,0.0,0.00016430464
0,0.0,0.00019317468
1,1.0,0.999151
1,1.0,0.9996387
1,1.0,0.99970514
0,0.0,0.00017109289
1,1.0,0.998815
0,0.0,0.0017636593
0,0.0,0.00018790095
1,1.0,0.999428
1,1.0,0.99472874
1,1.0,0.999776
0,0.0,0.00019660697
0,0.0,0.0001819078
1,1.0,0.9997198
0,0.0,0.00017616872
0,0.0,0.00019094204
1,1.0,0.9985635
1,1.0,0.99942195
0,0.0,0.00054675044
0,0.0,0.00021275441
1,1.0,0.9983681
1,1.0,0.99845153
1,1.0,0.99858564
0,0.0,0.00019094294
1,1.0,0.9985928
1,1.0,0.99983805
0,0.0,0.00020296546
0,0.0,0.0002712425
1,1.0,0.9981347
1,1.0,0.99923575
1,1.0,0.99863374
1,1.0,0.99855304
1,1.0,0.9985861
1,1.0,0.9987914
1,1.0,0.9986509
1,1.0,0.999364
1,1.0,0.9993901
0,0.0,0.0002272827
0,0.0,0.00018331835
1,1.0,0.99849045
0,0.0,0.0004922049
1,1.0,0.99909097
0,0.0,0.0005650968
1,1.0,0.9995058
1,1.0,0.9998532
0,0.0,0.00038550515
1,1.0,0.9996385
1,1.0,0.99843806
0,0.0,0.00019356223
0,0.0,0.00019006361
0,0.0,0.0001826172
0,0.0,4.5187917e-05
0,0.0,0.00019008771
1,1.0,0.9978718
1,1.0,0.99751526
1,1.0,0.9991144
1,1.0,0.99873143
1,1.0,0.9983932
1,1.0,0.9988085
1,1.0,0.9998558
1,1.0,0.9986156
1,1.0,0.99926883
0,0.0,0.00019138349
1,1.0,0.9984414
1,1.0,0.99886274
1,1.0,0.9987128
1,1.0,0.99959576
0,0.0,0.00024912728
1,1.0,0.99863094
1,1.0,0.99843794
0,0.0,0.00016490468
1,1.0,0.99856263
1,1.0,0.9995497
0,0.0,0.00019320415
0,0.0,9.30844e-05
1,1.0,0.99886334
0,0.0,0.00019021372
1,1.0,0.99912775
0,0.0,0.00019121423
1,1.0,0.9991536
0,0.0,0.00022037384
0,0.0,0.0003830695
0,0.0,0.00018712696
0,0.0,0.00024211442
1,1.0,0.99849486
0,0.0,0.00013788175
1,1.0,0.99860173
0,0.0,0.00010842555
1,1.0,0.9979311
0,0.0,0.00010413852
1,1.0,0.9972042
1,1.0,0.9989383
1,1.0,0.9988084
0,0.0,0.00018584087
0,0.0,0.00022510362
1,1.0,0.99865794
0,0.0,0.0001874559
1,1.0,0.99904835
1,1.0,0.99930334
1,1.0,0.99924755
0,0.0,7.115776e-05
0,0.0,0.00018072045
0,0.0,0.00011200637
1,1.0,0.99705476
0,0.0,0.00016134753
1,1.0,0.9998948
0,0.0,0.00019139955
0,0.0,0.000107519314
1,1.0,0.999457
0,0.0,0.00018894677
0,0.0,0.00023130633
1,1.0,0.9984838
1,1.0,0.99904764
1,1.0,0.99976224
1,1.0,0.9998765
1,1.0,0.9997818
1,1.0,0.99925977
0,0.0,0.0024846229
0,0.0,0.000111743946
1,1.0,0.9985988
0,0.0,0.00016488976
1,1.0,0.9984569
1,1.0,0.9990934
1,1.0,0.9988487
0,0.0,0.00022729678
1,1.0,0.99886763
1,1.0,0.99848264
1,1.0,0.9999713
0,0.0,0.00018037907
1,1.0,0.9984514
0,0.0,0.000187115
0,0.0,0.00018684294
1,1.0,0.9997385
0,0.0,0.00013846093
1,1.0,0.9988442
0,0.0,0.00018789899
0,0.0,0.00021063989
1,1.0,0.99683267
1,1.0,0.9993648
0,0.0,0.00024080627
1,1.0,0.99942565
1,1.0,0.99937814
0,0.0,0.00032872372
0,0.0,0.00019872103
0,0.0,0.00011173894
1,1.0,0.9988234
1,1.0,0.99915093
0,0.0,0.00021293442
0,0.0,0.00020361424
0,0.0,0.00025372807
1,1.0,0.9994488
0,0.0,0.0024762426
0,0.0,0.0001833402
0,0.0,0.00016695115
0,0.0,0.00023127964
0,0.0,0.00023294965
1,1.0,0.9988214
0,0.0,9.312524e-05
1,1.0,0.99986124
1,1.0,0.9985531
0,0.0,0.00023652609
0,0.0,0.00013658145
0,0.0,0.00019012307
0,0.0,0.00019095132
1,1.0,0.9984782
0,0.0,0.00019139919
1,1.0,0.9998631
0,0.0,0.00019398108
1,1.0,0.999656
0,0.0,0.00020588074
1,1.0,0.9997869
1,1.0,0.99839324
1,1.0,0.99915105
1,1.0,0.99923414
0,0.0,0.00019022697
0,0.0,7.1171606e-05
1,1.0,0.9994937
1,1.0,0.9986223
0,0.0,0.00011198395
0,0.0,9.2977156e-05
1,1.0,0.99915373
1,1.0,0.9991652
1,1.0,0.9998419
0,0.0,0.00017816816
1,1.0,0.99908197
0,0.0,0.00027148132
1,1.0,0.9993396
1,1.0,0.9992046
1,1.0,0.9988613
0,0.0,0.00018913187
1,1.0,0.9985731
1,1.0,0.99882686
1,1.0,0.9987451
0,0.0,0.00018265343
1,1.0,0.99932796
1,1.0,0.9996381
1,1.0,0.9992613
1,1.0,0.9997945
1,1.0,0.9988304
0,0.0,0.00017871622
1,1.0,0.99874055
1,1.0,0.99959236
1,1.0,0.99991524
1,1.0,0.99716085
0,0.0,0.00078287645
1,1.0,0.9993966
1,1.0,0.99847317
0,0.0,9.319276e-05
1,1.0,0.99862957
1,1.0,0.9984858
0,0.0,0.00016817647
0,0.0,0.000107084044
1,1.0,0.9994749
1,1.0,0.9984164
1,1.0,0.9996133
1,1.0,0.9984523
0,0.0,0.00012172736
0,0.0,0.0001902237
1,1.0,0.999323
0,0.0,0.00019139427
1,1.0,0.99789065
0,0.0,0.00019501572
1,1.0,0.999151
1,1.0,0.99875844
1,1.0,0.9984768
0,0.0,0.000755641
1,1.0,0.9984536
0,0.0,9.429945e-05
0,0.0,0.00025371384
0,0.0,0.0002272892
0,0.0,0.00018146087
0,0.0,0.00010321268
1,1.0,0.99871945
1,1.0,0.997136
1,1.0,0.99882334
1,1.0,0.99845034
1,1.0,0.9996485
1,1.0,0.99920464
1,1.0,0.998473
1,1.0,0.99893457
1,1.0,0.9974474
1,1.0,0.9988611
1,1.0,0.9996695
1,1.0,0.9984568
0,0.0,0.00011494456
1,1.0,0.99954945
0,0.0,0.0019857367
0,0.0,0.00011297391
1,1.0,0.99859995
1,1.0,0.99979335
1,1.0,0.9986513
0,0.0,0.00025135593
0,0.0,0.00015358391
1,1.0,0.99968934
0,0.0,0.00011889553
1,1.0,0.9973819
1,1.0,0.9987469
0,0.0,0.0001640387
1,1.0,0.99843794
0,0.0,0.00015560194
0,0.0,7.122904e-05
1,1.0,0.9994771
1,1.0,0.99958324
0,0.0,0.0001902219
1,1.0,0.9986071
0,0.0,9.136566e-05
1,1.0,0.99884737
1,1.0,0.99845165
1,1.0,0.99719256
1,1.0,0.9975305
0,0.0,0.00025795307
0,0.0,0.000111240435
0,0.0,0.00016659495
1,1.0,0.9995715
0,0.0,0.00010754475
0,0.0,0.00019093274
1,1.0,0.9984967
0,0.0,9.849111e-05
0,0.0,0.00019010421
0,0.0,7.116292e-05
0,0.0,0.0001848586
1,1.0,0.99963087
0,0.0,0.0001591192
1,1.0,0.9988681
1,1.0,0.9984569
1,1.0,0.99967563
1,1.0,0.9996354
0,0.0,0.0001945755
0,0.0,0.00019009731
0,0.0,0.00032611136
1,1.0,0.9998533
1,1.0,0.99870616
0,0.0,0.00020119744
0,0.0,0.0003773105
1,1.0,0.9990213
1,1.0,0.99980307
1,1.0,0.9984731
1,1.0,0.99822545
1,1.0,0.99974567
1,1.0,0.99886936
0,0.0,0.0011846127
0,0.0,0.00017774008
0,0.0,0.00071384275
0,0.0,0.00064610795
1,1.0,0.9997314
0,0.0,0.00020073277
1,1.0,0.99913114
1,1.0,0.9989837
1,1.0,0.99955237
1,1.0,0.9973224
1,1.0,0.999639
1,1.0,0.99937594
0,0.0,9.3224764e-05
1,1.0,0.9996344
0,0.0,0.00023388038
0,0.0,0.0002561976
1,1.0,0.99847823
1,1.0,0.99925363
1,1.0,0.99845684
1,1.0,0.9995463
1,1.0,0.9987496
1,1.0,0.9992306
1,1.0,0.9994269
0,0.0,0.00013934358
0,0.0,0.0002042442
0,0.0,0.00015080837
1,1.0,0.99856365
1,1.0,0.99984133
0,0.0,0.00024208878
0,0.0,0.0022057982
0,0.0,0.0010085837
0,0.0,0.00017774143
1,1.0,0.9987589
1,1.0,0.99849516
0,0.0,0.00019006614
1,1.0,0.99908376
1,1.0,0.9988611
0,0.0,0.0001674596
1,1.0,0.9978672
1,1.0,0.99856246
0,0.0,0.00019318536
1,1.0,0.99970216
0,0.0,0.00021068165
1,1.0,0.9984414
0,0.0,0.00021014741
1,1.0,0.9996086
0,0.0,9.342196e-05
0,0.0,0.00011324658
0,0.0,0.00019354802
1,1.0,0.9974408
1,1.0,0.99933755
0,0.0,0.00013773353
1,1.0,0.99674976
0,0.0,0.00012326463
0,0.0,0.00017774753
1,1.0,0.99809945
0,0.0,0.00018834186
1,1.0,0.99872047
0,0.0,0.00013061501
1,1.0,0.9984949
1,1.0,0.99872166
0,0.0,0.00019354063
1,1.0,0.99874073
1,1.0,0.99983484
1,1.0,0.9973248
0,0.0,0.000108550215
1,1.0,0.9998769
0,0.0,9.3185205e-05
0,0.0,0.00010307626
0,0.0,0.00018558587
1,1.0,0.99943143
0,0.0,7.791404e-05
0,0.0,0.000107897795
0,0.0,7.793076e-05
0,0.0,0.00012484465
1,1.0,0.99866164
0,0.0,0.00014136633
0,0.0,0.00017817038
1,1.0,0.9984731
1,1.0,0.9984827
1,1.0,0.9980118
1,1.0,0.99978346
0,0.0,0.00019022207
1,1.0,0.99974126
0,0.0,0.00012786765
1,1.0,0.9973357
0,0.0,0.00019129227
1,1.0,0.9996373
1,1.0,0.9988754
1,1.0,0.99858606
1,1.0,0.99980736
1,1.0,0.99987924
1,1.0,0.9987348
0,0.0,9.335259e-05
0,0.0,0.00022389232
0,0.0,0.00016622714
1,1.0,0.9998313
0,0.0,0.00014203324
1,1.0,0.99987525
0,0.0,0.00021619126
1,1.0,0.99979293
1,1.0,0.9996457
1,1.0,0.99745536
1,1.0,0.99855274
0,0.0,0.0001913981
1,1.0,0.9983786
1,1.0,0.99962956
1,1.0,0.9996049
0,0.0,0.000101542064
0,0.0,0.00048492834
1,1.0,0.9985642
1,1.0,0.9985037
0,0.0,0.00018746538
1,1.0,0.99994874
1,1.0,0.99856144
1,1.0,0.99859166
1,1.0,0.99979293
1,1.0,0.999725
1,1.0,0.9984415
1,1.0,0.9996096
0,0.0,0.00020604
0,0.0,0.00014138452
0,0.0,0.0003118273
0,0.0,0.0002714725
1,1.0,0.99930435
0,0.0,0.00066342513
1,1.0,0.9988678
0,0.0,0.000703621
0,0.0,0.0001941265
1,1.0,0.9984947
0,0.0,0.0002409411
0,0.0,0.0004679432
1,1.0,0.99951506
1,1.0,0.9986043
0,0.0,0.0002813838
0,0.0,0.00019130304
1,1.0,0.99959886
0,0.0,0.00011458441
1,1.0,0.998447
1,1.0,0.998447
1,1.0,0.99952644
1,1.0,0.999624
0,0.0,0.00018530912
1,1.0,0.9991507
1,1.0,0.9986774
1,1.0,0.99962336
1,1.0,0.9992336
1,1.0,0.99975836
1,1.0,0.99963933
1,1.0,0.9997271
1,1.0,0.999523
0,0.0,0.00017774363
1,1.0,0.9991226
1,1.0,0.99849826
1,1.0,0.9995346
1,1.0,0.99967
1,1.0,0.99881023
0,0.0,0.0001807866
1,1.0,0.998447
1,1.0,0.99984086
0,0.0,9.3278635e-05
0,0.0,0.00018789826
0,0.0,0.00023385226
1,1.0,0.99857366
1,1.0,0.9984505
1,1.0,0.99931455
0,0.0,0.00016958482
1,1.0,0.9992689
0,0.0,0.00023295564
0,0.0,0.00011750322
1,1.0,0.99847335
1,1.0,0.99984205
1,1.0,0.9954041
0,0.0,0.00023144996
1,1.0,0.9998258
1,1.0,0.99890333
1,1.0,0.99983466
0,0.0,0.0002493074
0,0.0,0.00020081892
0,0.0,0.00011292061
1,1.0,0.9985541
1,1.0,0.999526
1,1.0,0.9984537
1,1.0,0.99855316
1,1.0,0.9985344
1,1.0,0.9984986
0,0.0,0.00019356112
0,0.0,0.0001777438
0,0.0,0.00010558983
1,1.0,0.9993492
0,0.0,0.00024912515
0,0.0,0.00022235315
0,0.0,0.0005341789
0,0.0,0.0001868084
1,1.0,0.9993385
1,1.0,0.99992746
0,0.0,0.0001931837
0,0.0,0.000193185
0,0.0,0.00015906122
0,0.0,0.00018099445
1,1.0,0.99977356
1,1.0,0.9994884
0,0.0,0.00017803519
0,0.0,0.0002455682
1,1.0,0.99975175
1,1.0,0.99843615
1,1.0,0.9986198
1,1.0,0.9996469
1,1.0,0.9988277
1,1.0,0.99845463
1,1.0,0.9985632
1,1.0,0.99837863
0,0.0,0.00016488976
1,1.0,0.9986394
0,0.0,0.00019913736
1,1.0,0.9995766
0,0.0,0.00019139955
1,1.0,0.9984948
0,0.0,0.00024081639
0,0.0,0.00023134272
1,1.0,0.99985814
0,0.0,0.0007929383
0,0.0,0.00011575697
0,0.0,0.000235324
0,0.0,0.0001935604
0,0.0,0.000110932066
0,0.0,0.00056184165
0,0.0,9.327552e-05
0,0.0,0.00035376407
1,1.0,0.99912786
0,0.0,8.5518805e-05
1,1.0,0.9988884
0,0.0,0.0017615737
1,1.0,0.9974375
1,1.0,0.9997693
0,0.0,0.00019022389
1,1.0,0.9986566
1,1.0,0.9973525
1,1.0,0.9987909
0,0.0,0.00024081225
1,1.0,0.99865866
1,1.0,0.99844664
1,1.0,0.9997926
0,0.0,0.0006439084
1,1.0,0.9993379
1,1.0,0.9993143
0,0.0,0.00019023332
1,1.0,0.99923724
0,0.0,0.0002586268
1,1.0,0.99970394
1,1.0,0.9996945
0,0.0,0.000193558
1,1.0,0.99827933
1,1.0,0.998696
1,1.0,0.99914676
1,1.0,0.9996817
1,1.0,0.9986253
0,0.0,0.00048475649
1,1.0,0.99933445
1,1.0,0.99879074
0,0.0,0.00019356186
1,1.0,0.9987215
1,1.0,0.99991786
1,1.0,0.9986644
0,0.0,0.0002091559
1,1.0,0.9993223
0,0.0,9.317347e-05
0,0.0,0.00016177705
1,1.0,0.998477
1,1.0,0.99969965
1,1.0,0.9977026
1,1.0,0.9986183
1,1.0,0.999484
0,0.0,0.00018915784
0,0.0,0.00018789523
0,0.0,0.00018712714
1,1.0,0.9996829
1,1.0,0.9997973
1,1.0,0.9987515
0,0.0,0.00010322951
0,0.0,0.0003518124
1,1.0,0.9984569
0,0.0,0.00048485489
1,1.0,0.99963796
0,0.0,0.00018894876
1,1.0,0.998834
1,1.0,0.99901915
0,0.0,0.00019321004
1,1.0,0.99792635
1,1.0,0.99839336
0,0.0,0.00022088902
1,1.0,0.9994111
0,0.0,0.00011124118
1,1.0,0.9984533
0,0.0,0.00013027644
1,1.0,0.9971941
0,0.0,0.00022613902
1,1.0,0.9984516
1,1.0,0.99984574
1,1.0,0.9996667
1,1.0,0.99444336
1,1.0,0.99909514
1,1.0,0.9979176
0,0.0,0.0001807356
1,1.0,0.99845326
1,1.0,0.9972381
0,0.0,0.00016489149
0,0.0,0.00018894281
0,0.0,9.295463e-05
1,1.0,0.9987023
0,0.0,0.00011141835
1,1.0,0.99941975
0,0.0,0.0005353604
1,1.0,0.998451
0,0.0,0.00014139988
0,0.0,0.00017134723
0,0.0,0.00019356408
1,1.0,0.99918765
1,1.0,0.99962425
1,1.0,0.99869585
1,1.0,0.9998347
1,1.0,0.9984469
0,0.0,9.325072e-05
1,1.0,0.9984892
0,0.0,0.00011123969
0,0.0,0.00036671755
1,1.0,0.99956053
0,0.0,0.00018558268
1,1.0,0.99845725
1,1.0,0.9991934
1,1.0,0.9985774
1,1.0,0.99857527
1,1.0,0.9984731
1,1.0,0.9987496
0,0.0,0.00020359637
1,1.0,0.9996802
1,1.0,0.998637
1,1.0,0.99879146
0,0.0,0.0001909322
1,1.0,0.99844146
1,1.0,0.9984467
0,0.0,0.00036482202
1,1.0,0.9996402
0,0.0,0.00019829477
1,1.0,0.9996782
0,0.0,0.00013993183
0,0.0,0.00024094823
1,1.0,0.9996707
1,1.0,0.9987004
1,1.0,0.9988084
0,0.0,0.00018559047
0,0.0,0.0003831904
1,1.0,0.99844134
1,1.0,0.9991536
1,1.0,0.99844944
1,1.0,0.99961597
1,1.0,0.99735063
0,0.0,0.00024082213
0,0.0,0.00024209778
1,1.0,0.9988269
0,0.0,0.0001367429
1,1.0,0.9971427
1,1.0,0.9997863
0,0.0,0.00016826004
1,1.0,0.9978816
1,1.0,0.9995949
0,0.0,0.00020901297
1,1.0,0.9982374
1,1.0,0.9975188
0,0.0,9.849374e-05
1,1.0,0.9998455
1,1.0,0.99839514
0,0.0,0.0001699137
0,0.0,0.00019009731
1,1.0,0.9998553
0,0.0,0.0004446791
0,0.0,0.0006083194
0,0.0,0.00018913926
1,1.0,0.99862784
1,1.0,0.9996291
1,1.0,0.9992236
1,1.0,0.998438
0,0.0,0.00038358092
1,1.0,0.9991815
0,0.0,0.0002470915
1,1.0,0.9985901
1,1.0,0.99952435
0,0.0,0.00018531248
0,0.0,0.00026084462
1,1.0,0.99846745
0,0.0,0.00015287791
1,1.0,0.99893486
0,0.0,0.00018791348
1,1.0,0.9993808
1,1.0,0.99797845
0,0.0,7.808795e-05
1,1.0,0.9987597
1,1.0,0.99915105
0,0.0,0.00018510605
1,1.0,0.99898916
0,0.0,0.00024591308
0,0.0,0.0002314835
0,0.0,0.000111732654
1,1.0,0.99855834
0,0.0,0.000106303385
0,0.0,0.00040164887
1,1.0,0.9999208
0,0.0,0.0001376973
0,0.0,0.00013661623
0,0.0,0.00022509633
1,1.0,0.9973742
0,0.0,0.00022239513
1,1.0,0.9979626
0,0.0,9.3147806e-05
0,0.0,9.769881e-05
0,0.0,0.0019720898
1,1.0,0.9995353
1,1.0,0.99892944
1,1.0,0.9985889
0,0.0,0.00010973562
0,0.0,0.00015413556
1,1.0,0.9992383
0,0.0,0.00022727619
1,1.0,0.9987176
1,1.0,0.99848247
1,1.0,0.99957687
1,1.0,0.9984124
0,0.0,0.0030310927
0,0.0,0.00016982577
0,0.0,9.302655e-05
0,0.0,0.00023452078
1,1.0,0.998642
0,0.0,0.00013569898
1,1.0,0.99849826
1,1.0,0.9986474
1,1.0,0.99847096
1,1.0,0.9996062
1,1.0,0.998757
0,0.0,0.000110954395
1,1.0,0.99858975
1,1.0,0.999945
1,1.0,0.99847347
1,1.0,0.9998574
1,1.0,0.999671
1,1.0,0.9995033
0,0.0,0.00016403072
1,1.0,0.9985574
1,1.0,0.99844134
1,1.0,0.9984768
1,1.0,0.9993375
1,1.0,0.9987915
0,0.0,0.00013671552
1,1.0,0.99886805
1,1.0,0.9984523
1,1.0,0.9984948
1,1.0,0.9993933
0,0.0,0.00016429777
1,1.0,0.99859023
0,0.0,9.019658e-05
0,0.0,0.0005661548
1,1.0,0.9974408
1,1.0,0.9984469
1,1.0,0.9987451
1,1.0,0.9988681
0,0.0,0.00019093147
1,1.0,0.99933535
0,0.0,0.00017817649
1,1.0,0.99724483
1,1.0,0.99912363
1,1.0,0.9993709
0,0.0,0.00045821373
0,0.0,0.0001880359
1,1.0,0.99858564
0,0.0,0.00034561692
1,1.0,0.9979049
0,0.0,0.00019139846
0,0.0,0.00018610615
0,0.0,0.0005689773
1,1.0,0.99875027
1,1.0,0.9984532
1,1.0,0.9986028
0,0.0,0.0001891326
0,0.0,0.0002566181
1,1.0,0.9998178
1,1.0,0.9984856
0,0.0,0.0002138392
0,0.0,0.0002692118
0,0.0,0.00011891683
0,0.0,0.00018559348
1,1.0,0.99847853
1,1.0,0.9984767
0,0.0,0.00019025944
1,1.0,0.99853766
1,1.0,0.9988103
0,0.0,0.0001971305
0,0.0,0.00021048711
1,1.0,0.9997268
1,1.0,0.99880844
0,0.0,0.0001902295
1,1.0,0.99872494
0,0.0,9.300065e-05
1,1.0,0.99984604
0,0.0,0.0001913149
1,1.0,0.9973309
1,1.0,0.9984362
1,1.0,0.9988337
0,0.0,0.00025367996
0,0.0,0.0002492708
0,0.0,0.00018624352
1,1.0,0.9984782
1,1.0,0.99966997
1,1.0,0.9981519
1,1.0,0.99942493
1,1.0,0.9994256
1,1.0,0.9998291
1,1.0,0.998828
0,0.0,0.00010626822
1,1.0,0.99920136
1,1.0,0.99949247
1,1.0,0.9991219
0,0.0,0.00018879297
0,0.0,0.00015856697
1,1.0,0.9986057
1,1.0,0.9970157
0,0.0,0.00011295183
1,1.0,0.99905205
0,0.0,0.00018626555
1,1.0,0.9996486
1,1.0,0.9986892
0,0.0,0.00019354525
1,1.0,0.99928063
1,1.0,0.999365
1,1.0,0.9970888
1,1.0,0.99953294
0,0.0,0.00021287535
0,0.0,0.00015567761
0,0.0,9.328326e-05
0,0.0,0.000108128814
1,1.0,0.99838823
0,0.0,9.774746e-05
1,1.0,0.99948114
0,0.0,0.00023331308
1,1.0,0.9998479
0,0.0,0.00038299576
0,0.0,0.00018794324
0,0.0,0.0025211016
1,1.0,0.9986444
0,0.0,0.0001912064
1,1.0,0.9997302
1,1.0,0.9996388
0,0.0,0.00019139718
1,1.0,0.99882686
1,1.0,0.9975297
1,1.0,0.9997697
0,0.0,0.00013238931
0,0.0,0.00010751275
1,1.0,0.9991266
1,1.0,0.99845153
1,1.0,0.99870163
1,1.0,0.9989174
1,1.0,0.99843794
0,0.0,0.00011199729
1,1.0,0.9990889
1,1.0,0.9987652
1,1.0,0.99846476
0,0.0,0.0015975093
0,0.0,0.00019138605
1,1.0,0.9986539
1,1.0,0.9973538
1,1.0,0.9997871
1,1.0,0.99966896
1,1.0,0.9970745
0,0.0,0.000109698485
0,0.0,0.00018558693
0,0.0,9.503391e-05
0,0.0,0.000106349326
1,1.0,0.9992627
0,0.0,0.00019119437
1,1.0,0.99979764
0,0.0,0.00018073422
0,0.0,0.00024708724
1,1.0,0.9995119
1,1.0,0.99970526
1,1.0,0.99844146
0,0.0,0.001540906
1,1.0,0.9996867
1,1.0,0.9997302
1,1.0,0.99875134
0,0.0,0.00018667823
0,0.0,0.0002492917
1,1.0,0.9996469
1,1.0,0.9986584
1,1.0,0.99933916
0,0.0,0.0006610697
0,0.0,0.00031809602
0,0.0,0.00011356364
0,0.0,0.0002073148
0,0.0,9.3295006e-05
0,0.0,0.00010062741
0,0.0,0.00018668624
1,1.0,0.9994293
0,0.0,0.00024926223
1,1.0,0.9987023
1,1.0,0.99984264
0,0.0,0.00013565691
1,1.0,0.9996318
1,1.0,0.9996217
1,1.0,0.99985945
0,0.0,0.0005639376
0,0.0,0.00038320976
1,1.0,0.9996287
0,0.0,0.0001874711
1,1.0,0.99994195
0,0.0,0.00024591474
0,0.0,0.00019129958
0,0.0,9.327011e-05
0,0.0,0.00012491693
0,0.0,0.0013748902
1,1.0,0.97428864
1,1.0,0.9984313
1,1.0,0.9998931
1,1.0,0.99858934
1,1.0,0.99883586
1,1.0,0.9988234
1,1.0,0.9983825
1,1.0,0.9989242
0,0.0,0.00019319549
0,0.0,0.00011650101
1,1.0,0.9986604
1,1.0,0.9997999
1,1.0,0.9988612
1,1.0,0.9968202
1,1.0,0.99882716
1,1.0,0.998635
1,1.0,0.9996487
1,1.0,0.9992493
1,1.0,0.9987474
0,0.0,0.00012327898
0,0.0,0.00094435684
1,1.0,0.99950385
0,0.0,9.296465e-05
1,1.0,0.9998371
1,1.0,0.9992665
0,0.0,0.00038321817
1,1.0,0.9989589
0,0.0,0.00012169555
0,0.0,0.00018668981
0,0.0,0.0002493245
1,1.0,0.99875695
1,1.0,0.99846756
0,0.0,0.00012048719
1,1.0,0.9997021
1,1.0,0.99874246
1,1.0,0.9984414
1,1.0,0.99853355
1,1.0,0.9993168
1,1.0,0.999859
0,0.0,0.00023340186
1,1.0,0.99847347
1,1.0,0.99977237
0,0.0,0.00019355855
1,1.0,0.99879396
0,0.0,0.00025371576
1,1.0,0.9974712
1,1.0,0.9992329
0,0.0,0.0004155619
0,0.0,0.00021366923
0,0.0,9.8359895e-05
1,1.0,0.99849457
0,0.0,0.00019356556
0,0.0,0.00010154807
0,0.0,0.00024643037
0,0.0,0.00019139207
0,0.0,9.4301526e-05
0,0.0,0.00011203565
1,1.0,0.9983786
0,0.0,0.00012670865
0,0.0,0.00024708512
1,1.0,0.9985888
1,1.0,0.9987971
1,1.0,0.99845713
0,0.0,0.00022615754
0,0.0,0.00018746823
0,0.0,0.00011890254
1,1.0,0.9996816
0,0.0,0.00020362122
0,0.0,7.125751e-05
1,1.0,0.9996214
0,0.0,0.00018803196
1,1.0,0.999702
1,1.0,0.9995342
1,1.0,0.9987222
0,0.0,7.112573e-05
1,1.0,0.9987407
1,1.0,0.9983934
0,0.0,0.000111236615
1,1.0,0.99929106
0,0.0,0.0001807289
0,0.0,0.00012501942
0,0.0,0.00010632499
1,1.0,0.9987451
1,1.0,0.99886805
1,1.0,0.99912006
1,1.0,0.99730355
1,1.0,0.998794
1,1.0,0.99843794
0,0.0,0.00048475649
0,0.0,0.00021555669
0,0.0,0.00017483199
0,0.0,0.0003702606
0,0.0,0.00021446688
0,0.0,9.136524e-05
1,1.0,0.9970784
0,0.0,0.000102389924
1,1.0,0.9998533
0,0.0,0.000114794384
0,0.0,0.0002458936
0,0.0,0.0001128417
0,0.0,0.00015131813
0,0.0,0.00019129101
0,0.0,0.0001747835
1,1.0,0.9996758
1,1.0,0.9986228
1,1.0,0.9998233
0,0.0,0.000108724664
0,0.0,0.002231358
0,0.0,0.00048518082
1,1.0,0.99953496
0,0.0,0.00018712785
1,1.0,0.9996092
1,1.0,0.9987024
1,1.0,0.9996425
1,1.0,0.9994115
1,1.0,0.99845093
1,1.0,0.99839526
0,0.0,0.0001172742
1,1.0,0.99983597
1,1.0,0.9997297
1,1.0,0.99940217
0,0.0,0.00013715935
0,0.0,9.1038746e-05
1,1.0,0.9997832
1,1.0,0.9983932
1,1.0,0.99955
0,0.0,0.00022729656
1,1.0,0.9999743
1,1.0,0.9997302
1,1.0,0.99919623
0,0.0,0.00023240635
1,1.0,0.99881035
0,0.0,0.00032583822
1,1.0,0.99720633
0,0.0,0.00018712642
1,1.0,0.99792975
1,1.0,0.9988359
0,0.0,0.00021277471
1,1.0,0.9979373
1,1.0,0.998509
1,1.0,0.99984235
0,0.0,0.00011453186
0,0.0,0.00019621258
1,1.0,0.99860626
1,1.0,0.99981076
0,0.0,0.00024094201
0,0.0,0.0004190938
1,1.0,0.99947286
1,1.0,0.99858916
1,1.0,0.99847317
1,1.0,0.99844134
1,1.0,0.9993807
1,1.0,0.9996488
1,1.0,0.9995799
1,1.0,0.9996386
0,0.0,9.3107315e-05
1,1.0,0.9996472
0,0.0,0.00019007575
0,0.0,9.316965e-05
1,1.0,0.99915093
1,1.0,0.99904835
1,1.0,0.9985634
1,1.0,0.9973432
0,0.0,0.00015548314
1,1.0,0.9993966
1,1.0,0.99931395
0,0.0,0.002364976
1,1.0,0.99846745
1,1.0,0.9987569
0,0.0,0.00014203215
1,1.0,0.99925655
0,0.0,0.00019355927
0,0.0,0.000111744586
0,0.0,0.0001902217
0,0.0,0.00010853779
1,1.0,0.99973017
1,1.0,0.998495
0,0.0,0.0001847002
1,1.0,0.9985629
0,0.0,0.00056291773
0,0.0,9.341813e-05
1,1.0,0.99845487
0,0.0,0.00011614263
0,0.0,9.95587e-05
1,1.0,0.99843806
1,1.0,0.99906397
0,0.0,0.00011319648
1,1.0,0.99846506
1,1.0,0.9983825
0,0.0,0.00025364416
1,1.0,0.9999195
1,1.0,0.9987468
1,1.0,0.99981046
0,0.0,0.00018837956
0,0.0,0.00019140083
0,0.0,0.00019874868
1,1.0,0.99939084
1,1.0,0.9984533
0,0.0,0.0007515793
1,1.0,0.99914306
1,1.0,0.9988613
0,0.0,0.00018669158
1,1.0,0.999237
0,0.0,0.00018891902
0,0.0,0.0001356476
1,1.0,0.9993222
1,1.0,0.9986223
0,0.0,0.00018427715
1,1.0,0.99977386
0,0.0,0.00018072665
0,0.0,0.00048485858
0,0.0,0.00014311554
1,1.0,0.99844676
0,0.0,0.00021194192
0,0.0,0.00018558605
1,1.0,0.9996265
1,1.0,0.999184
0,0.0,0.0001385106
0,0.0,8.755926e-05
0,0.0,0.0009479284
0,0.0,0.00045925734
0,0.0,0.00022510062
0,0.0,0.00015138756
0,0.0,0.0006973233
1,1.0,0.99984926
0,0.0,0.00015317707
0,0.0,7.1171744e-05
0,0.0,0.00035766698
1,1.0,0.9997155
1,1.0,0.9985599
0,0.0,9.307553e-05
1,1.0,0.9991221
0,0.0,0.00024589666
0,0.0,0.00016491459
1,1.0,0.99883443
0,0.0,0.00022931905
0,0.0,0.00015211626
1,1.0,0.9996481
0,0.0,0.00018107162
0,0.0,0.0019922452
0,0.0,0.00023072
0,0.0,0.00018583289
1,1.0,0.9984652
0,0.0,0.0002714148
1,1.0,0.9998587
0,0.0,0.00013709908
1,1.0,0.9984414
0,0.0,0.00020933409
1,1.0,0.99920076
0,0.0,0.0001880325
1,1.0,0.9978978
1,1.0,0.9985627
1,1.0,0.999451
0,0.0,0.0029125747
0,0.0,0.00017890955
1,1.0,0.9984511
1,1.0,0.99961376
1,1.0,0.9966392
1,1.0,0.9989917
1,1.0,0.99845695
0,0.0,0.00022728335
0,0.0,0.0001807263
1,1.0,0.9988256
0,0.0,0.00021381883
0,0.0,0.00012206979
0,0.0,0.0001800359
0,0.0,0.00023416418
1,1.0,0.99848014
1,1.0,0.99915105
0,0.0,9.945262e-05
0,0.0,0.00019138496
1,1.0,0.99806935
0,0.0,0.00024078037
0,0.0,0.00023339741
1,1.0,0.99960965
1,1.0,0.99844736
0,0.0,0.00063221646
1,1.0,0.99981886
1,1.0,0.9984537
0,0.0,0.00017817241
1,1.0,0.9988268
1,1.0,0.9997891
0,0.0,0.0013733493
0,0.0,8.7929504e-05
0,0.0,0.00016297371
1,1.0,0.998745
0,0.0,0.0001900995
1,1.0,0.99872655
0,0.0,0.0001807289
0,0.0,0.00019136524
0,0.0,0.0005625951
1,1.0,0.99915093
1,1.0,0.9984826
1,1.0,0.9998443
1,1.0,0.9987566
1,1.0,0.99942076
1,1.0,0.9984826
1,1.0,0.99793506
1,1.0,0.9998518
0,0.0,0.00018067064
1,1.0,0.9978674
0,0.0,0.00019022425
1,1.0,0.99914676
1,1.0,0.9978851
0,0.0,0.00057779753
0,0.0,0.0001605573
1,1.0,0.9988344
1,1.0,0.9996346
0,0.0,0.000136629
0,0.0,0.00019138641
0,0.0,0.00024080033
1,1.0,0.99916285
0,0.0,0.00021406502
1,1.0,0.99787956
0,0.0,4.023411e-05
0,0.0,0.0002562118
1,1.0,0.99969536
0,0.0,0.00069661357
1,1.0,0.99963075
1,1.0,0.99941707
1,1.0,0.99733573
1,1.0,0.99874765
1,1.0,0.9996115
1,1.0,0.9984548
1,1.0,0.999502
1,1.0,0.99846506
0,0.0,0.0012978383
1,1.0,0.99993616
1,1.0,0.99915105
1,1.0,0.99852556
0,0.0,9.326139e-05
1,1.0,0.99949855
1,1.0,0.999147
0,0.0,9.145554e-05
1,1.0,0.99844676
1,1.0,0.9984516
1,1.0,0.9993023
1,1.0,0.9992625
1,1.0,0.99864566
0,0.0,0.0009234559
0,0.0,0.000278981
0,0.0,9.842482e-05
1,1.0,0.997885
1,1.0,0.9993802
0,0.0,0.0006077019
0,0.0,0.00018913602
1,1.0,0.998591
0,0.0,0.0002016105
0,0.0,0.00011890833
0,0.0,0.00018332062
1,1.0,0.9969724
1,1.0,0.99953425
0,0.0,0.00018789594
0,0.0,0.00010774593
0,0.0,0.00022145988
1,1.0,0.9998984
1,1.0,0.99897707
1,1.0,0.9988084
1,1.0,0.9987056
1,1.0,0.9988337
0,0.0,0.0020620693
1,1.0,0.99847317
0,0.0,0.0005610606
0,0.0,0.00063923106
1,1.0,0.9985236
0,0.0,0.00018677206
0,0.0,0.0004610836
1,1.0,0.99963754
1,1.0,0.9996606
1,1.0,0.99931765
0,0.0,0.0006672614
0,0.0,0.00017905564
1,1.0,0.99792004
0,0.0,0.00021174942
0,0.0,0.00018284404
1,1.0,0.99986136
1,1.0,0.9983785
0,0.0,0.00022262066
0,0.0,0.00018505046
0,0.0,0.00018914991
0,0.0,0.0003090609
0,0.0,0.00033529196
1,1.0,0.9974656
1,1.0,0.9984522
0,0.0,0.0004849138
0,0.0,0.00019119016
1,1.0,0.99925697
0,0.0,0.00018074938
0,0.0,0.00017701011
1,1.0,0.9996403
0,0.0,0.00016617865
0,0.0,0.00019007556
0,0.0,0.00022729071
1,1.0,0.9984891
1,1.0,0.99844134
1,1.0,0.99883586
1,1.0,0.999355
0,0.0,0.00027147486
0,0.0,0.000191192
0,0.0,0.00023128626
1,1.0,0.9996538
0,0.0,0.00024591075
0,0.0,0.00018745233
0,0.0,0.00016546337
1,1.0,0.9996799
1,1.0,0.9987024
0,0.0,0.00018645143
1,1.0,0.99854076
1,1.0,0.99856204
0,0.0,0.0001078946
1,1.0,0.99957407
1,1.0,0.99819696
1,1.0,0.99883586
0,0.0,0.00017819043
1,1.0,0.99977654
1,1.0,0.99849504
1,1.0,0.99883026
1,1.0,0.9996303
0,0.0,7.793426e-05
0,0.0,0.00056254305
1,1.0,0.9984856
1,1.0,0.99893886
1,1.0,0.9998407
0,0.0,0.00018802586
1,1.0,0.99844694
0,0.0,0.00019121042
1,1.0,0.9988369
0,0.0,9.32967e-05
1,1.0,0.999669
0,0.0,0.00019317836
0,0.0,0.000227297
0,0.0,0.00024351409
0,0.0,9.722196e-05
1,1.0,0.99987215
1,1.0,0.99985945
1,1.0,0.99866414
0,0.0,0.00019139609
0,0.0,7.1203925e-05
0,0.0,0.00022337973
1,1.0,0.99987817
1,1.0,0.9971887
1,1.0,0.99963844
0,0.0,0.00017807273
0,0.0,0.00017774414
0,0.0,0.00015257356
0,0.0,0.00017667776
1,1.0,0.9984959
0,0.0,0.0002072134
1,1.0,0.99961394
0,0.0,0.00021803261
0,0.0,9.232028e-05
1,1.0,0.9985966
1,1.0,0.9982427
1,1.0,0.9987555
1,1.0,0.99957985
1,1.0,0.99846494
1,1.0,0.99943566
1,1.0,0.9973246
1,1.0,0.99847126
0,0.0,9.309319e-05
1,1.0,0.99736714
1,1.0,0.9992767
0,0.0,0.00017788657
0,0.0,0.0001866809
0,0.0,0.00017774296
1,1.0,0.9988234
0,0.0,0.00019138459
0,0.0,0.0003261154
1,1.0,0.9988679
1,1.0,0.99954534
0,0.0,7.271378e-05
1,1.0,0.9994244
1,1.0,0.9998588
1,1.0,0.99825215
1,1.0,0.9996474
0,0.0,0.00020082542
0,0.0,8.2595165e-05
1,1.0,0.9996314
1,1.0,0.9988679
1,1.0,0.9997402
0,0.0,0.00023276072
0,0.0,0.00017817276
0,0.0,0.00018668393
0,0.0,0.00018894515
1,1.0,0.99962884
1,1.0,0.9984469
1,1.0,0.9985338
1,1.0,0.9985887
0,0.0,9.3890834e-05
1,1.0,0.9984508
1,1.0,0.9998398
1,1.0,0.9984825
0,0.0,0.00014203013
0,0.0,0.00018746323
1,1.0,0.9982767
1,1.0,0.9998421
1,1.0,0.9993487
0,0.0,0.00013716656
1,1.0,0.9983931
1,1.0,0.9987534
0,0.0,9.327962e-05
1,1.0,0.9988614
1,1.0,0.9990122
1,1.0,0.9993943
0,0.0,0.00010666355
0,0.0,3.67278e-05
1,1.0,0.99925363
1,1.0,0.99738
0,0.0,0.00010062655
1,1.0,0.9995003
0,0.0,0.00012853046
0,0.0,0.00012492693
0,0.0,0.00023144201
0,0.0,0.0004708924
0,0.0,0.00023879156
1,1.0,0.99847823
1,1.0,0.998736
0,0.0,0.00017702699
1,1.0,0.99853796
1,1.0,0.9995103
1,1.0,0.9992623
1,1.0,0.9995344
1,1.0,0.99882346
0,0.0,0.00014134285
1,1.0,0.9990689
0,0.0,0.00013993797
1,1.0,0.9987511
1,1.0,0.9996475
0,0.0,0.0020213798
1,1.0,0.99965954
1,1.0,0.99912053
0,0.0,9.3359355e-05
0,0.0,0.00018026489
0,0.0,0.0022385162
0,0.0,0.00025368502
0,0.0,0.00065375236
1,1.0,0.99985725
1,1.0,0.9979638
1,1.0,0.9995007
0,0.0,0.00025999497
0,0.0,0.0003121215
1,1.0,0.99865586
0,0.0,0.0003254123
0,0.0,9.314416e-05
1,1.0,0.9988937
1,1.0,0.9984735
0,0.0,0.00023344437
1,1.0,0.9977639
0,0.0,0.00013182408
0,0.0,0.00018826123
1,1.0,0.99977285
1,1.0,0.99971193
1,1.0,0.9984572
0,0.0,0.00018746502
1,1.0,0.99929976
1,1.0,0.9985978
1,1.0,0.99926263
1,1.0,0.99853635
0,0.0,0.00019733398
1,1.0,0.99987763
1,1.0,0.9998313
1,1.0,0.99874735
0,0.0,0.00041040542
1,1.0,0.99846005
0,0.0,0.00018558888
1,1.0,0.99862444
0,0.0,0.00013923069
0,0.0,0.00017188331
0,0.0,0.00014204394
0,0.0,5.451806e-05
0,0.0,0.000205455
1,1.0,0.9994984
1,1.0,0.99864924
1,1.0,0.99860275
1,1.0,0.9991894
1,1.0,0.99985945
0,0.0,0.00027153385
0,0.0,0.00011143631
1,1.0,0.9998574
0,0.0,0.00013760306
1,1.0,0.9993307
0,0.0,0.00015914561
1,1.0,0.998561
1,1.0,0.9985493
0,0.0,0.00020318755
1,1.0,0.998854
0,0.0,0.000112952905
0,0.0,0.00023339341
0,0.0,0.00013662483
0,0.0,0.0003254011
1,1.0,0.9995168
1,1.0,0.9984378
1,1.0,0.99824286
1,1.0,0.9985482
0,0.0,0.00030212567
1,1.0,0.99857175
0,0.0,0.0009603387
0,0.0,0.00035588522
0,0.0,0.00019320617
1,1.0,0.99926585
1,1.0,0.9997832
1,1.0,0.9996956
1,1.0,0.9991329
1,1.0,0.9991325
1,1.0,0.9997762
1,1.0,0.9996703
1,1.0,0.99987924
0,0.0,0.00015531287
0,0.0,0.000116253876
1,1.0,0.9999359
1,1.0,0.9999124
1,1.0,0.9988408
0,0.0,0.00015030318
0,0.0,0.00012499045
0,0.0,6.520104e-05
1,1.0,0.9990424
0,0.0,0.00012212811
1,1.0,0.9992993
0,0.0,6.2219486e-05
1,1.0,0.9996158
0,0.0,0.002211058
1,1.0,0.99966997
1,1.0,0.99906844
0,0.0,0.00016067663
1,1.0,0.9991375
1,1.0,0.99986255
0,0.0,0.00013036416
1,1.0,0.9995634
0,0.0,0.00047620552
1,1.0,0.9995558
1,1.0,0.99991393
1,1.0,0.9994568
1,1.0,0.99956614
1,1.0,0.99907106
1,1.0,0.9999027
1,1.0,0.99987775
1,1.0,0.99920803
1,1.0,0.9991462
1,1.0,0.99921054
1,1.0,0.99990976
0,0.0,6.425003e-05
1,1.0,0.9994071
0,0.0,0.0001677428
1,1.0,0.9991413
0,0.0,0.00014847673
0,0.0,0.0001176694
0,0.0,0.0001678439
1,1.0,0.99904245
1,1.0,0.99842054
1,1.0,0.99874806
1,1.0,0.9990818
0,0.0,0.00012862978
1,1.0,0.9990443
1,1.0,0.99978834
1,1.0,0.99906874
1,1.0,0.99990827
1,1.0,0.99904245
1,1.0,0.99913234
0,0.0,0.00012212952
0,0.0,0.00012095375
1,1.0,0.9991464
1,1.0,0.9995338
0,0.0,0.00012651716
1,1.0,0.9990539
1,1.0,0.99979407
0,0.0,0.000120949946
0,0.0,9.138632e-05
1,1.0,0.99907106
0,0.0,0.0014362624
0,0.0,0.00012140902
1,1.0,0.9992949
1,1.0,0.9999084
0,0.0,0.00015807906
1,1.0,0.9996804
1,1.0,0.9992752
0,0.0,8.999538e-05
0,0.0,0.00023786424
1,1.0,0.9997841
0,0.0,0.00013716223
0,0.0,0.00012132107
0,0.0,0.00014236207
1,1.0,0.9993701
1,1.0,0.99985254
1,1.0,0.999984
1,1.0,0.998151
1,1.0,0.9995264
1,1.0,0.99835426
1,1.0,0.9993702
1,1.0,0.9991519
0,0.0,8.170051e-05
0,0.0,0.00011530012
0,0.0,0.00038051757
0,0.0,0.00012673256
1,1.0,0.99938965
1,1.0,0.99994737
0,0.0,8.991114e-05
0,0.0,7.8695026e-05
1,1.0,0.999898
1,1.0,0.99993235
0,0.0,6.161134e-05
1,1.0,0.9990798
1,1.0,0.99977064
1,1.0,0.99952644
1,1.0,0.9999118
1,1.0,0.9992104
0,0.0,5.333628e-05
0,0.0,8.000878e-05
1,1.0,0.99977165
1,1.0,0.99977833
1,1.0,0.9994074
0,0.0,0.000110413486
0,0.0,0.000120693825
0,0.0,0.00013545773
0,0.0,0.00012691965
0,0.0,0.00012675674
0,0.0,0.00073495664
1,1.0,0.9998163
0,0.0,0.0003440698
0,0.0,8.2888924e-05
1,1.0,0.9993449
0,0.0,0.00015740235
1,1.0,0.99914914
0,0.0,0.00012540135
1,1.0,0.9993057
0,0.0,0.00012127042
0,0.0,7.0375834e-05
1,1.0,0.99974275
0,0.0,0.0014732527
0,0.0,8.433819e-05
1,1.0,0.99914134
1,1.0,0.99966675
1,1.0,0.9999067
1,1.0,0.99991196
1,1.0,0.9992125
0,0.0,0.00013604516
1,1.0,0.9993034
1,1.0,0.99799883
0,0.0,0.000120949364
1,1.0,0.9990429
1,1.0,0.99965256
1,1.0,0.9990818
1,1.0,0.9990423
1,1.0,0.999499
0,0.0,0.00012094544
1,1.0,0.999079
1,1.0,0.99907106
1,1.0,0.999382
1,1.0,0.9987454
0,0.0,0.00013519681
0,0.0,9.582551e-05
0,0.0,0.0002632378
0,0.0,0.00016564094
0,0.0,0.00012095167
1,1.0,0.99915195
0,0.0,0.00012501738
1,1.0,0.9992744
1,1.0,0.9992557
1,1.0,0.99941343
1,1.0,0.9999629
0,0.0,7.4724274e-05
0,0.0,0.00020392024
0,0.0,0.00012375752
0,0.0,8.288829e-05
1,1.0,0.999311
0,0.0,0.00012675191
1,1.0,0.9997691
0,0.0,0.00012069187
0,0.0,0.00012069244
0,0.0,0.00017461707
0,0.0,0.00012539823
1,1.0,0.9990688
1,1.0,0.99914205
0,0.0,6.046701e-05
0,0.0,7.872648e-05
0,0.0,0.00014403308
1,1.0,0.9990798
1,1.0,0.99974674
1,1.0,0.9998164
0,0.0,0.00010806016
1,1.0,0.9993288
1,1.0,0.9998918
1,1.0,0.99968493
0,0.0,6.711317e-05
1,1.0,0.9998374
1,1.0,0.9993645
1,1.0,0.99952644
0,0.0,0.00012379161
0,0.0,0.00011530375
0,0.0,0.00046919606
0,0.0,0.00020435193
1,1.0,0.99914235
0,0.0,0.00017080193
1,1.0,0.9997986
0,0.0,0.0020214953
0,0.0,0.00016919024
0,0.0,0.0005200184
1,1.0,0.9995287
0,0.0,0.007229512
0,0.0,0.00012460607
1,1.0,0.9983588
0,0.0,0.00016944257
1,1.0,0.9973288
0,0.0,7.8686324e-05
1,1.0,0.9995463
0,0.0,0.00036542074
1,1.0,0.99908906
1,1.0,0.99899834
0,0.0,0.00012871553
1,1.0,0.9993795
1,1.0,0.9997967
0,0.0,0.00036571833
0,0.0,0.0001378217
1,1.0,0.99950385
0,0.0,0.00014954223
1,1.0,0.9991378
1,1.0,0.9998029
1,1.0,0.99983853
0,0.0,9.227883e-05
0,0.0,5.3057516e-05
0,0.0,0.00019708952
1,1.0,0.9990425
1,1.0,0.99907106
1,1.0,0.99881756
1,1.0,0.9995417
0,0.0,0.0008133688
0,0.0,9.2181566e-05
0,0.0,0.00012351289
1,1.0,0.9999079
0,0.0,7.038349e-05
0,0.0,0.0007038819
1,1.0,0.9992764
0,0.0,0.00012126707
1,1.0,0.99914217
1,1.0,0.9998009
1,1.0,0.99975556
1,1.0,0.99997073
0,0.0,0.00013713974
1,1.0,0.9997868
1,1.0,0.99800414
0,0.0,0.00011501297
1,1.0,0.999263
1,1.0,0.9997891
0,0.0,0.00012514238
1,1.0,0.9998122
0,0.0,0.0008133577
1,1.0,0.99981457
1,1.0,0.99927384
1,1.0,0.9992029
0,0.0,0.00012522032
0,0.0,0.00019706418
0,0.0,0.00013541886
0,0.0,0.00012219475
1,1.0,0.9999157
1,1.0,0.99837226
1,1.0,0.9998246
0,0.0,0.00021384594
1,1.0,0.99954426
0,0.0,7.672425e-05
0,0.0,0.00016481965
0,0.0,0.00018796744
0,0.0,0.00016365529
1,1.0,0.9993028
1,1.0,0.9995989
0,0.0,0.00054901326
0,0.0,0.00046493954
0,0.0,0.00015168406
0,0.0,0.00013104116
0,0.0,0.0001487664
0,0.0,7.009046e-05
1,1.0,0.9993052
0,0.0,0.00012110147
1,1.0,0.99990726
0,0.0,0.00016363034
1,1.0,0.9997876
1,1.0,0.99940366
1,1.0,0.99899846
1,1.0,0.99978817
0,0.0,7.12046e-05
0,0.0,0.0011564343
0,0.0,7.009694e-05
0,0.0,7.8856385e-05
1,1.0,0.9999287
1,1.0,0.99898225
1,1.0,0.9996815
0,0.0,0.00083601533
0,0.0,0.0005021866
0,0.0,0.00028326936
1,1.0,0.99960536
1,1.0,0.9995584
1,1.0,0.99908525
1,1.0,0.998422
0,0.0,0.00011625143
1,1.0,0.99907184
1,1.0,0.9990298
1,1.0,0.9999
1,1.0,0.999362
0,0.0,0.00013783063
0,0.0,0.00015257254
0,0.0,0.00016228641
0,0.0,0.00014746115
1,1.0,0.9990732
1,1.0,0.99907184
0,0.0,0.00012351113
1,1.0,0.9991327
0,0.0,0.00012211519
0,0.0,9.170828e-05
0,0.0,5.3185835e-05
1,1.0,0.9990406
0,0.0,0.0010847527
0,0.0,0.00015145527
0,0.0,0.00012215572
1,1.0,0.9998338
1,1.0,0.999694
1,1.0,0.9990678
1,1.0,0.9999121
1,1.0,0.99929494
0,0.0,0.00012691203
1,1.0,0.9999089
0,0.0,7.960968e-05
1,1.0,0.9981045
1,1.0,0.9991686
1,1.0,0.99972594
1,1.0,0.9999174
0,0.0,0.00038063893
1,1.0,0.9996682
0,0.0,0.00013538916
0,0.0,0.00012213219
0,0.0,7.8794525e-05
0,0.0,0.00011265732
1,1.0,0.9991899
0,0.0,0.00018773496
1,1.0,0.9990353
0,0.0,0.00016364593
0,0.0,0.00018317455
1,1.0,0.99907976
1,1.0,0.9990913
1,1.0,0.9990748
1,1.0,0.9998193
0,0.0,7.2437775e-05
0,0.0,0.005022225
1,1.0,0.9998135
1,1.0,0.9992259
0,0.0,7.036295e-05
1,1.0,0.999054
1,1.0,0.99891186
0,0.0,0.00018012177
0,0.0,0.00013540142
0,0.0,7.720425e-05
1,1.0,0.99920034
1,1.0,0.99982524
1,1.0,0.99930567
0,0.0,0.00012501619
1,1.0,0.9984456
0,0.0,0.00010793833
1,1.0,0.9992024
1,1.0,0.9999034
0,0.0,0.00012114513
1,1.0,0.9990458
1,1.0,0.9993648
1,1.0,0.9993057
0,0.0,0.00016841012
1,1.0,0.999888
0,0.0,0.00056972424
0,0.0,0.000125007
1,1.0,0.9987009
0,0.0,7.7302815e-05
0,0.0,0.000120674275
0,0.0,0.00012351054
1,1.0,0.9994972
0,0.0,0.00013376294
0,0.0,0.00013103479
1,1.0,0.9992186
0,0.0,5.8554124e-05
1,1.0,0.99937
1,1.0,0.99925333
1,1.0,0.9990596
1,1.0,0.99799937
1,1.0,0.9999144
1,1.0,0.99985564
0,0.0,7.162103e-05
1,1.0,0.9989237
0,0.0,0.00010989312
0,0.0,0.00012289318
1,1.0,0.9995807
0,0.0,0.00012212917
0,0.0,7.7127865e-05
1,1.0,0.99990207
0,0.0,0.00010267504
1,1.0,0.9993374
1,1.0,0.9997558
1,1.0,0.99990684
1,1.0,0.9996475
1,1.0,0.9995021
1,1.0,0.998193
1,1.0,0.9984155
0,0.0,0.00013549984
1,1.0,0.99964994
1,1.0,0.99989176
0,0.0,0.00012675021
1,1.0,0.9997032
0,0.0,0.0004590221
0,0.0,0.0001249964
0,0.0,5.3100797e-05
1,1.0,0.9990789
1,1.0,0.9992062
1,1.0,0.9993929
1,1.0,0.99993443
1,1.0,0.99906653
1,1.0,0.99976194
1,1.0,0.9995791
0,0.0,0.00011002943
1,1.0,0.9999093
1,1.0,0.99941105
1,1.0,0.9983536
0,0.0,8.3200146e-05
0,0.0,0.0001408597
1,1.0,0.99975353
0,0.0,7.036315e-05
0,0.0,6.0436858e-05
1,1.0,0.9996962
0,0.0,0.0013743849
1,1.0,0.99907106
1,1.0,0.9995444
1,1.0,0.99836755
0,0.0,0.00016742063
0,0.0,0.00064755505
1,1.0,0.99907905
0,0.0,0.0001266736
0,0.0,0.0003913648
0,0.0,9.1730835e-05
1,1.0,0.9992167
1,1.0,0.99906844
1,1.0,0.99914217
1,1.0,0.9994334
1,1.0,0.99937004
1,1.0,0.9990789
0,0.0,0.00014905377
1,1.0,0.99983835
1,1.0,0.9990425
0,0.0,0.00013715844
1,1.0,0.9950157
1,1.0,0.9999098
0,0.0,6.6673085e-05
1,1.0,0.99931234
1,1.0,0.99905396
1,1.0,0.9994947
0,0.0,7.671562e-05
0,0.0,0.00013371535
1,1.0,0.99907786
1,1.0,0.9991413
1,1.0,0.99984735
1,1.0,0.999864
1,1.0,0.9999098
1,1.0,0.9992219
0,0.0,0.0001221316
0,0.0,0.00015075848
1,1.0,0.99978673
1,1.0,0.9979994
0,0.0,0.00014731202
0,0.0,0.00057892984
0,0.0,0.00014367438
0,0.0,0.00015864121
1,1.0,0.99907106
0,0.0,0.000117146665
1,1.0,0.99895847
0,0.0,6.2297375e-05
1,1.0,0.999079
0,0.0,0.00015029429
1,1.0,0.9997166
1,1.0,0.9990689
1,1.0,0.9996423
1,1.0,0.9997029
1,1.0,0.99929786
0,0.0,0.00011762463
1,1.0,0.9991414
1,1.0,0.99969745
1,1.0,0.99904615
1,1.0,0.99918294
0,0.0,0.00036455586
1,1.0,0.9997428
0,0.0,0.00015077833
0,0.0,7.585658e-05
1,1.0,0.9998061
1,1.0,0.99980885
0,0.0,0.00018063998
0,0.0,0.00013716237
1,1.0,0.9999307
1,1.0,0.9987204
0,0.0,0.00014743781
1,1.0,0.9990678
1,1.0,0.999277
0,0.0,0.00015026206
0,0.0,9.320236e-05
0,0.0,0.00016909944
0,0.0,0.0005681918
1,1.0,0.9994937
1,1.0,0.99937636
0,0.0,7.8734054e-05
1,1.0,0.9990687
0,0.0,0.00026030777
1,1.0,0.9984371
0,0.0,0.00016907138
1,1.0,0.9997907
0,0.0,0.00012513832
0,0.0,7.8680314e-05
0,0.0,0.00012068922
0,0.0,0.00012498948
0,0.0,7.5573036e-05
1,1.0,0.99951553
0,0.0,8.176816e-05
0,0.0,0.00047847896
0,0.0,0.00018487535
0,0.0,7.0375165e-05
1,1.0,0.9992658
0,0.0,7.068549e-05
1,1.0,0.99963516
1,1.0,0.99907196
0,0.0,0.00012213615
0,0.0,7.037322e-05
1,1.0,0.9990819
1,1.0,0.9993902
1,1.0,0.9992767
1,1.0,0.9999821
0,0.0,7.729545e-05
1,1.0,0.99992985
1,1.0,0.999311
0,0.0,7.130332e-05
1,1.0,0.9997653
1,1.0,0.9997847
1,1.0,0.9984223
0,0.0,0.00023166963
0,0.0,0.00012529522
1,1.0,0.999556
1,1.0,0.9999002
0,0.0,0.00018283009
0,0.0,0.000108103144
1,1.0,0.99904424
1,1.0,0.99920636
1,1.0,0.9993701
0,0.0,0.00010206581
1,1.0,0.99906856
1,1.0,0.9995952
1,1.0,0.9981835
1,1.0,0.9990429
1,1.0,0.99911004
1,1.0,0.99930453
1,1.0,0.99907964
1,1.0,0.99959993
1,1.0,0.9993897
1,1.0,0.9999097
1,1.0,0.999603
0,0.0,9.845449e-05
1,1.0,0.9993091
0,0.0,0.00012693091
0,0.0,7.454102e-05
1,1.0,0.99954915
1,1.0,0.99943936
0,0.0,5.3204956e-05
0,0.0,0.00018495151
1,1.0,0.99926573
0,0.0,0.00012673522
0,0.0,0.00011944358
1,1.0,0.9999147
0,0.0,0.00012514715
1,1.0,0.9993701
1,1.0,0.9989854
1,1.0,0.99977255
0,0.0,0.00012095387
1,1.0,0.9990789
0,0.0,0.00010932745
1,1.0,0.9998078
1,1.0,0.9999791
0,0.0,0.00035315118
0,0.0,0.0016956222
1,1.0,0.9999298
0,0.0,7.485572e-05
1,1.0,0.9994113
1,1.0,0.99982685
1,1.0,0.9990687
1,1.0,0.9999289
1,1.0,0.99995875
1,1.0,0.99906665
1,1.0,0.9999552
0,0.0,0.00010342726
1,1.0,0.99931324
1,1.0,0.9999808
0,0.0,5.3117303e-05
1,1.0,0.9989251
1,1.0,0.9990797
1,1.0,0.9989984
0,0.0,8.967687e-05
0,0.0,0.0001371421
0,0.0,0.00012213195
1,1.0,0.99904317
1,1.0,0.99991447
1,1.0,0.99965215
1,1.0,0.9991936
0,0.0,7.872535e-05
1,1.0,0.9990355
1,1.0,0.99952644
1,1.0,0.9998136
1,1.0,0.9993645
0,0.0,0.0008135491
1,1.0,0.9998582
0,0.0,7.860038e-05
1,1.0,0.9990576
1,1.0,0.99936694
1,1.0,0.9993133
1,1.0,0.9984158
0,0.0,0.0004804257
1,1.0,0.9990443
1,1.0,0.9998378
1,1.0,0.99902904
1,1.0,0.9999367
1,1.0,0.99978733
0,0.0,0.00012213149
0,0.0,0.00027623188
1,1.0,0.9991327
0,0.0,0.00019606615
1,1.0,0.9985299
1,1.0,0.99954337
0,0.0,0.00012512675
1,1.0,0.999898
1,1.0,0.9999172
0,0.0,9.6140815e-05
0,0.0,0.00012692474
1,1.0,0.99930453
0,0.0,9.849947e-05
1,1.0,0.9992033
0,0.0,0.00012289458
0,0.0,0.00018494869
0,0.0,7.636207e-05
0,0.0,0.00026056528
0,0.0,0.0001266527
0,0.0,7.034893e-05
0,0.0,6.822168e-05
1,1.0,0.9998981
1,1.0,0.9995847
1,1.0,0.9998631
1,1.0,0.9993728
0,0.0,0.00013375566
0,0.0,0.00012377063
0,0.0,0.00017019991
0,0.0,0.0013544932
0,0.0,0.00012673438
1,1.0,0.99992347
0,0.0,0.00013714549
1,1.0,0.99958867
0,0.0,0.0001171432
0,0.0,0.00010779362
1,1.0,0.99990404
1,1.0,0.9997121
0,0.0,0.00016910493
1,1.0,0.99870825
1,1.0,0.99952877
0,0.0,0.00012522379
0,0.0,0.00012522188
0,0.0,0.00012998025
1,1.0,0.999836
1,1.0,0.9996158
1,1.0,0.9992749
1,1.0,0.99973196
0,0.0,0.00015781353
1,1.0,0.9998927
1,1.0,0.9997917
0,0.0,7.038322e-05
0,0.0,0.00012127042
0,0.0,0.00012501644
1,1.0,0.9998119
1,1.0,0.99991196
1,1.0,0.99930745
1,1.0,0.9990779
0,0.0,6.425971e-05
0,0.0,0.00014091842
1,1.0,0.9999218
1,1.0,0.99906874
1,1.0,0.9991409
1,1.0,0.99977976
1,1.0,0.9987271
0,0.0,0.00012651764
0,0.0,0.000120933444
1,1.0,0.9997633
1,1.0,0.9998031
0,0.0,0.00015766146
1,1.0,0.9995546
1,1.0,0.9999081
0,0.0,7.874779e-05
0,0.0,0.00016237992
0,0.0,0.00010587386
1,1.0,0.9985381
0,0.0,0.00012513451
0,0.0,0.000105227984
0,0.0,9.174274e-05
0,0.0,0.00014905236
0,0.0,0.0003804499
0,0.0,0.00143448
0,0.0,8.6958484e-05
1,1.0,0.999311
0,0.0,0.00012349829
0,0.0,6.28799e-05
1,1.0,0.9990075
1,1.0,0.9992979
0,0.0,0.002051993
1,1.0,0.9995552
0,0.0,0.00015643146
0,0.0,0.00012291053
1,1.0,0.9999633
1,1.0,0.99829555
0,0.0,8.427236e-05
1,1.0,0.9993093
1,1.0,0.9990654
1,1.0,0.9987539
1,1.0,0.9990711
1,1.0,0.9997869
1,1.0,0.99875224
1,1.0,0.9993254
0,0.0,0.00081929984
1,1.0,0.99944663
0,0.0,0.00012351136
1,1.0,0.9996165
0,0.0,0.00012145952
0,0.0,0.00011501484
1,1.0,0.99907357
0,0.0,0.000120682096
1,1.0,0.9993648
0,0.0,0.00012540387
1,1.0,0.99963874
1,1.0,0.99984115
1,1.0,0.9984155
0,0.0,7.037362e-05
1,1.0,0.99936587
1,1.0,0.99921465
0,0.0,0.00035356448
1,1.0,0.99989533
1,1.0,0.99953157
0,0.0,8.288015e-05
1,1.0,0.99978745
1,1.0,0.9990429
0,0.0,7.0379596e-05
1,1.0,0.998766
0,0.0,0.00012675118
1,1.0,0.9995531
1,1.0,0.9999139
0,0.0,0.00022631198
0,0.0,0.000115303315
0,0.0,0.00011579109
1,1.0,0.999079
1,1.0,0.9997568
0,0.0,0.00016166817
1,1.0,0.99960524
1,1.0,0.999857
1,1.0,0.99934506
1,1.0,0.998006
0,0.0,0.00012213102
1,1.0,0.9999029
0,0.0,0.00013096909
0,0.0,6.109397e-05
0,0.0,7.6469776e-05
1,1.0,0.99991417
1,1.0,0.9996053
0,0.0,0.00012378926
1,1.0,0.999915
0,0.0,0.00018323395
0,0.0,0.002187533
0,0.0,0.0009847479
0,0.0,0.00021467557
1,1.0,0.999884
0,0.0,5.8773643e-05
0,0.0,6.0404993e-05
0,0.0,0.000112399786
0,0.0,7.1006805e-05
1,1.0,0.9995198
0,0.0,8.222346e-05
0,0.0,0.0001495448
0,0.0,0.00012213358
0,0.0,0.00015136518
1,1.0,0.9993028
1,1.0,0.99930286
1,1.0,0.99915093
0,0.0,0.00014491362
0,0.0,0.00019708427
1,1.0,0.9997794
0,0.0,0.00022739173
0,0.0,7.774505e-05
1,1.0,0.99842465
0,0.0,0.00020204543
0,0.0,0.00012351797
0,0.0,0.00094329304
1,1.0,0.9991412
1,1.0,0.9990443
1,1.0,0.9999105
0,0.0,0.00010026276
0,0.0,0.000472011
1,1.0,0.9989842
0,0.0,7.168273e-05
1,1.0,0.9995575
0,0.0,0.0001674315
1,1.0,0.9998539
1,1.0,0.9981798
1,1.0,0.9997819
1,1.0,0.9997682
0,0.0,0.00011944107
0,0.0,6.666113e-05
1,1.0,0.9998809
1,1.0,0.998915
1,1.0,0.9993053
1,1.0,0.999914
0,0.0,9.614366e-05
1,1.0,0.9998089
1,1.0,0.9989889
0,0.0,0.00019709271
0,0.0,0.00016782437
0,0.0,0.0005344523
1,1.0,0.99914765
1,1.0,0.99986356
1,1.0,0.9996576
1,1.0,0.9999105
1,1.0,0.9997255
1,1.0,0.99973226
1,1.0,0.998488
0,0.0,0.00016031455
1,1.0,0.99937016
1,1.0,0.99959886
1,1.0,0.9995998
0,0.0,8.007022e-05
0,0.0,0.0008133735
0,0.0,6.230462e-05
1,1.0,0.9992111
1,1.0,0.9999125
1,1.0,0.99985766
1,1.0,0.9996636
0,0.0,2.588974e-05
1,1.0,0.99967736
0,0.0,0.0001206929
0,0.0,9.170758e-05
1,1.0,0.9997458
0,0.0,0.00010849702
1,1.0,0.9995168
1,1.0,0.99930525
1,1.0,0.99908125
1,1.0,0.9995445
0,0.0,3.091037e-05
0,0.0,7.1104034e-05
1,1.0,0.9973859
0,0.0,8.994192e-05
0,0.0,0.00016144266
1,1.0,0.9993639
0,0.0,0.00017645722
0,0.0,0.00012513499
0,0.0,0.0001249908
0,0.0,0.00018578327
0,0.0,0.00026069226
0,0.0,0.00014775545
0,0.0,0.00015693238
1,1.0,0.99906874
1,1.0,0.9999079
1,1.0,0.9999134
0,0.0,0.0005499158
1,1.0,0.99926436
0,0.0,0.001386716
0,0.0,0.00026027526
0,0.0,8.994175e-05
0,0.0,7.978266e-05
0,0.0,9.846425e-05
0,0.0,6.034857e-05
0,0.0,6.047243e-05
0,0.0,0.00016363719
0,0.0,0.0034161096
1,1.0,0.99931216
0,0.0,9.2183494e-05
0,0.0,0.00017036147
1,1.0,0.999898
0,0.0,0.0016407672
0,0.0,0.00016929048
1,1.0,0.99874556
0,0.0,0.00012510634
0,0.0,0.00016727687
1,1.0,0.999864
0,0.0,0.00058458885
1,1.0,0.9996195
0,0.0,7.751409e-05
1,1.0,0.9993753
0,0.0,0.0001221309
1,1.0,0.99905753
1,1.0,0.9989237
1,1.0,0.9998708
0,0.0,0.00010077222
1,1.0,0.9997801
1,1.0,0.99976116
1,1.0,0.99967766
0,0.0,0.0001486894
1,1.0,0.99907106
0,0.0,0.00019707544
1,1.0,0.9989107
1,1.0,0.99991256
0,0.0,8.270354e-05
1,1.0,0.99986625
0,0.0,0.00012095098
1,1.0,0.9993051
1,1.0,0.99921113
0,0.0,0.00012334046
0,0.0,0.00016567727
1,1.0,0.9999037
1,1.0,0.9995314
1,1.0,0.9993488
1,1.0,0.99954766
1,1.0,0.99922687
1,1.0,0.9998665
1,1.0,0.9991363
1,1.0,0.9992178
0,0.0,0.00013098982
1,1.0,0.99930286
1,1.0,0.9986333
0,0.0,0.00020250079
1,1.0,0.9997744
1,1.0,0.999078
1,1.0,0.9993055
1,1.0,0.99995524
1,1.0,0.999079
1,1.0,0.9991424
1,1.0,0.99876004
0,0.0,0.000120626406
0,0.0,9.213673e-05
0,0.0,0.00018388993
0,0.0,0.00011625121
1,1.0,0.9990778
0,0.0,0.00012127296
1,1.0,0.99820596
1,1.0,0.9991325
1,1.0,0.99820507
0,0.0,0.00011624988
0,0.0,0.00011501703
0,0.0,8.384952e-05
1,1.0,0.9993993
0,0.0,0.0001303976
1,1.0,0.9999215
1,1.0,0.9997957
1,1.0,0.99978834
0,0.0,0.00014801139
1,1.0,0.99976355
0,0.0,8.298368e-05
0,0.0,0.00010796036
1,1.0,0.9991539
0,0.0,9.227619e-05
1,1.0,0.9996602
0,0.0,0.000114238894
0,0.0,0.0001153065
1,1.0,0.99905384
0,0.0,0.00012673534
0,0.0,0.00015029515
0,0.0,0.000115628776
1,1.0,0.99907184
0,0.0,0.00016916478
1,1.0,0.99929696
1,1.0,0.9993011
0,0.0,0.00012693176
1,1.0,0.9995494
0,0.0,7.451678e-05
0,0.0,0.00011944096
1,1.0,0.99986255
1,1.0,0.9997124
0,0.0,0.00012500427
0,0.0,0.00016503336
0,0.0,0.00018790436
0,0.0,0.00012290361
1,1.0,0.99982506
0,0.0,0.00016839583
0,0.0,0.00048891787
0,0.0,0.0002607131
1,1.0,0.999055
0,0.0,0.00055403955
0,0.0,0.00012213475
0,0.0,7.042746e-05
1,1.0,0.99904054
1,1.0,0.99926126
0,0.0,0.0008361161
1,1.0,0.9994214
1,1.0,0.9992731
1,1.0,0.9997492
1,1.0,0.9999231
1,1.0,0.99907976
1,1.0,0.9994179
1,1.0,0.9983629
0,0.0,9.5063086e-05
1,1.0,0.9997898
1,1.0,0.9997958
1,1.0,0.9997579
0,0.0,0.00017833643
0,0.0,6.230362e-05
0,0.0,0.00011315278
0,0.0,0.0012217124
0,0.0,0.00016561883
1,1.0,0.99813867
1,1.0,0.9995264
0,0.0,0.00018500867
0,0.0,0.00012311427
0,0.0,0.0011586627
1,1.0,0.9999125
1,1.0,0.99900943
1,1.0,0.9998399
0,0.0,0.0003808057
0,0.0,0.00054307864
1,1.0,0.99925613
0,0.0,0.00081327313
1,1.0,0.9992024
1,1.0,0.99983984
1,1.0,0.9999573
1,1.0,0.99981844
1,1.0,0.99928284
0,0.0,0.0008132604
1,1.0,0.9993358
0,0.0,0.00014953295
1,1.0,0.9999226
0,0.0,0.00016084616
0,0.0,0.00017404891
1,1.0,0.9993457
0,0.0,0.00012095859
0,0.0,0.00013381318
1,1.0,0.9994228
1,1.0,0.99899834
1,1.0,0.9997978
0,0.0,7.175542e-05
0,0.0,7.712632e-05
0,0.0,9.330542e-05
0,0.0,6.196464e-05
1,1.0,0.9995989
1,1.0,0.9992877
0,0.0,0.00010774768
0,0.0,0.00012670888
1,1.0,0.9987331
1,1.0,0.99980414
1,1.0,0.99946916
1,1.0,0.9999247
1,1.0,0.99991393
0,0.0,7.8665835e-05
1,1.0,0.9993131
1,1.0,0.99989194
1,1.0,0.9990088
0,0.0,0.00010868807
1,1.0,0.9995546
0,0.0,0.00019708464
0,0.0,5.3219217e-05
0,0.0,0.00012499139
0,0.0,0.00038035781
0,0.0,0.000108052634
1,1.0,0.99989986
1,1.0,0.99944067
0,0.0,0.0004591269
1,1.0,0.9987435
1,1.0,0.99995434
1,1.0,0.9993937
1,1.0,0.99907106
0,0.0,6.666488e-05
1,1.0,0.99921054
1,1.0,0.9982052
1,1.0,0.9996984
0,0.0,0.00012062399
0,0.0,6.0433227e-05
1,1.0,0.9987081
0,0.0,8.068724e-05
0,0.0,5.9708815e-05
0,0.0,7.176295e-05
0,0.0,7.2455674e-05
0,0.0,0.00020238495
1,1.0,0.9998593
0,0.0,0.00081330654
0,0.0,0.00071460055
0,0.0,0.00014877591
1,1.0,0.9997824
0,0.0,0.00018488363
1,1.0,0.9989472
1,1.0,0.99888027
0,0.0,0.00012221363
0,0.0,8.2724044e-05
1,1.0,0.99820596
1,1.0,0.9985481
1,1.0,0.9990605
1,1.0,0.9995653
1,1.0,0.9983614
0,0.0,8.256981e-05
0,0.0,0.00012530478
1,1.0,0.9998896
0,0.0,0.00013376345
0,0.0,0.00011976108
1,1.0,0.99908024
0,0.0,0.000115026785
1,1.0,0.9999099
0,0.0,0.0005890802
1,1.0,0.99836814
0,0.0,8.224863e-05
1,1.0,0.99906546
0,0.0,0.00011691678
0,0.0,6.1964165e-05
1,1.0,0.99989116
1,1.0,0.99914235
0,0.0,0.00012351219
0,0.0,0.00012772848
1,1.0,0.99930525
1,1.0,0.99891776
0,0.0,0.0016162797
1,1.0,0.99991316
0,0.0,8.007396e-05
1,1.0,0.99960524
0,0.0,0.00013406503
0,0.0,0.00014853763
0,0.0,0.0010349187
0,0.0,0.00012499378
1,1.0,0.9998453
0,0.0,7.546198e-05
1,1.0,0.9990667
0,0.0,9.1718335e-05
1,1.0,0.99872637
1,1.0,0.99929106
1,1.0,0.99818265
1,1.0,0.999043
0,0.0,9.031794e-05
1,1.0,0.99977016
0,0.0,0.0001506066
1,1.0,0.9997903
1,1.0,0.99942344
1,1.0,0.99971044
0,0.0,0.0006556542
0,0.0,0.00010747718
1,1.0,0.9990669
0,0.0,0.00014259534
1,1.0,0.99962616
0,0.0,0.0001371481
0,0.0,0.00013379571
0,0.0,0.0005319638
1,1.0,0.99921787
1,1.0,0.99983835
1,1.0,0.9997802
0,0.0,0.00013540633
0,0.0,0.00013540311
1,1.0,0.9980193
1,1.0,0.9990685
1,1.0,0.99992764
1,1.0,0.99904215
0,0.0,0.00014954565
0,0.0,8.1729486e-05
1,1.0,0.9992979
1,1.0,0.9990443
1,1.0,0.9999031
1,1.0,0.9990797
0,0.0,0.00058824336
1,1.0,0.99979883
1,1.0,0.999079
1,1.0,0.9990443
0,0.0,5.3338415e-05
1,1.0,0.9983777
1,1.0,0.9998398
0,0.0,0.000105510124
1,1.0,0.99921453
1,1.0,0.99990284
0,0.0,6.2914216e-05
1,1.0,0.9992615
1,1.0,0.9983794
0,0.0,0.00015363154
1,1.0,0.9990676
0,0.0,0.00024286092
1,1.0,0.9998767
0,0.0,0.00012514667
1,1.0,0.99818057
0,0.0,0.00018494851
1,1.0,0.99921256
1,1.0,0.9992175
1,1.0,0.99978954
1,1.0,0.99971825
1,1.0,0.99978393
0,0.0,7.475129e-05
1,1.0,0.9999279
1,1.0,0.999311
0,0.0,8.288561e-05
1,1.0,0.9985556
0,0.0,0.0001954306
1,1.0,0.9999105
1,1.0,0.9995521
1,1.0,0.999256
1,1.0,0.999208
1,1.0,0.9997819
1,1.0,0.999305
0,0.0,0.00012666696
0,0.0,0.00014954152
1,1.0,0.999079
1,1.0,0.99951994
1,1.0,0.99890864
0,0.0,0.00016836001
0,0.0,8.050533e-05
1,1.0,0.9993699
0,0.0,6.592497e-05
1,1.0,0.9992112
1,1.0,0.99931127
1,1.0,0.9987498
1,1.0,0.9990425
1,1.0,0.9991104
1,1.0,0.9994111
1,1.0,0.99834985
1,1.0,0.99977463
0,0.0,0.00052122446
1,1.0,0.9990539
1,1.0,0.99987924
1,1.0,0.99930876
1,1.0,0.999908
0,0.0,0.00011625587
1,1.0,0.9996662
0,0.0,0.00015520644
1,1.0,0.99904424
1,1.0,0.99990004
1,1.0,0.99918044
0,0.0,0.000148477
1,1.0,0.99962074
0,0.0,0.00090402726
1,1.0,0.9989239
0,0.0,9.167313e-05
0,0.0,0.00016895455
0,0.0,0.00034876363
1,1.0,0.99922717
1,1.0,0.9981508
1,1.0,0.99907184
1,1.0,0.9990819
1,1.0,0.99972063
1,1.0,0.9999345
1,1.0,0.99906963
0,0.0,7.9676596e-05
0,0.0,0.0004548927
1,1.0,0.99844515
0,0.0,0.000121791905
1,1.0,0.9983781
0,0.0,9.539819e-05
1,1.0,0.999043
1,1.0,0.99815017
0,0.0,6.648324e-05
0,0.0,0.00043861885
1,1.0,0.99992377
0,0.0,6.6687324e-05
0,0.0,6.061342e-05
0,0.0,0.00036974894
1,1.0,0.99926174
0,0.0,6.0482234e-05
1,1.0,0.9997573
0,0.0,0.00017866594
0,0.0,0.00011530001
0,0.0,0.00016444054
0,0.0,8.2980034e-05
1,1.0,0.99978447
0,0.0,0.00012832166
0,0.0,0.00012693285
0,0.0,0.00012651306
0,0.0,8.0097176e-05
0,0.0,0.0029974238
0,0.0,0.00047008425
1,1.0,0.99929893
1,1.0,0.9990102
1,1.0,0.9989013
1,1.0,0.9982183
1,1.0,0.9999411
0,0.0,8.7504675e-05
1,1.0,0.9999095
1,1.0,0.9993648
0,0.0,0.00011959357
1,1.0,0.9997863
0,0.0,0.0001848838
0,0.0,9.4469644e-05
1,1.0,0.9999136
1,1.0,0.9998345
0,0.0,0.00012652199
0,0.0,5.3204905e-05
1,1.0,0.99933195
1,1.0,0.99903417
0,0.0,0.0014220008
0,0.0,0.00012513963
0,0.0,9.1259004e-05
0,0.0,0.0001253055
1,1.0,0.9992061
1,1.0,0.99910665
1,1.0,0.99991363
1,1.0,0.99990743
1,1.0,0.9998811
1,1.0,0.9987576
1,1.0,0.99907106
1,1.0,0.99978167
0,0.0,0.0004447423
0,0.0,0.0002607345
0,0.0,0.0001504318
0,0.0,7.8624515e-05
1,1.0,0.99922204
0,0.0,0.00018637766
1,1.0,0.9993648
1,1.0,0.9983917
0,0.0,0.00014771362
1,1.0,0.999239
1,1.0,0.9989934
0,0.0,0.0001267478
1,1.0,0.99954975
1,1.0,0.999149
1,1.0,0.99930567
0,0.0,0.00012540231
1,1.0,0.99992245
1,1.0,0.99921054
0,0.0,0.00047156686
1,1.0,0.9990002
0,0.0,5.739471e-05
1,1.0,0.9997225
1,1.0,0.9995301
1,1.0,0.999874
0,0.0,6.0427465e-05
0,0.0,0.00019705911
0,0.0,5.3239924e-05
0,0.0,0.0004590376
0,0.0,0.00019393595
1,1.0,0.99950594
0,0.0,0.00020129184
0,0.0,0.00016908896
1,1.0,0.99905384
1,1.0,0.9990667
0,0.0,9.235356e-05
1,1.0,0.99846095
1,1.0,0.99919087
0,0.0,0.00024313501
1,1.0,0.9995264
1,1.0,0.9995838
1,1.0,0.9992079
0,0.0,0.0001266544
1,1.0,0.999926
0,0.0,9.5599804e-05
0,0.0,0.000115303206
1,1.0,0.99957544
1,1.0,0.9997732
1,1.0,0.9997903
1,1.0,0.9999522
1,1.0,0.99929786
1,1.0,0.99904305
1,1.0,0.9992994
1,1.0,0.9992485
1,1.0,0.99904615
1,1.0,0.99989504
1,1.0,0.9989984
1,1.0,0.99915004
0,0.0,0.00017154079
1,1.0,0.9993978
0,0.0,0.00012665403
0,0.0,0.000111958434
0,0.0,0.001383757
1,1.0,0.99963576
1,1.0,0.9998871
0,0.0,0.00012087524
0,0.0,0.0001970886
0,0.0,0.0001531997
0,0.0,0.000120057346
1,1.0,0.99928385
1,1.0,0.9995263
0,0.0,0.0001371583
1,1.0,0.9992499
1,1.0,0.99928606
1,1.0,0.9989984
1,1.0,0.998996
1,1.0,0.9998773
1,1.0,0.9990537
1,1.0,0.99975246
1,1.0,0.999658
1,1.0,0.99913245
1,1.0,0.9995263
1,1.0,0.9993294
0,0.0,7.245726e-05
1,1.0,0.998367
0,0.0,0.00018220811
0,0.0,0.00015030088
1,1.0,0.99915034
1,1.0,0.999262
0,0.0,0.00012221026
1,1.0,0.99915344
0,0.0,0.0017436052
0,0.0,7.176699e-05
0,0.0,0.00012290607
1,1.0,0.9995876
1,1.0,0.99930906
1,1.0,0.99799705
1,1.0,0.999305
1,1.0,0.99949604
1,1.0,0.99813706
1,1.0,0.99960536
0,0.0,0.00016928595
0,0.0,0.0001490569
1,1.0,0.99905974
1,1.0,0.99954444
0,0.0,0.00018494656
1,1.0,0.99907106
1,1.0,0.9992064
1,1.0,0.999076
0,0.0,0.0012218032
1,1.0,0.9991422
1,1.0,0.99950373
1,1.0,0.9991713
1,1.0,0.99904424
0,0.0,0.00013451296
0,0.0,6.0394395e-05
1,1.0,0.9997792
1,1.0,0.9992064
0,0.0,8.000664e-05
1,1.0,0.99967927
0,0.0,0.00011693608
1,1.0,0.99853826
1,1.0,0.99985677
0,0.0,9.217391e-05
1,1.0,0.99930286
0,0.0,7.797024e-05
0,0.0,0.00010163157
1,1.0,0.99931526
1,1.0,0.9983707
0,0.0,0.00019707374
0,0.0,0.000119193384
0,0.0,0.00012478823
0,0.0,0.00013541344
0,0.0,0.0003532089
0,0.0,0.00012652583
0,0.0,0.0008136421
0,0.0,0.00012692848
1,1.0,0.999811
0,0.0,0.00013100407
1,1.0,0.99872017
1,1.0,0.9998006
0,0.0,0.00016746248
0,0.0,0.00012220466
0,0.0,0.00012693285
0,0.0,0.00017100268
0,0.0,8.3262676e-05
0,0.0,0.000115016046
1,1.0,0.9997768
0,0.0,0.00020846723
1,1.0,0.99987847
1,1.0,0.99924743
1,1.0,0.9998815
0,0.0,8.051224e-05
0,0.0,0.0001678879
0,0.0,9.41732e-05
0,0.0,0.000635495
1,1.0,0.99973637
0,0.0,0.00035327996
0,0.0,0.00012290373
1,1.0,0.9997753
0,0.0,0.0013935468
0,0.0,7.572236e-05
1,1.0,0.9998631
1,1.0,0.9998446
0,0.0,0.00012266792
1,1.0,0.9984564
0,0.0,7.999894e-05
0,0.0,0.000111366
0,0.0,6.22893e-05
0,0.0,0.00015970883
0,0.0,8.202478e-05
1,1.0,0.9995264
0,0.0,7.0379596e-05
1,1.0,0.9991413
1,1.0,0.9997346
1,1.0,0.99905366
1,1.0,0.99981284
1,1.0,0.9998855
0,0.0,9.066786e-05
0,0.0,7.95784e-05
1,1.0,0.99930286
1,1.0,0.999103
1,1.0,0.9998129
0,0.0,7.8481746e-05
1,1.0,0.9993044
1,1.0,0.99857426
1,1.0,0.9985391
0,0.0,0.00019554711
0,0.0,0.00016312061
1,1.0,0.9994241
1,1.0,0.9999165
0,0.0,0.00012651825
1,1.0,0.99991447
1,1.0,0.9992562
1,1.0,0.999359
1,1.0,0.99913293
0,0.0,0.00012537242
0,0.0,6.376775e-05
0,0.0,0.00014847984
1,1.0,0.9990443
0,0.0,0.0003535023
0,0.0,0.00023577274
0,0.0,0.00014953781
0,0.0,0.0001337401
1,1.0,0.99949104
0,0.0,0.00018977551
1,1.0,0.998205
1,1.0,0.99903536
0,0.0,0.00016356046
1,1.0,0.9994221
1,1.0,0.99993354
0,0.0,0.0001221337
0,0.0,0.0024838701
1,1.0,0.99987525
1,1.0,0.99991393
1,1.0,0.9998737
1,1.0,0.9990429
0,0.0,0.00017079998
1,1.0,0.9990077
0,0.0,0.00015337391
1,1.0,0.99844265
0,0.0,7.6367025e-05
0,0.0,7.713346e-05
0,0.0,0.0018577459
0,0.0,9.84559e-05
1,1.0,0.9990134
0,0.0,0.0018107082
1,1.0,0.9993821
1,1.0,0.9998579
1,1.0,0.99975795
1,1.0,0.9990778
1,1.0,0.9990355
0,0.0,0.0008133588
0,0.0,0.00020424537
1,1.0,0.99952704
1,1.0,0.9993964
1,1.0,0.99978447
1,1.0,0.9993089
1,1.0,0.9993087
0,0.0,7.864041e-05
0,0.0,0.00012523119
1,1.0,0.99902225
1,1.0,0.99979025
1,1.0,0.99941456
0,0.0,0.00016259683
1,1.0,0.99930084
1,1.0,0.9998915
1,1.0,0.99929947
1,1.0,0.99921054
0,0.0,0.0012638933
0,0.0,0.00013380195
0,0.0,0.00010749429
0,0.0,9.637231e-05
0,0.0,6.434206e-05
0,0.0,7.887534e-05
0,0.0,0.0013014781
1,1.0,0.99907315
1,1.0,0.9991327
1,1.0,0.9993702
1,1.0,0.99990666
0,0.0,0.0010196631
1,1.0,0.9998329
0,0.0,9.315943e-05
0,0.0,0.0018961068
0,0.0,7.9499376e-05
1,1.0,0.99957144
0,0.0,0.00017120875
1,1.0,0.99908125
0,0.0,6.372258e-05
0,0.0,0.00013375745
1,1.0,0.9987552
0,0.0,0.00052386033
0,0.0,9.124734e-05
1,1.0,0.99929947
1,1.0,0.99954426
0,0.0,0.000120696124
0,0.0,7.5582764e-05
0,0.0,0.00012220221
1,1.0,0.9998687
1,1.0,0.99987334
0,0.0,0.00012127065
1,1.0,0.9987269
0,0.0,7.243632e-05
0,0.0,0.0005454843
1,1.0,0.9990933
1,1.0,0.9997417
1,1.0,0.99903417
1,1.0,0.99904686
1,1.0,0.9992541
1,1.0,0.9990076
1,1.0,0.9999143
1,1.0,0.9994209
0,0.0,0.00012499568
1,1.0,0.99904233
0,0.0,0.00012651426
1,1.0,0.99990827
0,0.0,2.2691542e-05
1,1.0,0.9991736
1,1.0,0.9991442
1,1.0,0.9993028
1,1.0,0.99930096
1,1.0,0.9992707
0,0.0,0.00018283131
1,1.0,0.99937004
1,1.0,0.99967134
0,0.0,0.00016225658
1,1.0,0.9996456
0,0.0,0.0017193141
0,0.0,0.0001209496
1,1.0,0.9992884
1,1.0,0.99914616
1,1.0,0.9986873
0,0.0,6.199325e-05
1,1.0,0.9996984
1,1.0,0.9991466
1,1.0,0.99820095
0,0.0,0.00011640129
0,0.0,7.9958285e-05
0,0.0,0.0003508553
1,1.0,0.99985075
0,0.0,0.0001672732
0,0.0,0.00012530095
1,1.0,0.99972767
0,0.0,0.00011625875
1,1.0,0.9990687
0,0.0,0.00015999339
1,1.0,0.99920607
0,0.0,0.0010339697
1,1.0,0.9987328
0,0.0,0.00013299854
1,1.0,0.99998194
1,1.0,0.999898
1,1.0,0.9998075
1,1.0,0.99942195
1,1.0,0.99936485
1,1.0,0.9991413
1,1.0,0.9986708
1,1.0,0.99908125
1,1.0,0.9996894
0,0.0,7.941239e-05
0,0.0,0.00020445681
1,1.0,0.9996035
1,1.0,0.9990429
1,1.0,0.9990818
1,1.0,0.99987704
1,1.0,0.99983335
1,1.0,0.99907786
1,1.0,0.9998373
0,0.0,0.00014771109
1,1.0,0.99986583
1,1.0,0.99418414
1,1.0,0.99978423
0,0.0,0.000116254094
1,1.0,0.99905986
1,1.0,0.99914616
0,0.0,0.00011710992
0,0.0,0.00016729362
1,1.0,0.9999126
0,0.0,7.038295e-05
1,1.0,0.9992445
1,1.0,0.99949235
0,0.0,7.5462995e-05
0,0.0,6.630736e-05
1,1.0,0.9996535
1,1.0,0.99949354
0,0.0,0.000115021634
0,0.0,0.00019243913
0,0.0,8.9954185e-05
0,0.0,0.00012334128
0,0.0,0.00012126996
0,0.0,7.87674e-05
1,1.0,0.9995264
0,0.0,6.6643464e-05
0,0.0,0.00012378524
1,1.0,0.99931043
0,0.0,0.00036889178
1,1.0,0.9992097
0,0.0,7.037832e-05
0,0.0,9.918327e-05
1,1.0,0.9990355
1,1.0,0.9991506
1,1.0,0.99909014
1,1.0,0.99947304
1,1.0,0.9994272
0,0.0,0.00012666611
1,1.0,0.9998466
1,1.0,0.99979776
1,1.0,0.99997747
1,1.0,0.99974644
1,1.0,0.9990022
1,1.0,0.99794585
1,1.0,0.99949694
0,0.0,0.00016045953
0,0.0,0.00022941263
0,0.0,0.00011625565
1,1.0,0.9993089
0,0.0,0.00016747955
1,1.0,0.99914217
0,0.0,0.00017844157
1,1.0,0.9992239
1,1.0,0.9990688
1,1.0,0.99959904
1,1.0,0.9992818
0,0.0,0.00081337465
1,1.0,0.99993277
1,1.0,0.9996706
0,0.0,0.0014389101
1,1.0,0.9990711
0,0.0,0.00013549248
1,1.0,0.9989935
0,0.0,8.427043e-05
0,0.0,3.562943e-05
0,0.0,9.450343e-05
0,0.0,0.00010934476
0,0.0,7.975603e-05
1,1.0,0.999748
1,1.0,0.99968606
1,1.0,0.9998744
1,1.0,0.999961
0,0.0,0.000107742744
1,1.0,0.9999084
1,1.0,0.9999245
0,0.0,8.299713e-05
0,0.0,7.0355636e-05
0,0.0,0.00012674477
0,0.0,0.00014439336
1,1.0,0.9990426
1,1.0,0.9993625
1,1.0,0.999888
1,1.0,0.999873
1,1.0,0.9995264
1,1.0,0.9992948
1,1.0,0.99955547
0,0.0,7.8679266e-05
0,0.0,0.000112991474
0,0.0,0.00012503313
1,1.0,0.99960697
0,0.0,0.00014954637
0,0.0,0.00018606232
1,1.0,0.9991419
0,0.0,9.913798e-05
1,1.0,0.99890965
1,1.0,0.99937046
0,0.0,0.00011625631
0,0.0,0.00011626296
1,1.0,0.9999144
0,0.0,0.00012514644
0,0.0,0.00012498972
0,0.0,0.00012127447
1,1.0,0.99986446
1,1.0,0.9992179
0,0.0,0.00012651162
0,0.0,0.00023369334
1,1.0,0.9999099
0,0.0,7.123699e-05
1,1.0,0.9987513
1,1.0,0.9990731
1,1.0,0.99907976
1,1.0,0.9995207
0,0.0,0.0001689605
1,1.0,0.9995122
1,1.0,0.999864
1,1.0,0.9992215
0,0.0,0.00018283183
0,0.0,6.3721e-05
1,1.0,0.99914145
0,0.0,0.0001233254
0,0.0,0.00085677084
1,1.0,0.99960345
0,0.0,0.00015260791
0,0.0,7.035651e-05
1,1.0,0.99837774
1,1.0,0.9999353
0,0.0,7.2854615e-05
1,1.0,0.99982303
0,0.0,0.00019708897
0,0.0,0.0012511839
0,0.0,0.0018283771
1,1.0,0.99957
0,0.0,0.00023844324
0,0.0,0.00012521697
1,1.0,0.99979264
0,0.0,0.00010342706
1,1.0,0.99902993
1,1.0,0.99990183
1,1.0,0.99905384
1,1.0,0.9984328
0,0.0,0.00012521828
1,1.0,0.99976784
1,1.0,0.99973756
1,1.0,0.9987487
1,1.0,0.99992365
1,1.0,0.9991337
1,1.0,0.99965847
1,1.0,0.99921787
1,1.0,0.99930453
0,0.0,0.00011951752
1,1.0,0.9999118
0,0.0,0.00015740085
1,1.0,0.99999434
0,0.0,0.00069545675
0,0.0,0.00019708126
1,1.0,0.9990342
1,1.0,0.99835473
0,0.0,7.175467e-05
0,0.0,7.9961486e-05
1,1.0,0.999146
0,0.0,0.0024286362
1,1.0,0.9997436
0,0.0,0.00013545128
1,1.0,0.99946874
1,1.0,0.99817145
1,1.0,0.99965346
0,0.0,0.0001212614
0,0.0,0.00012664836
1,1.0,0.99956053
0,0.0,8.289066e-05
1,1.0,0.999071
0,0.0,0.00016234122
1,1.0,0.9995531
0,0.0,0.0001377941
1,1.0,0.99907106
1,1.0,0.99978673
1,1.0,0.99959564
1,1.0,0.99968666
0,0.0,6.044516e-05
0,0.0,0.00018508664
1,1.0,0.99978673
1,1.0,0.9990701
0,0.0,0.00010850137
1,1.0,0.99988526
1,1.0,0.99941194
1,1.0,0.99936247
1,1.0,0.9990711
0,0.0,0.0007939772
1,1.0,0.9998341
1,1.0,0.99914104
1,1.0,0.9998144
0,0.0,0.000119197364
1,1.0,0.99899846
0,0.0,0.00012404886
1,1.0,0.9996617
1,1.0,0.9996372
0,0.0,0.00012127019
0,0.0,7.9644684e-05
1,1.0,0.9993139
1,1.0,0.9999275
1,1.0,0.99977636
1,1.0,0.99972606
1,1.0,0.9992442
1,1.0,0.9993645
0,0.0,0.00012693333
1,1.0,0.9998317
1,1.0,0.99929947
0,0.0,5.320653e-05
1,1.0,0.9993648
1,1.0,0.9992197
0,0.0,0.00014644064
0,0.0,6.4652355e-05
1,1.0,0.999043
0,0.0,9.2520786e-05
1,1.0,0.99906665
0,0.0,6.214454e-05
0,0.0,0.00012506483
0,0.0,0.00012997727
0,0.0,6.572944e-05
1,1.0,0.99836236
1,1.0,0.99949694
0,0.0,0.00012212136
1,1.0,0.9990355
1,1.0,0.9992243
1,1.0,0.99799925
0,0.0,0.0016164782
1,1.0,0.99969465
0,0.0,0.00014953196
0,0.0,0.000125222
0,0.0,0.00014768151
0,0.0,0.00012674586
0,0.0,9.067814e-05
0,0.0,0.00015480559
1,1.0,0.9996415
1,1.0,0.9990668
1,1.0,0.9993519
0,0.0,0.00012501905
0,0.0,0.00011279297
1,1.0,0.9983774
0,0.0,7.9987265e-05
1,1.0,0.9999119
1,1.0,0.9996712
0,0.0,0.00019708257
1,1.0,0.9998785
0,0.0,0.00017835446
0,0.0,0.00019708069
0,0.0,0.000108985005
1,1.0,0.9995989
0,0.0,0.0003515678
0,0.0,9.287596e-05
0,0.0,0.00013716263
0,0.0,0.00012666696
1,1.0,0.99900943
0,0.0,0.00016363875
1,1.0,0.9998626
1,1.0,0.9999049
0,0.0,7.176254e-05
1,1.0,0.9995072
0,0.0,0.00015820557
1,1.0,0.9993699
1,1.0,0.9991325
1,1.0,0.9993077
1,1.0,0.9990654
0,0.0,0.0001222309
1,1.0,0.99946225
1,1.0,0.9983679
0,0.0,0.00011501495
1,1.0,0.9997801
1,1.0,0.9998741
1,1.0,0.9990406
1,1.0,0.999349
1,1.0,0.99905735
1,1.0,0.99959993
1,1.0,0.999071
0,0.0,0.00016360413
1,1.0,0.99968433
1,1.0,0.99907076
1,1.0,0.9997832
0,0.0,0.00012674597
0,0.0,0.00012290209
1,1.0,0.99917996
1,1.0,0.99990976
0,0.0,0.0008135263
1,1.0,0.9997892
0,0.0,0.00012666188
0,0.0,6.371275e-05
1,1.0,0.9991996
0,0.0,8.28807e-05
1,1.0,0.9997481
1,1.0,0.99936354
1,1.0,0.99978906
0,0.0,0.0008134437
1,1.0,0.9995264
1,1.0,0.99835265
0,0.0,0.00017523121
0,0.0,0.00016747796
1,1.0,0.9993094
1,1.0,0.99904317
1,1.0,0.9990442
0,0.0,0.00015029157
1,1.0,0.9999072
1,1.0,0.99921054
0,0.0,0.0001674259
0,0.0,7.174988e-05
1,1.0,0.9987484
1,1.0,0.9996687
1,1.0,0.99990994
1,1.0,0.9991325
0,0.0,0.0007228409
1,1.0,0.99937046
1,1.0,0.99923617
0,0.0,0.000125311
0,0.0,0.000120616285
0,0.0,0.000115303315
1,1.0,0.9999105
0,0.0,9.235577e-05
1,1.0,0.9996
1,1.0,0.9995242
0,0.0,9.361441e-05
1,1.0,0.9993703
1,1.0,0.99937695
1,1.0,0.99981266
0,0.0,0.00010786323
0,0.0,0.00016406667
0,0.0,0.0001267328
1,1.0,0.9981758
0,0.0,0.00010135295
1,1.0,0.99969155
1,1.0,0.9987146
1,1.0,0.9995574
1,1.0,0.99978346
0,0.0,0.00010853147
1,1.0,0.99905384
1,1.0,0.9997812
1,1.0,0.9993011
0,0.0,7.0684815e-05
0,0.0,0.00012714011
1,1.0,0.9990355
1,1.0,0.9985406
0,0.0,0.00016727847
0,0.0,0.00013716119
0,0.0,0.00012501309
0,0.0,0.00016895826
0,0.0,7.724343e-05
0,0.0,9.5252646e-05
0,0.0,9.2181384e-05
0,0.0,0.00016912009
0,0.0,0.00012538006
0,0.0,7.7350014e-05
1,1.0,0.9991379
1,1.0,0.9992104
1,1.0,0.9993984
0,0.0,7.475535e-05
0,0.0,0.00026028868
1,1.0,0.99914086
1,1.0,0.999738
1,1.0,0.99977976
1,1.0,0.9992881
1,1.0,0.9990443
1,1.0,0.99985516
1,1.0,0.9997801
1,1.0,0.99930084
0,0.0,7.55987e-05
1,1.0,0.99965817
0,0.0,0.00010806109
1,1.0,0.99904424
1,1.0,0.9991325
0,0.0,0.00014877335
0,0.0,5.3201355e-05
1,1.0,0.99993134
0,0.0,7.995935e-05
0,0.0,7.037396e-05
0,0.0,0.00011760107
1,1.0,0.99907786
1,1.0,0.9993702
0,0.0,7.7927936e-05
1,1.0,0.99975586
1,1.0,0.9989985
1,1.0,0.9985428
0,0.0,0.000120697856
1,1.0,0.99968344
1,1.0,0.99977845
0,0.0,0.00010791838
1,1.0,0.99981177
1,1.0,0.9992171
1,1.0,0.9989181
0,0.0,0.00011919987
0,0.0,7.7134704e-05
0,0.0,0.0001674644
1,1.0,0.9992405
0,0.0,7.034618e-05
1,1.0,0.9996158
0,0.0,0.00012213801
0,0.0,7.372704e-05
0,0.0,0.000117602416
1,1.0,0.9996984
0,0.0,0.000108800996
0,0.0,0.002611429
1,1.0,0.99905974
0,0.0,0.00019708539
0,0.0,0.00010271488
1,1.0,0.9984457
0,0.0,0.000107758984
0,0.0,0.00015461426
0,0.0,7.642779e-05
1,1.0,0.9998329
1,1.0,0.9992006
0,0.0,0.00026056453
1,1.0,0.9999012
1,1.0,0.99904424
1,1.0,0.9990711
0,0.0,0.0001678303
0,0.0,0.0017169301
0,0.0,0.00016863893
1,1.0,0.99924517
1,1.0,0.99992806
0,0.0,0.00014995791
1,1.0,0.99546903
1,1.0,0.99905384
0,0.0,0.00012222599
0,0.0,9.201381e-05
0,0.0,6.0439223e-05
1,1.0,0.99891305
0,0.0,6.657746e-05
1,1.0,0.9999794
1,1.0,0.99907184
0,0.0,0.00012211427
1,1.0,0.9998588
0,0.0,0.0013226988
0,0.0,0.00015699943
0,0.0,0.00012069509
1,1.0,0.99945784
0,0.0,0.00011530287
0,0.0,0.00013373973
1,1.0,0.99820316
1,1.0,0.9997478
1,1.0,0.99904424
0,0.0,0.00017831518
0,0.0,0.00019493874
1,1.0,0.9990687
1,1.0,0.99836135
1,1.0,0.9992979
1,1.0,0.9999221
0,0.0,0.0004686436
0,0.0,0.00012666454
0,0.0,6.3722946e-05
0,0.0,0.00012693285
1,1.0,0.99964213
0,0.0,6.712053e-05
1,1.0,0.99931127
1,1.0,0.9996506
1,1.0,0.99904615
1,1.0,0.9998363
0,0.0,0.0004763708
1,1.0,0.999927
1,1.0,0.9989668
1,1.0,0.99906766
1,1.0,0.9990459
1,1.0,0.9995204
0,0.0,7.719674e-05
1,1.0,0.99976933
0,0.0,0.00012716121
0,0.0,7.037745e-05
1,1.0,0.99907106
1,1.0,0.99951386
0,0.0,0.00010367866
1,1.0,0.99906075
1,1.0,0.9998701
0,0.0,9.4485134e-05
1,1.0,0.99922425
1,1.0,0.99930906
0,0.0,0.00081336184
1,1.0,0.99925196
0,0.0,0.00016032631
1,1.0,0.9999054
0,0.0,0.000527801
1,1.0,0.99966496
1,1.0,0.9987211
1,1.0,0.9990473
0,0.0,0.00016366076
0,0.0,0.00014771883
1,1.0,0.99994546
1,1.0,0.9991412
0,0.0,8.329214e-05
0,0.0,9.32878e-05
0,0.0,0.00013433865
1,1.0,0.9995517
1,1.0,0.9996426
0,0.0,0.00012903479
1,1.0,0.99956286
1,1.0,0.9993045
1,1.0,0.99988854
1,1.0,0.99904424
0,0.0,0.00010244296
1,1.0,0.9999386
0,0.0,0.00086710555
1,1.0,0.9993648
1,1.0,0.99907976
1,1.0,0.9990441
1,1.0,0.999091
0,0.0,7.586128e-05
0,0.0,0.00011825183
1,1.0,0.9998068
1,1.0,0.9991577
0,0.0,0.0001991947
1,1.0,0.999298
1,1.0,0.9990425
0,0.0,0.00015708944
0,0.0,6.7577224e-05
0,0.0,0.00015538129
1,1.0,0.9997396
0,0.0,0.00015361981
1,1.0,0.99929947
1,1.0,0.99974895
0,0.0,0.00016742399
1,1.0,0.9993091
1,1.0,0.99998194
1,1.0,0.9998065
0,0.0,9.0735935e-05
1,1.0,0.997982
0,0.0,0.00016561756
1,1.0,0.99990976
1,1.0,0.99915606
1,1.0,0.9994823
1,1.0,0.99907094
0,0.0,0.00012290607
0,0.0,0.000810136
1,1.0,0.999906
0,0.0,0.00019005255
1,1.0,0.99980867
1,1.0,0.9990713
0,0.0,0.00012094706
1,1.0,0.9990443
0,0.0,0.00010748927
1,1.0,0.9995066
0,0.0,0.00016741408
1,1.0,0.99948287
0,0.0,0.0032653562
0,0.0,0.0004901577
0,0.0,7.7231496e-05
0,0.0,0.00011170719
0,0.0,0.00012650123
1,1.0,0.9995263
1,1.0,0.99978745
1,1.0,0.9998161
0,0.0,0.00012303177
1,1.0,0.99930507
0,0.0,0.0011674482
0,0.0,0.00012514142
1,1.0,0.9996731
1,1.0,0.99769354
1,1.0,0.9999196
0,0.0,0.00012960401
0,0.0,0.00013070907
1,1.0,0.99984235
0,0.0,0.000115570125
0,0.0,0.00012499164
1,1.0,0.9991415
1,1.0,0.9996561
0,0.0,0.0003872566
0,0.0,0.00016789495
1,1.0,0.9989843
1,1.0,0.9990443
1,1.0,0.9991422
0,0.0,0.00012499926
1,1.0,0.99924946
1,1.0,0.99992895
0,0.0,0.00015137355
0,0.0,0.0005654435
1,1.0,0.99899215
1,1.0,0.9995503
1,1.0,0.9992909
1,1.0,0.9991326
1,1.0,0.99922985
1,1.0,0.999284
1,1.0,0.99927783
1,1.0,0.99963665
1,1.0,0.9996623
0,0.0,0.00015028885
0,0.0,0.0001206325
1,1.0,0.9990152
0,0.0,0.0008265359
1,1.0,0.99941504
0,0.0,0.00035313348
1,1.0,0.99975663
1,1.0,0.99990976
0,0.0,0.0002620896
1,1.0,0.99978423
1,1.0,0.99904245
0,0.0,0.00012693151
0,0.0,0.00012663883
0,0.0,0.00011578535
0,0.0,3.5412937e-05
0,0.0,0.00012665609
1,1.0,0.9986878
1,1.0,0.9985384
1,1.0,0.9995631
1,1.0,0.9992261
1,1.0,0.9990076
1,1.0,0.9992995
1,1.0,0.99991274
1,1.0,0.9991576
1,1.0,0.9995588
0,0.0,0.00012529522
1,1.0,0.9990354
1,1.0,0.99936604
1,1.0,0.9992793
1,1.0,0.99975413
0,0.0,0.00016910509
1,1.0,0.99928147
1,1.0,0.9990424
0,0.0,0.000108065724
1,1.0,0.9991411
1,1.0,0.9997539
0,0.0,0.00012652295
0,0.0,7.87514e-05
1,1.0,0.99931604
0,0.0,0.00012674271
1,1.0,0.99950325
0,0.0,0.00012502358
1,1.0,0.9995287
0,0.0,0.00017398287
0,0.0,0.000260645
0,0.0,0.000121268335
0,0.0,0.00016564505
1,1.0,0.999079
0,0.0,9.164847e-05
1,1.0,0.9992324
0,0.0,7.088651e-05
1,1.0,0.9987271
0,0.0,6.823287e-05
1,1.0,0.99818254
1,1.0,0.9994418
1,1.0,0.9992993
0,0.0,0.00012221852
0,0.0,0.00014954379
1,1.0,0.9993046
0,0.0,0.00012212602
1,1.0,0.9994226
1,1.0,0.9996676
1,1.0,0.99956065
0,0.0,6.0402806e-05
0,0.0,0.00011759939
0,0.0,7.591816e-05
1,1.0,0.99815065
0,0.0,0.000101343474
1,1.0,0.99996126
0,0.0,0.00012530501
0,0.0,7.2438255e-05
1,1.0,0.9996748
0,0.0,0.00012351078
0,0.0,0.0001672799
1,1.0,0.9990694
1,1.0,0.9993576
1,1.0,0.9998611
1,1.0,0.9999483
1,1.0,0.99989355
1,1.0,0.99959314
0,0.0,0.0016180933
0,0.0,9.218341e-05
1,1.0,0.99910647
0,0.0,0.00010805851
1,1.0,0.9990429
1,1.0,0.9995403
1,1.0,0.9996164
0,0.0,0.00015029659
1,1.0,0.99936986
1,1.0,0.9990688
1,1.0,0.99999607
0,0.0,0.00010257129
1,1.0,0.9990442
0,0.0,0.00012126002
0,0.0,0.00012292272
1,1.0,0.99985665
0,0.0,9.227073e-05
1,1.0,0.9992319
0,0.0,0.00012513917
0,0.0,0.00015795084
1,1.0,0.99838734
1,1.0,0.99987125
0,0.0,0.00018141483
1,1.0,0.99965906
1,1.0,0.9998425
0,0.0,0.00018448563
0,0.0,0.00013376574
0,0.0,9.217945e-05
1,1.0,0.99930525
1,1.0,0.9995263
0,0.0,0.000172681
0,0.0,0.00013540065
0,0.0,0.00018285503
1,1.0,0.99980223
0,0.0,0.0014050211
0,0.0,0.00012063561
0,0.0,0.00011071987
0,0.0,0.00014768066
0,0.0,0.00014875845
1,1.0,0.99929017
0,0.0,7.879813e-05
1,1.0,0.99993795
1,1.0,0.9991326
0,0.0,0.0001917055
0,0.0,8.9890396e-05
0,0.0,0.00012666297
0,0.0,0.00012500271
1,1.0,0.9990654
0,0.0,0.00012530525
1,1.0,0.9999431
0,0.0,0.00014943432
1,1.0,0.9998845
0,0.0,0.00013716328
1,1.0,0.999903
1,1.0,0.99900764
1,1.0,0.99952644
1,1.0,0.999544
0,0.0,0.00012675142
0,0.0,6.041502e-05
1,1.0,0.99975103
1,1.0,0.99916786
0,0.0,7.5867494e-05
0,0.0,7.8633966e-05
1,1.0,0.99952877
1,1.0,0.9994654
1,1.0,0.9999331
0,0.0,0.000115301
1,1.0,0.99940157
0,0.0,0.00019707449
1,1.0,0.9996053
1,1.0,0.99952316
1,1.0,0.9993646
0,0.0,0.00012378182
1,1.0,0.9993532
1,1.0,0.9993046
1,1.0,0.9992064
0,0.0,0.00011768399
1,1.0,0.999735
1,1.0,0.99979246
1,1.0,0.9995545
1,1.0,0.9999076
1,1.0,0.9993074
0,0.0,0.00011136705
1,1.0,0.99920225
1,1.0,0.9997798
1,1.0,0.99997085
1,1.0,0.99815434
0,0.0,0.00053039193
1,1.0,0.99975526
1,1.0,0.999078
0,0.0,7.885954e-05
1,1.0,0.99917406
1,1.0,0.9990719
0,0.0,0.00013476434
0,0.0,7.123509e-05
1,1.0,0.99973005
1,1.0,0.9990299
1,1.0,0.9997757
1,1.0,0.999055
0,0.0,7.773934e-05
0,0.0,0.00012674465
1,1.0,0.9996831
0,0.0,0.0001253019
1,1.0,0.99872035
0,0.0,0.00012659682
1,1.0,0.9995263
1,1.0,0.99930686
1,1.0,0.9991185
0,0.0,0.00057827437
1,1.0,0.9990461
0,0.0,6.668618e-05
0,0.0,0.00018285293
0,0.0,0.000150293
0,0.0,0.00013373436
0,0.0,6.663463e-05
1,1.0,0.99933624
1,1.0,0.9982187
1,1.0,0.9993052
1,1.0,0.9990274
1,1.0,0.9997903
1,1.0,0.9996213
1,1.0,0.99907786
1,1.0,0.99940735
1,1.0,0.99845606
1,1.0,0.99936455
1,1.0,0.9997657
1,1.0,0.99904287
0,0.0,7.9419435e-05
1,1.0,0.9997538
0,0.0,0.0020287402
0,0.0,7.724107e-05
1,1.0,0.99922365
1,1.0,0.99988306
1,1.0,0.99929607
0,0.0,0.00020395542
0,0.0,9.635228e-05
1,1.0,0.9998163
0,0.0,8.288039e-05
1,1.0,0.998393
1,1.0,0.99920803
0,0.0,0.00010748671
1,1.0,0.9990424
0,0.0,0.00010430738
0,0.0,6.0461247e-05
1,1.0,0.99967873
1,1.0,0.99988145
0,0.0,0.0001267449
1,1.0,0.9990677
0,0.0,6.3722706e-05
1,1.0,0.9994406
1,1.0,0.99904436
1,1.0,0.99820876
1,1.0,0.99855083
0,0.0,0.00021084465
0,0.0,7.642195e-05
0,0.0,0.00010793094
1,1.0,0.999743
0,0.0,7.2450974e-05
0,0.0,0.00012498687
1,1.0,0.9990813
0,0.0,6.3628104e-05
0,0.0,0.00012666696
0,0.0,6.0403494e-05
0,0.0,0.00011975617
1,1.0,0.99987894
0,0.0,0.000107891
1,1.0,0.9993704
1,1.0,0.9990429
1,1.0,0.99981564
1,1.0,0.9997833
0,0.0,0.00013301478
0,0.0,0.00012666732
0,0.0,0.00022965643
1,1.0,0.99990994
1,1.0,0.99934757
0,0.0,0.00012796558
0,0.0,0.00025978955
1,1.0,0.9994275
1,1.0,0.99989635
1,1.0,0.9990779
1,1.0,0.99890864
1,1.0,0.9999293
1,1.0,0.9993211
0,0.0,0.0010034436
0,0.0,0.00011501297
0,0.0,0.00060186145
0,0.0,0.0005449124
1,1.0,0.9998328
0,0.0,0.00013544844
1,1.0,0.9995123
1,1.0,0.99979955
1,1.0,0.9997141
1,1.0,0.99836725
1,1.0,0.9998089
1,1.0,0.99965054
0,0.0,7.7155164e-05
1,1.0,0.99978966
0,0.0,0.00016929983
0,0.0,0.0001849471
1,1.0,0.99906546
1,1.0,0.9997328
1,1.0,0.99904287
1,1.0,0.99975175
1,1.0,0.99921054
1,1.0,0.9995452
1,1.0,0.99962604
0,0.0,9.066726e-05
0,0.0,0.00014235025
0,0.0,9.451425e-05
1,1.0,0.9991415
1,1.0,0.9999077
0,0.0,0.00016562767
0,0.0,0.0024539102
0,0.0,0.0007188467
0,0.0,0.00011501385
1,1.0,0.9992604
1,1.0,0.99908006
0,0.0,0.00011025945
1,1.0,0.9994218
1,1.0,0.9993646
0,0.0,0.00010853054
1,1.0,0.99875224
1,1.0,0.99914116
0,0.0,0.00012651233
1,1.0,0.9998338
0,0.0,0.0001583947
1,1.0,0.9990355
0,0.0,0.00015983709
1,1.0,0.99979293
0,0.0,7.732044e-05
0,0.0,9.291378e-05
0,0.0,0.00012692208
1,1.0,0.9984582
1,1.0,0.99960345
0,0.0,9.206262e-05
1,1.0,0.9981004
0,0.0,7.8721605e-05
0,0.0,0.0001150178
1,1.0,0.9991839
0,0.0,0.000107900465
1,1.0,0.9993092
0,0.0,8.328468e-05
1,1.0,0.99907976
1,1.0,0.99921757
0,0.0,0.00012690936
1,1.0,0.99920243
1,1.0,0.9999265
1,1.0,0.9983452
0,0.0,8.0636484e-05
1,1.0,0.9999263
0,0.0,7.882541e-05
0,0.0,6.758193e-05
0,0.0,0.00012068784
1,1.0,0.9996598
0,0.0,5.3213076e-05
0,0.0,7.1630864e-05
0,0.0,5.322459e-05
0,0.0,7.887014e-05
1,1.0,0.99919355
0,0.0,9.170058e-05
0,0.0,0.00011530188
1,1.0,0.9990779
1,1.0,0.9990688
1,1.0,0.99923974
1,1.0,0.9999249
0,0.0,0.00012674864
1,1.0,0.9998563
0,0.0,9.3075345e-05
1,1.0,0.99835485
0,0.0,0.00012538461
1,1.0,0.999791
1,1.0,0.9993142
1,1.0,0.9991424
1,1.0,0.9998801
1,1.0,0.99992853
1,1.0,0.99935
0,0.0,7.7269e-05
0,0.0,0.00018615548
0,0.0,0.00010861897
1,1.0,0.99990714
0,0.0,9.340093e-05
1,1.0,0.9999254
0,0.0,0.00016649111
1,1.0,0.99987924
1,1.0,0.99978817
1,1.0,0.998471
1,1.0,0.99913245
0,0.0,0.00012530453
1,1.0,0.99899346
1,1.0,0.9997801
1,1.0,0.9997676
0,0.0,6.569973e-05
0,0.0,0.00081335305
1,1.0,0.9991418
1,1.0,0.99908304
0,0.0,0.00012213207
1,1.0,0.9999827
1,1.0,0.99914134
1,1.0,0.9992073
1,1.0,0.99987924
1,1.0,0.9998494
1,1.0,0.99903554
1,1.0,0.99977267
0,0.0,0.00015883436
0,0.0,9.290182e-05
0,0.0,0.00019644827
0,0.0,0.0001970698
1,1.0,0.99958104
0,0.0,0.0004906354
1,1.0,0.9993699
0,0.0,0.0005411614
0,0.0,0.00012618727
1,1.0,0.99907887
0,0.0,0.00016361567
0,0.0,0.0007910576
1,1.0,0.9998284
1,1.0,0.9992339
0,0.0,0.00020331799
0,0.0,0.00012540052
1,1.0,0.99966556
0,0.0,7.881008e-05
1,1.0,0.9990342
1,1.0,0.9990342
1,1.0,0.9997265
1,1.0,0.99977916
0,0.0,0.00012145534
1,1.0,0.99952614
1,1.0,0.99935395
1,1.0,0.9997784
1,1.0,0.9995829
1,1.0,0.99990696
1,1.0,0.9997864
1,1.0,0.99983025
1,1.0,0.99971765
0,0.0,0.00011501451
1,1.0,0.9998173
1,1.0,0.9990819
1,1.0,0.9997867
1,1.0,0.99989176
1,1.0,0.999301
0,0.0,0.00010502679
1,1.0,0.9990342
1,1.0,0.99992186
0,0.0,7.71974e-05
0,0.0,0.00012513809
0,0.0,0.00016928208
1,1.0,0.99925023
1,1.0,0.99905366
1,1.0,0.99958456
0,0.0,0.00012322784
1,1.0,0.99956053
0,0.0,0.00014876186
0,0.0,9.815555e-05
1,1.0,0.9990779
1,1.0,0.99990815
1,1.0,0.9978111
0,0.0,0.00016741824
1,1.0,0.99989605
1,1.0,0.9997867
1,1.0,0.9999083
0,0.0,0.00016919056
0,0.0,0.00013548485
0,0.0,7.6332086e-05
1,1.0,0.9992052
1,1.0,0.99972886
1,1.0,0.99904615
1,1.0,0.99913263
1,1.0,0.99922365
1,1.0,0.99908197
0,0.0,0.00012693043
0,0.0,0.0001150156
0,0.0,7.395287e-05
1,1.0,0.9996869
0,0.0,0.00016910363
0,0.0,0.00017970266
0,0.0,0.00037950012
0,0.0,0.00012290911
1,1.0,0.9996643
1,1.0,0.9999882
0,0.0,0.00012651451
0,0.0,0.00012651367
0,0.0,0.000107936685
0,0.0,0.00011766278
1,1.0,0.9998703
1,1.0,0.99975
0,0.0,0.00011516497
0,0.0,0.00018564002
1,1.0,0.99987996
1,1.0,0.9990407
1,1.0,0.9991812
1,1.0,0.9997891
1,1.0,0.9993089
1,1.0,0.99906653
1,1.0,0.99920744
1,1.0,0.9989936
0,0.0,0.000108059954
1,1.0,0.9992913
0,0.0,0.00015366494
1,1.0,0.99981546
0,0.0,0.00012530621
1,1.0,0.999079
0,0.0,0.00016359663
0,0.0,0.00014771982
1,1.0,0.9999132
0,0.0,0.00058631535
0,0.0,7.9483376e-05
0,0.0,0.00015533686
0,0.0,0.00012692946
0,0.0,7.5462776e-05
0,0.0,0.0003669564
0,0.0,7.71854e-05
0,0.0,0.00048630155
1,1.0,0.9995034
0,0.0,7.03757e-05
1,1.0,0.9996382
0,0.0,0.0011660134
1,1.0,0.9995682
1,1.0,0.9998837
0,0.0,0.00012674948
1,1.0,0.9991708
1,1.0,0.99835414
1,1.0,0.99928385
0,0.0,0.00016356421
1,1.0,0.99959373
1,1.0,0.99905974
1,1.0,0.9998828
0,0.0,0.0005423842
1,1.0,0.99960357
1,1.0,0.99963266
0,0.0,0.0001267548
1,1.0,0.99954766
0,0.0,0.00015482285
1,1.0,0.9998123
1,1.0,0.99978405
0,0.0,0.00012692848
1,1.0,0.9991325
1,1.0,0.9993759
1,1.0,0.9995652
1,1.0,0.999898
1,1.0,0.99925405
0,0.0,0.00081317086
1,1.0,0.9998231
1,1.0,0.99928373
0,0.0,0.0001269314
1,1.0,0.9992173
1,1.0,0.9999681
1,1.0,0.9993038
0,0.0,0.00015603162
1,1.0,0.999599
0,0.0,7.7120734e-05
0,0.0,0.00011682061
1,1.0,0.9990686
1,1.0,0.99984074
1,1.0,0.9991766
1,1.0,0.99923855
1,1.0,0.99972683
0,0.0,0.00012379917
0,0.0,0.00012513713
0,0.0,0.00012126799
1,1.0,0.99982274
1,1.0,0.9998841
1,1.0,0.99930125
0,0.0,6.664677e-05
0,0.0,0.00024444432
1,1.0,0.9990429
0,0.0,0.00081326923
1,1.0,0.99979156
0,0.0,0.00012351383
1,1.0,0.9993108
1,1.0,0.99932295
0,0.0,0.00012652825
1,1.0,0.9987143
1,1.0,0.99898857
0,0.0,0.00017446098
1,1.0,0.99966305
0,0.0,7.5574695e-05
1,1.0,0.9990458
0,0.0,9.5215866e-05
1,1.0,0.99836135
0,0.0,0.00014952724
1,1.0,0.9990443
1,1.0,0.99993354
1,1.0,0.9998271
1,1.0,0.99795306
1,1.0,0.99959016
1,1.0,0.998736
0,0.0,0.00011761016
1,1.0,0.9990458
1,1.0,0.99842197
0,0.0,0.00010807077
0,0.0,0.00012350912
0,0.0,6.6182656e-05
1,1.0,0.9992125
0,0.0,7.6472694e-05
1,1.0,0.999669
0,0.0,0.00038036908
1,1.0,0.99905396
0,0.0,0.000102370104
0,0.0,9.876084e-05
0,0.0,0.00012693273
1,1.0,0.999584
1,1.0,0.9997793
1,1.0,0.9993398
1,1.0,0.99990845
1,1.0,0.99903417
0,0.0,7.716731e-05
1,1.0,0.9990748
0,0.0,7.557693e-05
0,0.0,0.00057850097
1,1.0,0.99989176
0,0.0,0.00012068542
1,1.0,0.9990432
1,1.0,0.9994732
1,1.0,0.9992171
1,1.0,0.99923724
1,1.0,0.9990779
1,1.0,0.99921054
0,0.0,0.00013539278
1,1.0,0.9998963
1,1.0,0.9992634
1,1.0,0.999284
0,0.0,0.0001249902
1,1.0,0.9990355
1,1.0,0.99905974
0,0.0,0.00027622475
1,1.0,0.99978733
0,0.0,0.00014905236
1,1.0,0.9998588
0,0.0,9.3189294e-05
0,0.0,0.00016364874
1,1.0,0.9998125
1,1.0,0.99921083
1,1.0,0.99929947
0,0.0,0.0001206906
0,0.0,0.00026050044
1,1.0,0.9990354
1,1.0,0.9995287
1,1.0,0.9990618
1,1.0,0.9998947
1,1.0,0.9983525
0,0.0,0.00016360037
0,0.0,0.00016563383
1,1.0,0.9993046
0,0.0,8.9959336e-05
1,1.0,0.9987996
1,1.0,0.99990404
0,0.0,0.00011394884
1,1.0,0.9986962
1,1.0,0.9997903
0,0.0,0.0001679108
1,1.0,0.9989567
1,1.0,0.9985411
0,0.0,6.363684e-05
1,1.0,0.99991065
1,1.0,0.9989541
0,0.0,0.000110764224
0,0.0,0.00012666466
1,1.0,0.9999124
0,0.0,0.00074579834
0,0.0,0.0004607374
0,0.0,0.00012378559
1,1.0,0.9993292
1,1.0,0.9997797
1,1.0,0.9996023
1,1.0,0.9990424
0,0.0,0.00026053993
1,1.0,0.99951196
0,0.0,0.00016783606
1,1.0,0.9991462
1,1.0,0.99975824
0,0.0,0.00012145592
0,0.0,0.00021290196
1,1.0,0.99906033
0,0.0,0.000104784405
1,1.0,0.99946487
0,0.0,0.00012514406
1,1.0,0.9999229
1,1.0,0.99886656
0,0.0,5.3333075e-05
1,1.0,0.9992887
1,1.0,0.99952644
0,0.0,0.00012745948
1,1.0,0.9994504
0,0.0,0.00016748419
0,0.0,0.0001674398
0,0.0,9.217427e-05
1,1.0,0.9991382
0,0.0,7.173777e-05
0,0.0,0.00034409916
1,1.0,0.99997836
0,0.0,9.204014e-05
0,0.0,8.991028e-05
0,0.0,0.00014951329
1,1.0,0.9983867
0,0.0,0.00018661523
1,1.0,0.99874955
0,0.0,7.878498e-05
0,0.0,6.1973384e-05
0,0.0,0.002013519
1,1.0,0.99980366
1,1.0,0.9994471
1,1.0,0.99914587
0,0.0,7.4763484e-05
0,0.0,9.6244476e-05
1,1.0,0.9995484
0,0.0,0.00015025947
1,1.0,0.9992179
1,1.0,0.99906856
1,1.0,0.9998213
1,1.0,0.999006
0,0.0,0.0017603927
0,0.0,0.00017842454
0,0.0,7.868392e-05
0,0.0,0.00016969659
1,1.0,0.9992078
0,0.0,9.033172e-05
1,1.0,0.9990819
1,1.0,0.99924743
1,1.0,0.9990634
1,1.0,0.9998496
1,1.0,0.9993057
0,0.0,7.5475735e-05
1,1.0,0.99927324
1,1.0,0.99998206
1,1.0,0.999078
1,1.0,0.99991053
1,1.0,0.9999158
1,1.0,0.99972963
0,0.0,0.000107481486
1,1.0,0.9991377
1,1.0,0.9990354
1,1.0,0.9990685
1,1.0,0.99960345
1,1.0,0.9992841
0,0.0,8.99547e-05
1,1.0,0.99937034
1,1.0,0.999055
1,1.0,0.9990789
1,1.0,0.99968755
0,0.0,0.00011169046
1,1.0,0.9991464
0,0.0,7.464729e-05
0,0.0,0.0003701254
1,1.0,0.9984581
1,1.0,0.99903417
1,1.0,0.9992064
1,1.0,0.9993701
0,0.0,0.00012499176
1,1.0,0.99970007
0,0.0,0.00011530672
1,1.0,0.99819875
1,1.0,0.99949694
1,1.0,0.9996972
0,0.0,0.0003007614
0,0.0,0.00012522665
1,1.0,0.99914217
0,0.0,0.00023993473
1,1.0,0.9987327
0,0.0,0.00012530453
0,0.0,0.00012721324
0,0.0,0.00037210432
1,1.0,0.9992368
1,1.0,0.9990457
1,1.0,0.99923885
0,0.0,0.00012378182
0,0.0,0.00012324359
1,1.0,0.9999495
1,1.0,0.9990718
0,0.0,0.00016020115
0,0.0,0.00023504393
0,0.0,8.288853e-05
0,0.0,0.000120693134
1,1.0,0.9990699
1,1.0,0.99906766
0,0.0,0.00012674223
1,1.0,0.99919736
1,1.0,0.99930096
0,0.0,0.00014370792
0,0.0,0.00013099457
1,1.0,0.9999148
1,1.0,0.99929947
0,0.0,0.00012675408
1,1.0,0.999345
0,0.0,7.868452e-05
1,1.0,0.9999013
0,0.0,0.00012540087
1,1.0,0.9983751
1,1.0,0.9990408
1,1.0,0.9993088
0,0.0,0.00018282956
0,0.0,0.00016945114
0,0.0,0.00012213056
1,1.0,0.9990654
1,1.0,0.99981356
1,1.0,0.99890137
1,1.0,0.9996554
1,1.0,0.99961835
1,1.0,0.9999066
1,1.0,0.9993091
0,0.0,7.7970166e-05
1,1.0,0.9995939
1,1.0,0.99973965
1,1.0,0.9994965
0,0.0,0.00013421086
0,0.0,0.00010502128
1,1.0,0.9992772
1,1.0,0.99811476
0,0.0,7.636411e-05
1,1.0,0.9994803
0,0.0,0.00012215653
1,1.0,0.9997903
1,1.0,0.9993023
0,0.0,0.00012691227
1,1.0,0.99956673
1,1.0,0.99975324
1,1.0,0.99816805
1,1.0,0.9997461
0,0.0,0.00016620307
0,0.0,0.00011499235
0,0.0,7.718893e-05
0,0.0,7.173161e-05
1,1.0,0.9989841
0,0.0,6.198922e-05
1,1.0,0.99969876
0,0.0,0.00018619932
1,1.0,0.9999121
0,0.0,0.00026045475
0,0.0,0.00012514573
0,0.0,0.0014389424
1,1.0,0.9992538
0,0.0,0.00012501822
1,1.0,0.999864
1,1.0,0.99978757
0,0.0,0.00012530405
1,1.0,0.9993046
1,1.0,0.9985503
1,1.0,0.99992424
0,0.0,8.4284016e-05
0,0.0,7.299022e-05
1,1.0,0.9995631
1,1.0,0.9990443
1,1.0,0.99931717
1,1.0,0.99934113
1,1.0,0.99904233
0,0.0,7.5907294e-05
1,1.0,0.99939597
1,1.0,0.9992461
1,1.0,0.9990576
0,0.0,0.000556972
0,0.0,0.00012529676
1,1.0,0.99931014
1,1.0,0.99838006
1,1.0,0.99989265
1,1.0,0.99985695
1,1.0,0.99931246
0,0.0,7.473981e-05
0,0.0,0.0001206883
0,0.0,6.1002687e-05
0,0.0,7.1768016e-05
1,1.0,0.9995553
0,0.0,0.00012500737
1,1.0,0.99988425
0,0.0,0.00011760993
0,0.0,0.00016783302
1,1.0,0.9997178
1,1.0,0.9998723
1,1.0,0.9990355
0,0.0,0.0010429294
1,1.0,0.9998498
1,1.0,0.999864
1,1.0,0.9993012
0,0.0,0.00012094175
0,0.0,0.0001694652
1,1.0,0.9997891
1,1.0,0.9992973
1,1.0,0.99978864
0,0.0,0.00048062994
0,0.0,0.00021941651
0,0.0,9.31589e-05
0,0.0,0.0001594161
0,0.0,7.722494e-05
0,0.0,6.625856e-05
0,0.0,0.000120947174
1,1.0,0.9996899
0,0.0,0.00016944516
1,1.0,0.9992125
1,1.0,0.99990845
0,0.0,9.030829e-05
1,1.0,0.9997819
1,1.0,0.99981123
1,1.0,0.9999141
0,0.0,0.00036854186
0,0.0,0.00026076683
1,1.0,0.9999697
0,0.0,0.00012213545
1,1.0,0.9999805
0,0.0,0.00016748531
0,0.0,0.00012539848
0,0.0,7.714361e-05
0,0.0,8.0421e-05
0,0.0,0.0020083266
1,1.0,0.98317826
1,1.0,0.9990238
1,1.0,0.99996054
1,1.0,0.9991462
1,1.0,0.9993123
1,1.0,0.99930525
1,1.0,0.99899834
1,1.0,0.9993468
0,0.0,0.00012651704
0,0.0,8.000282e-05
1,1.0,0.99928516
1,1.0,0.9999417
1,1.0,0.9993646
1,1.0,0.9983214
1,1.0,0.99931765
1,1.0,0.99931246
1,1.0,0.9997903
1,1.0,0.9996516
1,1.0,0.9992979
0,0.0,7.873016e-05
0,0.0,0.001228704
1,1.0,0.99971145
0,0.0,7.866051e-05
1,1.0,0.99992853
1,1.0,0.99955803
0,0.0,0.00026078572
1,1.0,0.9992948
0,0.0,8.175217e-05
0,0.0,0.00012094971
0,0.0,0.00016920186
1,1.0,0.99930567
1,1.0,0.99906045
0,0.0,0.00010113688
1,1.0,0.9998338
1,1.0,0.99916726
1,1.0,0.9990354
1,1.0,0.99904585
1,1.0,0.9995958
1,1.0,0.9999131
0,0.0,0.00014905038
1,1.0,0.999078
1,1.0,0.9999371
0,0.0,0.00012691917
1,1.0,0.99928606
0,0.0,0.00018284614
1,1.0,0.99846643
1,1.0,0.9995063
0,0.0,0.00045093911
0,0.0,0.00016483803
0,0.0,6.288404e-05
1,1.0,0.99907875
0,0.0,0.00012693249
0,0.0,6.570468e-05
0,0.0,0.00014144533
0,0.0,0.00012530082
0,0.0,6.6686436e-05
0,0.0,7.170385e-05
1,1.0,0.9989935
0,0.0,7.9667094e-05
0,0.0,0.00016783141
1,1.0,0.9991458
1,1.0,0.9992697
1,1.0,0.9990431
0,0.0,0.00014953894
0,0.0,0.0001221337
0,0.0,9.845374e-05
1,1.0,0.9998562
0,0.0,0.00013539808
0,0.0,6.0496535e-05
1,1.0,0.99977696
0,0.0,0.00012522688
1,1.0,0.99983376
1,1.0,0.99978685
1,1.0,0.99922204
0,0.0,6.037068e-05
1,1.0,0.9992024
1,1.0,0.99900776
0,0.0,7.556957e-05
1,1.0,0.9995786
0,0.0,0.00011760612
0,0.0,7.94186e-05
0,0.0,7.17546e-05
1,1.0,0.9992064
1,1.0,0.99937034
1,1.0,0.9994961
1,1.0,0.998857
1,1.0,0.99928623
1,1.0,0.9990424
0,0.0,0.00081315305
0,0.0,0.00016337028
0,0.0,9.834724e-05
0,0.0,0.0002569067
0,0.0,0.00013077118
0,0.0,6.372246e-05
1,1.0,0.99816877
0,0.0,6.712002e-05
1,1.0,0.99990577
0,0.0,7.861582e-05
0,0.0,0.00016747045
0,0.0,7.715708e-05
0,0.0,0.000119988785
0,0.0,0.00012538246
0,0.0,0.00014211833
1,1.0,0.9998145
1,1.0,0.9992911
1,1.0,0.999916
0,0.0,7.110627e-05
0,0.0,0.0013702014
0,0.0,0.00081357977
1,1.0,0.9997872
0,0.0,0.00012126949
1,1.0,0.99980795
1,1.0,0.9992126
1,1.0,0.9997988
1,1.0,0.99971384
1,1.0,0.9990539
1,1.0,0.99900943
0,0.0,8.255698e-05
1,1.0,0.99993026
1,1.0,0.9998638
1,1.0,0.99966264
0,0.0,9.000671e-05
0,0.0,6.201726e-05
1,1.0,0.999925
1,1.0,0.9990076
1,1.0,0.99975365
0,0.0,0.00014995389
1,1.0,0.99998975
1,1.0,0.999864
1,1.0,0.999617
0,0.0,0.00019819554
1,1.0,0.9993011
0,0.0,0.00022956757
1,1.0,0.99821097
0,0.0,0.00012126857
1,1.0,0.998726
1,1.0,0.99931234
0,0.0,0.00016251761
1,1.0,0.9987327
1,1.0,0.9992371
1,1.0,0.9999083
0,0.0,7.817535e-05
0,0.0,0.000114427494
1,1.0,0.9991069
1,1.0,0.9999009
0,0.0,0.00016364499
0,0.0,0.00047431662
1,1.0,0.99968046
1,1.0,0.9991463
1,1.0,0.999078
1,1.0,0.9990354
1,1.0,0.9998724
1,1.0,0.9997906
1,1.0,0.9997574
1,1.0,0.9997862
0,0.0,7.876056e-05
1,1.0,0.99978906
0,0.0,0.00012664992
0,0.0,7.709058e-05
1,1.0,0.9995263
1,1.0,0.99942255
1,1.0,0.9991415
1,1.0,0.9984232
0,0.0,0.0001042481
1,1.0,0.99975526
1,1.0,0.9996373
0,0.0,0.0020781544
1,1.0,0.9990604
1,1.0,0.99930567
0,0.0,9.3399416e-05
1,1.0,0.99952495
0,0.0,0.00012692848
0,0.0,9.2184026e-05
0,0.0,0.00012674804
0,0.0,8.062994e-05
1,1.0,0.99980193
1,1.0,0.9990798
0,0.0,0.00011968175
1,1.0,0.99914134
0,0.0,0.00036763024
0,0.0,7.732272e-05
1,1.0,0.9990667
0,0.0,8.0094425e-05
0,0.0,8.160551e-05
1,1.0,0.99904245
1,1.0,0.999429
0,0.0,9.287038e-05
1,1.0,0.99907106
1,1.0,0.99899834
0,0.0,0.00018280413
1,1.0,0.9999689
1,1.0,0.999208
1,1.0,0.9999
0,0.0,0.00012831065
0,0.0,0.00012530728
0,0.0,0.00013375911
1,1.0,0.9998747
1,1.0,0.9990458
0,0.0,0.00052543776
1,1.0,0.99973917
1,1.0,0.9993647
0,0.0,0.000120950746
1,1.0,0.9995475
0,0.0,0.0001234779
0,0.0,8.9108966e-05
1,1.0,0.9997096
1,1.0,0.99928904
0,0.0,0.00012130175
1,1.0,0.99992764
0,0.0,0.00011760399
0,0.0,0.0008134631
0,0.0,9.429154e-05
1,1.0,0.9990341
0,0.0,0.0001590209
0,0.0,0.00012068795
1,1.0,0.99987614
1,1.0,0.999545
0,0.0,8.698959e-05
0,0.0,5.9336344e-05
0,0.0,0.0013197782
0,0.0,0.00034804153
0,0.0,0.00014954037
0,0.0,0.00010448088
0,0.0,0.00060627214
1,1.0,0.9999064
0,0.0,9.613559e-05
0,0.0,6.0421473e-05
0,0.0,0.00040308747
1,1.0,0.99991184
1,1.0,0.9991501
0,0.0,7.872483e-05
1,1.0,0.99946934
0,0.0,0.00016747332
0,0.0,0.00010808016
1,1.0,0.9993091
0,0.0,0.00015129564
0,0.0,0.00010467375
1,1.0,0.9997951
0,0.0,0.0001174293
0,0.0,0.0020360586
0,0.0,0.00014731681
0,0.0,0.00012220442
1,1.0,0.9990711
0,0.0,0.0001970202
1,1.0,0.9999126
0,0.0,8.9977526e-05
1,1.0,0.9990355
0,0.0,0.00016390001
1,1.0,0.99968964
0,0.0,0.00012522569
1,1.0,0.9988739
1,1.0,0.9991413
1,1.0,0.99988735
0,0.0,0.0024210429
0,0.0,0.00011626984
1,1.0,0.99905396
1,1.0,0.9997767
1,1.0,0.9992313
1,1.0,0.9993947
1,1.0,0.9990429
0,0.0,0.00015028885
0,0.0,0.000117603544
1,1.0,0.9994711
0,0.0,0.00015415216
0,0.0,0.00010184122
0,0.0,0.00012430843
0,0.0,0.00015427114
1,1.0,0.9990702
1,1.0,0.9995264
0,0.0,6.947961e-05
0,0.0,0.00012529628
1,1.0,0.99907964
0,0.0,0.00016357216
0,0.0,0.00014904726
1,1.0,0.99976987
1,1.0,0.99906015
0,0.0,0.0010438195
1,1.0,0.9998866
1,1.0,0.99904615
0,0.0,0.000115303534
1,1.0,0.99930453
1,1.0,0.9998733
0,0.0,0.0020062956
0,0.0,7.214212e-05
0,0.0,0.00010330386
1,1.0,0.9993965
0,0.0,0.0001266649
1,1.0,0.9992111
0,0.0,0.00011760612
0,0.0,0.00012528255
0,0.0,0.0003675106
1,1.0,0.9995263
1,1.0,0.9990687
1,1.0,0.99990994
1,1.0,0.99939495
1,1.0,0.9996292
1,1.0,0.9990686
1,1.0,0.99871475
1,1.0,0.9999102
0,0.0,0.00010428609
1,1.0,0.9987523
0,0.0,0.00012674768
1,1.0,0.99945146
1,1.0,0.99871564
0,0.0,0.0004713707
0,0.0,0.0001002883
1,1.0,0.9993091
1,1.0,0.9997898
0,0.0,8.991226e-05
0,0.0,0.00012529688
0,0.0,0.00016355672
1,1.0,0.9995327
0,0.0,0.00016104567
1,1.0,0.99870104
0,0.0,3.0919335e-05
0,0.0,0.00018490232
1,1.0,0.99990577
0,0.0,0.00060672016
1,1.0,0.9998789
1,1.0,0.9998446
1,1.0,0.9983548
1,1.0,0.9992344
1,1.0,0.9998214
1,1.0,0.99906665
1,1.0,0.99975395
1,1.0,0.999071
0,0.0,0.0009428127
1,1.0,0.9999789
1,1.0,0.99952644
1,1.0,0.99918145
0,0.0,7.7177756e-05
1,1.0,0.999833
1,1.0,0.99948996
0,0.0,6.376733e-05
1,1.0,0.9990341
1,1.0,0.9990443
1,1.0,0.99971634
1,1.0,0.9995552
1,1.0,0.9994101
0,0.0,0.0006186919
0,0.0,0.00020602073
0,0.0,6.360214e-05
1,1.0,0.9987155
1,1.0,0.9998734
0,0.0,0.0013981662
0,0.0,0.00012378441
1,1.0,0.99914664
0,0.0,0.00016168114
0,0.0,9.845853e-05
0,0.0,0.00011919793
1,1.0,0.9986384
1,1.0,0.99978685
0,0.0,0.00012513917
0,0.0,7.0589434e-05
0,0.0,0.00017459944
1,1.0,0.99994844
1,1.0,0.99956286
1,1.0,0.99929935
1,1.0,0.9992151
1,1.0,0.9993087
0,0.0,0.0022629176
1,1.0,0.999078
0,0.0,0.00038713848
0,0.0,0.00043324495
1,1.0,0.9990784
0,0.0,0.00012288075
0,0.0,0.00049554755
1,1.0,0.999787
1,1.0,0.99971753
1,1.0,0.99964947
0,0.0,0.00050515623
0,0.0,0.000116291114
1,1.0,0.99874586
0,0.0,0.000164208
0,0.0,0.000119042204
1,1.0,0.99993795
1,1.0,0.99899346
0,0.0,0.00016776069
0,0.0,0.00013069515
0,0.0,0.00012379339
0,0.0,0.00021264267
0,0.0,0.00020252627
1,1.0,0.99846154
1,1.0,0.999055
0,0.0,0.00081350026
0,0.0,0.0001250001
1,1.0,0.9996566
0,0.0,0.00011762003
0,0.0,0.00011132372
1,1.0,0.99978733
0,0.0,0.00011286258
0,0.0,0.0001266463
0,0.0,0.00014995132
1,1.0,0.9990747
1,1.0,0.9990354
1,1.0,0.9993123
1,1.0,0.99985355
0,0.0,0.00019707019
0,0.0,0.00012500785
0,0.0,0.00016867963
1,1.0,0.9998375
0,0.0,0.00016748227
0,0.0,0.0001221231
0,0.0,0.00011453546
1,1.0,0.99981135
1,1.0,0.9992126
0,0.0,0.0001361077
1,1.0,0.9992159
1,1.0,0.9991413
0,0.0,6.950387e-05
1,1.0,0.99981415
1,1.0,0.99894005
1,1.0,0.9993123
0,0.0,0.00011531563
1,1.0,0.9999393
1,1.0,0.9990798
1,1.0,0.99930745
1,1.0,0.9997808
0,0.0,5.3227028e-05
0,0.0,0.00036732023
1,1.0,0.9990718
1,1.0,0.999411
1,1.0,0.9999218
0,0.0,0.00012522163
1,1.0,0.99903417
0,0.0,0.00012502358
1,1.0,0.9993112
0,0.0,7.7220815e-05
1,1.0,0.99989545
0,0.0,0.00012650038
0,0.0,0.00014995075
0,0.0,0.00019848792
0,0.0,6.303294e-05
1,1.0,0.99992347
1,1.0,0.9999146
1,1.0,0.9993294
0,0.0,0.00012530334
0,0.0,6.0441067e-05
0,0.0,0.00016487262
1,1.0,0.99992704
1,1.0,0.9982052
1,1.0,0.99978423
0,0.0,0.00011427898
0,0.0,0.00011501582
0,0.0,9.581884e-05
0,0.0,0.000111448004
1,1.0,0.99961746
0,0.0,0.00015766101
1,1.0,0.999801
0,0.0,0.00017035856
0,0.0,6.414314e-05
1,1.0,0.9992692
1,1.0,0.9989236
1,1.0,0.9993044
1,1.0,0.9997512
1,1.0,0.9990709
1,1.0,0.9996911
1,1.0,0.9983449
1,1.0,0.9990636
0,0.0,7.8772886e-05
1,1.0,0.99835914
1,1.0,0.9996354
0,0.0,0.00011961693
0,0.0,0.00012094325
0,0.0,0.00011501506
1,1.0,0.99930525
0,0.0,0.00012529545
0,0.0,0.00022963146
1,1.0,0.99937004
1,1.0,0.999748
0,0.0,4.604192e-05
1,1.0,0.9996649
1,1.0,0.99991286
1,1.0,0.99892944
1,1.0,0.9997891
0,0.0,0.00013547995
0,0.0,8.939358e-05
1,1.0,0.99978155
1,1.0,0.9993702
1,1.0,0.99987495
0,0.0,0.0001363393
0,0.0,0.00011530397
0,0.0,0.000120945675
0,0.0,0.00012350937
1,1.0,0.99977964
1,1.0,0.99903417
1,1.0,0.99905056
1,1.0,0.99914575
0,0.0,7.6943485e-05
1,1.0,0.9990537
1,1.0,0.9999082
1,1.0,0.9990687
0,0.0,9.3397815e-05
0,0.0,0.00012213044
1,1.0,0.9990401
1,1.0,0.99990815
1,1.0,0.9995882
0,0.0,8.999881e-05
1,1.0,0.9990076
1,1.0,0.9993028
0,0.0,7.721389e-05
1,1.0,0.99936485
1,1.0,0.9995077
1,1.0,0.9996886
0,0.0,8.921577e-05
0,0.0,2.7156771e-05
1,1.0,0.99965453
1,1.0,0.9983671
0,0.0,6.625679e-05
1,1.0,0.99970543
0,0.0,8.173214e-05
0,0.0,8.042452e-05
0,0.0,0.00016554746
0,0.0,0.00043974855
0,0.0,0.00017945336
1,1.0,0.9990654
1,1.0,0.99938637
0,0.0,0.0001281319
1,1.0,0.9991966
1,1.0,0.9997083
1,1.0,0.99956053
1,1.0,0.9997281
1,1.0,0.99930525
0,0.0,9.287295e-05
1,1.0,0.99968976
0,0.0,9.319613e-05
1,1.0,0.9993009
1,1.0,0.99978954
0,0.0,0.0012762735
1,1.0,0.99981767
1,1.0,0.99949616
0,0.0,7.726848e-05
0,0.0,0.00013092539
0,0.0,0.0012705966
0,0.0,0.00018283149
0,0.0,0.00040956022
1,1.0,0.9999137
1,1.0,0.9987582
1,1.0,0.99975514
0,0.0,0.00019356814
0,0.0,0.0002843566
1,1.0,0.99937063
0,0.0,0.00022946404
0,0.0,7.879505e-05
1,1.0,0.99941885
1,1.0,0.99907833
0,0.0,0.00016897389
1,1.0,0.99860686
0,0.0,8.194239e-05
0,0.0,0.00013750244
1,1.0,0.9998705
1,1.0,0.99982005
1,1.0,0.9990431
0,0.0,0.00012213137
1,1.0,0.99957275
1,1.0,0.9992701
1,1.0,0.99955523
1,1.0,0.9991963
0,0.0,0.00013069785
1,1.0,0.99992657
1,1.0,0.99990714
1,1.0,0.9992979
0,0.0,0.00035198935
1,1.0,0.99905396
0,0.0,0.00012068991
1,1.0,0.99927497
0,0.0,9.2318085e-05
0,0.0,0.00011193174
0,0.0,9.339977e-05
0,0.0,4.0337884e-05
0,0.0,0.00015026348
1,1.0,0.9998329
1,1.0,0.9992928
1,1.0,0.999135
1,1.0,0.99951035
1,1.0,0.99991435
0,0.0,0.00019709986
0,0.0,7.560382e-05
1,1.0,0.9999437
0,0.0,8.640492e-05
1,1.0,0.99974054
0,0.0,0.00010987404
1,1.0,0.99914104
1,1.0,0.9992067
0,0.0,0.00015686596
1,1.0,0.9992935
0,0.0,7.637191e-05
0,0.0,0.00014904485
0,0.0,8.991183e-05
0,0.0,0.0002294564
1,1.0,0.9997381
1,1.0,0.9990424
1,1.0,0.9989238
1,1.0,0.99920034
0,0.0,0.00018434234
1,1.0,0.99913675
0,0.0,0.00065957854
0,0.0,0.00026545624
0,0.0,0.0001265251
1,1.0,0.9992578
1,1.0,0.9996181
1,1.0,0.9993453
1,1.0,0.99884176
1,1.0,0.9988413
1,1.0,0.99961406
1,1.0,0.99954677
1,1.0,0.999822
0,0.0,0.00010542975
0,0.0,6.241422e-05
1,1.0,0.9993191
1,1.0,0.9998891
1,1.0,0.9991927
0,0.0,8.153955e-05
0,0.0,6.705546e-05
0,0.0,4.1048057e-05
1,1.0,0.9986646
0,0.0,6.566558e-05
1,1.0,0.9990476
0,0.0,2.984723e-05
1,1.0,0.99895906
0,0.0,0.00017918237
1,1.0,0.99954516
1,1.0,0.99867743
0,0.0,0.00013297178
1,1.0,0.9988522
1,1.0,0.9997758
0,0.0,7.202862e-05
1,1.0,0.9993069
0,0.0,0.00019295856
1,1.0,0.9993033
1,1.0,0.9998933
1,1.0,0.9993546
1,1.0,0.9994226
1,1.0,0.9987005
1,1.0,0.999867
1,1.0,0.9997473
1,1.0,0.99886733
1,1.0,0.9988447
1,1.0,0.99887335
1,1.0,0.9998879
0,0.0,3.761212e-05
1,1.0,0.9994159
0,0.0,9.435711e-05
1,1.0,0.9988606
0,0.0,7.924029e-05
0,0.0,6.305013e-05
0,0.0,9.333141e-05
1,1.0,0.99866486
1,1.0,0.9980209
1,1.0,0.99838525
1,1.0,0.99869466
0,0.0,6.729414e-05
1,1.0,0.99864185
1,1.0,0.9994151
1,1.0,0.9986642
1,1.0,0.99986464
1,1.0,0.99866503
1,1.0,0.9988411
0,0.0,6.5664455e-05
0,0.0,6.452036e-05
1,1.0,0.9988397
1,1.0,0.9990961
0,0.0,6.7750545e-05
1,1.0,0.9986907
1,1.0,0.99964744
0,0.0,6.4517655e-05
0,0.0,5.8119254e-05
1,1.0,0.9987007
0,0.0,0.00085474167
0,0.0,6.6453846e-05
1,1.0,0.99920446
1,1.0,0.9998634
0,0.0,0.000101378835
1,1.0,0.99946654
1,1.0,0.99927527
0,0.0,5.401232e-05
0,0.0,9.184069e-05
1,1.0,0.99961746
0,0.0,7.7441306e-05
0,0.0,6.677189e-05
0,0.0,9.5425654e-05
1,1.0,0.99918276
1,1.0,0.9995485
1,1.0,0.99995667
1,1.0,0.99763
1,1.0,0.9988116
1,1.0,0.99801236
1,1.0,0.9991829
1,1.0,0.99889046
0,0.0,5.5157187e-05
0,0.0,6.2113075e-05
0,0.0,0.0001582582
0,0.0,6.948061e-05
1,1.0,0.99916357
1,1.0,0.9996063
0,0.0,5.3366446e-05
0,0.0,5.1269188e-05
1,1.0,0.9998803
1,1.0,0.9998528
0,0.0,3.825745e-05
1,1.0,0.9986914
1,1.0,0.9995964
1,1.0,0.9988118
1,1.0,0.99988896
1,1.0,0.9988731
0,0.0,3.0662843e-05
0,0.0,5.0974384e-05
1,1.0,0.9995441
1,1.0,0.9995889
1,1.0,0.99912566
0,0.0,6.165972e-05
0,0.0,6.4416345e-05
0,0.0,7.770199e-05
0,0.0,6.812916e-05
0,0.0,6.94924e-05
0,0.0,0.00041495307
1,1.0,0.99966615
0,0.0,9.843646e-05
0,0.0,5.182791e-05
1,1.0,0.9993684
0,0.0,0.000118033386
1,1.0,0.99885094
0,0.0,6.744487e-05
1,1.0,0.999038
0,0.0,6.479381e-05
0,0.0,4.2880692e-05
1,1.0,0.99929684
0,0.0,0.000104845065
0,0.0,6.9322035e-05
1,1.0,0.9988605
1,1.0,0.9995691
1,1.0,0.9999192
1,1.0,0.9998717
1,1.0,0.99905515
0,0.0,7.609755e-05
1,1.0,0.99920416
1,1.0,0.99760884
0,0.0,6.4519074e-05
1,1.0,0.99863607
1,1.0,0.99911684
1,1.0,0.998695
1,1.0,0.998665
1,1.0,0.9991728
0,0.0,6.451544e-05
1,1.0,0.99868804
1,1.0,0.9987005
1,1.0,0.9993723
1,1.0,0.99841267
0,0.0,8.162559e-05
0,0.0,5.5829794e-05
0,0.0,0.00012338012
0,0.0,9.238316e-05
0,0.0,6.451901e-05
1,1.0,0.99903166
0,0.0,6.645998e-05
1,1.0,0.9991994
1,1.0,0.999142
1,1.0,0.9988252
1,1.0,0.9998516
0,0.0,4.0304163e-05
0,0.0,0.00015078593
0,0.0,6.608125e-05
0,0.0,5.1835374e-05
1,1.0,0.9990606
0,0.0,6.948511e-05
1,1.0,0.9995739
0,0.0,6.4414744e-05
0,0.0,6.441303e-05
0,0.0,0.00013033385
0,0.0,6.744454e-05
1,1.0,0.9986641
1,1.0,0.9988349
0,0.0,2.9175113e-05
0,0.0,5.1299216e-05
0,0.0,8.3485385e-05
1,1.0,0.9986914
1,1.0,0.9996224
1,1.0,0.99966455
0,0.0,6.0663493e-05
1,1.0,0.99934244
1,1.0,0.9996397
1,1.0,0.9994779
0,0.0,4.2383366e-05
1,1.0,0.99971104
1,1.0,0.99917114
1,1.0,0.9988117
0,0.0,6.609921e-05
0,0.0,6.211509e-05
0,0.0,0.00019588451
0,0.0,7.90125e-05
1,1.0,0.9988357
0,0.0,0.00012470449
1,1.0,0.99969345
0,0.0,0.00061680167
0,0.0,0.00013630914
0,0.0,0.0004636032
1,1.0,0.9988213
0,0.0,0.00086021924
0,0.0,6.984971e-05
1,1.0,0.99788284
0,0.0,9.4857176e-05
1,1.0,0.996633
0,0.0,5.1277104e-05
1,1.0,0.9988177
0,0.0,0.0002593053
1,1.0,0.99872977
1,1.0,0.99857605
0,0.0,6.733703e-05
1,1.0,0.9990794
1,1.0,0.99947125
0,0.0,0.00016875635
0,0.0,7.772837e-05
1,1.0,0.9992165
0,0.0,8.079257e-05
1,1.0,0.9988507
1,1.0,0.99961054
1,1.0,0.9997307
0,0.0,5.5118704e-05
0,0.0,3.0516108e-05
0,0.0,0.00010557916
1,1.0,0.9986648
1,1.0,0.99870056
1,1.0,0.999555
1,1.0,0.99971306
0,0.0,0.00013083327
0,0.0,5.4618384e-05
0,0.0,6.577677e-05
1,1.0,0.99986404
0,0.0,4.288413e-05
0,0.0,0.00032443157
1,1.0,0.9988869
0,0.0,6.479178e-05
1,1.0,0.99883515
1,1.0,0.99966204
1,1.0,0.99957305
1,1.0,0.9999334
0,0.0,7.745061e-05
1,1.0,0.99961764
1,1.0,0.997475
0,0.0,6.185229e-05
1,1.0,0.99918133
1,1.0,0.9996237
0,0.0,6.870467e-05
1,1.0,0.99965334
0,0.0,0.00013083764
1,1.0,0.99971527
1,1.0,0.9991929
1,1.0,0.9990278
0,0.0,6.877658e-05
0,0.0,0.00010557533
0,0.0,7.584645e-05
0,0.0,6.7067995e-05
1,1.0,0.9992646
1,1.0,0.99803805
1,1.0,0.9996724
0,0.0,0.0002084905
1,1.0,0.99915594
0,0.0,4.752893e-05
0,0.0,0.000118976954
0,0.0,9.8628334e-05
0,0.0,9.2499875e-05
1,1.0,0.9990314
1,1.0,0.9993797
0,0.0,0.0005863229
0,0.0,0.00023609666
0,0.0,0.000103091596
0,0.0,7.212141e-05
0,0.0,7.9515674e-05
0,0.0,4.0794403e-05
1,1.0,0.99904734
0,0.0,9.35473e-05
1,1.0,0.99986285
0,0.0,9.248876e-05
1,1.0,0.9996202
1,1.0,0.999148
1,1.0,0.99857616
1,1.0,0.99962074
0,0.0,4.0826628e-05
0,0.0,0.00057787774
0,0.0,4.080024e-05
0,0.0,4.7754413e-05
1,1.0,0.9998177
1,1.0,0.99868566
1,1.0,0.9996522
0,0.0,0.00013040668
0,0.0,0.00020442074
0,0.0,0.00013358447
1,1.0,0.9993812
1,1.0,0.99930125
1,1.0,0.99892265
1,1.0,0.9980235
0,0.0,6.241375e-05
1,1.0,0.9986726
1,1.0,0.99864656
1,1.0,0.9998756
1,1.0,0.9994019
0,0.0,7.773364e-05
0,0.0,9.653769e-05
0,0.0,0.00013409919
0,0.0,0.00010405455
1,1.0,0.99870545
1,1.0,0.9986726
0,0.0,6.577677e-05
1,1.0,0.9988414
0,0.0,6.706371e-05
0,0.0,5.405957e-05
0,0.0,3.058358e-05
1,1.0,0.9986305
0,0.0,0.00054103346
0,0.0,0.000107051375
0,0.0,6.707324e-05
1,1.0,0.9996904
1,1.0,0.99900424
1,1.0,0.9986745
1,1.0,0.9998883
1,1.0,0.99922806
0,0.0,6.8126625e-05
1,1.0,0.9997778
0,0.0,4.212978e-05
1,1.0,0.9976831
1,1.0,0.99879175
1,1.0,0.9995471
1,1.0,0.9998799
0,0.0,0.00015829806
1,1.0,0.9995986
0,0.0,7.582605e-05
0,0.0,6.566596e-05
0,0.0,4.8479666e-05
0,0.0,6.123173e-05
1,1.0,0.9991051
0,0.0,7.390534e-05
1,1.0,0.998621
0,0.0,9.249599e-05
0,0.0,7.5322154e-05
1,1.0,0.99869126
1,1.0,0.998706
1,1.0,0.9986797
1,1.0,0.9997171
0,0.0,4.6668614e-05
0,0.0,0.00035365365
1,1.0,0.99971217
1,1.0,0.9988081
0,0.0,4.2874315e-05
1,1.0,0.99864215
1,1.0,0.9984371
0,0.0,0.00015170315
0,0.0,7.583053e-05
0,0.0,4.1212086e-05
1,1.0,0.9989562
1,1.0,0.9994809
1,1.0,0.9990379
0,0.0,6.645655e-05
1,1.0,0.9981119
0,0.0,6.0502825e-05
1,1.0,0.998854
1,1.0,0.9998627
0,0.0,7.3787676e-05
1,1.0,0.99864537
1,1.0,0.99917126
1,1.0,0.99903804
0,0.0,9.4242634e-05
1,1.0,0.9998633
0,0.0,0.00022980824
0,0.0,6.645795e-05
1,1.0,0.9983311
0,0.0,4.1267303e-05
0,0.0,7.618409e-05
0,0.0,6.577438e-05
1,1.0,0.99952245
0,0.0,7.61151e-05
0,0.0,7.211962e-05
1,1.0,0.9990068
0,0.0,2.851427e-05
1,1.0,0.9991828
1,1.0,0.99922156
1,1.0,0.998687
1,1.0,0.9975964
1,1.0,0.9998946
1,1.0,0.9997438
0,0.0,4.1521605e-05
1,1.0,0.9985372
0,0.0,6.396837e-05
0,0.0,6.7679895e-05
1,1.0,0.9993415
0,0.0,6.566596e-05
0,0.0,4.116421e-05
1,1.0,0.999543
0,0.0,6.708968e-05
1,1.0,0.999221
1,1.0,0.9996078
1,1.0,0.99988306
1,1.0,0.99949676
1,1.0,0.9994812
1,1.0,0.9976751
1,1.0,0.99801046
0,0.0,7.771807e-05
1,1.0,0.9995299
1,1.0,0.9992789
0,0.0,6.948763e-05
1,1.0,0.99946123
0,0.0,0.00022522686
0,0.0,6.6457505e-05
0,0.0,3.0538846e-05
1,1.0,0.998688
1,1.0,0.99886304
1,1.0,0.99907595
1,1.0,0.9998442
1,1.0,0.99870276
1,1.0,0.9995816
1,1.0,0.99924153
0,0.0,6.136319e-05
1,1.0,0.999204
1,1.0,0.9991609
1,1.0,0.9980007
0,0.0,5.2170555e-05
0,0.0,8.9903595e-05
1,1.0,0.9995686
0,0.0,4.287828e-05
0,0.0,2.9161676e-05
1,1.0,0.99949163
0,0.0,0.0006823666
1,1.0,0.9987006
1,1.0,0.99915564
1,1.0,0.9980322
0,0.0,9.088288e-05
0,0.0,0.00027886638
1,1.0,0.9986882
0,0.0,6.943074e-05
0,0.0,0.00018352174
0,0.0,5.404504e-05
1,1.0,0.99912035
1,1.0,0.99867755
1,1.0,0.9988353
1,1.0,0.99915737
1,1.0,0.9991828
1,1.0,0.9986879
0,0.0,7.978699e-05
1,1.0,0.99925584
1,1.0,0.9986651
0,0.0,7.7464865e-05
1,1.0,0.98943615
1,1.0,0.9991436
0,0.0,4.2225423e-05
1,1.0,0.9990652
1,1.0,0.99869126
1,1.0,0.9992161
0,0.0,4.7513113e-05
0,0.0,0.00010071035
1,1.0,0.9987161
1,1.0,0.9988606
1,1.0,0.99967605
1,1.0,0.99981666
1,1.0,0.99988794
1,1.0,0.9989083
0,0.0,6.566746e-05
0,0.0,0.00010553307
1,1.0,0.9996162
1,1.0,0.9975969
0,0.0,7.8138895e-05
0,0.0,0.00025351602
0,0.0,9.6306445e-05
0,0.0,0.000116423595
1,1.0,0.9987005
0,0.0,6.342843e-05
1,1.0,0.99811536
0,0.0,3.8912556e-05
1,1.0,0.99868804
0,0.0,8.153543e-05
1,1.0,0.9989684
1,1.0,0.99867815
1,1.0,0.9994083
1,1.0,0.99950004
1,1.0,0.99902004
0,0.0,6.580155e-05
1,1.0,0.99886054
1,1.0,0.99949247
1,1.0,0.9986461
1,1.0,0.99852055
0,0.0,0.00025874298
1,1.0,0.99954754
0,0.0,0.00010554132
0,0.0,4.6749505e-05
1,1.0,0.9997679
1,1.0,0.9996703
0,0.0,0.00015096893
0,0.0,7.7456e-05
1,1.0,0.9998135
1,1.0,0.9983809
0,0.0,7.825836e-05
1,1.0,0.9986745
1,1.0,0.999243
0,0.0,8.153519e-05
0,0.0,5.6248547e-05
0,0.0,9.434479e-05
0,0.0,0.00023564868
1,1.0,0.99923116
1,1.0,0.9995477
0,0.0,4.889372e-05
1,1.0,0.99866414
0,0.0,0.00010942184
1,1.0,0.99812704
0,0.0,9.43473e-05
1,1.0,0.99976254
0,0.0,6.8702575e-05
0,0.0,5.1273393e-05
0,0.0,6.4411615e-05
0,0.0,6.70575e-05
0,0.0,4.723555e-05
1,1.0,0.9993569
0,0.0,4.9805356e-05
0,0.0,0.00042801048
0,0.0,0.000108419146
0,0.0,4.288016e-05
1,1.0,0.9988612
0,0.0,4.0605537e-05
1,1.0,0.99955165
1,1.0,0.9986735
0,0.0,6.706403e-05
0,0.0,4.2880078e-05
1,1.0,0.998695
1,1.0,0.9990682
1,1.0,0.99925
1,1.0,0.9999777
0,0.0,4.12638e-05
1,1.0,0.9998212
1,1.0,0.9990605
0,0.0,4.1013507e-05
1,1.0,0.99955106
1,1.0,0.99960583
1,1.0,0.9980239
0,0.0,0.000107143285
0,0.0,6.67789e-05
1,1.0,0.9992951
1,1.0,0.9998759
0,0.0,0.00010639679
0,0.0,7.340315e-05
1,1.0,0.9986418
1,1.0,0.9988635
1,1.0,0.99918276
0,0.0,5.7712106e-05
1,1.0,0.9986639
1,1.0,0.9995812
1,1.0,0.99765456
1,1.0,0.99863607
1,1.0,0.9984445
1,1.0,0.9990478
1,1.0,0.9986912
1,1.0,0.99935526
1,1.0,0.9994308
1,1.0,0.99988776
1,1.0,0.99939007
0,0.0,5.8790964e-05
1,1.0,0.999056
0,0.0,6.814293e-05
0,0.0,4.0168783e-05
1,1.0,0.9991823
1,1.0,0.99893665
0,0.0,3.0593674e-05
0,0.0,0.00010843124
1,1.0,0.9992337
0,0.0,6.947909e-05
0,0.0,6.3844476e-05
1,1.0,0.99989605
0,0.0,6.870696e-05
1,1.0,0.99918276
1,1.0,0.9988448
1,1.0,0.9995947
0,0.0,6.452086e-05
1,1.0,0.99868804
0,0.0,7.350353e-05
1,1.0,0.99964386
1,1.0,0.9999691
0,0.0,0.00016818047
0,0.0,0.00022376746
1,1.0,0.9999111
0,0.0,4.6236397e-05
1,1.0,0.99881274
1,1.0,0.999871
1,1.0,0.9986778
1,1.0,0.99981856
1,1.0,0.999741
1,1.0,0.9987028
1,1.0,0.9998147
0,0.0,5.805605e-05
1,1.0,0.9990652
1,1.0,0.99997604
0,0.0,3.0547555e-05
1,1.0,0.9985399
1,1.0,0.998691
1,1.0,0.9985761
0,0.0,6.0568465e-05
0,0.0,7.745534e-05
0,0.0,6.566565e-05
1,1.0,0.99863654
1,1.0,0.99989474
1,1.0,0.9994225
1,1.0,0.99894154
0,0.0,4.8897076e-05
1,1.0,0.99862117
1,1.0,0.9988117
1,1.0,0.99971443
1,1.0,0.99917114
0,0.0,0.00013091689
1,1.0,0.9994192
0,0.0,4.560724e-05
1,1.0,0.9986505
1,1.0,0.99918723
1,1.0,0.9990653
1,1.0,0.9980104
0,0.0,0.00020237395
1,1.0,0.99864185
1,1.0,0.9997369
1,1.0,0.99863845
1,1.0,0.99993646
1,1.0,0.99961907
0,0.0,6.566577e-05
0,0.0,0.0001713126
1,1.0,0.99884146
0,0.0,9.152682e-05
1,1.0,0.9982187
1,1.0,0.9987329
0,0.0,6.870539e-05
1,1.0,0.9998803
1,1.0,0.99989927
0,0.0,5.6156576e-05
0,0.0,6.813981e-05
1,1.0,0.9990478
0,0.0,5.8814236e-05
1,1.0,0.9991112
0,0.0,6.768396e-05
0,0.0,0.00010843165
0,0.0,4.7543574e-05
0,0.0,0.00010942601
0,0.0,6.941068e-05
0,0.0,4.1162286e-05
0,0.0,4.3466975e-05
1,1.0,0.99946713
1,1.0,0.9996624
1,1.0,0.9998205
1,1.0,0.9993783
0,0.0,0.000100910875
0,0.0,6.6082575e-05
0,0.0,0.00013785361
0,0.0,0.0006866375
0,0.0,6.94759e-05
1,1.0,0.999785
0,0.0,7.745312e-05
1,1.0,0.9993561
0,0.0,6.342631e-05
0,0.0,5.9135305e-05
1,1.0,0.9998796
1,1.0,0.9997476
0,0.0,9.434658e-05
1,1.0,0.9983034
1,1.0,0.9988214
0,0.0,6.87771e-05
0,0.0,6.877395e-05
0,0.0,7.132393e-05
1,1.0,0.9994076
1,1.0,0.9992432
1,1.0,0.9992248
1,1.0,0.9995396
0,0.0,7.7884186e-05
1,1.0,0.9999066
1,1.0,0.999618
0,0.0,4.288421e-05
0,0.0,6.479381e-05
0,0.0,6.6455985e-05
1,1.0,0.99967325
1,1.0,0.9998892
1,1.0,0.9990543
1,1.0,0.9987163
0,0.0,2.9883453e-05
0,0.0,7.751424e-05
1,1.0,0.99990094
1,1.0,0.9986642
1,1.0,0.9988578
1,1.0,0.999663
1,1.0,0.99834996
0,0.0,6.7757195e-05
0,0.0,6.451126e-05
1,1.0,0.9996255
1,1.0,0.99965316
0,0.0,0.00011240675
1,1.0,0.9992913
1,1.0,0.9998619
0,0.0,5.1302737e-05
0,0.0,0.00013570479
0,0.0,6.890406e-05
1,1.0,0.99823487
0,0.0,6.870048e-05
0,0.0,6.1169e-05
0,0.0,5.4053082e-05
0,0.0,7.9786834e-05
0,0.0,0.00015822714
0,0.0,0.00086127105
0,0.0,4.4635468e-05
1,1.0,0.99906224
0,0.0,6.5779146e-05
0,0.0,3.911775e-05
1,1.0,0.9985974
1,1.0,0.9990201
0,0.0,0.0004121815
1,1.0,0.99930847
0,0.0,0.00011204365
0,0.0,6.768919e-05
1,1.0,0.9999094
1,1.0,0.9985286
0,0.0,5.2172945e-05
1,1.0,0.9993395
1,1.0,0.99865615
1,1.0,0.99839777
1,1.0,0.9987008
1,1.0,0.9996968
1,1.0,0.99838865
1,1.0,0.999292
0,0.0,0.00013374201
1,1.0,0.99936175
0,0.0,6.5776956e-05
1,1.0,0.99944806
0,0.0,6.645643e-05
0,0.0,6.185318e-05
1,1.0,0.99870664
0,0.0,6.4409774e-05
1,1.0,0.99917126
0,0.0,6.7446665e-05
1,1.0,0.99940366
1,1.0,0.99934924
1,1.0,0.9980101
0,0.0,4.2879998e-05
1,1.0,0.9991739
1,1.0,0.9990715
0,0.0,0.00016840851
1,1.0,0.9996366
1,1.0,0.9991958
0,0.0,5.183097e-05
1,1.0,0.99961966
1,1.0,0.998636
0,0.0,4.2883432e-05
1,1.0,0.99868953
0,0.0,6.948598e-05
1,1.0,0.9992867
1,1.0,0.99989337
0,0.0,8.675051e-05
0,0.0,6.2114974e-05
0,0.0,7.131706e-05
1,1.0,0.9986882
1,1.0,0.99958664
0,0.0,0.0001263808
1,1.0,0.9993812
1,1.0,0.9997212
1,1.0,0.99932563
1,1.0,0.9974791
0,0.0,6.566546e-05
1,1.0,0.99988306
0,0.0,7.208778e-05
0,0.0,2.761329e-05
0,0.0,4.7515197e-05
1,1.0,0.999894
1,1.0,0.99938124
0,0.0,6.609883e-05
1,1.0,0.99987763
0,0.0,0.0001559571
0,0.0,0.0002575908
0,0.0,0.00049541314
0,0.0,0.0001257402
1,1.0,0.9998326
0,0.0,3.2754295e-05
0,0.0,2.9143386e-05
0,0.0,6.352104e-05
0,0.0,4.1582385e-05
1,1.0,0.99922866
0,0.0,3.55414e-05
0,0.0,8.155456e-05
0,0.0,6.566865e-05
0,0.0,0.00010337403
1,1.0,0.9990314
1,1.0,0.9990315
1,1.0,0.99896824
0,0.0,9.252361e-05
0,0.0,0.00010557493
1,1.0,0.9995931
0,0.0,0.000111299
0,0.0,4.79345e-05
1,1.0,0.99802935
0,0.0,0.00016616899
0,0.0,6.57821e-05
0,0.0,0.00044696996
1,1.0,0.9988606
1,1.0,0.9986418
1,1.0,0.9998907
0,0.0,6.878248e-05
0,0.0,0.0002027985
1,1.0,0.9985546
0,0.0,3.9881674e-05
1,1.0,0.9993148
0,0.0,9.0887654e-05
1,1.0,0.9997967
1,1.0,0.99765325
1,1.0,0.9996123
1,1.0,0.9995885
0,0.0,6.384332e-05
0,0.0,4.2215277e-05
1,1.0,0.9998567
1,1.0,0.99851334
1,1.0,0.99905324
1,1.0,0.999894
0,0.0,5.614833e-05
1,1.0,0.9996554
1,1.0,0.9986644
0,0.0,0.00010557191
0,0.0,9.332491e-05
0,0.0,0.00016384468
1,1.0,0.9987706
1,1.0,0.9995973
1,1.0,0.99944925
1,1.0,0.9998907
1,1.0,0.9992616
1,1.0,0.9995376
1,1.0,0.99824125
0,0.0,0.00011812921
1,1.0,0.9991828
1,1.0,0.9993797
1,1.0,0.9993872
0,0.0,5.040342e-05
0,0.0,0.00013083927
0,0.0,3.8932747e-05
1,1.0,0.99883485
1,1.0,0.99988943
1,1.0,0.99976057
1,1.0,0.9992948
0,0.0,1.54422e-05
1,1.0,0.9994791
0,0.0,6.441487e-05
0,0.0,5.4036587e-05
1,1.0,0.99955475
0,0.0,6.0890747e-05
1,1.0,0.99878246
1,1.0,0.9990532
1,1.0,0.9986948
1,1.0,0.9991678
0,0.0,1.4166686e-05
0,0.0,4.1460073e-05
1,1.0,0.9961767
0,0.0,5.3372652e-05
0,0.0,0.00012569047
1,1.0,0.99936485
0,0.0,0.00013503924
0,0.0,6.869891e-05
0,0.0,6.7061854e-05
0,0.0,7.343214e-05
0,0.0,0.00010943791
0,0.0,7.9847116e-05
0,0.0,8.390822e-05
1,1.0,0.99866414
1,1.0,0.9998714
1,1.0,0.99989283
0,0.0,0.00025179703
1,1.0,0.9992262
0,0.0,0.0018151583
0,0.0,0.0001095607
0,0.0,5.3383545e-05
0,0.0,4.2267802e-05
0,0.0,5.8795897e-05
0,0.0,2.9114466e-05
0,0.0,2.9182178e-05
0,0.0,9.2492024e-05
0,0.0,0.00032280284
1,1.0,0.99906504
0,0.0,5.461932e-05
0,0.0,0.00012586989
1,1.0,0.9998803
0,0.0,0.00096519303
0,0.0,9.2682814e-05
1,1.0,0.9984124
0,0.0,6.8682726e-05
0,0.0,8.989272e-05
1,1.0,0.99981666
0,0.0,7.339216e-05
1,1.0,0.9982582
0,0.0,4.4344542e-05
1,1.0,0.9991654
0,0.0,6.7051435e-05
1,1.0,0.99865043
1,1.0,0.998537
1,1.0,0.9984849
0,0.0,6.4091466e-05
1,1.0,0.9996067
1,1.0,0.9995705
1,1.0,0.99926853
0,0.0,0.0001077486
1,1.0,0.9987007
0,0.0,0.00010558349
1,1.0,0.99850786
1,1.0,0.9998896
0,0.0,5.080822e-05
1,1.0,0.9997248
0,0.0,6.451815e-05
1,1.0,0.99905324
1,1.0,0.9988749
0,0.0,6.309272e-05
0,0.0,0.00013032764
1,1.0,0.999199
1,1.0,0.9990327
1,1.0,0.999403
1,1.0,0.9992757
1,1.0,0.9985745
1,1.0,0.9998072
1,1.0,0.99903715
1,1.0,0.998899
0,0.0,7.208977e-05
1,1.0,0.9990315
1,1.0,0.9982352
0,0.0,7.831555e-05
1,1.0,0.9996577
1,1.0,0.9987164
1,1.0,0.99904764
1,1.0,0.99982893
1,1.0,0.9986882
1,1.0,0.9988356
1,1.0,0.99831545
0,0.0,6.615319e-05
0,0.0,4.009745e-05
0,0.0,0.00015823318
0,0.0,6.241208e-05
1,1.0,0.9987163
0,0.0,6.479597e-05
1,1.0,0.9978531
1,1.0,0.9988411
1,1.0,0.9976683
0,0.0,6.241244e-05
0,0.0,6.1855004e-05
0,0.0,3.8503003e-05
1,1.0,0.9991503
0,0.0,7.2035284e-05
1,1.0,0.9999004
1,1.0,0.9996861
1,1.0,0.9996174
0,0.0,9.986525e-05
1,1.0,0.9995866
0,0.0,5.2145493e-05
0,0.0,7.313813e-05
1,1.0,0.9990402
0,0.0,5.4666736e-05
1,1.0,0.99945617
0,0.0,6.672759e-05
0,0.0,6.211651e-05
1,1.0,0.9986908
0,0.0,6.947875e-05
0,0.0,8.153543e-05
0,0.0,6.607054e-05
1,1.0,0.9986726
0,0.0,9.436754e-05
1,1.0,0.9989602
1,1.0,0.99905115
0,0.0,6.814228e-05
1,1.0,0.9991831
0,0.0,4.0150597e-05
0,0.0,6.384247e-05
1,1.0,0.9993506
1,1.0,0.999408
0,0.0,6.6452325e-05
0,0.0,0.00011966646
0,0.0,7.396922e-05
0,0.0,6.7694156e-05
1,1.0,0.9996859
0,0.0,9.424012e-05
0,0.0,0.00011608317
0,0.0,0.000109299406
1,1.0,0.9986936
0,0.0,0.00025422475
0,0.0,6.566909e-05
0,0.0,4.025019e-05
1,1.0,0.99863046
1,1.0,0.9991714
0,0.0,0.0001305143
1,1.0,0.9991184
1,1.0,0.9991915
1,1.0,0.99956536
1,1.0,0.9999071
1,1.0,0.9986913
1,1.0,0.999597
1,1.0,0.99802953
0,0.0,5.5698656e-05
1,1.0,0.99964094
1,1.0,0.9995936
1,1.0,0.99918705
0,0.0,0.00014040859
0,0.0,3.8930666e-05
0,0.0,6.6150154e-05
0,0.0,0.0006125543
0,0.0,9.238616e-05
1,1.0,0.9977747
1,1.0,0.99881154
0,0.0,7.377614e-05
0,0.0,6.839436e-05
0,0.0,0.00069683464
1,1.0,0.99988943
1,1.0,0.9986018
1,1.0,0.9992879
0,0.0,0.0001583654
0,0.0,8.037208e-05
1,1.0,0.9992361
0,0.0,0.00013078851
1,1.0,0.99885404
1,1.0,0.99976736
1,1.0,0.9999244
1,1.0,0.9997158
1,1.0,0.99920547
0,0.0,0.0001308107
1,1.0,0.99930775
0,0.0,8.07881e-05
1,1.0,0.99988604
0,0.0,0.000114558075
0,0.0,0.00013209134
1,1.0,0.9994728
0,0.0,6.452338e-05
0,0.0,7.61297e-05
1,1.0,0.9993135
1,1.0,0.99857605
1,1.0,0.99963534
0,0.0,4.5846467e-05
0,0.0,4.1166684e-05
0,0.0,5.497838e-05
0,0.0,3.7400197e-05
1,1.0,0.9993797
1,1.0,0.9989347
0,0.0,5.9031743e-05
0,0.0,6.947041e-05
1,1.0,0.9983626
1,1.0,0.99961257
1,1.0,0.9994974
1,1.0,0.999906
1,1.0,0.99989337
0,0.0,5.1286497e-05
1,1.0,0.9990653
1,1.0,0.99923086
1,1.0,0.9987247
0,0.0,6.7078356e-05
1,1.0,0.9992913
0,0.0,0.00010557352
0,0.0,3.06012e-05
0,0.0,6.705878e-05
0,0.0,0.00015819515
0,0.0,6.066934e-05
1,1.0,0.9967977
1,1.0,0.999233
0,0.0,0.00017471268
1,1.0,0.9984076
1,1.0,0.9996464
1,1.0,0.9993308
1,1.0,0.99870056
0,0.0,4.222426e-05
1,1.0,0.99887335
1,1.0,0.99769974
1,1.0,0.999481
0,0.0,6.616417e-05
0,0.0,2.9164374e-05
1,1.0,0.9983036
0,0.0,4.9541508e-05
0,0.0,3.2076405e-05
0,0.0,4.58466e-05
0,0.0,4.667075e-05
0,0.0,7.172053e-05
1,1.0,0.99984264
0,0.0,0.00013083153
0,0.0,0.00033245023
0,0.0,7.9519086e-05
1,1.0,0.9996121
0,0.0,0.00010842493
1,1.0,0.9985486
1,1.0,0.99868095
0,0.0,6.7080786e-05
0,0.0,5.082063e-05
1,1.0,0.99771917
1,1.0,0.9983105
1,1.0,0.99865884
1,1.0,0.9990091
1,1.0,0.99792063
0,0.0,5.1209372e-05
0,0.0,6.678119e-05
1,1.0,0.999845
0,0.0,7.596052e-05
0,0.0,6.411592e-05
1,1.0,0.99867827
0,0.0,6.185872e-05
1,1.0,0.9998882
0,0.0,0.00024844316
1,1.0,0.9979347
0,0.0,5.0879346e-05
1,1.0,0.9986562
0,0.0,6.387712e-05
0,0.0,3.740355e-05
1,1.0,0.9998845
1,1.0,0.9988358
0,0.0,6.577802e-05
0,0.0,7.461498e-05
1,1.0,0.9990532
1,1.0,0.99891895
0,0.0,0.00090288225
1,1.0,0.99989116
0,0.0,5.0408566e-05
1,1.0,0.9993811
0,0.0,0.000100129575
0,0.0,9.915319e-05
0,0.0,0.0001386348
0,0.0,6.705801e-05
1,1.0,0.99971175
0,0.0,4.958991e-05
1,1.0,0.99870306
0,0.0,5.4054628e-05
1,1.0,0.99838126
1,1.0,0.99832505
1,1.0,0.99762964
1,1.0,0.9986361
0,0.0,5.392735e-05
1,1.0,0.99956286
0,0.0,9.657811e-05
1,1.0,0.9996273
1,1.0,0.99884886
1,1.0,0.99967426
0,0.0,0.00027666203
0,0.0,6.012948e-05
1,1.0,0.9987033
0,0.0,8.5677406e-05
1,1.0,0.99939114
0,0.0,7.7453784e-05
0,0.0,7.59908e-05
0,0.0,0.0002182462
1,1.0,0.9995131
1,1.0,0.99925643
1,1.0,0.9996068
0,0.0,7.5825905e-05
0,0.0,7.585354e-05
1,1.0,0.99764067
1,1.0,0.9986776
1,1.0,0.9998918
1,1.0,0.99866456
0,0.0,8.079426e-05
0,0.0,4.9791535e-05
1,1.0,0.99902016
1,1.0,0.9986418
1,1.0,0.9997785
1,1.0,0.9986912
0,0.0,0.0001719097
1,1.0,0.9996287
1,1.0,0.9986881
1,1.0,0.9986419
0,0.0,3.0663894e-05
1,1.0,0.9980484
1,1.0,0.99928623
0,0.0,6.024904e-05
1,1.0,0.99910456
1,1.0,0.999883
0,0.0,3.913812e-05
1,1.0,0.9989352
1,1.0,0.9980518
0,0.0,0.00011324982
1,1.0,0.9986741
0,0.0,9.398275e-05
1,1.0,0.9996202
0,0.0,6.870578e-05
1,1.0,0.9976532
0,0.0,0.000108431756
1,1.0,0.9988781
1,1.0,0.99889314
1,1.0,0.99962497
1,1.0,0.99981856
1,1.0,0.999611
0,0.0,4.8711376e-05
1,1.0,0.99991196
1,1.0,0.99906224
0,0.0,5.1843628e-05
1,1.0,0.99826676
0,0.0,0.0001758433
1,1.0,0.9998907
1,1.0,0.99938625
1,1.0,0.9989778
1,1.0,0.9988673
1,1.0,0.9996122
1,1.0,0.99903643
0,0.0,6.9414324e-05
0,0.0,8.1552695e-05
1,1.0,0.998688
1,1.0,0.99938464
1,1.0,0.99850327
0,0.0,9.423877e-05
0,0.0,4.705948e-05
1,1.0,0.9991827
0,0.0,4.1885254e-05
1,1.0,0.99887496
1,1.0,0.9990608
1,1.0,0.998416
1,1.0,0.9986652
1,1.0,0.99967206
1,1.0,0.99916095
1,1.0,0.99789625
1,1.0,0.99959767
0,0.0,0.00026119803
1,1.0,0.9986914
1,1.0,0.999822
1,1.0,0.9990614
1,1.0,0.99986416
0,0.0,6.2416664e-05
1,1.0,0.9991596
0,0.0,0.00010282337
1,1.0,0.9986417
1,1.0,0.9998757
1,1.0,0.9990246
0,0.0,7.9239995e-05
1,1.0,0.9990666
0,0.0,0.00042497535
1,1.0,0.99853706
0,0.0,5.3487805e-05
0,0.0,9.23614e-05
0,0.0,0.0002369893
1,1.0,0.999109
1,1.0,0.99754083
1,1.0,0.99867266
1,1.0,0.9986949
1,1.0,0.9994373
1,1.0,0.99990255
1,1.0,0.9990105
0,0.0,4.8548234e-05
0,0.0,0.0002197115
1,1.0,0.998111
0,0.0,6.95479e-05
1,1.0,0.998044
0,0.0,5.627634e-05
1,1.0,0.9986361
1,1.0,0.99762976
0,0.0,4.163183e-05
0,0.0,0.00022386629
1,1.0,0.9997995
0,0.0,3.9656097e-05
0,0.0,2.817794e-05
0,0.0,0.0002627977
1,1.0,0.9989008
0,0.0,2.9192004e-05
1,1.0,0.9995771
0,0.0,8.388518e-05
0,0.0,6.211284e-05
0,0.0,0.00011975378
0,0.0,5.215245e-05
1,1.0,0.9996161
0,0.0,6.821433e-05
0,0.0,6.8142996e-05
0,0.0,6.774628e-05
0,0.0,4.8837377e-05
0,0.0,0.0002726535
0,0.0,0.00019562135
1,1.0,0.9989782
1,1.0,0.99860066
1,1.0,0.99862707
1,1.0,0.99787676
1,1.0,0.9993844
0,0.0,6.0869148e-05
1,1.0,0.9998895
1,1.0,0.9991713
0,0.0,6.499482e-05
1,1.0,0.99969304
0,0.0,0.00010842462
0,0.0,5.6166326e-05
1,1.0,0.9998946
1,1.0,0.99948704
0,0.0,6.7752604e-05
0,0.0,3.0593674e-05
1,1.0,0.9993133
1,1.0,0.9986155
0,0.0,0.00012541223
0,0.0,6.8703426e-05
0,0.0,5.502721e-05
0,0.0,6.678221e-05
1,1.0,0.998863
1,1.0,0.99875796
1,1.0,0.99989253
1,1.0,0.99988276
1,1.0,0.9997559
1,1.0,0.99830997
1,1.0,0.99870074
1,1.0,0.99960566
0,0.0,0.000121586636
0,0.0,0.00010945941
0,0.0,0.00011453918
0,0.0,5.124362e-05
1,1.0,0.99890846
0,0.0,0.00013997909
1,1.0,0.99917126
1,1.0,0.99806774
0,0.0,7.8522164e-05
1,1.0,0.9990981
1,1.0,0.9985761
0,0.0,6.9486305e-05
1,1.0,0.99918306
1,1.0,0.9988507
1,1.0,0.999038
0,0.0,6.744576e-05
1,1.0,0.9998975
1,1.0,0.99887335
0,0.0,0.0002050372
1,1.0,0.99858505
0,0.0,3.2197277e-05
1,1.0,0.9996123
1,1.0,0.999262
1,1.0,0.99984866
0,0.0,2.9158533e-05
0,0.0,0.000105579464
0,0.0,3.061209e-05
0,0.0,0.00028027856
0,0.0,0.00017563115
1,1.0,0.99919206
0,0.0,0.0001710565
0,0.0,9.435297e-05
1,1.0,0.9986907
1,1.0,0.99870306
0,0.0,5.248729e-05
1,1.0,0.99818665
1,1.0,0.9991033
0,0.0,0.00010182646
1,1.0,0.9988115
1,1.0,0.99933213
1,1.0,0.9988672
0,0.0,6.9414986e-05
1,1.0,0.9996681
0,0.0,5.5644927e-05
0,0.0,6.2114974e-05
1,1.0,0.99933445
1,1.0,0.99959916
1,1.0,0.9996275
1,1.0,0.99992216
1,1.0,0.9990201
1,1.0,0.9986362
1,1.0,0.9990476
1,1.0,0.99915975
1,1.0,0.9986462
1,1.0,0.9997432
1,1.0,0.9985761
1,1.0,0.99884814
0,0.0,0.00013708601
1,1.0,0.99948317
0,0.0,6.941234e-05
0,0.0,7.613449e-05
0,0.0,0.0008167988
1,1.0,0.9995293
1,1.0,0.999717
0,0.0,6.448087e-05
0,0.0,0.00010557392
0,0.0,0.00010433891
0,0.0,7.5638134e-05
1,1.0,0.9990334
1,1.0,0.9988114
0,0.0,7.746465e-05
1,1.0,0.9992132
1,1.0,0.99903834
1,1.0,0.99857605
1,1.0,0.998154
1,1.0,0.9997174
1,1.0,0.99869084
1,1.0,0.99954444
1,1.0,0.99914277
1,1.0,0.998841
1,1.0,0.9988115
1,1.0,0.99918914
0,0.0,4.667395e-05
1,1.0,0.9980406
0,0.0,0.00015595873
0,0.0,8.153784e-05
1,1.0,0.9988481
1,1.0,0.99916744
0,0.0,6.219973e-05
1,1.0,0.99885494
0,0.0,0.0010348634
0,0.0,4.5842356e-05
0,0.0,6.768467e-05
1,1.0,0.9991919
1,1.0,0.9990561
1,1.0,0.9975967
1,1.0,0.99903643
1,1.0,0.9991673
1,1.0,0.9977659
1,1.0,0.9993811
0,0.0,9.26807e-05
0,0.0,7.9788886e-05
1,1.0,0.99868715
1,1.0,0.99915636
0,0.0,0.000108429274
1,1.0,0.9987006
1,1.0,0.9988636
1,1.0,0.99829036
0,0.0,0.00021516082
1,1.0,0.99883544
1,1.0,0.99922544
1,1.0,0.9987983
1,1.0,0.9986417
0,0.0,0.00010875837
0,0.0,2.9171217e-05
1,1.0,0.99961156
1,1.0,0.9988636
0,0.0,5.0977498e-05
1,1.0,0.99958855
0,0.0,6.3952204e-05
1,1.0,0.99823457
1,1.0,0.99975675
0,0.0,5.4614527e-05
1,1.0,0.9990315
0,0.0,4.4762062e-05
0,0.0,6.661296e-05
1,1.0,0.999455
1,1.0,0.9980381
0,0.0,0.000105583385
0,0.0,6.373978e-05
0,0.0,7.448587e-05
0,0.0,7.5829375e-05
0,0.0,0.00016821225
0,0.0,6.775771e-05
0,0.0,0.00013094998
0,0.0,6.81415e-05
1,1.0,0.999659
0,0.0,7.209383e-05
1,1.0,0.9983801
1,1.0,0.99963534
0,0.0,9.337173e-05
0,0.0,6.7051624e-05
0,0.0,6.8142996e-05
0,0.0,0.00013261268
0,0.0,5.1113162e-05
0,0.0,6.185377e-05
1,1.0,0.99959975
0,0.0,0.00014816389
1,1.0,0.9987059
1,1.0,0.99913204
1,1.0,0.9996655
0,0.0,4.705557e-05
0,0.0,0.00012892373
0,0.0,5.489377e-05
0,0.0,0.00030007403
1,1.0,0.9993377
0,0.0,0.00016825169
0,0.0,6.7676665e-05
1,1.0,0.9996052
0,0.0,8.9180634e-05
0,0.0,4.6947687e-05
1,1.0,0.99936146
1,1.0,0.9997091
0,0.0,6.592761e-05
1,1.0,0.99813336
0,0.0,5.0957722e-05
0,0.0,6.373723e-05
0,0.0,2.9841509e-05
0,0.0,0.00011131959
0,0.0,5.1113846e-05
1,1.0,0.9988117
0,0.0,4.2882737e-05
1,1.0,0.9988604
1,1.0,0.9995933
1,1.0,0.9986904
1,1.0,0.99965465
1,1.0,0.9993362
0,0.0,5.240921e-05
0,0.0,4.210568e-05
1,1.0,0.9990315
1,1.0,0.99879134
1,1.0,0.9996505
0,0.0,4.545939e-05
1,1.0,0.9990478
1,1.0,0.9983196
1,1.0,0.9983322
0,0.0,0.00014950645
0,0.0,7.3813855e-05
1,1.0,0.99915355
1,1.0,0.9998971
0,0.0,6.7751964e-05
1,1.0,0.9998947
1,1.0,0.998978
1,1.0,0.99906594
1,1.0,0.9987437
0,0.0,6.731096e-05
0,0.0,3.7043676e-05
0,0.0,7.9241654e-05
1,1.0,0.99864185
0,0.0,0.00016837414
0,0.0,0.00010028323
0,0.0,8.07908e-05
0,0.0,7.595074e-05
1,1.0,0.9990061
0,0.0,9.837528e-05
1,1.0,0.99766815
1,1.0,0.99862105
0,0.0,0.0001115557
1,1.0,0.9992489
1,1.0,0.99926007
0,0.0,6.566709e-05
0,0.0,0.00067745184
1,1.0,0.99975365
1,1.0,0.99989337
1,1.0,0.99974686
1,1.0,0.998636
0,0.0,9.485129e-05
1,1.0,0.9985976
0,0.0,0.000109000495
1,1.0,0.998106
0,0.0,4.754502e-05
0,0.0,4.117438e-05
0,0.0,0.00017058432
0,0.0,5.8791637e-05
1,1.0,0.9987373
0,0.0,0.00010298469
1,1.0,0.9990364
1,1.0,0.99976075
1,1.0,0.99957794
1,1.0,0.9987163
1,1.0,0.9986212
0,0.0,0.00013084126
0,0.0,0.00014976755
1,1.0,0.9991806
1,1.0,0.9992444
1,1.0,0.99961954
1,1.0,0.99906135
1,1.0,0.99905556
0,0.0,5.1234972e-05
0,0.0,6.877992e-05
1,1.0,0.99862576
1,1.0,0.9994502
1,1.0,0.9994662
0,0.0,0.000113817325
1,1.0,0.9990268
1,1.0,0.9997943
1,1.0,0.9990476
1,1.0,0.99887335
0,0.0,9.414518e-05
0,0.0,7.609639e-05
0,0.0,6.012598e-05
0,0.0,5.6354103e-05
0,0.0,4.0269275e-05
0,0.0,4.7746762e-05
0,0.0,0.00069668435
1,1.0,0.99870527
1,1.0,0.9988389
1,1.0,0.9991829
1,1.0,0.9998829
0,0.0,0.00014370533
1,1.0,0.99982685
0,0.0,3.8881433e-05
0,0.0,0.0010023754
0,0.0,4.944692e-05
1,1.0,0.999293
0,0.0,9.5060015e-05
1,1.0,0.9986948
0,0.0,3.6990372e-05
0,0.0,7.610872e-05
1,1.0,0.9983984
0,0.0,8.06647e-05
0,0.0,5.500754e-05
1,1.0,0.99904764
1,1.0,0.9991555
0,0.0,6.44164e-05
0,0.0,4.7247893e-05
0,0.0,6.706415e-05
1,1.0,0.9997882
1,1.0,0.999786
0,0.0,6.479351e-05
1,1.0,0.99834996
0,0.0,4.6668527e-05
0,0.0,0.00022361391
1,1.0,0.99877053
1,1.0,0.9995412
1,1.0,0.9986154
1,1.0,0.9988666
1,1.0,0.99915797
1,1.0,0.99859613
1,1.0,0.9998942
1,1.0,0.99913764
0,0.0,6.7060704e-05
1,1.0,0.99866474
0,0.0,6.7751505e-05
1,1.0,0.9998647
0,0.0,1.4146475e-05
1,1.0,0.9990118
1,1.0,0.9987679
1,1.0,0.99927944
1,1.0,0.9990512
1,1.0,0.99916697
0,0.0,0.000106395775
1,1.0,0.9991827
1,1.0,0.9995478
0,0.0,0.00011652389
1,1.0,0.99941725
0,0.0,0.0010184005
0,0.0,6.4517655e-05
1,1.0,0.9990431
1,1.0,0.99884415
1,1.0,0.99830276
0,0.0,3.7404443e-05
1,1.0,0.9994911
1,1.0,0.99884474
1,1.0,0.9976966
0,0.0,6.247104e-05
0,0.0,4.6261583e-05
0,0.0,6.733574e-05
1,1.0,0.9994118
0,0.0,9.074225e-05
0,0.0,6.678043e-05
1,1.0,0.9995296
0,0.0,6.241827e-05
1,1.0,0.998664
0,0.0,0.00012248172
1,1.0,0.9988629
0,0.0,0.00055035454
1,1.0,0.9983856
0,0.0,7.104432e-05
1,1.0,0.99997747
1,1.0,0.9998803
1,1.0,0.99944663
1,1.0,0.9991206
1,1.0,0.9991713
1,1.0,0.9988606
1,1.0,0.9983168
1,1.0,0.9986948
1,1.0,0.9994755
0,0.0,4.940832e-05
0,0.0,0.00019087795
1,1.0,0.9993765
1,1.0,0.99863607
1,1.0,0.9986949
1,1.0,0.9993426
1,1.0,0.9997518
1,1.0,0.99871624
1,1.0,0.99961877
0,0.0,7.852134e-05
1,1.0,0.99966586
1,1.0,0.98978555
1,1.0,0.9996175
0,0.0,6.2415354e-05
1,1.0,0.9986873
1,1.0,0.99884444
0,0.0,8.160963e-05
0,0.0,9.075108e-05
1,1.0,0.9998903
0,0.0,4.2885356e-05
1,1.0,0.9990152
1,1.0,0.9993248
0,0.0,4.9587405e-05
0,0.0,3.9188428e-05
1,1.0,0.9988738
1,1.0,0.9993682
0,0.0,6.185601e-05
0,0.0,0.00017420115
0,0.0,5.33865e-05
0,0.0,6.4419044e-05
0,0.0,6.479424e-05
0,0.0,5.1330382e-05
1,1.0,0.99881154
0,0.0,4.2210166e-05
0,0.0,6.609581e-05
1,1.0,0.99932593
0,0.0,0.00026188977
1,1.0,0.9988714
0,0.0,4.288237e-05
0,0.0,7.7151555e-05
1,1.0,0.9986211
1,1.0,0.99884856
1,1.0,0.99870163
1,1.0,0.99888
1,1.0,0.9990591
0,0.0,6.9415844e-05
1,1.0,0.9993851
1,1.0,0.99963534
1,1.0,0.9999642
1,1.0,0.99951607
1,1.0,0.9987202
1,1.0,0.9974254
1,1.0,0.99917567
0,0.0,0.00010908222
0,0.0,0.00010596284
0,0.0,6.241517e-05
1,1.0,0.9990558
0,0.0,9.3376184e-05
1,1.0,0.9988352
0,0.0,0.000106986256
1,1.0,0.9992954
1,1.0,0.9986642
1,1.0,0.99937963
1,1.0,0.9991895
0,0.0,0.00013084064
1,1.0,0.9998528
1,1.0,0.9995484
0,0.0,0.0008572089
1,1.0,0.9987006
0,0.0,7.769843e-05
1,1.0,0.99857616
0,0.0,5.2191608e-05
0,0.0,1.7210174e-05
0,0.0,5.519739e-05
0,0.0,6.871509e-05
0,0.0,4.226426e-05
1,1.0,0.9995727
1,1.0,0.9996192
1,1.0,0.999821
1,1.0,0.9998856
0,0.0,5.9024936e-05
1,1.0,0.9998634
1,1.0,0.9996572
0,0.0,5.214032e-05
0,0.0,4.287325e-05
0,0.0,6.948253e-05
0,0.0,8.280684e-05
1,1.0,0.9986648
1,1.0,0.999659
1,1.0,0.99982756
1,1.0,0.9997547
1,1.0,0.99881154
1,1.0,0.9993202
1,1.0,0.9993952
0,0.0,5.1268013e-05
0,0.0,6.324367e-05
0,0.0,6.7114444e-05
1,1.0,0.9989677
0,0.0,8.155502e-05
0,0.0,7.335704e-05
1,1.0,0.9988346
0,0.0,6.410877e-05
1,1.0,0.9985522
1,1.0,0.9991832
0,0.0,6.241672e-05
0,0.0,6.235902e-05
1,1.0,0.9998945
0,0.0,6.871404e-05
0,0.0,6.705424e-05
0,0.0,6.4796586e-05
1,1.0,0.99983084
1,1.0,0.9988989
0,0.0,6.7751316e-05
0,0.0,8.9994435e-05
1,1.0,0.9998882
0,0.0,4.0888383e-05
1,1.0,0.9982958
1,1.0,0.9987053
1,1.0,0.9986913
1,1.0,0.9993994
0,0.0,9.236378e-05
1,1.0,0.99959284
1,1.0,0.99981666
1,1.0,0.9991175
0,0.0,0.00010639496
0,0.0,3.6989208e-05
1,1.0,0.9988608
0,0.0,8.521037e-05
0,0.0,0.00043512002
1,1.0,0.9993764
0,0.0,0.00010784831
0,0.0,4.2874355e-05
1,1.0,0.99804944
1,1.0,0.9998383
0,0.0,3.5217174e-05
1,1.0,0.99976224
0,0.0,0.000105580366
0,0.0,0.0001362621
0,0.0,0.0010933027
1,1.0,0.99931765
0,0.0,9.209422e-05
0,0.0,6.8786416e-05
1,1.0,0.9996262
0,0.0,5.8056663e-05
1,1.0,0.9986465
1,1.0,0.9991999
1,1.0,0.9986417
1,1.0,0.9981381
0,0.0,6.877382e-05
1,1.0,0.99958795
1,1.0,0.9996366
1,1.0,0.99841815
1,1.0,0.9999046
1,1.0,0.998755
1,1.0,0.99943894
1,1.0,0.99889886
1,1.0,0.9990478
0,0.0,6.3444764e-05
1,1.0,0.99989235
0,0.0,0.00011423421
1,1.0,0.9999897
0,0.0,6.18792e-05
0,0.0,0.00010557936
1,1.0,0.9986155
1,1.0,0.9980271
0,0.0,4.5839166e-05
0,0.0,5.0942075e-05
1,1.0,0.99883854
0,0.0,0.00052584393
1,1.0,0.9996264
0,0.0,7.7687466e-05
1,1.0,0.99924386
1,1.0,0.9976049
1,1.0,0.99933577
0,0.0,6.478955e-05
0,0.0,6.940803e-05
1,1.0,0.99932194
0,0.0,5.1828403e-05
1,1.0,0.9987006
0,0.0,0.00012109004
1,1.0,0.99928683
0,0.0,7.771355e-05
1,1.0,0.99870056
1,1.0,0.99961793
1,1.0,0.99942297
1,1.0,0.9992955
0,0.0,2.9185268e-05
0,0.0,6.540985e-05
1,1.0,0.99961793
1,1.0,0.99868125
0,0.0,6.090782e-05
1,1.0,0.99986404
1,1.0,0.9991543
1,1.0,0.99901927
1,1.0,0.9987006
0,0.0,0.00012877717
1,1.0,0.9996773
1,1.0,0.99886036
1,1.0,0.9996578
0,0.0,6.374167e-05
1,1.0,0.99857616
0,0.0,0.00017472068
1,1.0,0.99893737
1,1.0,0.9993884
0,0.0,6.479603e-05
0,0.0,4.2153006e-05
1,1.0,0.9992781
1,1.0,0.99991184
1,1.0,0.9996944
1,1.0,0.9995528
1,1.0,0.9991484
1,1.0,0.99917114
0,0.0,6.8142996e-05
1,1.0,0.99971837
1,1.0,0.9990476
0,0.0,3.059449e-05
1,1.0,0.9991713
1,1.0,0.9991083
0,0.0,7.50943e-05
0,0.0,2.9182207e-05
1,1.0,0.99863607
0,0.0,3.6400314e-05
1,1.0,0.99870294
0,0.0,2.811502e-05
0,0.0,6.651496e-05
0,0.0,7.1315975e-05
0,0.0,4.115471e-05
1,1.0,0.9980182
1,1.0,0.99913245
0,0.0,6.566258e-05
1,1.0,0.99862117
1,1.0,0.99911404
1,1.0,0.99759614
0,0.0,8.631128e-05
1,1.0,0.99959975
0,0.0,8.154849e-05
0,0.0,6.877172e-05
0,0.0,7.850756e-05
0,0.0,6.9483525e-05
0,0.0,5.240741e-05
0,0.0,0.000103667
1,1.0,0.99940914
1,1.0,0.99870306
1,1.0,0.9993364
0,0.0,6.646372e-05
0,0.0,6.128314e-05
1,1.0,0.9980488
0,0.0,5.0962768e-05
1,1.0,0.99987155
1,1.0,0.9995483
0,0.0,0.00010557674
1,1.0,0.99978703
0,0.0,0.0001478582
0,0.0,0.000105574225
0,0.0,6.7536384e-05
1,1.0,0.9993796
0,0.0,0.00010129777
0,0.0,5.4956417e-05
0,0.0,7.744123e-05
0,0.0,6.941373e-05
1,1.0,0.9986018
0,0.0,9.249247e-05
1,1.0,0.9997759
1,1.0,0.9987635
0,0.0,4.5838948e-05
1,1.0,0.9991987
0,0.0,0.00011509283
1,1.0,0.99918276
1,1.0,0.99883914
1,1.0,0.9988461
1,1.0,0.99865615
0,0.0,6.706646e-05
1,1.0,0.9992493
1,1.0,0.9980286
0,0.0,6.1853236e-05
1,1.0,0.9996067
1,1.0,0.9997266
1,1.0,0.9986305
1,1.0,0.9991309
1,1.0,0.99865013
1,1.0,0.99935526
1,1.0,0.9987005
0,0.0,9.2489376e-05
1,1.0,0.99965644
1,1.0,0.9987003
1,1.0,0.9996182
0,0.0,6.9486836e-05
0,0.0,6.768305e-05
1,1.0,0.9988341
1,1.0,0.9998879
0,0.0,0.00013090242
1,1.0,0.9996238
0,0.0,6.941134e-05
0,0.0,4.0044903e-05
1,1.0,0.999152
0,0.0,5.1835865e-05
1,1.0,0.9993135
1,1.0,0.99903387
1,1.0,0.9962136
0,0.0,0.00013086348
1,1.0,0.99881166
1,1.0,0.99800235
0,0.0,0.00014431034
0,0.0,9.337547e-05
1,1.0,0.99932516
1,1.0,0.9986366
1,1.0,0.9986417
0,0.0,8.153364e-05
1,1.0,0.999838
1,1.0,0.9988915
0,0.0,9.088531e-05
0,0.0,4.583825e-05
1,1.0,0.9984185
1,1.0,0.9995445
1,1.0,0.9998882
1,1.0,0.99884135
0,0.0,0.00033884117
1,1.0,0.99918324
1,1.0,0.99890053
0,0.0,6.678412e-05
0,0.0,6.616694e-05
0,0.0,6.211562e-05
1,1.0,0.9998907
0,0.0,5.248844e-05
1,1.0,0.9993873
1,1.0,0.99924374
0,0.0,5.439861e-05
1,1.0,0.9991828
1,1.0,0.9993018
1,1.0,0.9996531
0,0.0,5.9116977e-05
0,0.0,0.00012644153
0,0.0,6.948008e-05
1,1.0,0.9976579
0,0.0,5.695205e-05
1,1.0,0.9995434
1,1.0,0.99831676
1,1.0,0.9996591
1,1.0,0.9996155
0,0.0,6.1046856e-05
1,1.0,0.9986909
1,1.0,0.99961656
1,1.0,0.99905115
0,0.0,4.0604336e-05
0,0.0,6.867381e-05
1,1.0,0.9986212
1,1.0,0.998239
0,0.0,9.074459e-05
0,0.0,7.74461e-05
0,0.0,6.645662e-05
0,0.0,9.236334e-05
0,0.0,4.8331356e-05
0,0.0,6.969934e-05
0,0.0,5.4618227e-05
0,0.0,9.435108e-05
0,0.0,6.743978e-05
0,0.0,4.13438e-05
1,1.0,0.998853
1,1.0,0.99887323
1,1.0,0.9994039
0,0.0,4.871546e-05
0,0.0,0.000109268345
1,1.0,0.9988595
1,1.0,0.99959916
1,1.0,0.9996003
1,1.0,0.999257
1,1.0,0.99864185
1,1.0,0.99972296
1,1.0,0.9996068
1,1.0,0.9990268
0,0.0,4.6755657e-05
1,1.0,0.99943763
0,0.0,6.0096576e-05
1,1.0,0.99864185
1,1.0,0.99884117
0,0.0,7.951818e-05
0,0.0,3.0591804e-05
1,1.0,0.9989308
0,0.0,4.625307e-05
0,0.0,4.2880776e-05
0,0.0,6.3617605e-05
1,1.0,0.99871624
1,1.0,0.99918276
0,0.0,4.469881e-05
1,1.0,0.99957186
1,1.0,0.9985762
1,1.0,0.99824506
0,0.0,6.441763e-05
1,1.0,0.99922174
1,1.0,0.9959734
0,0.0,6.688431e-05
1,1.0,0.99969876
1,1.0,0.99889696
1,1.0,0.9987889
0,0.0,6.374161e-05
0,0.0,4.1196723e-05
0,0.0,9.337066e-05
1,1.0,0.999139
0,0.0,4.1155105e-05
1,1.0,0.99924326
0,0.0,6.567016e-05
0,0.0,4.462849e-05
0,0.0,6.361942e-05
1,1.0,0.999491
0,0.0,6.742564e-05
0,0.0,0.00051182596
1,1.0,0.998687
0,0.0,0.000105573825
0,0.0,5.7821675e-05
1,1.0,0.99811214
0,0.0,5.9022852e-05
0,0.0,0.00010946964
0,0.0,4.7977166e-05
1,1.0,0.99982685
1,1.0,0.99898213
0,0.0,0.00026887117
1,1.0,0.99920523
1,1.0,0.9986418
1,1.0,0.9987006
0,0.0,9.332669e-05
0,0.0,0.00085711293
0,0.0,0.0001214872
1,1.0,0.99915016
1,1.0,0.99991214
0,0.0,8.078795e-05
1,1.0,0.98929673
1,1.0,0.99869084
0,0.0,6.706601e-05
0,0.0,5.453277e-05
0,0.0,2.9159646e-05
1,1.0,0.99850994
0,0.0,4.1983392e-05
1,1.0,0.999974
1,1.0,0.9986726
0,0.0,6.565882e-05
1,1.0,0.99973935
0,0.0,9.768484e-05
0,0.0,8.393416e-05
0,0.0,6.4415726e-05
1,1.0,0.9991624
0,0.0,6.2114144e-05
0,0.0,7.592576e-05
1,1.0,0.99784684
1,1.0,0.9995371
1,1.0,0.9986418
0,0.0,0.00014737851
0,0.0,7.7725854e-05
1,1.0,0.99866414
1,1.0,0.9979206
1,1.0,0.99902016
1,1.0,0.99988395
0,0.0,0.00020083692
0,0.0,6.94277e-05
0,0.0,3.699009e-05
0,0.0,6.81441e-05
1,1.0,0.9994249
0,0.0,4.2390922e-05
1,1.0,0.99906075
1,1.0,0.9993851
1,1.0,0.9986462
1,1.0,0.9997761
0,0.0,0.00020583127
1,1.0,0.9999103
1,1.0,0.99875844
1,1.0,0.99867433
1,1.0,0.99864554
1,1.0,0.9990042
0,0.0,4.119841e-05
1,1.0,0.9992167
0,0.0,7.9111785e-05
0,0.0,4.2883883e-05
1,1.0,0.99870056
1,1.0,0.99947715
0,0.0,7.175077e-05
1,1.0,0.99877024
1,1.0,0.9997327
0,0.0,5.6052355e-05
1,1.0,0.99913186
1,1.0,0.999056
0,0.0,0.00013082754
1,1.0,0.9989018
0,0.0,0.00011813022
1,1.0,0.9998578
0,0.0,0.00024036586
1,1.0,0.99954623
1,1.0,0.9983822
1,1.0,0.99878675
0,0.0,9.251187e-05
0,0.0,7.852478e-05
1,1.0,0.9999283
1,1.0,0.9988606
0,0.0,4.1631192e-05
0,0.0,5.495673e-05
0,0.0,7.519778e-05
1,1.0,0.9992864
1,1.0,0.9994128
0,0.0,9.6259064e-05
1,1.0,0.99932176
1,1.0,0.9990479
1,1.0,0.99953943
1,1.0,0.9986417
0,0.0,5.7577974e-05
1,1.0,0.99929947
0,0.0,0.0001424639
1,1.0,0.99917126
1,1.0,0.9986913
1,1.0,0.99864167
1,1.0,0.998705
0,0.0,4.675927e-05
0,0.0,7.4261756e-05
1,1.0,0.99960417
1,1.0,0.99881315
0,0.0,7.8604804e-05
1,1.0,0.9989384
1,1.0,0.99866486
0,0.0,0.00011246218
0,0.0,4.2688687e-05
0,0.0,0.00010675422
1,1.0,0.9995548
0,0.0,0.00011325047
1,1.0,0.9990476
1,1.0,0.99956477
0,0.0,9.088418e-05
1,1.0,0.9990619
1,1.0,0.99997747
1,1.0,0.9997699
0,0.0,5.3887197e-05
1,1.0,0.99759203
0,0.0,9.238563e-05
1,1.0,0.9998879
1,1.0,0.9988379
1,1.0,0.9994291
1,1.0,0.9987005
0,0.0,6.769558e-05
0,0.0,0.00040476708
1,1.0,0.9998611
0,0.0,0.00013300375
1,1.0,0.9996472
1,1.0,0.998665
0,0.0,6.4517284e-05
1,1.0,0.9986418
0,0.0,6.8349436e-05
1,1.0,0.9995286
0,0.0,9.088028e-05
1,1.0,0.9995013
0,0.0,0.0008521735
0,0.0,0.00020813775
0,0.0,4.122671e-05
0,0.0,6.153842e-05
0,0.0,6.774189e-05
1,1.0,0.9988115
1,1.0,0.9996199
1,1.0,0.9997165
0,0.0,9.016365e-05
1,1.0,0.99906015
0,0.0,0.00070581445
0,0.0,6.870565e-05
1,1.0,0.9995503
1,1.0,0.9961265
1,1.0,0.9996276
0,0.0,7.692243e-05
0,0.0,9.616521e-05
1,1.0,0.9997935
0,0.0,7.243197e-05
0,0.0,6.705603e-05
1,1.0,0.99886066
1,1.0,0.99942607
0,0.0,0.00018165716
0,0.0,0.00012895472
1,1.0,0.9985547
1,1.0,0.99864185
1,1.0,0.99883544
0,0.0,6.706479e-05
1,1.0,0.99917775
1,1.0,0.99981874
0,0.0,0.0001019307
0,0.0,8.254557e-05
1,1.0,0.9987114
1,1.0,0.9991836
1,1.0,0.9992604
1,1.0,0.9988414
1,1.0,0.99912685
1,1.0,0.9990336
1,1.0,0.9991937
1,1.0,0.9995209
1,1.0,0.9995258
0,0.0,8.153293e-05
0,0.0,6.617401e-05
1,1.0,0.9989036
0,0.0,0.00013215697
1,1.0,0.99882334
0,0.0,0.00016817069
1,1.0,0.99955416
1,1.0,0.9998879
0,0.0,0.000110162655
1,1.0,0.9996175
1,1.0,0.99866503
0,0.0,6.814254e-05
0,0.0,6.940022e-05
0,0.0,6.718847e-05
0,0.0,2.0179958e-05
0,0.0,6.940929e-05
1,1.0,0.9983233
1,1.0,0.99823505
1,1.0,0.9995431
1,1.0,0.9989133
1,1.0,0.9985975
1,1.0,0.99904764
1,1.0,0.99989355
1,1.0,0.99881303
1,1.0,0.9992948
0,0.0,6.6777626e-05
1,1.0,0.99862105
1,1.0,0.99917394
1,1.0,0.9985586
1,1.0,0.99957865
0,0.0,9.434595e-05
1,1.0,0.99924165
1,1.0,0.998665
0,0.0,6.0667775e-05
1,1.0,0.9988607
1,1.0,0.99956906
0,0.0,6.775364e-05
0,0.0,5.1321425e-05
1,1.0,0.9990002
0,0.0,6.948604e-05
1,1.0,0.9991918
0,0.0,6.6461565e-05
1,1.0,0.99882126
0,0.0,0.00013478014
0,0.0,0.00010920606
0,0.0,6.479314e-05
0,0.0,9.238352e-05
1,1.0,0.99868816
0,0.0,5.497786e-05
1,1.0,0.99912363
0,0.0,4.0875908e-05
1,1.0,0.99835044
0,0.0,4.3467386e-05
1,1.0,0.99762917
1,1.0,0.9992088
1,1.0,0.9990476
0,0.0,6.707426e-05
0,0.0,8.155394e-05
1,1.0,0.99927616
0,0.0,6.566477e-05
1,1.0,0.9991314
1,1.0,0.9996511
1,1.0,0.99918896
0,0.0,2.9145967e-05
0,0.0,6.361675e-05
0,0.0,4.7221405e-05
1,1.0,0.99777734
0,0.0,5.6577563e-05
1,1.0,0.99988866
0,0.0,6.6780936e-05
0,0.0,4.6671063e-05
1,1.0,0.99945635
0,0.0,6.577689e-05
0,0.0,9.07452e-05
1,1.0,0.9986649
1,1.0,0.9992617
1,1.0,0.9997116
1,1.0,0.9999586
1,1.0,0.9998753
1,1.0,0.9994321
0,0.0,0.00075426337
0,0.0,5.461932e-05
1,1.0,0.99876577
0,0.0,6.066656e-05
1,1.0,0.998636
1,1.0,0.99950176
1,1.0,0.99908704
0,0.0,8.153651e-05
1,1.0,0.9991827
1,1.0,0.99866414
1,1.0,0.9999956
0,0.0,6.852557e-05
1,1.0,0.9986417
0,0.0,6.478856e-05
0,0.0,6.767602e-05
1,1.0,0.9996745
0,0.0,5.51217e-05
1,1.0,0.99905455
0,0.0,6.8702575e-05
0,0.0,0.00010762045
1,1.0,0.998022
1,1.0,0.9997915
0,0.0,9.4349816e-05
1,1.0,0.9994342
1,1.0,0.9992759
0,0.0,9.7725555e-05
0,0.0,7.5958924e-05
0,0.0,5.461734e-05
1,1.0,0.9990532
1,1.0,0.9988113
0,0.0,0.00013627042
0,0.0,7.582041e-05
0,0.0,0.000106390595
1,1.0,0.99928385
0,0.0,0.00082536606
0,0.0,6.616391e-05
0,0.0,6.750902e-05
0,0.0,7.850786e-05
0,0.0,7.9512036e-05
1,1.0,0.9989674
0,0.0,5.133102e-05
1,1.0,0.9998787
1,1.0,0.99884135
0,0.0,0.00015427584
0,0.0,5.3368174e-05
0,0.0,6.942723e-05
0,0.0,6.706467e-05
1,1.0,0.9986562
0,0.0,6.6782086e-05
1,1.0,0.9993007
0,0.0,0.00010930212
1,1.0,0.9994128
0,0.0,7.7456076e-05
1,1.0,0.99985033
1,1.0,0.9985975
1,1.0,0.9988117
1,1.0,0.9991557
0,0.0,6.948975e-05
0,0.0,2.915161e-05
1,1.0,0.99954975
1,1.0,0.9988172
0,0.0,4.67644e-05
0,0.0,5.127212e-05
1,1.0,0.99882144
1,1.0,0.99949026
1,1.0,0.9998399
0,0.0,6.211367e-05
1,1.0,0.9993346
0,0.0,0.000105580766
1,1.0,0.9993812
1,1.0,0.9992342
1,1.0,0.99917126
0,0.0,6.609443e-05
1,1.0,0.9983976
1,1.0,0.9990479
1,1.0,0.9988636
0,0.0,6.3526066e-05
1,1.0,0.9993214
1,1.0,0.9996482
1,1.0,0.99929124
1,1.0,0.9997737
1,1.0,0.99905443
0,0.0,6.4908156e-05
1,1.0,0.9988539
1,1.0,0.99960047
1,1.0,0.9999336
1,1.0,0.99763757
0,0.0,0.00022813595
1,1.0,0.99927986
1,1.0,0.9987164
0,0.0,5.1362505e-05
1,1.0,0.99883157
1,1.0,0.9986727
0,0.0,5.3088188e-05
0,0.0,4.0886745e-05
1,1.0,0.9995267
1,1.0,0.99864596
1,1.0,0.99961305
1,1.0,0.99869347
0,0.0,4.7928603e-05
0,0.0,6.947961e-05
1,1.0,0.9996769
0,0.0,6.678068e-05
1,1.0,0.9983804
0,0.0,6.829484e-05
1,1.0,0.9988115
1,1.0,0.9990406
1,1.0,0.99892104
0,0.0,0.0002671357
1,1.0,0.9986461
0,0.0,3.9656323e-05
0,0.0,0.000106401254
0,0.0,8.153457e-05
0,0.0,0.00010088443
0,0.0,4.220151e-05
1,1.0,0.99931306
1,1.0,0.99787784
1,1.0,0.9990531
1,1.0,0.99863577
1,1.0,0.99962753
1,1.0,0.99906594
1,1.0,0.9987163
1,1.0,0.9991518
1,1.0,0.9981329
1,1.0,0.9991712
1,1.0,0.9996832
1,1.0,0.99863595
0,0.0,4.942674e-05
1,1.0,0.999569
0,0.0,0.0006210492
0,0.0,4.8330574e-05
1,1.0,0.99901694
1,1.0,0.99982435
1,1.0,0.99928224
0,0.0,0.0001715686
0,0.0,5.633626e-05
1,1.0,0.9996662
0,0.0,5.1833544e-05
1,1.0,0.9980696
1,1.0,0.9988674
0,0.0,6.013682e-05
1,1.0,0.9986648
0,0.0,6.2495106e-05
0,0.0,2.9171217e-05
1,1.0,0.9996503
1,1.0,0.9995818
0,0.0,6.94824e-05
1,1.0,0.9989444
0,0.0,3.698942e-05
1,1.0,0.99924594
1,1.0,0.9986419
1,1.0,0.99767613
1,1.0,0.9982584
0,0.0,0.00015003156
0,0.0,4.7970123e-05
0,0.0,6.0482467e-05
1,1.0,0.99955314
0,0.0,4.6673107e-05
0,0.0,6.705411e-05
1,1.0,0.99869484
0,0.0,3.987669e-05
0,0.0,6.941366e-05
0,0.0,2.9144387e-05
0,0.0,6.4112624e-05
1,1.0,0.99943197
0,0.0,5.914997e-05
1,1.0,0.99918324
1,1.0,0.998636
1,1.0,0.99970764
1,1.0,0.9996182
0,0.0,7.103613e-05
0,0.0,6.9420676e-05
0,0.0,0.000106630396
1,1.0,0.9998882
1,1.0,0.99934214
0,0.0,8.118769e-05
0,0.0,9.9490935e-05
1,1.0,0.99920523
1,1.0,0.9998381
1,1.0,0.9987163
1,1.0,0.9985029
1,1.0,0.99965686
1,1.0,0.9990124
0,0.0,0.00040196834
0,0.0,6.185217e-05
0,0.0,0.0002616726
0,0.0,0.0002078369
1,1.0,0.99973226
0,0.0,7.7677316e-05
1,1.0,0.9987548
1,1.0,0.99888843
1,1.0,0.99951667
1,1.0,0.9980405
1,1.0,0.9996705
1,1.0,0.9993858
0,0.0,4.118333e-05
1,1.0,0.9996409
0,0.0,9.268759e-05
0,0.0,0.00010843072
1,1.0,0.9986562
1,1.0,0.9996224
1,1.0,0.998636
1,1.0,0.9995641
1,1.0,0.9988734
1,1.0,0.99916947
1,1.0,0.9993909
0,0.0,5.2400213e-05
0,0.0,9.959782e-05
0,0.0,5.51976e-05
1,1.0,0.9988603
1,1.0,0.9998636
0,0.0,9.2377435e-05
0,0.0,0.00066379673
0,0.0,0.0003358195
0,0.0,6.185265e-05
1,1.0,0.9990708
1,1.0,0.99869233
0,0.0,7.526393e-05
1,1.0,0.99938655
1,1.0,0.99917126
0,0.0,6.105379e-05
1,1.0,0.99829817
1,1.0,0.9988607
0,0.0,6.7751185e-05
1,1.0,0.99969053
0,0.0,0.00011273297
1,1.0,0.99862117
0,0.0,0.00011049711
1,1.0,0.9996169
0,0.0,4.1278483e-05
0,0.0,3.884189e-05
0,0.0,6.813838e-05
1,1.0,0.9981506
1,1.0,0.9993764
0,0.0,5.492592e-05
1,1.0,0.99763256
0,0.0,4.8884718e-05
0,0.0,6.185465e-05
1,1.0,0.99860597
0,0.0,7.078282e-05
1,1.0,0.99884975
0,0.0,5.1113748e-05
1,1.0,0.9986913
1,1.0,0.9988932
0,0.0,6.812448e-05
1,1.0,0.99885404
1,1.0,0.9998858
1,1.0,0.9980078
0,0.0,4.7210957e-05
1,1.0,0.99990916
0,0.0,5.1363535e-05
0,0.0,4.2693493e-05
0,0.0,6.441094e-05
1,1.0,0.99945456
0,0.0,3.0597934e-05
0,0.0,4.1537958e-05
0,0.0,3.0604002e-05
0,0.0,4.775027e-05
1,1.0,0.99894136
0,0.0,5.4041844e-05
0,0.0,6.2113846e-05
1,1.0,0.99871635
1,1.0,0.99866426
1,1.0,0.99951434
1,1.0,0.99966204
0,0.0,6.948882e-05
1,1.0,0.99977523
0,0.0,4.8573518e-05
1,1.0,0.99802697
0,0.0,6.744422e-05
1,1.0,0.9996213
1,1.0,0.9989717
1,1.0,0.9988353
1,1.0,0.9998309
1,1.0,0.99991304
1,1.0,0.9993331
0,0.0,4.1256993e-05
0,0.0,0.00015249211
0,0.0,6.062405e-05
1,1.0,0.999861
0,0.0,5.5005075e-05
1,1.0,0.9999076
0,0.0,0.000121657955
1,1.0,0.999822
1,1.0,0.9996207
1,1.0,0.9981764
1,1.0,0.99884105
0,0.0,6.67817e-05
1,1.0,0.99857616
1,1.0,0.9996067
1,1.0,0.9995897
0,0.0,4.1145722e-05
0,0.0,0.00013086498
1,1.0,0.99886084
1,1.0,0.9986863
0,0.0,6.56664e-05
1,1.0,0.99999756
1,1.0,0.99885875
1,1.0,0.99830514
1,1.0,0.999822
1,1.0,0.9997659
1,1.0,0.9986212
1,1.0,0.99959487
0,0.0,0.00011492867
0,0.0,5.4971933e-05
0,0.0,0.0001575797
0,0.0,0.00010558057
1,1.0,0.9993275
0,0.0,0.00019148862
1,1.0,0.9991826
0,0.0,0.00021429744
0,0.0,7.349995e-05
1,1.0,0.998688
0,0.0,9.250711e-05
0,0.0,0.00012743821
1,1.0,0.99937654
1,1.0,0.99912524
0,0.0,7.585556e-05
0,0.0,6.744564e-05
1,1.0,0.9997646
0,0.0,4.848447e-05
1,1.0,0.99861556
1,1.0,0.9986155
1,1.0,0.99953187
1,1.0,0.9996115
0,0.0,6.645264e-05
1,1.0,0.99881095
1,1.0,0.9994044
1,1.0,0.999609
1,1.0,0.99945563
1,1.0,0.99978733
1,1.0,0.9996164
1,1.0,0.9997303
1,1.0,0.9995201
0,0.0,6.185265e-05
1,1.0,0.9987095
1,1.0,0.99869484
1,1.0,0.9994284
1,1.0,0.99927896
1,1.0,0.99905115
0,0.0,7.315048e-05
1,1.0,0.9986155
1,1.0,0.9999009
0,0.0,4.1251642e-05
0,0.0,6.870166e-05
0,0.0,9.2679635e-05
1,1.0,0.99919313
1,1.0,0.99869114
1,1.0,0.9993342
0,0.0,6.850219e-05
1,1.0,0.9993219
0,0.0,7.95137e-05
0,0.0,4.329046e-05
1,1.0,0.99871653
1,1.0,0.99986446
1,1.0,0.997036
0,0.0,9.0882015e-05
1,1.0,0.99982095
1,1.0,0.9998613
1,1.0,0.9998632
0,0.0,9.4388604e-05
0,0.0,7.769865e-05
0,0.0,4.7330283e-05
1,1.0,0.99908966
1,1.0,0.99953336
1,1.0,0.99864614
1,1.0,0.99884135
1,1.0,0.99915487
1,1.0,0.99869525
0,0.0,6.8142086e-05
0,0.0,6.1854356e-05
0,0.0,3.95865e-05
1,1.0,0.9994408
0,0.0,9.434604e-05
0,0.0,0.00015113111
0,0.0,0.0001578799
0,0.0,6.768241e-05
1,1.0,0.9994368
1,1.0,0.9999844
0,0.0,6.775538e-05
0,0.0,6.775338e-05
0,0.0,5.926187e-05
0,0.0,6.304653e-05
1,1.0,0.9998112
1,1.0,0.9995437
0,0.0,6.1897845e-05
0,0.0,7.402589e-05
1,1.0,0.99967116
1,1.0,0.9986609
1,1.0,0.9989029
1,1.0,0.9996237
1,1.0,0.99906135
1,1.0,0.99870265
1,1.0,0.9990626
1,1.0,0.9985765
0,0.0,6.0669106e-05
1,1.0,0.9992358
0,0.0,0.00011293804
1,1.0,0.9996603
0,0.0,6.6782595e-05
1,1.0,0.99868816
0,0.0,9.248576e-05
0,0.0,7.8524856e-05
1,1.0,0.9998926
0,0.0,0.0002874665
0,0.0,4.943617e-05
0,0.0,8.296429e-05
0,0.0,6.814111e-05
0,0.0,4.9587357e-05
0,0.0,0.00026070292
0,0.0,4.119896e-05
0,0.0,0.00011881119
1,1.0,0.99919176
0,0.0,4.2880692e-05
1,1.0,0.99949837
0,0.0,0.0007048327
1,1.0,0.99967015
1,1.0,0.99972105
0,0.0,6.948935e-05
1,1.0,0.998788
1,1.0,0.99801195
1,1.0,0.99903345
0,0.0,9.248743e-05
1,1.0,0.99914926
1,1.0,0.9986871
1,1.0,0.9998272
0,0.0,0.00020543992
1,1.0,0.9993765
1,1.0,0.99935377
0,0.0,6.949121e-05
1,1.0,0.9991665
0,0.0,7.628747e-05
1,1.0,0.9997093
1,1.0,0.9996632
0,0.0,6.81415e-05
1,1.0,0.9985057
1,1.0,0.999443
1,1.0,0.9992838
1,1.0,0.9998803
1,1.0,0.99915797
0,0.0,0.00013075808
1,1.0,0.9997324
1,1.0,0.99903333
0,0.0,6.8142734e-05
1,1.0,0.9988931
1,1.0,0.99995184
1,1.0,0.9992466
0,0.0,0.00011190516
1,1.0,0.99937975
0,0.0,4.1176303e-05
0,0.0,6.928304e-05
1,1.0,0.9986778
1,1.0,0.99973327
1,1.0,0.9985252
1,1.0,0.99909806
1,1.0,0.9995172
0,0.0,6.6102235e-05
0,0.0,6.870238e-05
0,0.0,6.4792395e-05
1,1.0,0.99969447
1,1.0,0.9998328
1,1.0,0.99902785
0,0.0,4.2208958e-05
0,0.0,9.4738934e-05
1,1.0,0.99863607
0,0.0,0.00013080596
1,1.0,0.99962294
0,0.0,6.578047e-05
1,1.0,0.999062
1,1.0,0.9993263
0,0.0,6.775816e-05
1,1.0,0.99831676
1,1.0,0.9986637
0,0.0,0.00013049724
1,1.0,0.9995367
0,0.0,4.7240683e-05
1,1.0,0.99864537
0,0.0,5.5582084e-05
1,1.0,0.9979206
0,0.0,8.0785634e-05
1,1.0,0.99864185
1,1.0,0.9998587
1,1.0,0.9996838
1,1.0,0.9982901
1,1.0,0.9996855
1,1.0,0.9983917
0,0.0,6.362306e-05
1,1.0,0.99864537
1,1.0,0.9980239
0,0.0,6.068288e-05
0,0.0,6.577677e-05
0,0.0,3.9005026e-05
1,1.0,0.9988957
0,0.0,4.7505684e-05
1,1.0,0.99954444
0,0.0,0.00015819576
1,1.0,0.99869114
0,0.0,5.784644e-05
0,0.0,6.9560425e-05
0,0.0,6.814345e-05
1,1.0,0.9995294
1,1.0,0.9996116
1,1.0,0.99932814
1,1.0,0.9998634
1,1.0,0.99861544
0,0.0,4.119244e-05
1,1.0,0.9986797
0,0.0,4.72387e-05
0,0.0,5.681676e-05
1,1.0,0.9998872
0,0.0,6.440965e-05
1,1.0,0.9986366
1,1.0,0.9990669
1,1.0,0.9991051
1,1.0,0.99917805
1,1.0,0.9987163
1,1.0,0.99887335
0,0.0,7.582981e-05
1,1.0,0.99926025
1,1.0,0.99917537
1,1.0,0.9990336
0,0.0,6.705891e-05
1,1.0,0.99862117
1,1.0,0.998687
0,0.0,0.00026064055
1,1.0,0.9996197
0,0.0,0.00010670079
1,1.0,0.99973935
0,0.0,5.62449e-05
0,0.0,9.249652e-05
1,1.0,0.999701
1,1.0,0.9988916
1,1.0,0.9990476
0,0.0,6.4412474e-05
0,0.0,0.00010942956
1,1.0,0.9986211
1,1.0,0.9988213
1,1.0,0.99869204
1,1.0,0.9993509
1,1.0,0.9980089
0,0.0,9.248673e-05
0,0.0,9.237999e-05
1,1.0,0.9990479
0,0.0,5.3378506e-05
1,1.0,0.99886894
1,1.0,0.9997529
0,0.0,6.6154826e-05
1,1.0,0.99834013
1,1.0,0.99964327
0,0.0,0.00013145492
1,1.0,0.99866396
1,1.0,0.9982401
0,0.0,3.9893086e-05
1,1.0,0.99986935
1,1.0,0.9986896
0,0.0,6.17216e-05
0,0.0,6.9415844e-05
1,1.0,0.9998931
0,0.0,9.0219466e-05
0,0.0,0.00017231028
0,0.0,6.609543e-05
1,1.0,0.9993822
1,1.0,0.9996056
1,1.0,0.99919385
1,1.0,0.9986646
0,0.0,0.00010965414
1,1.0,0.9992547
0,0.0,9.3326424e-05
1,1.0,0.9988445
1,1.0,0.99957263
0,0.0,6.6452136e-05
0,0.0,0.00018608112
1,1.0,0.9986585
0,0.0,6.4555315e-05
1,1.0,0.9994374
0,0.0,6.869857e-05
1,1.0,0.99995375
1,1.0,0.9985702
0,0.0,3.066109e-05
1,1.0,0.9991122
1,1.0,0.9988117
0,0.0,7.6828e-05
1,1.0,0.99919295
0,0.0,9.3377166e-05
0,0.0,9.089146e-05
0,0.0,5.4614684e-05
1,1.0,0.9988507
0,0.0,4.584131e-05
0,0.0,9.8446224e-05
1,1.0,0.9999819
0,0.0,5.4915654e-05
0,0.0,5.3375195e-05
0,0.0,8.1553466e-05
1,1.0,0.9980578
0,0.0,0.00016170855
1,1.0,0.9983861
0,0.0,5.1352075e-05
0,0.0,3.7411686e-05
0,0.0,0.0006134693
1,1.0,0.9996328
1,1.0,0.99914247
1,1.0,0.99883837
0,0.0,4.8723177e-05
0,0.0,4.5606328e-05
1,1.0,0.9991672
0,0.0,8.153434e-05
1,1.0,0.9988989
1,1.0,0.998664
1,1.0,0.9998171
1,1.0,0.9986016
0,0.0,0.0010468224
0,0.0,6.424531e-05
0,0.0,5.128899e-05
0,0.0,9.2373826e-05
1,1.0,0.999168
0,0.0,5.391979e-05
1,1.0,0.998695
1,1.0,0.999125
1,1.0,0.99866587
1,1.0,0.9996957
1,1.0,0.999038
0,0.0,4.9587783e-05
1,1.0,0.99926746
1,1.0,0.9999776
1,1.0,0.9987165
1,1.0,0.9998863
1,1.0,0.99926484
1,1.0,0.99959743
0,0.0,6.0129652e-05
1,1.0,0.9988505
1,1.0,0.99862105
1,1.0,0.9986776
1,1.0,0.99937654
1,1.0,0.99903363
0,0.0,5.3390675e-05
1,1.0,0.99918324
1,1.0,0.9986935
1,1.0,0.998688
1,1.0,0.9996177
0,0.0,6.152005e-05
1,1.0,0.9988449
0,0.0,4.023411e-05
0,0.0,0.00026310506
1,1.0,0.99815035
1,1.0,0.9986154
1,1.0,0.9988636
1,1.0,0.99918276
0,0.0,6.706211e-05
1,1.0,0.99922127
0,0.0,6.2117404e-05
1,1.0,0.9976872
1,1.0,0.999176
1,1.0,0.9995749
0,0.0,0.00015622572
0,0.0,6.877539e-05
1,1.0,0.99883544
0,0.0,9.2693066e-05
1,1.0,0.9983859
0,0.0,6.678183e-05
0,0.0,6.87569e-05
0,0.0,0.00026424162
1,1.0,0.99887705
1,1.0,0.9986453
1,1.0,0.99913794
0,0.0,6.609405e-05
0,0.0,6.929772e-05
1,1.0,0.99996066
1,1.0,0.99867254
0,0.0,0.000109430395
0,0.0,0.00026104218
0,0.0,5.183389e-05
0,0.0,6.4414315e-05
1,1.0,0.99868107
1,1.0,0.99867445
0,0.0,6.949691e-05
1,1.0,0.99909014
1,1.0,0.9990512
0,0.0,9.4331204e-05
0,0.0,7.2104835e-05
1,1.0,0.9996133
1,1.0,0.99904764
0,0.0,6.949247e-05
1,1.0,0.9993256
0,0.0,5.127779e-05
1,1.0,0.99987465
0,0.0,6.743727e-05
1,1.0,0.9980563
1,1.0,0.9986609
1,1.0,0.99905574
0,0.0,0.00010639851
0,0.0,9.484767e-05
0,0.0,6.705501e-05
1,1.0,0.99865615
1,1.0,0.999702
1,1.0,0.9986202
1,1.0,0.9994308
1,1.0,0.99953556
1,1.0,0.99983656
1,1.0,0.99906194
0,0.0,4.476185e-05
1,1.0,0.9995395
1,1.0,0.99927014
1,1.0,0.9991717
0,0.0,8.286916e-05
0,0.0,6.265795e-05
1,1.0,0.9989255
1,1.0,0.9963092
0,0.0,4.754321e-05
1,1.0,0.99905944
0,0.0,6.7082576e-05
1,1.0,0.9996275
1,1.0,0.99927443
0,0.0,6.8127796e-05
1,1.0,0.99930966
1,1.0,0.9996902
1,1.0,0.99780065
1,1.0,0.99961865
0,0.0,0.00012637235
0,0.0,6.204558e-05
0,0.0,4.120077e-05
0,0.0,4.1675517e-05
1,1.0,0.99865454
0,0.0,3.7417463e-05
1,1.0,0.99942666
0,0.0,0.00014656775
1,1.0,0.99987185
0,0.0,0.000109251574
0,0.0,6.8713125e-05
0,0.0,0.0008572396
1,1.0,0.9991417
0,0.0,6.645896e-05
1,1.0,0.99981666
1,1.0,0.9996201
0,0.0,6.678158e-05
1,1.0,0.9990478
1,1.0,0.9982589
1,1.0,0.99969065
0,0.0,5.218688e-05
0,0.0,4.372557e-05
1,1.0,0.99916404
1,1.0,0.99864185
1,1.0,0.99927986
1,1.0,0.9990098
1,1.0,0.9986647
0,0.0,4.720569e-05
1,1.0,0.999404
1,1.0,0.99888873
1,1.0,0.9986505
0,0.0,0.00017859288
0,0.0,6.677839e-05
1,1.0,0.9992892
1,1.0,0.9980533
1,1.0,0.9997411
1,1.0,0.99954706
1,1.0,0.99966574
0,0.0,4.8713417e-05
0,0.0,6.4411e-05
0,0.0,3.735137e-05
0,0.0,4.5843364e-05
1,1.0,0.9993083
0,0.0,6.644966e-05
1,1.0,0.99983305
0,0.0,6.362373e-05
0,0.0,9.3327224e-05
1,1.0,0.9995781
1,1.0,0.9997526
1,1.0,0.99862117
0,0.0,0.000540381
1,1.0,0.9996992
1,1.0,0.99981666
1,1.0,0.9990277
0,0.0,6.451433e-05
0,0.0,9.485175e-05
1,1.0,0.99962366
1,1.0,0.99919796
1,1.0,0.9994483
0,0.0,0.00020854396
0,0.0,8.374307e-05
0,0.0,3.888062e-05
0,0.0,0.0001148581
0,0.0,4.1230956e-05
0,0.0,4.188773e-05
0,0.0,6.4517655e-05
1,1.0,0.9992068
0,0.0,9.4846495e-05
1,1.0,0.99889565
1,1.0,0.999865
0,0.0,5.3914904e-05
1,1.0,0.9996122
1,1.0,0.9997634
1,1.0,0.99989384
0,0.0,0.0002619552
0,0.0,0.000109305875
1,1.0,0.99998313
0,0.0,6.56674e-05
1,1.0,0.99997556
0,0.0,9.337734e-05
0,0.0,6.7444416e-05
0,0.0,4.1254516e-05
0,0.0,4.9750342e-05
0,0.0,0.00036061415
1,1.0,0.9624473
1,1.0,0.9986294
1,1.0,0.9998893
1,1.0,0.99883914
1,1.0,0.9990652
1,1.0,0.9990532
1,1.0,0.99857605
1,1.0,0.9990238
0,0.0,6.775157e-05
0,0.0,5.0956067e-05
1,1.0,0.9992075
1,1.0,0.9993727
1,1.0,0.99917114
1,1.0,0.99926925
1,1.0,0.9990772
1,1.0,0.99932665
1,1.0,0.9996273
1,1.0,0.9990723
1,1.0,0.99902016
0,0.0,4.8880942e-05
0,0.0,0.00013809228
1,1.0,0.9995023
0,0.0,5.1264837e-05
1,1.0,0.99981713
1,1.0,0.9992997
0,0.0,0.0001092244
1,1.0,0.99921554
0,0.0,4.9029684e-05
0,0.0,6.451827e-05
0,0.0,9.4392206e-05
1,1.0,0.999038
1,1.0,0.9986588
0,0.0,5.1441766e-05
1,1.0,0.9996904
1,1.0,0.99922174
1,1.0,0.9986211
1,1.0,0.9987712
1,1.0,0.9992499
1,1.0,0.9998912
0,0.0,7.978569e-05
1,1.0,0.99871665
1,1.0,0.9993958
0,0.0,6.814345e-05
1,1.0,0.99903846
0,0.0,0.00010638725
1,1.0,0.9981966
1,1.0,0.99930423
0,0.0,0.00016882092
0,0.0,0.0001280834
0,0.0,3.9120212e-05
1,1.0,0.99868757
0,0.0,6.8142865e-05
0,0.0,4.114627e-05
0,0.0,0.00010644551
0,0.0,6.67803e-05
0,0.0,3.9656057e-05
0,0.0,4.5270554e-05
1,1.0,0.99857646
0,0.0,4.8554713e-05
0,0.0,9.332598e-05
1,1.0,0.9988381
1,1.0,0.99895376
1,1.0,0.9986365
0,0.0,8.079141e-05
0,0.0,6.566822e-05
0,0.0,5.8790512e-05
1,1.0,0.9997845
0,0.0,7.5823235e-05
0,0.0,2.9199913e-05
1,1.0,0.999605
0,0.0,6.8778674e-05
1,1.0,0.99969035
1,1.0,0.9996969
1,1.0,0.9989084
0,0.0,2.9121158e-05
1,1.0,0.99885404
1,1.0,0.9985977
0,0.0,4.7230456e-05
1,1.0,0.99934274
0,0.0,6.362149e-05
0,0.0,4.951695e-05
0,0.0,4.5839646e-05
1,1.0,0.9988636
1,1.0,0.9991833
1,1.0,0.99916726
1,1.0,0.99821717
1,1.0,0.99903846
1,1.0,0.9986648
0,0.0,0.00013074723
0,0.0,0.00011291275
0,0.0,6.465969e-05
0,0.0,0.0002751492
0,0.0,7.6863544e-05
0,0.0,3.6990587e-05
1,1.0,0.99778605
0,0.0,4.2375934e-05
1,1.0,0.9998794
0,0.0,4.9635142e-05
0,0.0,9.3373514e-05
0,0.0,4.8102596e-05
0,0.0,5.844116e-05
0,0.0,6.7441324e-05
0,0.0,8.6782624e-05
1,1.0,0.99970347
1,1.0,0.9992878
1,1.0,0.99975365
0,0.0,4.146375e-05
0,0.0,0.0007408854
0,0.0,0.00013092901
1,1.0,0.99969816
0,0.0,6.4793996e-05
1,1.0,0.9996883
1,1.0,0.99889576
1,1.0,0.9996764
1,1.0,0.99968106
1,1.0,0.99869114
1,1.0,0.99860185
0,0.0,5.1221094e-05
1,1.0,0.9998455
1,1.0,0.9998164
1,1.0,0.9994196
0,0.0,5.402736e-05
0,0.0,3.694077e-05
1,1.0,0.99966055
1,1.0,0.99859744
1,1.0,0.99956733
0,0.0,8.078625e-05
1,1.0,0.9999966
1,1.0,0.99981666
1,1.0,0.99906695
0,0.0,0.00017885429
1,1.0,0.9990512
0,0.0,0.000106395266
1,1.0,0.99773055
0,0.0,6.479344e-05
1,1.0,0.9983481
1,1.0,0.9990652
0,0.0,0.000116999756
1,1.0,0.9983625
1,1.0,0.9992235
1,1.0,0.99986476
0,0.0,4.8787293e-05
0,0.0,8.970791e-05
1,1.0,0.99875814
1,1.0,0.9998689
0,0.0,9.24959e-05
0,0.0,0.00042286664
1,1.0,0.99943423
1,1.0,0.99883974
1,1.0,0.9987164
1,1.0,0.9986211
1,1.0,0.99975055
1,1.0,0.99962866
1,1.0,0.9995936
1,1.0,0.99961627
0,0.0,5.132681e-05
1,1.0,0.9996233
0,0.0,6.940922e-05
0,0.0,4.1147097e-05
1,1.0,0.99881136
1,1.0,0.999131
1,1.0,0.9988607
1,1.0,0.99817944
0,0.0,6.0157865e-05
1,1.0,0.99927986
1,1.0,0.99942523
0,0.0,0.0010556781
1,1.0,0.99865866
1,1.0,0.9990379
0,0.0,5.5005494e-05
1,1.0,0.9990179
0,0.0,6.814059e-05
0,0.0,5.461963e-05
0,0.0,6.948856e-05
0,0.0,4.7203663e-05
1,1.0,0.99982584
1,1.0,0.9986914
0,0.0,7.532474e-05
1,1.0,0.9988606
0,0.0,0.00026063633
0,0.0,4.1284115e-05
1,1.0,0.998703
0,0.0,5.041068e-05
0,0.0,3.517471e-05
1,1.0,0.9986649
1,1.0,0.9992497
0,0.0,3.882759e-05
1,1.0,0.9987007
1,1.0,0.998576
0,0.0,0.00010638989
1,1.0,0.99995327
1,1.0,0.99886733
1,1.0,0.99978656
0,0.0,6.8132074e-05
0,0.0,6.678336e-05
0,0.0,7.611104e-05
1,1.0,0.99975425
1,1.0,0.99864537
0,0.0,0.00023316032
1,1.0,0.9990079
1,1.0,0.99917114
0,0.0,6.451913e-05
1,1.0,0.99916625
0,0.0,6.574804e-05
0,0.0,5.2947835e-05
1,1.0,0.99939996
1,1.0,0.99924135
0,0.0,6.675433e-05
1,1.0,0.9996575
0,0.0,6.3619605e-05
0,0.0,0.00013085523
0,0.0,5.3359625e-05
1,1.0,0.9986154
0,0.0,0.0001090741
0,0.0,6.441137e-05
1,1.0,0.9993257
1,1.0,0.99902964
0,0.0,4.4600874e-05
0,0.0,3.63278e-05
0,0.0,0.00011421743
0,0.0,0.00032248144
0,0.0,8.1552535e-05
0,0.0,5.9672493e-05
0,0.0,0.00023333465
1,1.0,0.9998825
0,0.0,5.615797e-05
0,0.0,2.9155364e-05
0,0.0,0.00015126678
1,1.0,0.9995643
1,1.0,0.9988608
0,0.0,5.1316634e-05
1,1.0,0.99918264
0,0.0,9.3374045e-05
0,0.0,6.0678653e-05
1,1.0,0.999056
0,0.0,8.2102255e-05
0,0.0,6.442359e-05
1,1.0,0.9995774
0,0.0,6.5205575e-05
0,0.0,0.000625157
0,0.0,7.814128e-05
0,0.0,6.705891e-05
1,1.0,0.99870056
0,0.0,0.00010553911
1,1.0,0.9998897
0,0.0,5.40134e-05
1,1.0,0.9986211
0,0.0,0.00012558204
1,1.0,0.999254
0,0.0,6.877612e-05
1,1.0,0.99762076
1,1.0,0.99886066
1,1.0,0.9997515
0,0.0,0.0011970641
0,0.0,6.242309e-05
1,1.0,0.99869114
1,1.0,0.99960023
1,1.0,0.9997055
1,1.0,0.9990991
1,1.0,0.99863607
0,0.0,8.153317e-05
0,0.0,6.3618754e-05
1,1.0,0.9991158
0,0.0,9.814329e-05
0,0.0,4.4233508e-05
0,0.0,8.2192884e-05
0,0.0,7.960558e-05
1,1.0,0.9986787
1,1.0,0.9988117
0,0.0,3.6984446e-05
0,0.0,6.677826e-05
1,1.0,0.9987137
0,0.0,9.2465205e-05
0,0.0,7.978455e-05
1,1.0,0.99959815
1,1.0,0.9986876
0,0.0,0.00014067462
1,1.0,0.99983853
1,1.0,0.9986461
0,0.0,6.211485e-05
1,1.0,0.9990478
1,1.0,0.99980474
0,0.0,0.00036019995
0,0.0,3.406446e-05
0,0.0,6.7454894e-05
1,1.0,0.9994357
0,0.0,6.941518e-05
1,1.0,0.99883485
0,0.0,6.362167e-05
0,0.0,6.677145e-05
0,0.0,0.00026105263
1,1.0,0.99881136
1,1.0,0.99866414
1,1.0,0.99986804
1,1.0,0.9994302
1,1.0,0.9994511
1,1.0,0.9986641
1,1.0,0.998334
1,1.0,0.9998903
0,0.0,6.909474e-05
1,1.0,0.9982983
0,0.0,6.948558e-05
1,1.0,0.99947464
1,1.0,0.99837106
0,0.0,0.00019740814
0,0.0,5.6071385e-05
1,1.0,0.999056
1,1.0,0.99964094
0,0.0,5.3365224e-05
0,0.0,6.6778004e-05
0,0.0,9.248399e-05
1,1.0,0.99941945
0,0.0,0.00011496341
1,1.0,0.9983312
0,0.0,1.4171672e-05
0,0.0,0.00010841439
1,1.0,0.99914026
0,0.0,0.00023456551
1,1.0,0.99943185
1,1.0,0.9971244
1,1.0,0.9980271
1,1.0,0.99887
1,1.0,0.99966025
1,1.0,0.9987028
1,1.0,0.99955183
1,1.0,0.9987006
0,0.0,0.00044671373
1,1.0,0.9999687
1,1.0,0.9988117
1,1.0,0.99903286
0,0.0,4.1192754e-05
1,1.0,0.99982685
1,1.0,0.99922174
0,0.0,3.704463e-05
1,1.0,0.9986153
1,1.0,0.99864185
1,1.0,0.99921244
1,1.0,0.99930835
1,1.0,0.99955976
0,0.0,0.00028163905
0,0.0,0.0001488663
0,0.0,3.986552e-05
1,1.0,0.9983707
1,1.0,0.99976164
0,0.0,0.0018224198
0,0.0,6.609512e-05
1,1.0,0.99884474
0,0.0,0.00013282252
0,0.0,5.879298e-05
0,0.0,6.374118e-05
1,1.0,0.9982528
1,1.0,0.99969685
0,0.0,6.870598e-05
0,0.0,4.095429e-05
0,0.0,0.00013030328
1,1.0,0.9999251
1,1.0,0.9994465
1,1.0,0.9990476
1,1.0,0.9989017
1,1.0,0.99905574
0,0.0,0.0004638488
1,1.0,0.99871653
0,0.0,0.00016038732
0,0.0,0.00020673424
1,1.0,0.9988851
0,0.0,6.766621e-05
0,0.0,0.0002152782
1,1.0,0.99961686
1,1.0,0.9998728
1,1.0,0.9995771
0,0.0,0.00023069998
0,0.0,6.237258e-05
1,1.0,0.9984132
0,0.0,0.00012117921
0,0.0,6.4263935e-05
1,1.0,0.9998787
1,1.0,0.99857616
0,0.0,0.00012056706
0,0.0,9.0859234e-05
0,0.0,6.609984e-05
0,0.0,8.072973e-05
0,0.0,0.00015914287
1,1.0,0.998187
1,1.0,0.9986938
0,0.0,0.00013088208
0,0.0,6.645719e-05
1,1.0,0.9990955
0,0.0,6.3628526e-05
0,0.0,6.197995e-05
1,1.0,0.9996197
0,0.0,6.128385e-05
0,0.0,6.9403264e-05
0,0.0,8.078548e-05
1,1.0,0.9986797
1,1.0,0.9986211
1,1.0,0.9990652
1,1.0,0.9990487
0,0.0,0.000105577645
0,0.0,6.6453715e-05
0,0.0,0.00011354025
1,1.0,0.99987
0,0.0,9.337645e-05
0,0.0,6.5662825e-05
0,0.0,6.4513966e-05
1,1.0,0.99968255
1,1.0,0.99889576
0,0.0,9.050823e-05
1,1.0,0.9991222
1,1.0,0.9988577
0,0.0,4.5618417e-05
1,1.0,0.9996573
1,1.0,0.9987235
1,1.0,0.9990652
0,0.0,6.2120365e-05
1,1.0,0.99946064
1,1.0,0.9986914
1,1.0,0.9990543
1,1.0,0.9996089
0,0.0,3.0605286e-05
0,0.0,0.00026090982
1,1.0,0.99867254
1,1.0,0.99916095
1,1.0,0.9999011
0,0.0,6.877454e-05
1,1.0,0.9986155
0,0.0,6.6463086e-05
1,1.0,0.99906075
0,0.0,4.122797e-05
1,1.0,0.9996941
0,0.0,6.7738525e-05
0,0.0,8.078471e-05
0,0.0,0.00014019881
0,0.0,3.9751136e-05
1,1.0,0.99990416
1,1.0,0.999895
1,1.0,0.9993474
0,0.0,6.6781e-05
0,0.0,2.9162706e-05
0,0.0,7.466416e-05
1,1.0,0.99991035
1,1.0,0.99766845
1,1.0,0.9996175
0,0.0,7.339048e-05
0,0.0,6.185371e-05
0,0.0,5.5835866e-05
0,0.0,5.925746e-05
1,1.0,0.999694
0,0.0,0.00011241608
1,1.0,0.99963564
0,0.0,0.00012586365
0,0.0,3.7489615e-05
1,1.0,0.99923474
1,1.0,0.9985367
1,1.0,0.999035
1,1.0,0.99957174
1,1.0,0.9987005
1,1.0,0.9995421
1,1.0,0.998007
1,1.0,0.99866605
0,0.0,5.131991e-05
1,1.0,0.9980149
1,1.0,0.99926853
0,0.0,7.005504e-05
0,0.0,6.451507e-05
0,0.0,6.185335e-05
1,1.0,0.9990532
0,0.0,6.677839e-05
0,0.0,0.000106638734
1,1.0,0.9991828
1,1.0,0.9996448
0,0.0,2.6824888e-05
1,1.0,0.9994398
1,1.0,0.9998903
1,1.0,0.9985455
1,1.0,0.9996233
0,0.0,7.7683464e-05
0,0.0,7.638399e-05
1,1.0,0.9996111
1,1.0,0.9991829
1,1.0,0.9998058
0,0.0,0.000112654205
0,0.0,6.211533e-05
0,0.0,6.451618e-05
0,0.0,6.577576e-05
1,1.0,0.9996056
1,1.0,0.99861544
1,1.0,0.9987634
1,1.0,0.99883837
0,0.0,3.3931105e-05
1,1.0,0.99869066
1,1.0,0.99986887
1,1.0,0.9986639
0,0.0,5.5002085e-05
0,0.0,6.5665896e-05
1,1.0,0.99880576
1,1.0,0.99986446
1,1.0,0.9993852
0,0.0,5.401304e-05
1,1.0,0.99859744
1,1.0,0.9990314
0,0.0,4.122262e-05
1,1.0,0.99917126
1,1.0,0.9992345
1,1.0,0.9996151
0,0.0,3.7676993e-05
0,0.0,1.3811346e-05
1,1.0,0.99908614
1,1.0,0.99802756
0,0.0,4.188989e-05
1,1.0,0.9995126
0,0.0,4.9791393e-05
0,0.0,4.9745217e-05
0,0.0,0.00010888237
0,0.0,0.00037365826
0,0.0,0.00012940569
1,1.0,0.99865615
1,1.0,0.9994336
0,0.0,9.448757e-05
1,1.0,0.99907935
1,1.0,0.9995086
1,1.0,0.999316
1,1.0,0.99953127
1,1.0,0.99905324
0,0.0,5.4963544e-05
1,1.0,0.99895495
0,0.0,5.6254125e-05
1,1.0,0.9990269
1,1.0,0.999625
0,0.0,0.0005832017
1,1.0,0.99983335
1,1.0,0.99916834
0,0.0,4.125302e-05
0,0.0,9.788906e-05
0,0.0,0.0007436866
0,0.0,0.00010639689
0,0.0,0.00019661016
1,1.0,0.9998948
1,1.0,0.9984066
1,1.0,0.99955237
0,0.0,7.723857e-05
0,0.0,0.00013917041
1,1.0,0.9994591
0,0.0,0.00010597243
0,0.0,5.134042e-05
1,1.0,0.9991335
1,1.0,0.99871755
0,0.0,9.237012e-05
1,1.0,0.998271
0,0.0,6.491038e-05
0,0.0,9.1543574e-05
1,1.0,0.9998159
1,1.0,0.9997259
1,1.0,0.9986365
0,0.0,6.566602e-05
1,1.0,0.9993137
1,1.0,0.99923635
1,1.0,0.9993084
1,1.0,0.99908805
0,0.0,7.368305e-05
1,1.0,0.9999095
1,1.0,0.99986106
1,1.0,0.9990201
0,0.0,0.000100995014
1,1.0,0.99864185
0,0.0,6.4412416e-05
1,1.0,0.9992305
0,0.0,5.246172e-05
0,0.0,7.014595e-05
0,0.0,5.4994794e-05
0,0.0,3.0204117e-05
0,0.0,9.632978e-05
1,1.0,0.99982685
1,1.0,0.9992556
1,1.0,0.9987487
1,1.0,0.9992336
1,1.0,0.9998945
0,0.0,0.000105576946
0,0.0,4.6761143e-05
1,1.0,0.9999554
0,0.0,4.422967e-05
1,1.0,0.9993563
0,0.0,6.276446e-05
1,1.0,0.9988584
1,1.0,0.99910784
0,0.0,0.00011815501
1,1.0,0.9989471
0,0.0,4.755663e-05
0,0.0,7.978273e-05
0,0.0,5.33696e-05
0,0.0,0.00010597294
1,1.0,0.99957496
1,1.0,0.99866515
1,1.0,0.99853724
1,1.0,0.9990518
0,0.0,0.00015274911
1,1.0,0.9987796
0,0.0,0.00038637934
0,0.0,0.00010747718
0,0.0,6.775571e-05
1,1.0,0.99904555
1,1.0,0.99978757
1,1.0,0.9996249
1,1.0,0.9992011
1,1.0,0.9992009
1,1.0,0.9997838
1,1.0,0.99977094
1,1.0,0.99987966
0,0.0,6.951806e-05
0,0.0,5.8598638e-05
1,1.0,0.9999172
1,1.0,0.99991524
1,1.0,0.9993702
0,0.0,0.00011311232
0,0.0,6.238126e-05
0,0.0,4.33064e-05
1,1.0,0.99898845
0,0.0,6.175752e-05
1,1.0,0.99946105
0,0.0,2.4278257e-05
1,1.0,0.9994673
0,0.0,0.0006808271
1,1.0,0.9997697
1,1.0,0.99895173
0,0.0,6.56649e-05
1,1.0,0.9992052
1,1.0,0.99986213
0,0.0,9.630846e-05
1,1.0,0.999544
0,0.0,0.00023947217
1,1.0,0.99944013
1,1.0,0.9999172
1,1.0,0.99953413
1,1.0,0.99951005
1,1.0,0.99896264
1,1.0,0.9999112
1,1.0,0.9998499
1,1.0,0.9994288
1,1.0,0.99921256
1,1.0,0.9994304
1,1.0,0.999912
0,0.0,4.1020434e-05
1,1.0,0.9992104
0,0.0,0.00012244868
1,1.0,0.99920845
0,0.0,0.000114841576
0,0.0,5.9388596e-05
0,0.0,0.00012282781
1,1.0,0.9989885
1,1.0,0.99869746
1,1.0,0.99880356
1,1.0,0.9989675
0,0.0,6.856107e-05
1,1.0,0.9989382
1,1.0,0.9996981
1,1.0,0.99895394
1,1.0,0.99991864
1,1.0,0.9989886
1,1.0,0.9992009
0,0.0,6.175723e-05
0,0.0,6.1638966e-05
1,1.0,0.9992143
1,1.0,0.99936795
0,0.0,6.3224375e-05
1,1.0,0.9989998
1,1.0,0.9998013
0,0.0,6.16365e-05
0,0.0,3.4731926e-05
1,1.0,0.9989627
0,0.0,0.0008055837
0,0.0,6.473613e-05
1,1.0,0.9991097
1,1.0,0.9999155
0,0.0,7.176185e-05
1,1.0,0.99968106
1,1.0,0.9990503
0,0.0,5.3293872e-05
0,0.0,0.00011591427
1,1.0,0.99978864
0,0.0,8.354909e-05
0,0.0,6.434568e-05
0,0.0,6.430286e-05
1,1.0,0.99949944
1,1.0,0.9998097
1,1.0,0.99999267
1,1.0,0.99859726
1,1.0,0.9994401
1,1.0,0.99869907
1,1.0,0.9994996
1,1.0,0.9991886
0,0.0,2.8686782e-05
0,0.0,5.844757e-05
0,0.0,0.00020285926
0,0.0,6.367254e-05
1,1.0,0.9994569
1,1.0,0.9999418
0,0.0,5.347837e-05
0,0.0,4.3556647e-05
1,1.0,0.9997396
1,1.0,0.99993527
0,0.0,4.0022223e-05
1,1.0,0.99896574
1,1.0,0.99976754
1,1.0,0.9994401
1,1.0,0.9999147
1,1.0,0.99943036
0,0.0,2.487694e-05
0,0.0,5.2811378e-05
1,1.0,0.9997991
1,1.0,0.9997661
1,1.0,0.99943185
0,0.0,6.383638e-05
0,0.0,6.108471e-05
0,0.0,8.25902e-05
0,0.0,6.341028e-05
0,0.0,6.3687476e-05
0,0.0,0.00044667284
1,1.0,0.9998219
0,0.0,0.00014913171
0,0.0,5.4489363e-05
1,1.0,0.9991093
0,0.0,6.7746216e-05
1,1.0,0.9992151
0,0.0,6.256923e-05
1,1.0,0.9994687
0,0.0,6.178822e-05
0,0.0,3.6851685e-05
1,1.0,0.9996737
0,0.0,0.0004345412
0,0.0,3.790819e-05
1,1.0,0.99920845
1,1.0,0.9997004
1,1.0,0.9998983
1,1.0,0.999923
1,1.0,0.9990416
0,0.0,8.305856e-05
1,1.0,0.9990703
1,1.0,0.99837804
0,0.0,6.163702e-05
1,1.0,0.9989442
1,1.0,0.9995666
1,1.0,0.99896747
1,1.0,0.99898845
1,1.0,0.99954224
0,0.0,6.1634026e-05
1,1.0,0.99896455
1,1.0,0.99896264
1,1.0,0.99917585
1,1.0,0.9987998
0,0.0,8.289051e-05
0,0.0,4.912961e-05
0,0.0,0.0001521518
0,0.0,0.00012098697
0,0.0,6.163779e-05
1,1.0,0.9989518
0,0.0,6.253516e-05
1,1.0,0.99908274
1,1.0,0.9990807
1,1.0,0.99932444
1,1.0,0.9999741
0,0.0,2.8769e-05
0,0.0,7.345357e-05
0,0.0,6.183873e-05
0,0.0,5.4492844e-05
1,1.0,0.99947125
0,0.0,6.368401e-05
1,1.0,0.9997559
0,0.0,6.108326e-05
0,0.0,6.1082326e-05
0,0.0,7.360587e-05
0,0.0,6.2567735e-05
1,1.0,0.99895394
1,1.0,0.99920905
0,0.0,2.3323737e-05
0,0.0,4.3590342e-05
0,0.0,0.00010211612
1,1.0,0.99896574
1,1.0,0.99973106
1,1.0,0.9998221
0,0.0,5.673111e-05
1,1.0,0.99910074
1,1.0,0.9998987
1,1.0,0.99966335
0,0.0,4.331371e-05
1,1.0,0.9998471
1,1.0,0.99949527
1,1.0,0.9994401
0,0.0,6.18553e-05
0,0.0,5.844969e-05
0,0.0,0.00024333723
0,0.0,9.641395e-05
1,1.0,0.9992092
0,0.0,7.312942e-05
1,1.0,0.99978495
0,0.0,0.0010314938
0,0.0,9.610691e-05
0,0.0,0.00037985016
1,1.0,0.9994426
0,0.0,0.0026149203
0,0.0,8.4492676e-05
1,1.0,0.9986959
0,0.0,0.00012392827
1,1.0,0.99608946
0,0.0,4.356645e-05
1,1.0,0.9992672
0,0.0,0.00027760875
1,1.0,0.99898344
1,1.0,0.9988838
0,0.0,6.860397e-05
1,1.0,0.99933416
1,1.0,0.9997197
0,0.0,0.0001725834
0,0.0,8.4075866e-05
1,1.0,0.9995451
0,0.0,0.00011252043
1,1.0,0.99920577
1,1.0,0.99980944
1,1.0,0.9998285
0,0.0,5.428362e-05
0,0.0,2.4706336e-05
0,0.0,0.00014637907
1,1.0,0.9989886
1,1.0,0.99896264
1,1.0,0.9989474
1,1.0,0.9995419
0,0.0,0.0002814163
0,0.0,5.026422e-05
0,0.0,6.170077e-05
1,1.0,0.9999183
0,0.0,3.6855727e-05
0,0.0,0.000374529
1,1.0,0.9993023
0,0.0,6.178645e-05
1,1.0,0.99920905
1,1.0,0.99972576
1,1.0,0.9997524
1,1.0,0.9999883
0,0.0,8.354041e-05
1,1.0,0.9997901
1,1.0,0.9983966
0,0.0,5.8306225e-05
1,1.0,0.9990701
1,1.0,0.9997928
0,0.0,6.2799125e-05
1,1.0,0.99983615
0,0.0,0.0002814619
1,1.0,0.99980384
1,1.0,0.9990811
1,1.0,0.9990438
0,0.0,6.283339e-05
0,0.0,0.0001463774
0,0.0,8.2555955e-05
0,0.0,6.4986634e-05
1,1.0,0.99987715
1,1.0,0.998714
1,1.0,0.9998191
0,0.0,7.946951e-05
1,1.0,0.99958074
0,0.0,5.0377952e-05
0,0.0,7.1507195e-05
0,0.0,7.6911056e-05
0,0.0,0.00012140694
1,1.0,0.9994666
1,1.0,0.9996551
0,0.0,0.00036695393
0,0.0,0.00029781164
0,0.0,6.8006935e-05
0,0.0,9.690486e-05
0,0.0,0.00011507265
0,0.0,4.7547244e-05
1,1.0,0.9994671
0,0.0,6.600127e-05
1,1.0,0.99991757
0,0.0,0.000121390745
1,1.0,0.99979085
1,1.0,0.99954855
1,1.0,0.9988839
1,1.0,0.9997918
0,0.0,4.6844783e-05
0,0.0,0.0006734752
0,0.0,4.7555044e-05
0,0.0,4.515724e-05
1,1.0,0.99995023
1,1.0,0.999043
1,1.0,0.99976337
0,0.0,0.00028807696
0,0.0,0.00026669237
0,0.0,0.00016531607
1,1.0,0.9996603
1,1.0,0.9995383
1,1.0,0.9990894
1,1.0,0.99869835
0,0.0,5.8597798e-05
1,1.0,0.9989574
1,1.0,0.99897295
1,1.0,0.9999012
1,1.0,0.9991108
0,0.0,8.4077146e-05
0,0.0,7.0315255e-05
0,0.0,6.654148e-05
0,0.0,6.6033885e-05
1,1.0,0.9989649
1,1.0,0.9989574
0,0.0,6.170006e-05
1,1.0,0.99920094
0,0.0,6.508196e-05
0,0.0,5.420509e-05
0,0.0,2.47848e-05
1,1.0,0.9989418
0,0.0,0.0006076209
0,0.0,6.746898e-05
0,0.0,6.510151e-05
1,1.0,0.9998428
1,1.0,0.99954647
1,1.0,0.9989507
1,1.0,0.99991417
1,1.0,0.99909544
0,0.0,6.340665e-05
1,1.0,0.99991405
0,0.0,3.111135e-05
1,1.0,0.99843824
1,1.0,0.9990762
1,1.0,0.9996738
1,1.0,0.99992627
0,0.0,0.00020290395
1,1.0,0.9996068
0,0.0,8.254879e-05
0,0.0,6.1758816e-05
0,0.0,5.192264e-05
0,0.0,5.8180365e-05
1,1.0,0.9989745
0,0.0,8.6846776e-05
1,1.0,0.9989289
0,0.0,0.00012140092
0,0.0,8.527565e-05
1,1.0,0.9989657
1,1.0,0.99897975
1,1.0,0.9989605
1,1.0,0.9998026
0,0.0,4.7374495e-05
0,0.0,0.0015559878
1,1.0,0.99980265
1,1.0,0.99906754
0,0.0,3.6844514e-05
1,1.0,0.99893636
1,1.0,0.9987992
0,0.0,7.147078e-05
0,0.0,8.255045e-05
0,0.0,2.9948445e-05
1,1.0,0.99936557
1,1.0,0.9998177
1,1.0,0.9994686
0,0.0,6.253367e-05
1,1.0,0.9987452
0,0.0,5.6941404e-05
1,1.0,0.9994252
1,1.0,0.99990654
0,0.0,5.928126e-05
1,1.0,0.99893975
1,1.0,0.99949557
1,1.0,0.9994687
0,0.0,0.00012311614
1,1.0,0.99988765
0,0.0,0.00030396492
0,0.0,6.253033e-05
1,1.0,0.9987785
0,0.0,2.9998553e-05
0,0.0,7.669983e-05
0,0.0,6.1699415e-05
1,1.0,0.99944305
0,0.0,8.162691e-05
0,0.0,9.6902455e-05
1,1.0,0.9990169
0,0.0,2.2353963e-05
1,1.0,0.9994994
1,1.0,0.9990396
1,1.0,0.99894863
1,1.0,0.99838066
1,1.0,0.999918
1,1.0,0.9998577
0,0.0,4.7331363e-05
1,1.0,0.99884826
0,0.0,6.516212e-05
0,0.0,6.5330736e-05
1,1.0,0.99956703
0,0.0,6.175817e-05
0,0.0,2.9910512e-05
1,1.0,0.9998491
0,0.0,6.52671e-05
1,1.0,0.99919313
1,1.0,0.9997661
1,1.0,0.9999083
1,1.0,0.99978733
1,1.0,0.99936855
1,1.0,0.998636
1,1.0,0.9986935
0,0.0,8.2598395e-05
1,1.0,0.9996085
1,1.0,0.9998317
0,0.0,6.368274e-05
1,1.0,0.99971294
0,0.0,0.0002264333
0,0.0,6.2523475e-05
0,0.0,2.473281e-05
1,1.0,0.9989645
1,1.0,0.9994276
1,1.0,0.99935967
1,1.0,0.99993753
1,1.0,0.99895585
1,1.0,0.99976456
1,1.0,0.99953586
0,0.0,5.333043e-05
1,1.0,0.9998665
1,1.0,0.9995519
1,1.0,0.9987004
0,0.0,5.4088032e-05
0,0.0,6.47696e-05
1,1.0,0.99974144
0,0.0,3.6849015e-05
0,0.0,2.3308306e-05
1,1.0,0.9996475
0,0.0,0.00065128814
1,1.0,0.9989627
1,1.0,0.9995806
1,1.0,0.99871016
0,0.0,0.00012207165
0,0.0,0.00038105555
1,1.0,0.99896467
0,0.0,6.365274e-05
0,0.0,0.00018937187
0,0.0,5.4204163e-05
1,1.0,0.9990327
1,1.0,0.99895173
1,1.0,0.9992091
1,1.0,0.99943024
1,1.0,0.9994994
1,1.0,0.9989645
0,0.0,0.00011529913
1,1.0,0.9997521
1,1.0,0.9989885
0,0.0,8.355148e-05
1,1.0,0.99525285
1,1.0,0.9998562
0,0.0,4.466936e-05
1,1.0,0.99947196
1,1.0,0.9989998
1,1.0,0.99946463
0,0.0,5.0378676e-05
0,0.0,5.5880177e-05
1,1.0,0.99896973
1,1.0,0.9992084
1,1.0,0.9998407
1,1.0,0.9999099
1,1.0,0.999912
1,1.0,0.99942195
0,0.0,6.1759405e-05
0,0.0,6.597031e-05
1,1.0,0.99979
1,1.0,0.99838126
0,0.0,0.00011391668
0,0.0,0.00034792826
0,0.0,6.470021e-05
0,0.0,6.850278e-05
1,1.0,0.99896264
0,0.0,5.9590613e-05
1,1.0,0.9985548
0,0.0,3.9854647e-05
1,1.0,0.99896455
0,0.0,0.00011310466
1,1.0,0.9995816
1,1.0,0.99895227
1,1.0,0.9996352
1,1.0,0.9997033
1,1.0,0.9994631
0,0.0,6.681597e-05
1,1.0,0.99920845
1,1.0,0.9996491
1,1.0,0.99894005
1,1.0,0.9989025
0,0.0,0.00027693383
1,1.0,0.99973136
0,0.0,6.597861e-05
0,0.0,5.042217e-05
1,1.0,0.99973917
1,1.0,0.9998139
0,0.0,7.296655e-05
0,0.0,8.355044e-05
1,1.0,0.99995184
1,1.0,0.9987846
0,0.0,0.000114017086
1,1.0,0.9989507
1,1.0,0.9990655
0,0.0,0.00011306886
0,0.0,5.4916334e-05
0,0.0,0.00012375493
0,0.0,0.0003221686
1,1.0,0.99946684
1,1.0,0.9996343
0,0.0,4.5192442e-05
1,1.0,0.99895376
0,0.0,0.00015964214
1,1.0,0.99877536
0,0.0,0.00012372047
1,1.0,0.99983436
0,0.0,6.279703e-05
0,0.0,4.3560925e-05
0,0.0,6.10807e-05
0,0.0,6.2381674e-05
0,0.0,5.0312323e-05
1,1.0,0.99959266
0,0.0,4.725713e-05
0,0.0,0.00021097677
0,0.0,0.00013076294
0,0.0,3.6851194e-05
1,1.0,0.9993038
0,0.0,4.7407073e-05
1,1.0,0.9995755
1,1.0,0.9989574
0,0.0,6.509977e-05
0,0.0,3.68514e-05
1,1.0,0.99896765
1,1.0,0.9994246
1,1.0,0.9990608
1,1.0,0.9999938
0,0.0,2.9995006e-05
1,1.0,0.9999515
1,1.0,0.99947125
0,0.0,4.6970035e-05
1,1.0,0.9997438
1,1.0,0.99978095
1,1.0,0.9986986
0,0.0,0.00014342663
0,0.0,6.268407e-05
1,1.0,0.999536
1,1.0,0.9999015
0,0.0,0.00012944381
0,0.0,6.205582e-05
1,1.0,0.99893814
1,1.0,0.99942774
1,1.0,0.99949944
0,0.0,4.112952e-05
1,1.0,0.9989537
1,1.0,0.999666
1,1.0,0.9986293
1,1.0,0.9989442
1,1.0,0.9987902
1,1.0,0.9994665
1,1.0,0.9989655
1,1.0,0.9995919
1,1.0,0.9991472
1,1.0,0.9999119
1,1.0,0.99965847
0,0.0,5.4598542e-05
1,1.0,0.99947
0,0.0,6.341373e-05
0,0.0,2.8668022e-05
1,1.0,0.9995882
1,1.0,0.99946296
0,0.0,2.479655e-05
0,0.0,0.00013082653
1,1.0,0.9990573
0,0.0,6.367466e-05
0,0.0,6.080528e-05
1,1.0,0.999919
0,0.0,6.280188e-05
1,1.0,0.99949944
1,1.0,0.99902016
1,1.0,0.9997706
0,0.0,6.1639555e-05
1,1.0,0.9989645
0,0.0,6.226828e-05
1,1.0,0.9998315
1,1.0,0.9999926
0,0.0,0.00020567648
0,0.0,0.00060105004
1,1.0,0.9999371
0,0.0,4.9709037e-05
1,1.0,0.9993229
1,1.0,0.99950516
1,1.0,0.9989519
1,1.0,0.99995047
1,1.0,0.9999665
1,1.0,0.99895597
1,1.0,0.99995375
0,0.0,5.067428e-05
1,1.0,0.9994729
1,1.0,0.9999931
0,0.0,2.4742929e-05
1,1.0,0.9988496
1,1.0,0.9989656
1,1.0,0.99888384
0,0.0,5.0614777e-05
0,0.0,8.353738e-05
0,0.0,6.175858e-05
1,1.0,0.99894446
1,1.0,0.99991804
1,1.0,0.99965054
1,1.0,0.99936056
0,0.0,4.5180463e-05
1,1.0,0.9989291
1,1.0,0.9994401
1,1.0,0.9998026
1,1.0,0.9994953
0,0.0,0.00028153812
1,1.0,0.9997696
0,0.0,4.991543e-05
1,1.0,0.9989401
1,1.0,0.9992038
1,1.0,0.9994729
1,1.0,0.9986936
0,0.0,0.00024957588
1,1.0,0.9989382
1,1.0,0.99982804
1,1.0,0.99884707
1,1.0,0.9999305
1,1.0,0.99979025
0,0.0,6.17584e-05
0,0.0,0.00013874099
1,1.0,0.99920106
0,0.0,0.000115294075
1,1.0,0.99878985
1,1.0,0.99932307
0,0.0,6.2790205e-05
1,1.0,0.9997396
1,1.0,0.99992174
0,0.0,4.928357e-05
0,0.0,6.341041e-05
1,1.0,0.9994664
0,0.0,5.4627082e-05
1,1.0,0.9989974
0,0.0,6.533042e-05
0,0.0,0.00013081555
0,0.0,5.0898612e-05
0,0.0,0.0001597143
0,0.0,6.363921e-05
0,0.0,4.7815156e-05
0,0.0,4.3563337e-05
1,1.0,0.9998539
1,1.0,0.9996905
1,1.0,0.9998684
1,1.0,0.9991625
0,0.0,5.6479726e-05
0,0.0,6.1847044e-05
0,0.0,7.031546e-05
0,0.0,0.0008359421
0,0.0,6.367387e-05
1,1.0,0.99992484
0,0.0,8.354311e-05
1,1.0,0.9995756
0,0.0,5.958868e-05
0,0.0,5.535759e-05
1,1.0,0.9999065
1,1.0,0.9998216
0,0.0,0.000123758
1,1.0,0.99878657
1,1.0,0.99944264
0,0.0,6.2834944e-05
0,0.0,6.283405e-05
0,0.0,9.6107e-05
1,1.0,0.9997868
1,1.0,0.9995453
1,1.0,0.99907905
1,1.0,0.99974
0,0.0,0.00010353936
1,1.0,0.99984306
1,1.0,0.9997924
0,0.0,3.68559e-05
0,0.0,6.178822e-05
0,0.0,6.253337e-05
1,1.0,0.9998173
1,1.0,0.9999149
1,1.0,0.9994685
1,1.0,0.99896973
0,0.0,2.520945e-05
0,0.0,7.2916744e-05
1,1.0,0.99995446
1,1.0,0.9989539
1,1.0,0.9992084
1,1.0,0.99976826
1,1.0,0.99879116
0,0.0,6.322661e-05
0,0.0,6.162768e-05
1,1.0,0.9996068
1,1.0,0.99981636
0,0.0,6.908874e-05
1,1.0,0.9995346
1,1.0,0.9999156
0,0.0,4.3595664e-05
0,0.0,6.5991444e-05
0,0.0,5.1476705e-05
1,1.0,0.99878126
0,0.0,6.279458e-05
0,0.0,5.7553436e-05
0,0.0,5.4214088e-05
0,0.0,0.00011529848
0,0.0,0.0002028136
0,0.0,0.00080687436
0,0.0,5.1679894e-05
1,1.0,0.999471
0,0.0,6.169294e-05
0,0.0,4.0953473e-05
1,1.0,0.99889326
1,1.0,0.99946314
0,0.0,0.0008377721
1,1.0,0.9995643
0,0.0,6.76152e-05
0,0.0,6.533928e-05
1,1.0,0.999983
1,1.0,0.9972042
0,0.0,4.867641e-05
1,1.0,0.99906623
1,1.0,0.9989504
1,1.0,0.99880856
1,1.0,0.99896276
1,1.0,0.9998223
1,1.0,0.99880713
1,1.0,0.9991286
0,0.0,0.00028523416
1,1.0,0.999312
0,0.0,6.1700004e-05
1,1.0,0.9994775
0,0.0,6.475713e-05
0,0.0,5.8307392e-05
1,1.0,0.99896514
0,0.0,6.1077255e-05
1,1.0,0.9994956
0,0.0,6.2570776e-05
1,1.0,0.9996358
1,1.0,0.99977547
1,1.0,0.9986934
0,0.0,3.6851263e-05
1,1.0,0.99949634
1,1.0,0.99904597
0,0.0,0.0002059736
1,1.0,0.9998593
1,1.0,0.99955636
0,0.0,5.4483284e-05
1,1.0,0.99979067
1,1.0,0.9989442
0,0.0,3.68552e-05
1,1.0,0.99881935
0,0.0,6.368341e-05
1,1.0,0.9995331
1,1.0,0.9999173
0,0.0,0.00010899291
0,0.0,5.844902e-05
0,0.0,7.3407915e-05
1,1.0,0.9989646
1,1.0,0.99975336
0,0.0,6.741676e-05
1,1.0,0.99966025
1,1.0,0.9998502
1,1.0,0.99913526
1,1.0,0.998398
0,0.0,6.175834e-05
1,1.0,0.9999063
0,0.0,9.684584e-05
0,0.0,2.398416e-05
0,0.0,5.023586e-05
1,1.0,0.9999177
1,1.0,0.99966025
0,0.0,6.18543e-05
1,1.0,0.9999263
0,0.0,7.326147e-05
0,0.0,0.00076130446
0,0.0,0.0005477964
0,0.0,0.00014811855
1,1.0,0.999885
0,0.0,1.8514314e-05
0,0.0,2.3289667e-05
0,0.0,4.702144e-05
0,0.0,4.8319005e-05
1,1.0,0.99954945
0,0.0,3.0470917e-05
0,0.0,0.00011238575
0,0.0,6.176076e-05
0,0.0,6.6952525e-05
1,1.0,0.9994666
1,1.0,0.99946666
1,1.0,0.9990849
0,0.0,6.697072e-05
0,0.0,0.00014637265
1,1.0,0.99976724
0,0.0,9.554821e-05
0,0.0,4.4655815e-05
1,1.0,0.99870056
0,0.0,7.952538e-05
0,0.0,6.1704595e-05
0,0.0,0.00054507185
1,1.0,0.99920845
1,1.0,0.99893814
1,1.0,0.999783
0,0.0,5.765935e-05
0,0.0,0.00025281098
1,1.0,0.99887466
0,0.0,2.6924636e-05
1,1.0,0.99954015
0,0.0,0.0001220784
1,1.0,0.99986327
1,1.0,0.99862576
1,1.0,0.99978644
1,1.0,0.9997666
0,0.0,6.0803886e-05
0,0.0,4.466101e-05
1,1.0,0.999881
1,1.0,0.99884015
1,1.0,0.9994664
1,1.0,0.99991757
0,0.0,4.9284183e-05
1,1.0,0.9998108
1,1.0,0.9990485
0,0.0,0.00014636623
0,0.0,0.00012281985
0,0.0,0.0002496906
1,1.0,0.9991268
1,1.0,0.9998208
1,1.0,0.999653
1,1.0,0.999783
1,1.0,0.99964464
1,1.0,0.9997402
1,1.0,0.998233
0,0.0,6.821537e-05
1,1.0,0.99949956
1,1.0,0.9996551
1,1.0,0.999657
0,0.0,5.222606e-05
0,0.0,0.00028143395
0,0.0,3.9850544e-05
1,1.0,0.99914736
1,1.0,0.9999154
1,1.0,0.99986404
1,1.0,0.9996219
0,0.0,7.0535343e-06
1,1.0,0.99967647
0,0.0,6.108384e-05
0,0.0,5.419403e-05
1,1.0,0.999736
0,0.0,5.6971552e-05
1,1.0,0.9994053
1,1.0,0.9994664
1,1.0,0.99896723
1,1.0,0.99958426
0,0.0,1.6344393e-05
0,0.0,4.8339556e-05
1,1.0,0.99662554
0,0.0,5.3492855e-05
0,0.0,6.7162015e-05
1,1.0,0.99914575
0,0.0,7.393799e-05
0,0.0,6.2794934e-05
0,0.0,6.2383224e-05
0,0.0,8.635558e-05
0,0.0,0.00015974065
0,0.0,0.00011103917
0,0.0,0.0001168946
1,1.0,0.9989539
1,1.0,0.99991673
1,1.0,0.99991685
0,0.0,0.00031056462
1,1.0,0.9990547
0,0.0,0.00014170088
0,0.0,0.00015974598
0,0.0,5.349265e-05
0,0.0,3.1223077e-05
0,0.0,5.4604687e-05
0,0.0,2.32609e-05
0,0.0,2.332901e-05
0,0.0,0.000121395606
0,0.0,0.0010219938
1,1.0,0.9994719
0,0.0,5.026547e-05
0,0.0,7.256949e-05
1,1.0,0.99973965
0,0.0,0.0009794924
0,0.0,0.00012344259
1,1.0,0.9987998
0,0.0,6.278158e-05
0,0.0,9.064461e-05
1,1.0,0.9999099
0,0.0,0.00019947864
1,1.0,0.9993883
0,0.0,5.0472783e-05
1,1.0,0.99925
0,0.0,6.509449e-05
1,1.0,0.99894005
1,1.0,0.9988483
1,1.0,0.9997636
0,0.0,5.8872647e-05
1,1.0,0.99978465
1,1.0,0.9997515
1,1.0,0.99959177
0,0.0,6.522013e-05
1,1.0,0.99896264
0,0.0,0.00014638883
1,1.0,0.9988354
1,1.0,0.99991554
0,0.0,4.7807225e-05
1,1.0,0.99985987
0,0.0,6.1637205e-05
1,1.0,0.99946624
1,1.0,0.99943084
0,0.0,6.976297e-05
0,0.0,6.823209e-05
1,1.0,0.99985135
1,1.0,0.9994364
1,1.0,0.9991049
1,1.0,0.9995372
1,1.0,0.9989704
1,1.0,0.9998668
1,1.0,0.99916387
1,1.0,0.99941903
0,0.0,9.6873264e-05
1,1.0,0.99946666
1,1.0,0.99829787
0,0.0,9.5330244e-05
1,1.0,0.9997645
1,1.0,0.99896985
1,1.0,0.9994674
1,1.0,0.9999353
1,1.0,0.9989646
1,1.0,0.9992092
1,1.0,0.9989813
0,0.0,6.400383e-05
0,0.0,3.6558948e-05
0,0.0,7.25053e-05
0,0.0,5.8597016e-05
1,1.0,0.9989696
0,0.0,6.1790044e-05
1,1.0,0.9984897
1,1.0,0.9992009
1,1.0,0.99860495
0,0.0,5.859668e-05
0,0.0,5.830906e-05
0,0.0,3.1404787e-05
1,1.0,0.99947405
0,0.0,9.634117e-05
1,1.0,0.9999541
1,1.0,0.99982685
1,1.0,0.9997852
0,0.0,6.6066e-05
1,1.0,0.9997662
0,0.0,4.7989837e-05
0,0.0,6.184014e-05
1,1.0,0.9989612
0,0.0,5.032432e-05
1,1.0,0.9996742
0,0.0,6.836703e-05
0,0.0,5.84513e-05
1,1.0,0.9989997
0,0.0,6.367521e-05
0,0.0,0.00011310671
0,0.0,6.5456836e-05
1,1.0,0.9989574
0,0.0,0.0001238059
1,1.0,0.9992305
1,1.0,0.99946237
0,0.0,6.341373e-05
1,1.0,0.99958867
0,0.0,2.8654793e-05
0,0.0,6.0803653e-05
1,1.0,0.9998072
1,1.0,0.99965215
0,0.0,6.252747e-05
0,0.0,7.110356e-05
0,0.0,8.6935026e-05
0,0.0,6.533285e-05
1,1.0,0.99983305
0,0.0,0.00012311497
0,0.0,0.00019481704
0,0.0,0.00015989745
1,1.0,0.9990009
0,0.0,0.0003138423
0,0.0,6.176123e-05
0,0.0,4.7142265e-05
1,1.0,0.9989418
1,1.0,0.9990754
0,0.0,0.00028795833
1,1.0,0.9993787
1,1.0,0.9990802
1,1.0,0.99975765
1,1.0,0.99993175
1,1.0,0.9989657
1,1.0,0.9997174
1,1.0,0.99870527
0,0.0,4.8374743e-05
1,1.0,0.9998033
1,1.0,0.99978393
1,1.0,0.999617
0,0.0,7.341092e-05
0,0.0,3.985495e-05
0,0.0,6.779061e-05
0,0.0,0.00071163924
0,0.0,0.00012095398
1,1.0,0.99852395
1,1.0,0.99944
0,0.0,8.554482e-05
0,0.0,8.347886e-05
0,0.0,0.0005880931
1,1.0,0.9999154
1,1.0,0.9988952
1,1.0,0.9997601
0,0.0,0.000203016
0,0.0,0.000184524
1,1.0,0.9991628
0,0.0,0.0002814184
1,1.0,0.99942523
1,1.0,0.9998472
1,1.0,0.99996406
1,1.0,0.99980146
1,1.0,0.9990926
0,0.0,0.0002814525
1,1.0,0.9991317
0,0.0,0.00011251195
1,1.0,0.9999366
0,0.0,7.0498885e-05
0,0.0,7.353852e-05
1,1.0,0.9990422
0,0.0,6.164202e-05
0,0.0,8.16544e-05
1,1.0,0.9994838
1,1.0,0.9988838
1,1.0,0.9997943
0,0.0,4.6876154e-05
0,0.0,2.9909257e-05
0,0.0,5.4532302e-05
0,0.0,4.121751e-05
1,1.0,0.9996552
1,1.0,0.99945194
0,0.0,5.533632e-05
0,0.0,6.36593e-05
1,1.0,0.99879646
1,1.0,0.99979347
1,1.0,0.99945945
1,1.0,0.9999309
1,1.0,0.99991727
0,0.0,4.358452e-05
1,1.0,0.99947274
1,1.0,0.9998332
1,1.0,0.99915725
0,0.0,5.3280713e-05
1,1.0,0.99953467
0,0.0,0.00014636958
0,0.0,2.4805278e-05
0,0.0,6.238275e-05
0,0.0,0.00020276933
0,0.0,5.6732246e-05
1,1.0,0.9998527
1,1.0,0.9993889
0,0.0,0.00023855809
1,1.0,0.9988055
1,1.0,0.9999476
1,1.0,0.99944824
1,1.0,0.9989626
0,0.0,4.4660927e-05
1,1.0,0.9994304
1,1.0,0.99864435
1,1.0,0.99967927
0,0.0,6.400517e-05
0,0.0,2.3309663e-05
1,1.0,0.9987865
0,0.0,4.6011635e-05
0,0.0,1.938987e-05
0,0.0,4.6883397e-05
0,0.0,4.7389894e-05
0,0.0,9.1993454e-05
1,1.0,0.9998633
0,0.0,0.00028146268
0,0.0,0.00037990377
0,0.0,0.000115077266
1,1.0,0.99978703
0,0.0,0.00013077192
1,1.0,0.99878246
1,1.0,0.99896336
0,0.0,6.4998785e-05
0,0.0,4.78168e-05
1,1.0,0.99861693
1,1.0,0.9978045
1,1.0,0.99894345
1,1.0,0.99950004
1,1.0,0.9986748
0,0.0,5.3519187e-05
0,0.0,6.268832e-05
1,1.0,0.999898
0,0.0,8.166001e-05
0,0.0,6.095541e-05
1,1.0,0.99896806
0,0.0,5.8313955e-05
1,1.0,0.99991214
0,0.0,0.00033593638
1,1.0,0.9986798
0,0.0,5.390843e-05
1,1.0,0.9989505
0,0.0,6.089487e-05
0,0.0,4.12205e-05
1,1.0,0.9998984
1,1.0,0.99920917
0,0.0,6.170094e-05
0,0.0,7.75924e-05
1,1.0,0.9994664
1,1.0,0.9990633
0,0.0,0.0008191866
1,1.0,0.9999162
0,0.0,5.2226856e-05
1,1.0,0.9996602
0,0.0,5.6891477e-05
0,0.0,6.7548805e-05
0,0.0,0.0003359008
0,0.0,6.2383224e-05
1,1.0,0.99982786
0,0.0,4.944782e-05
1,1.0,0.99895597
0,0.0,5.420096e-05
1,1.0,0.99878967
1,1.0,0.998913
1,1.0,0.99861574
1,1.0,0.9989443
0,0.0,5.3168034e-05
1,1.0,0.9997496
0,0.0,6.904206e-05
1,1.0,0.999794
1,1.0,0.9993281
1,1.0,0.9996418
0,0.0,0.00038651322
0,0.0,5.6435365e-05
1,1.0,0.9989562
0,0.0,9.2458155e-05
1,1.0,0.99962527
0,0.0,8.354217e-05
0,0.0,8.168384e-05
0,0.0,0.00028560124
1,1.0,0.99940485
1,1.0,0.9997521
1,1.0,0.99978477
0,0.0,8.2552724e-05
0,0.0,8.255564e-05
1,1.0,0.99839514
1,1.0,0.99895173
1,1.0,0.9999317
1,1.0,0.99898833
0,0.0,0.0001125244
0,0.0,4.7239017e-05
1,1.0,0.99946314
1,1.0,0.99893814
1,1.0,0.9999026
1,1.0,0.99896556
0,0.0,0.00024666145
1,1.0,0.9998087
1,1.0,0.99896455
1,1.0,0.9989382
0,0.0,2.4878196e-05
1,1.0,0.99869686
1,1.0,0.99976206
0,0.0,6.0643193e-05
1,1.0,0.99902993
1,1.0,0.9999063
0,0.0,4.0976367e-05
1,1.0,0.99924016
1,1.0,0.9986981
0,0.0,6.5663895e-05
1,1.0,0.99895054
0,0.0,0.000118810516
1,1.0,0.99984473
0,0.0,6.28014e-05
1,1.0,0.998626
0,0.0,0.00013082766
1,1.0,0.9994317
1,1.0,0.9994195
1,1.0,0.99979323
1,1.0,0.9997141
1,1.0,0.9997811
0,0.0,4.8919934e-05
1,1.0,0.9999357
1,1.0,0.999471
0,0.0,5.44876e-05
1,1.0,0.99879557
0,0.0,7.552261e-05
1,1.0,0.999783
1,1.0,0.9996849
1,1.0,0.99938154
1,1.0,0.99942875
1,1.0,0.9997864
1,1.0,0.99946815
0,0.0,6.364655e-05
0,0.0,0.000112383386
1,1.0,0.99896455
1,1.0,0.9995136
1,1.0,0.9988333
0,0.0,0.00012307576
0,0.0,5.0465565e-05
1,1.0,0.9994993
0,0.0,4.3835164e-05
1,1.0,0.99943084
1,1.0,0.9994715
1,1.0,0.9988036
1,1.0,0.9989886
1,1.0,0.9990185
1,1.0,0.99955195
1,1.0,0.99866617
1,1.0,0.9997725
0,0.0,0.00028266665
1,1.0,0.99899983
1,1.0,0.99987966
1,1.0,0.99946886
1,1.0,0.99991834
0,0.0,5.8600705e-05
1,1.0,0.99949694
0,0.0,7.035403e-05
1,1.0,0.99893814
1,1.0,0.99990124
1,1.0,0.9989915
0,0.0,0.000114841576
1,1.0,0.9995189
0,0.0,0.00052684126
1,1.0,0.9988485
0,0.0,5.4424963e-05
0,0.0,0.00012319846
0,0.0,0.0001567051
1,1.0,0.9990503
1,1.0,0.9986172
1,1.0,0.9989574
1,1.0,0.9989676
1,1.0,0.9997268
1,1.0,0.999894
1,1.0,0.99893636
0,0.0,4.5460605e-05
0,0.0,0.00026466392
1,1.0,0.99874526
0,0.0,3.7123853e-05
1,1.0,0.9986986
0,0.0,5.6764395e-05
1,1.0,0.9989443
1,1.0,0.99859697
0,0.0,4.2860047e-05
0,0.0,0.00024804604
1,1.0,0.9999176
0,0.0,4.2095722e-05
0,0.0,2.5132635e-05
0,0.0,0.00028159688
1,1.0,0.999209
0,0.0,2.3336243e-05
1,1.0,0.9997591
0,0.0,8.5593536e-05
0,0.0,5.8447346e-05
0,0.0,7.09513e-05
0,0.0,4.7984984e-05
1,1.0,0.9997886
0,0.0,6.6825974e-05
0,0.0,6.341427e-05
0,0.0,6.322149e-05
0,0.0,4.34982e-05
0,0.0,0.0008517944
0,0.0,0.0002450576
1,1.0,0.9992385
1,1.0,0.9988965
1,1.0,0.9987358
1,1.0,0.9984991
1,1.0,0.9999282
0,0.0,4.9005608e-05
1,1.0,0.99991345
1,1.0,0.9994957
0,0.0,6.281722e-05
1,1.0,0.9997785
0,0.0,0.00013077143
0,0.0,5.5550874e-05
1,1.0,0.99991775
1,1.0,0.99982625
0,0.0,6.322685e-05
0,0.0,2.4796527e-05
1,1.0,0.99911773
1,1.0,0.9989353
0,0.0,0.00045121706
0,0.0,6.279739e-05
0,0.0,5.3806172e-05
0,0.0,6.268927e-05
1,1.0,0.9994276
1,1.0,0.99932253
1,1.0,0.999917
1,1.0,0.99991
1,1.0,0.99985665
1,1.0,0.99897945
1,1.0,0.9989627
1,1.0,0.99977666
0,0.0,0.00019007103
0,0.0,0.00015977341
0,0.0,6.4111824e-05
0,0.0,4.352907e-05
1,1.0,0.999422
0,0.0,6.1639024e-05
1,1.0,0.9994956
1,1.0,0.9987099
0,0.0,0.000114237584
1,1.0,0.99906963
1,1.0,0.9988841
0,0.0,6.368177e-05
1,1.0,0.99958867
1,1.0,0.999215
1,1.0,0.9994686
0,0.0,6.256971e-05
1,1.0,0.99992436
1,1.0,0.9994304
0,0.0,0.00025141967
1,1.0,0.998896
0,0.0,1.6912154e-05
1,1.0,0.9997548
1,1.0,0.9995056
1,1.0,0.9998721
0,0.0,2.3302753e-05
0,0.0,0.00014638326
0,0.0,2.4817962e-05
0,0.0,0.00031219915
0,0.0,7.467093e-05
1,1.0,0.9995523
0,0.0,7.905877e-05
0,0.0,0.00012372743
1,1.0,0.9989997
1,1.0,0.998956
0,0.0,5.4981734e-05
1,1.0,0.99875754
1,1.0,0.9989813
0,0.0,0.00012781512
1,1.0,0.99944
1,1.0,0.9995739
1,1.0,0.99942875
0,0.0,6.364097e-05
1,1.0,0.99990696
0,0.0,4.9025337e-05
0,0.0,5.8449354e-05
1,1.0,0.99956113
1,1.0,0.99977857
1,1.0,0.99979407
1,1.0,0.9999669
1,1.0,0.99946314
1,1.0,0.99894434
1,1.0,0.99946123
1,1.0,0.9990579
1,1.0,0.9989401
1,1.0,0.999869
1,1.0,0.99888384
1,1.0,0.9992172
0,0.0,6.996277e-05
1,1.0,0.9996701
0,0.0,6.3638356e-05
0,0.0,6.425272e-05
0,0.0,0.0007789799
1,1.0,0.99968606
1,1.0,0.99989504
0,0.0,6.159395e-05
0,0.0,0.0001463693
0,0.0,6.84153e-05
0,0.0,7.576786e-05
1,1.0,0.9994592
1,1.0,0.99944
0,0.0,8.354725e-05
1,1.0,0.9990206
1,1.0,0.9994608
1,1.0,0.9988838
1,1.0,0.9986138
1,1.0,0.99987656
1,1.0,0.9989997
1,1.0,0.99973303
1,1.0,0.9995195
1,1.0,0.99920094
1,1.0,0.99944
1,1.0,0.99940234
0,0.0,4.7387137e-05
1,1.0,0.99868625
0,0.0,7.26012e-05
0,0.0,0.00011310908
1,1.0,0.99921757
1,1.0,0.9990752
0,0.0,4.9760878e-05
1,1.0,0.99922025
0,0.0,0.0010518824
0,0.0,4.6886304e-05
0,0.0,6.533659e-05
1,1.0,0.99949485
1,1.0,0.9994698
1,1.0,0.99837846
1,1.0,0.9994682
1,1.0,0.999539
1,1.0,0.99849635
1,1.0,0.9996603
0,0.0,0.00012344081
0,0.0,0.00011530188
1,1.0,0.99894875
1,1.0,0.9995809
0,0.0,0.00013082504
1,1.0,0.9989627
1,1.0,0.9994278
1,1.0,0.9987449
0,0.0,0.00043281462
1,1.0,0.9992092
1,1.0,0.99949485
1,1.0,0.99907905
1,1.0,0.99893814
0,0.0,7.349589e-05
0,0.0,2.3305507e-05
1,1.0,0.9997835
1,1.0,0.9994278
0,0.0,5.2815256e-05
1,1.0,0.9997418
0,0.0,6.0906485e-05
1,1.0,0.99878114
1,1.0,0.9998632
0,0.0,5.0259332e-05
1,1.0,0.99946666
0,0.0,4.933393e-05
0,0.0,5.8919602e-05
1,1.0,0.99914837
1,1.0,0.99871236
0,0.0,0.0001463894
0,0.0,6.024881e-05
0,0.0,7.151933e-05
0,0.0,8.255501e-05
0,0.0,0.00020571786
0,0.0,6.323004e-05
0,0.0,0.0002815542
0,0.0,6.341222e-05
1,1.0,0.9998173
0,0.0,9.687724e-05
1,1.0,0.99878436
1,1.0,0.99979657
0,0.0,0.00012246831
0,0.0,6.498905e-05
0,0.0,6.3414336e-05
0,0.0,7.179876e-05
0,0.0,4.8091362e-05
0,0.0,5.830778e-05
1,1.0,0.9997708
0,0.0,0.00011863584
1,1.0,0.9997857
1,1.0,0.9992457
1,1.0,0.9998503
0,0.0,5.046181e-05
0,0.0,7.075623e-05
0,0.0,4.78626e-05
0,0.0,0.0003182531
1,1.0,0.9996568
0,0.0,0.00020576909
0,0.0,6.533255e-05
1,1.0,0.99978054
0,0.0,0.00039444305
0,0.0,4.964229e-05
1,1.0,0.9997903
1,1.0,0.9998449
0,0.0,6.3606145e-05
1,1.0,0.9987533
0,0.0,5.2807398e-05
0,0.0,5.4126118e-05
0,0.0,2.4284533e-05
0,0.0,7.02339e-05
0,0.0,4.7438276e-05
1,1.0,0.9994401
0,0.0,3.6854144e-05
1,1.0,0.9992084
1,1.0,0.9997011
1,1.0,0.9989996
1,1.0,0.99983686
1,1.0,0.999827
0,0.0,5.3767493e-05
0,0.0,3.1095093e-05
1,1.0,0.99946666
1,1.0,0.99919176
1,1.0,0.99981064
0,0.0,4.9813007e-05
1,1.0,0.99946624
1,1.0,0.99841654
1,1.0,0.9981383
0,0.0,0.00011638853
0,0.0,9.618768e-05
1,1.0,0.99945587
1,1.0,0.9999207
0,0.0,6.32251e-05
1,1.0,0.99991804
1,1.0,0.9993818
1,1.0,0.99934614
1,1.0,0.99905306
0,0.0,6.2786734e-05
0,0.0,4.0640058e-05
0,0.0,0.00011484333
1,1.0,0.9989382
0,0.0,0.00020592882
0,0.0,0.00012660322
0,0.0,0.000112516675
0,0.0,8.164677e-05
1,1.0,0.9994086
0,0.0,7.780958e-05
1,1.0,0.9986049
1,1.0,0.99892896
0,0.0,7.2325754e-05
1,1.0,0.9993676
1,1.0,0.9999128
0,0.0,6.17597e-05
0,0.0,0.0012181288
1,1.0,0.9998506
1,1.0,0.99991727
1,1.0,0.9998705
1,1.0,0.9989442
0,0.0,9.303896e-05
1,1.0,0.99889344
0,0.0,6.7493565e-05
1,1.0,0.998743
0,0.0,5.0898612e-05
0,0.0,2.9915962e-05
0,0.0,0.0006402889
0,0.0,5.4599426e-05
1,1.0,0.9991605
0,0.0,0.00052362465
1,1.0,0.9994321
1,1.0,0.9998643
1,1.0,0.99975985
1,1.0,0.9989696
1,1.0,0.99892914
0,0.0,0.00028147746
0,0.0,0.00014734182
1,1.0,0.99948436
1,1.0,0.99929625
1,1.0,0.99978894
1,1.0,0.999469
1,1.0,0.99946964
0,0.0,4.351629e-05
0,0.0,6.283914e-05
1,1.0,0.9989129
1,1.0,0.9997027
1,1.0,0.99916637
0,0.0,7.110478e-05
1,1.0,0.99946517
1,1.0,0.9998999
1,1.0,0.99946123
1,1.0,0.9994304
0,0.0,0.00036310725
0,0.0,8.165565e-05
0,0.0,5.644327e-05
0,0.0,4.9384955e-05
0,0.0,4.3465356e-05
0,0.0,4.5164434e-05
0,0.0,0.0008163755
1,1.0,0.99896485
1,1.0,0.99920154
1,1.0,0.9994996
1,1.0,0.9999025
0,0.0,0.00032627807
1,1.0,0.9995124
0,0.0,3.585873e-05
0,0.0,0.00095478224
0,0.0,5.2509313e-05
1,1.0,0.99957913
0,0.0,9.284797e-05
1,1.0,0.99896723
0,0.0,4.060418e-05
0,0.0,8.162902e-05
1,1.0,0.99881625
0,0.0,0.00018394904
0,0.0,5.3791086e-05
1,1.0,0.99946123
1,1.0,0.99958056
0,0.0,6.108541e-05
0,0.0,5.0314484e-05
0,0.0,6.4990665e-05
1,1.0,0.9998724
1,1.0,0.99987835
0,0.0,6.178792e-05
1,1.0,0.998791
0,0.0,4.7374087e-05
0,0.0,0.00029214224
1,1.0,0.9991836
1,1.0,0.9997265
1,1.0,0.9989352
1,1.0,0.9991092
1,1.0,0.9990671
1,1.0,0.9988932
1,1.0,0.9999175
1,1.0,0.99938196
0,0.0,6.238495e-05
1,1.0,0.99898845
0,0.0,6.322371e-05
1,1.0,0.9999187
0,0.0,6.3284583e-06
1,1.0,0.99899596
1,1.0,0.99904484
1,1.0,0.99909127
1,1.0,0.99946225
1,1.0,0.9990932
0,0.0,0.00012944134
1,1.0,0.99949944
1,1.0,0.99977165
0,0.0,7.027537e-05
1,1.0,0.9996384
0,0.0,0.001034012
0,0.0,6.163626e-05
1,1.0,0.9994625
1,1.0,0.99921244
1,1.0,0.99876666
0,0.0,4.122911e-05
1,1.0,0.9996945
1,1.0,0.99921274
1,1.0,0.99863994
0,0.0,5.9083388e-05
0,0.0,4.9949096e-05
0,0.0,0.00012983731
1,1.0,0.99979645
0,0.0,0.000121963916
0,0.0,6.268688e-05
1,1.0,0.99973416
0,0.0,5.8602156e-05
1,1.0,0.9989538
0,0.0,6.752164e-05
1,1.0,0.9994276
0,0.0,0.0005181862
1,1.0,0.9987885
0,0.0,6.989309e-05
1,1.0,0.99999374
1,1.0,0.9997396
1,1.0,0.9997451
1,1.0,0.9993794
1,1.0,0.9994956
1,1.0,0.99920845
1,1.0,0.99830306
1,1.0,0.99896723
1,1.0,0.99969125
0,0.0,5.1664032e-05
0,0.0,7.681723e-05
1,1.0,0.9996588
1,1.0,0.9989443
1,1.0,0.99896747
1,1.0,0.9998096
1,1.0,0.99974734
1,1.0,0.99896973
1,1.0,0.99983615
0,0.0,0.000114236274
1,1.0,0.9998557
1,1.0,0.994181
1,1.0,0.99978876
0,0.0,5.8599475e-05
1,1.0,0.99894893
1,1.0,0.9992125
0,0.0,6.494964e-05
0,0.0,0.000121976016
1,1.0,0.9999157
0,0.0,3.6857626e-05
1,1.0,0.9991508
1,1.0,0.99950755
0,0.0,4.9445367e-05
0,0.0,4.1788022e-05
1,1.0,0.9995048
1,1.0,0.99959624
0,0.0,5.831095e-05
0,0.0,7.353291e-05
0,0.0,5.3501833e-05
0,0.0,6.8848225e-05
0,0.0,6.178822e-05
0,0.0,4.362615e-05
1,1.0,0.99944
0,0.0,4.4642657e-05
0,0.0,6.185176e-05
1,1.0,0.9990779
0,0.0,0.0002802665
1,1.0,0.9994299
0,0.0,3.685376e-05
0,0.0,7.653565e-05
1,1.0,0.9989291
1,1.0,0.9992177
1,1.0,0.9989783
1,1.0,0.9993215
1,1.0,0.9991082
0,0.0,6.3646e-05
1,1.0,0.9997853
1,1.0,0.99979424
1,1.0,0.999991
1,1.0,0.9997334
1,1.0,0.9991507
1,1.0,0.9983995
1,1.0,0.9995386
0,0.0,7.127042e-05
0,0.0,0.00014186028
0,0.0,5.859981e-05
1,1.0,0.99946976
0,0.0,0.00012247228
1,1.0,0.9992092
0,0.0,0.00012665064
1,1.0,0.9993036
1,1.0,0.99895394
1,1.0,0.99965525
1,1.0,0.99909854
0,0.0,0.00028147612
1,1.0,0.9999359
1,1.0,0.9997712
0,0.0,0.00080689054
1,1.0,0.9989627
0,0.0,8.261463e-05
1,1.0,0.9988842
0,0.0,4.8675112e-05
0,0.0,1.0106611e-05
0,0.0,4.8122096e-05
0,0.0,6.793298e-05
0,0.0,3.121474e-05
1,1.0,0.9997522
1,1.0,0.9996266
1,1.0,0.9998769
1,1.0,0.99996656
0,0.0,5.534487e-05
1,1.0,0.99991554
1,1.0,0.99990636
0,0.0,4.799945e-05
0,0.0,3.684311e-05
0,0.0,6.3679945e-05
0,0.0,7.542659e-05
1,1.0,0.9989886
1,1.0,0.9997077
1,1.0,0.9998895
1,1.0,0.99984604
1,1.0,0.99944
1,1.0,0.9990418
1,1.0,0.9995562
0,0.0,4.355565e-05
0,0.0,5.466533e-05
0,0.0,6.239244e-05
1,1.0,0.99946785
0,0.0,0.00011238757
0,0.0,8.608968e-05
1,1.0,0.99920887
0,0.0,6.146041e-05
1,1.0,0.99880886
1,1.0,0.9994998
0,0.0,5.8600705e-05
0,0.0,5.8596233e-05
1,1.0,0.9999179
0,0.0,6.28032e-05
0,0.0,6.238072e-05
0,0.0,6.179081e-05
1,1.0,0.99989146
1,1.0,0.99941915
0,0.0,6.322263e-05
0,0.0,0.000113397546
1,1.0,0.99991214
0,0.0,4.688872e-05
1,1.0,0.9989746
1,1.0,0.99896485
1,1.0,0.9989657
1,1.0,0.9995096
0,0.0,0.00012320187
1,1.0,0.99954206
1,1.0,0.9999099
1,1.0,0.9990372
0,0.0,0.00012943987
0,0.0,4.060263e-05
1,1.0,0.9992085
0,0.0,5.4584747e-05
0,0.0,0.00047733376
1,1.0,0.9996588
0,0.0,6.758148e-05
0,0.0,3.6844445e-05
1,1.0,0.9986971
1,1.0,0.9999396
0,0.0,2.5872734e-05
1,1.0,0.99982226
0,0.0,0.00014638047
0,0.0,0.0003982892
0,0.0,0.0011152873
1,1.0,0.99955136
0,0.0,0.00011625942
0,0.0,6.283237e-05
1,1.0,0.9997947
0,0.0,5.0674567e-05
1,1.0,0.998973
1,1.0,0.9998456
1,1.0,0.9989362
1,1.0,0.9987527
0,0.0,6.283207e-05
1,1.0,0.9997663
1,1.0,0.99975264
1,1.0,0.99881005
1,1.0,0.99993
1,1.0,0.9990319
1,1.0,0.99965185
1,1.0,0.99941915
1,1.0,0.9994665
0,0.0,6.2382926e-05
1,1.0,0.99991584
0,0.0,6.873146e-05
1,1.0,0.999998
0,0.0,0.00019900354
0,0.0,0.0001463813
1,1.0,0.99893534
1,1.0,0.9986967
0,0.0,4.687687e-05
0,0.0,5.2808606e-05
1,1.0,0.9992138
0,0.0,0.0009890661
1,1.0,0.9997365
0,0.0,8.258115e-05
1,1.0,0.9992717
1,1.0,0.9986079
1,1.0,0.9996206
0,0.0,6.1783445e-05
0,0.0,6.3636595e-05
1,1.0,0.9995692
0,0.0,5.4489e-05
1,1.0,0.99896264
0,0.0,6.8518e-05
1,1.0,0.99953306
0,0.0,8.4064e-05
1,1.0,0.99896264
1,1.0,0.99979
1,1.0,0.99943215
1,1.0,0.9995902
0,0.0,2.3324494e-05
0,0.0,7.234728e-05
1,1.0,0.99978995
1,1.0,0.9989534
0,0.0,5.6970573e-05
1,1.0,0.99988675
1,1.0,0.9994847
1,1.0,0.9992786
1,1.0,0.99896276
0,0.0,0.0002735054
1,1.0,0.99980366
1,1.0,0.99920833
1,1.0,0.9998385
0,0.0,6.025082e-05
1,1.0,0.9988839
0,0.0,0.00019294844
1,1.0,0.9994988
1,1.0,0.9996381
0,0.0,6.178927e-05
0,0.0,3.1127554e-05
1,1.0,0.9991097
1,1.0,0.9999356
1,1.0,0.99974936
1,1.0,0.9997366
1,1.0,0.99905646
1,1.0,0.9994953
0,0.0,6.34147e-05
1,1.0,0.99982023
1,1.0,0.99946123
0,0.0,2.479752e-05
1,1.0,0.9994956
1,1.0,0.999034
0,0.0,7.8792946e-05
0,0.0,2.5043157e-05
1,1.0,0.9989443
0,0.0,3.5358542e-05
1,1.0,0.99895597
0,0.0,2.4217512e-05
0,0.0,6.254918e-05
0,0.0,9.612149e-05
0,0.0,4.448538e-05
1,1.0,0.9987069
1,1.0,0.9994376
0,0.0,6.175369e-05
1,1.0,0.9989291
1,1.0,0.9990433
1,1.0,0.998381
0,0.0,0.00043964986
1,1.0,0.9996513
0,0.0,0.00011237728
0,0.0,6.283303e-05
0,0.0,0.00011421634
0,0.0,6.3680556e-05
0,0.0,5.3774827e-05
0,0.0,6.9862836e-05
1,1.0,0.99963343
1,1.0,0.9989561
1,1.0,0.9993984
0,0.0,6.253701e-05
0,0.0,5.820284e-05
1,1.0,0.998697
0,0.0,5.279612e-05
1,1.0,0.99992293
1,1.0,0.99977165
0,0.0,0.00014637627
1,1.0,0.99986446
0,0.0,7.2556206e-05
0,0.0,0.00014637098
0,0.0,6.437115e-05
1,1.0,0.9996552
0,0.0,0.0001516946
0,0.0,5.461854e-05
0,0.0,8.354965e-05
0,0.0,6.3645944e-05
1,1.0,0.9988952
0,0.0,0.00012139607
1,1.0,0.99986213
1,1.0,0.9998453
0,0.0,4.688295e-05
1,1.0,0.999551
0,0.0,6.7900335e-05
1,1.0,0.99949926
1,1.0,0.9992012
1,1.0,0.9993389
1,1.0,0.9989504
0,0.0,6.5002874e-05
1,1.0,0.9995404
1,1.0,0.998711
0,0.0,5.8307392e-05
1,1.0,0.99978465
1,1.0,0.99987656
1,1.0,0.99894184
1,1.0,0.99931955
1,1.0,0.9989398
1,1.0,0.9995919
1,1.0,0.9989626
0,0.0,0.00012136273
1,1.0,0.9997667
1,1.0,0.9989624
1,1.0,0.99978757
0,0.0,6.36814e-05
0,0.0,6.533217e-05
1,1.0,0.99909514
1,1.0,0.999912
0,0.0,0.0002815118
1,1.0,0.9997928
0,0.0,6.364364e-05
0,0.0,4.085416e-05
1,1.0,0.99897206
0,0.0,5.4485674e-05
1,1.0,0.9996816
1,1.0,0.9993217
1,1.0,0.9995802
0,0.0,0.00028148148
1,1.0,0.9994401
1,1.0,0.9986992
0,0.0,7.153925e-05
0,0.0,0.00012247087
1,1.0,0.9990765
1,1.0,0.9989445
1,1.0,0.9989381
0,0.0,0.00011310347
1,1.0,0.99992174
1,1.0,0.9994127
0,0.0,0.00012207514
0,0.0,4.6874276e-05
1,1.0,0.99880993
1,1.0,0.9997696
1,1.0,0.9999122
1,1.0,0.9992009
0,0.0,0.00038395924
1,1.0,0.9994998
1,1.0,0.9991633
0,0.0,6.2691906e-05
0,0.0,6.400028e-05
0,0.0,5.8449743e-05
1,1.0,0.999783
0,0.0,5.497995e-05
1,1.0,0.99965715
1,1.0,0.99951077
0,0.0,4.761086e-05
1,1.0,0.9994997
1,1.0,0.99942005
1,1.0,0.99980783
0,0.0,5.5393284e-05
0,0.0,6.934736e-05
0,0.0,6.3672174e-05
1,1.0,0.99862015
0,0.0,4.9830534e-05
1,1.0,0.9997169
1,1.0,0.9987921
1,1.0,0.9994985
1,1.0,0.99978805
0,0.0,5.7242156e-05
1,1.0,0.9989997
1,1.0,0.99978536
1,1.0,0.99946237
0,0.0,4.7405083e-05
0,0.0,6.652453e-05
1,1.0,0.99892914
1,1.0,0.998783
0,0.0,0.00012196682
0,0.0,8.354821e-05
0,0.0,6.25326e-05
0,0.0,0.0001232008
0,0.0,5.085111e-05
0,0.0,7.258306e-05
0,0.0,5.0264032e-05
0,0.0,0.00012376248
0,0.0,6.2556515e-05
0,0.0,3.0049463e-05
1,1.0,0.9992055
1,1.0,0.99943036
1,1.0,0.9994375
0,0.0,4.892427e-05
0,0.0,0.00015945318
1,1.0,0.9992081
1,1.0,0.99970436
1,1.0,0.99977475
1,1.0,0.9990768
1,1.0,0.9989382
1,1.0,0.99985427
1,1.0,0.99978465
1,1.0,0.99946517
0,0.0,5.029074e-05
1,1.0,0.9996515
0,0.0,5.6970628e-05
1,1.0,0.99893814
1,1.0,0.99920094
0,0.0,0.000115075396
0,0.0,2.4794352e-05
1,1.0,0.9999193
0,0.0,4.994038e-05
0,0.0,3.685193e-05
0,0.0,5.924667e-05
1,1.0,0.99896973
1,1.0,0.9994996
0,0.0,4.929034e-05
1,1.0,0.9997578
1,1.0,0.99888396
1,1.0,0.99879944
0,0.0,6.108646e-05
1,1.0,0.9995859
1,1.0,0.99955547
0,0.0,5.7552337e-05
1,1.0,0.9997939
1,1.0,0.9994186
1,1.0,0.99890494
0,0.0,6.0251394e-05
0,0.0,2.9931514e-05
0,0.0,0.00012246585
1,1.0,0.9990561
0,0.0,4.781078e-05
1,1.0,0.99954534
0,0.0,6.176264e-05
0,0.0,4.8920912e-05
0,0.0,5.924825e-05
1,1.0,0.9996945
0,0.0,6.8168214e-05
0,0.0,0.0012249151
1,1.0,0.99894875
0,0.0,0.00014637015
0,0.0,5.0610288e-05
1,1.0,0.99874526
0,0.0,5.5342494e-05
0,0.0,6.8064415e-05
0,0.0,5.0247447e-05
1,1.0,0.9995123
1,1.0,0.9991195
0,0.0,0.0001342316
1,1.0,0.9998629
1,1.0,0.99893814
1,1.0,0.9989627
0,0.0,0.00012282231
0,0.0,0.0010290772
0,0.0,7.1254515e-05
1,1.0,0.9990576
1,1.0,0.99993587
0,0.0,0.00011289067
1,1.0,0.99299884
1,1.0,0.9989997
0,0.0,6.499593e-05
0,0.0,5.0157876e-05
0,0.0,2.3308596e-05
1,1.0,0.99883705
0,0.0,4.4328142e-05
1,1.0,0.99999225
1,1.0,0.9989574
0,0.0,6.1749684e-05
1,1.0,0.99984586
0,0.0,0.00036814492
0,0.0,0.00011695068
0,0.0,6.108471e-05
1,1.0,0.9994302
0,0.0,5.844891e-05
0,0.0,8.166576e-05
1,1.0,0.99848723
1,1.0,0.999727
1,1.0,0.99893814
0,0.0,7.229487e-05
0,0.0,9.1277274e-05
1,1.0,0.99895376
1,1.0,0.9986748
1,1.0,0.99946314
1,1.0,0.99993443
0,0.0,0.00025096224
0,0.0,6.364849e-05
0,0.0,4.0604027e-05
0,0.0,6.341488e-05
1,1.0,0.99963623
0,0.0,4.33164e-05
1,1.0,0.9994715
1,1.0,0.99969625
1,1.0,0.9989401
1,1.0,0.99982387
0,0.0,0.00025501224
1,1.0,0.9999344
1,1.0,0.99899507
1,1.0,0.9989506
1,1.0,0.9989399
1,1.0,0.9994492
0,0.0,2.9939394e-05
1,1.0,0.99967015
0,0.0,7.178431e-05
0,0.0,3.685587e-05
1,1.0,0.99896264
1,1.0,0.9993783
0,0.0,5.8676535e-05
1,1.0,0.99895805
1,1.0,0.99986494
0,0.0,5.0706476e-05
1,1.0,0.9990338
1,1.0,0.99947
0,0.0,0.0002814404
1,1.0,0.99917614
0,0.0,6.821907e-05
1,1.0,0.99991184
0,0.0,0.0002957557
1,1.0,0.99962723
1,1.0,0.9987854
1,1.0,0.9989177
0,0.0,0.0001214118
0,0.0,0.00011424107
1,1.0,0.99995625
1,1.0,0.9992084
0,0.0,3.5390927e-05
0,0.0,5.4522894e-05
0,0.0,8.238074e-05
1,1.0,0.99954104
1,1.0,0.99963456
0,0.0,5.4864573e-05
1,1.0,0.99954623
1,1.0,0.9994663
1,1.0,0.9999177
1,1.0,0.9989381
0,0.0,5.0489776e-05
1,1.0,0.99992186
0,0.0,0.00027644236
1,1.0,0.9994956
1,1.0,0.9989657
1,1.0,0.99893796
1,1.0,0.99897957
0,0.0,5.042756e-05
0,0.0,7.339671e-05
1,1.0,0.99981487
1,1.0,0.9991182
0,0.0,9.3672e-05
1,1.0,0.9994645
1,1.0,0.99898857
0,0.0,6.893291e-05
0,0.0,4.3103642e-05
0,0.0,6.836182e-05
1,1.0,0.9997529
0,0.0,6.565588e-05
1,1.0,0.99946123
1,1.0,0.99975
0,0.0,0.00012207363
1,1.0,0.99946916
1,1.0,0.99999374
1,1.0,0.9997394
0,0.0,5.3360847e-05
1,1.0,0.99836177
0,0.0,0.00012095271
1,1.0,0.999912
1,1.0,0.9991003
1,1.0,0.999342
1,1.0,0.9989625
0,0.0,6.5336346e-05
0,0.0,0.00047020952
1,1.0,0.9999165
0,0.0,0.000105747735
1,1.0,0.9998041
1,1.0,0.9989727
0,0.0,6.163485e-05
1,1.0,0.99893814
0,0.0,6.159677e-05
1,1.0,0.9995244
0,0.0,0.00012206851
1,1.0,0.9994999
0,0.0,0.0016961334
0,0.0,0.00025399338
0,0.0,2.99621e-05
0,0.0,5.7920293e-05
0,0.0,6.321515e-05
1,1.0,0.99944
1,1.0,0.9997904
1,1.0,0.99980587
0,0.0,5.342154e-05
1,1.0,0.9994652
0,0.0,0.0005921654
0,0.0,6.279853e-05
1,1.0,0.999772
1,1.0,0.99677694
1,1.0,0.99990666
0,0.0,7.826955e-05
0,0.0,5.605594e-05
1,1.0,0.9998592
0,0.0,7.1256356e-05
0,0.0,6.2381914e-05
1,1.0,0.99920857
1,1.0,0.99964744
0,0.0,0.00018594331
0,0.0,7.076196e-05
1,1.0,0.9988747
1,1.0,0.9989382
1,1.0,0.99920917
0,0.0,6.2387866e-05
1,1.0,0.9990369
1,1.0,0.9999505
0,0.0,6.8124675e-05
0,0.0,0.00019251402
1,1.0,0.99914074
1,1.0,0.9995891
1,1.0,0.9990787
1,1.0,0.99920094
1,1.0,0.9990451
1,1.0,0.9994594
1,1.0,0.9990823
1,1.0,0.99965733
1,1.0,0.99970126
0,0.0,0.00011310207
0,0.0,6.400786e-05
1,1.0,0.99909586
0,0.0,0.00028631117
1,1.0,0.99931824
0,0.0,0.00020566353
1,1.0,0.9997376
1,1.0,0.999912
0,0.0,0.00016071463
1,1.0,0.99978876
1,1.0,0.9989886
0,0.0,6.341403e-05
0,0.0,6.363071e-05
0,0.0,6.911919e-05
0,0.0,9.877043e-06
0,0.0,6.3640604e-05
1,1.0,0.998762
1,1.0,0.9987812
1,1.0,0.99944824
1,1.0,0.9994255
1,1.0,0.9988933
1,1.0,0.9994613
1,1.0,0.9999169
1,1.0,0.9991181
1,1.0,0.9995395
0,0.0,6.268377e-05
1,1.0,0.998929
1,1.0,0.9994965
1,1.0,0.9991024
1,1.0,0.99975073
0,0.0,0.00012375694
1,1.0,0.99907386
1,1.0,0.99898857
0,0.0,5.6735764e-05
1,1.0,0.99920833
1,1.0,0.99974185
0,0.0,6.322745e-05
0,0.0,4.361434e-05
1,1.0,0.99925905
0,0.0,6.367946e-05
1,1.0,0.9995468
0,0.0,6.2538085e-05
1,1.0,0.99944264
0,0.0,7.270997e-05
0,0.0,0.00015981468
0,0.0,6.1787505e-05
0,0.0,0.00012098697
1,1.0,0.9989646
0,0.0,5.3986056e-05
1,1.0,0.99905145
0,0.0,4.7607322e-05
1,1.0,0.9987911
0,0.0,4.3571847e-05
1,1.0,0.9986155
1,1.0,0.99943596
1,1.0,0.99946105
0,0.0,6.499655e-05
0,0.0,0.00011238457
1,1.0,0.9990927
0,0.0,6.175617e-05
1,1.0,0.9994208
1,1.0,0.9996929
1,1.0,0.9996023
0,0.0,2.3291466e-05
0,0.0,5.924571e-05
0,0.0,5.056605e-05
1,1.0,0.99850965
0,0.0,4.946451e-05
1,1.0,0.99996716
0,0.0,6.2688676e-05
0,0.0,4.7380458e-05
1,1.0,0.9996706
0,0.0,6.170018e-05
0,0.0,0.0001219681
1,1.0,0.9989547
1,1.0,0.9993386
1,1.0,0.9998648
1,1.0,0.9999042
1,1.0,0.9999086
1,1.0,0.99959654
0,0.0,0.0009993764
0,0.0,5.0265422e-05
1,1.0,0.9993214
0,0.0,5.673138e-05
1,1.0,0.9989442
1,1.0,0.9994161
1,1.0,0.9994826
0,0.0,0.000113108545
1,1.0,0.99949926
1,1.0,0.99895394
1,1.0,0.99999756
0,0.0,5.882439e-05
1,1.0,0.9989381
0,0.0,6.1782615e-05
0,0.0,6.534345e-05
1,1.0,0.99987096
0,0.0,5.428238e-05
1,1.0,0.99932563
0,0.0,6.279733e-05
0,0.0,7.029112e-05
1,1.0,0.99813646
1,1.0,0.9998516
0,0.0,7.302224e-05
1,1.0,0.9996503
1,1.0,0.99975973
0,0.0,0.0001127448
0,0.0,8.166631e-05
0,0.0,5.026283e-05
1,1.0,0.9994664
1,1.0,0.99943995
0,0.0,7.145444e-05
0,0.0,8.255029e-05
0,0.0,0.00012945961
1,1.0,0.9997206
0,0.0,0.00078990025
0,0.0,6.4007e-05
0,0.0,6.664645e-05
0,0.0,0.0001142171
0,0.0,0.00011506717
1,1.0,0.9992281
0,0.0,4.362794e-05
1,1.0,0.9999591
1,1.0,0.999201
0,0.0,7.68094e-05
0,0.0,5.346358e-05
0,0.0,6.364765e-05
0,0.0,6.2389176e-05
1,1.0,0.9989504
0,0.0,6.2689156e-05
1,1.0,0.9999189
0,0.0,6.469725e-05
1,1.0,0.999836
0,0.0,8.354837e-05
1,1.0,0.99992716
1,1.0,0.9988934
1,1.0,0.9994401
1,1.0,0.99958056
0,0.0,6.368408e-05
0,0.0,2.329722e-05
1,1.0,0.9997308
1,1.0,0.9990808
0,0.0,5.043054e-05
0,0.0,4.3565124e-05
1,1.0,0.9994427
1,1.0,0.9994567
1,1.0,0.9999356
0,0.0,5.844796e-05
1,1.0,0.9994472
0,0.0,0.00014638479
1,1.0,0.99966025
1,1.0,0.9995202
1,1.0,0.9994953
0,0.0,6.1849816e-05
1,1.0,0.99928534
1,1.0,0.9994665
1,1.0,0.9994278
0,0.0,5.946039e-05
1,1.0,0.9996589
1,1.0,0.9998056
1,1.0,0.9995346
1,1.0,0.9999124
1,1.0,0.9994684
0,0.0,6.622723e-05
1,1.0,0.9994251
1,1.0,0.9997749
1,1.0,0.9999884
1,1.0,0.9985995
0,0.0,0.00030759582
1,1.0,0.9996757
1,1.0,0.9989698
0,0.0,4.366186e-05
1,1.0,0.99908715
1,1.0,0.9989575
0,0.0,5.726558e-05
0,0.0,4.6886573e-05
1,1.0,0.99972373
1,1.0,0.9989729
1,1.0,0.99978334
1,1.0,0.99900085
0,0.0,4.4652665e-05
0,0.0,6.3679276e-05
1,1.0,0.9995892
0,0.0,6.26873e-05
1,1.0,0.9987846
0,0.0,6.333028e-05
1,1.0,0.99944
1,1.0,0.99946946
1,1.0,0.9990557
0,0.0,0.000330775
1,1.0,0.99894005
0,0.0,4.2095682e-05
0,0.0,0.00012944813
0,0.0,0.00011310401
0,0.0,5.646583e-05
0,0.0,4.46416e-05
1,1.0,0.99913335
1,1.0,0.9984996
1,1.0,0.99946636
1,1.0,0.9992139
1,1.0,0.99979407
1,1.0,0.99951977
1,1.0,0.9989697
1,1.0,0.9995495
1,1.0,0.9987531
1,1.0,0.9994954
1,1.0,0.9997657
1,1.0,0.9989441
0,0.0,5.1675754e-05
1,1.0,0.99974173
0,0.0,0.0010350507
0,0.0,5.084932e-05
1,1.0,0.99901986
1,1.0,0.9998873
1,1.0,0.9990796
0,0.0,8.010634e-05
0,0.0,4.938161e-05
1,1.0,0.9998219
0,0.0,5.4484117e-05
1,1.0,0.9987107
1,1.0,0.9994288
0,0.0,5.6441393e-05
1,1.0,0.9989885
0,0.0,5.227439e-05
0,0.0,2.3320246e-05
1,1.0,0.9997614
1,1.0,0.9998415
0,0.0,6.3679945e-05
1,1.0,0.99915606
0,0.0,4.060333e-05
1,1.0,0.9994329
1,1.0,0.99893826
1,1.0,0.9986076
1,1.0,0.9987908
0,0.0,0.00012026784
0,0.0,5.0244187e-05
0,0.0,5.6937224e-05
1,1.0,0.99974865
0,0.0,4.7382582e-05
0,0.0,6.2379535e-05
1,1.0,0.9989673
0,0.0,4.0816158e-05
0,0.0,6.364643e-05
0,0.0,2.329091e-05
0,0.0,6.0952505e-05
1,1.0,0.99981976
0,0.0,5.540813e-05
1,1.0,0.99949974
1,1.0,0.99894416
1,1.0,0.9997986
1,1.0,0.9997876
0,0.0,6.9887625e-05
0,0.0,6.364783e-05
0,0.0,0.00014182198
1,1.0,0.9999122
1,1.0,0.9991309
0,0.0,8.368839e-05
0,0.0,0.00012856086
1,1.0,0.99948573
1,1.0,0.9999017
1,1.0,0.9989698
1,1.0,0.9988333
1,1.0,0.9999117
1,1.0,0.9992641
0,0.0,0.0005038146
0,0.0,5.8306112e-05
0,0.0,0.00033910372
0,0.0,0.0002886444
1,1.0,0.99982715
0,0.0,8.2586426e-05
1,1.0,0.9993995
1,1.0,0.999605
1,1.0,0.9996769
1,1.0,0.9986866
1,1.0,0.999814
1,1.0,0.99969643
0,0.0,2.992358e-05
1,1.0,0.9998032
0,0.0,0.00012345059
0,0.0,0.00013082691
1,1.0,0.9989505
1,1.0,0.99966305
1,1.0,0.99894416
1,1.0,0.9997393
1,1.0,0.9994304
1,1.0,0.9995848
1,1.0,0.9996251
0,0.0,5.376693e-05
0,0.0,6.0205788e-05
0,0.0,4.8128983e-05
1,1.0,0.99920857
1,1.0,0.999918
0,0.0,0.000120979705
0,0.0,0.0012041546
0,0.0,0.00038197666
0,0.0,5.830656e-05
1,1.0,0.99916434
1,1.0,0.9989658
0,0.0,6.2624684e-05
1,1.0,0.9994467
1,1.0,0.9994954
0,0.0,5.72409e-05
1,1.0,0.99897534
1,1.0,0.9992083
0,0.0,6.322269e-05
1,1.0,0.9998428
0,0.0,6.952482e-05
1,1.0,0.9989291
0,0.0,7.0605456e-05
1,1.0,0.9997891
0,0.0,3.000742e-05
0,0.0,3.5769932e-05
0,0.0,6.340895e-05
1,1.0,0.9987372
1,1.0,0.9996588
0,0.0,5.3831314e-05
1,1.0,0.9984386
0,0.0,4.5181194e-05
0,0.0,5.830906e-05
1,1.0,0.9989218
0,0.0,6.222447e-05
1,1.0,0.9993403
0,0.0,4.8100806e-05
1,1.0,0.9989657
1,1.0,0.99941957
0,0.0,6.340496e-05
1,1.0,0.99942523
1,1.0,0.99992853
1,1.0,0.99868965
0,0.0,5.056162e-05
1,1.0,0.99993354
0,0.0,4.3665153e-05
0,0.0,4.3106807e-05
0,0.0,6.107988e-05
1,1.0,0.99967384
0,0.0,2.4801495e-05
0,0.0,4.7346624e-05
0,0.0,2.4808543e-05
0,0.0,4.5162193e-05
1,1.0,0.99936074
0,0.0,5.419434e-05
0,0.0,5.8448575e-05
1,1.0,0.9989698
1,1.0,0.998954
1,1.0,0.9989772
1,1.0,0.99990726
0,0.0,6.368286e-05
1,1.0,0.99985427
0,0.0,3.6482885e-05
1,1.0,0.9986966
0,0.0,6.255986e-05
1,1.0,0.9997932
1,1.0,0.99925244
1,1.0,0.9992093
1,1.0,0.9998838
1,1.0,0.9999365
1,1.0,0.9991444
0,0.0,2.998285e-05
0,0.0,7.4714015e-05
0,0.0,5.725946e-05
1,1.0,0.99991417
0,0.0,5.488943e-05
1,1.0,0.9999323
0,0.0,7.143692e-05
1,1.0,0.99987966
1,1.0,0.9997918
1,1.0,0.998747
1,1.0,0.99920094
0,0.0,6.2688734e-05
1,1.0,0.99888414
1,1.0,0.99978465
1,1.0,0.9997705
0,0.0,4.4462053e-05
0,0.0,0.0002815094
1,1.0,0.9992089
1,1.0,0.9989712
0,0.0,6.1758816e-05
1,1.0,0.9999575
1,1.0,0.99920875
1,1.0,0.9990887
1,1.0,0.99987966
1,1.0,0.9998437
1,1.0,0.99892914
1,1.0,0.9997707
0,0.0,6.9204994e-05
0,0.0,5.4631877e-05
0,0.0,0.00011338154
0,0.0,0.00014638536
1,1.0,0.99956495
0,0.0,0.0002646667
1,1.0,0.99949926
0,0.0,0.00029822817
0,0.0,7.399681e-05
1,1.0,0.9989644
0,0.0,0.000121368525
0,0.0,0.00027295706
1,1.0,0.99976563
1,1.0,0.9990527
0,0.0,9.511994e-05
0,0.0,6.256905e-05
1,1.0,0.99983203
0,0.0,5.1930714e-05
1,1.0,0.9989354
1,1.0,0.9989353
1,1.0,0.9997256
1,1.0,0.99978346
0,0.0,6.475756e-05
1,1.0,0.9994398
1,1.0,0.9991089
1,1.0,0.9997828
1,1.0,0.99952066
1,1.0,0.99990785
1,1.0,0.99978966
1,1.0,0.9998247
1,1.0,0.9997182
0,0.0,5.8307058e-05
1,1.0,0.9996648
1,1.0,0.9989676
1,1.0,0.9997701
1,1.0,0.9998317
1,1.0,0.99946237
0,0.0,6.002807e-05
1,1.0,0.99893534
1,1.0,0.99995434
0,0.0,2.9972362e-05
0,0.0,6.279673e-05
0,0.0,0.00012343965
1,1.0,0.99903315
1,1.0,0.99899966
1,1.0,0.9995746
0,0.0,8.355562e-05
1,1.0,0.99956924
0,0.0,0.00011506958
0,0.0,3.746792e-05
1,1.0,0.9989698
1,1.0,0.9999185
1,1.0,0.99727005
0,0.0,0.00012207072
1,1.0,0.999909
1,1.0,0.9997818
1,1.0,0.9999154
0,0.0,0.00012382302
0,0.0,8.260478e-05
0,0.0,5.083473e-05
1,1.0,0.99902564
1,1.0,0.9997307
1,1.0,0.9989401
1,1.0,0.9992011
1,1.0,0.99900645
1,1.0,0.99896777
0,0.0,6.34133e-05
0,0.0,5.830834e-05
0,0.0,2.7517288e-05
1,1.0,0.99968046
0,0.0,0.00012375729
0,0.0,7.1317605e-05
0,0.0,0.00020229661
0,0.0,6.533703e-05
1,1.0,0.9996641
1,1.0,0.9999873
0,0.0,6.322456e-05
0,0.0,6.322371e-05
0,0.0,5.541273e-05
0,0.0,5.9384914e-05
1,1.0,0.99987024
1,1.0,0.9997292
0,0.0,5.8388072e-05
0,0.0,8.586888e-05
1,1.0,0.9998838
1,1.0,0.99898696
1,1.0,0.99919796
1,1.0,0.9997928
1,1.0,0.999469
1,1.0,0.9989558
1,1.0,0.9990392
1,1.0,0.99888426
0,0.0,5.673111e-05
1,1.0,0.99908876
0,0.0,6.6063105e-05
1,1.0,0.9998398
0,0.0,6.2689935e-05
1,1.0,0.99896455
0,0.0,0.00012135718
0,0.0,0.000114241506
1,1.0,0.9999167
0,0.0,0.00038866122
0,0.0,5.2493797e-05
0,0.0,0.000115613126
0,0.0,6.341246e-05
0,0.0,4.944551e-05
0,0.0,0.00027923594
0,0.0,2.9939909e-05
0,0.0,0.00017470718
1,1.0,0.9995469
0,0.0,3.6851754e-05
1,1.0,0.9995969
0,0.0,0.00059138134
1,1.0,0.99951607
1,1.0,0.99990106
0,0.0,6.368323e-05
1,1.0,0.99909294
1,1.0,0.99869895
1,1.0,0.99945927
0,0.0,0.00012132315
1,1.0,0.9994727
1,1.0,0.99894875
1,1.0,0.9998841
0,0.0,0.00028877406
1,1.0,0.9996589
1,1.0,0.9995965
0,0.0,6.368578e-05
1,1.0,0.9995835
0,0.0,0.00010115211
1,1.0,0.9998008
1,1.0,0.9997744
0,0.0,6.341222e-05
1,1.0,0.99923486
1,1.0,0.9991165
1,1.0,0.99962276
1,1.0,0.9997396
1,1.0,0.9990671
0,0.0,0.00028136987
1,1.0,0.9997259
1,1.0,0.9994592
0,0.0,6.341385e-05
1,1.0,0.99941933
1,1.0,0.9999849
1,1.0,0.99909943
0,0.0,6.7561305e-05
1,1.0,0.9996552
0,0.0,2.9912453e-05
0,0.0,7.7218676e-05
1,1.0,0.9989519
1,1.0,0.99984634
1,1.0,0.9990723
1,1.0,0.99906546
1,1.0,0.9997094
0,0.0,6.185925e-05
0,0.0,6.279667e-05
0,0.0,6.178698e-05
1,1.0,0.99983394
1,1.0,0.9998851
1,1.0,0.9994655
0,0.0,4.464785e-05
0,0.0,0.000119868026
1,1.0,0.9989442
0,0.0,0.00028144495
1,1.0,0.9997937
0,0.0,6.170253e-05
1,1.0,0.9994709
1,1.0,0.9993602
0,0.0,6.3231135e-05
1,1.0,0.99879193
1,1.0,0.9990482
0,0.0,7.359654e-05
1,1.0,0.9997653
0,0.0,5.031247e-05
1,1.0,0.99893975
0,0.0,3.687183e-05
1,1.0,0.9986748
0,0.0,0.00011251152
1,1.0,0.9989382
1,1.0,0.9999436
1,1.0,0.99983126
1,1.0,0.99757844
1,1.0,0.99948436
1,1.0,0.998799
0,0.0,5.9252376e-05
1,1.0,0.99893975
1,1.0,0.99869853
0,0.0,5.6732464e-05
0,0.0,6.1698884e-05
0,0.0,4.1667452e-05
1,1.0,0.99941415
0,0.0,5.0231596e-05
1,1.0,0.99977
0,0.0,0.00020276838
1,1.0,0.99899983
0,0.0,4.1248535e-05
0,0.0,5.6475415e-05
0,0.0,6.341476e-05
1,1.0,0.9994922
1,1.0,0.9997836
1,1.0,0.9991207
1,1.0,0.99991554
1,1.0,0.9989352
0,0.0,2.9931458e-05
1,1.0,0.99896055
0,0.0,5.0309012e-05
0,0.0,0.00019453118
1,1.0,0.9997977
0,0.0,6.1078536e-05
1,1.0,0.9989445
1,1.0,0.99932337
1,1.0,0.9990399
1,1.0,0.9990384
1,1.0,0.99896973
1,1.0,0.9994304
0,0.0,8.2548395e-05
1,1.0,0.99983865
1,1.0,0.9990779
1,1.0,0.99945945
0,0.0,6.238233e-05
1,1.0,0.99892914
1,1.0,0.99894875
0,0.0,0.00014211792
1,1.0,0.99979055
0,0.0,6.522579e-05
1,1.0,0.9998459
0,0.0,5.4910473e-05
0,0.0,0.00012140115
1,1.0,0.9997951
1,1.0,0.99941295
1,1.0,0.99946123
0,0.0,6.108145e-05
0,0.0,0.00015969908
1,1.0,0.998929
1,1.0,0.9994426
1,1.0,0.99895096
1,1.0,0.9997865
1,1.0,0.99869776
0,0.0,0.000121358455
0,0.0,0.0001209827
1,1.0,0.9994665
0,0.0,5.3497548e-05
1,1.0,0.9985913
1,1.0,0.999915
0,0.0,6.950109e-05
1,1.0,0.99876934
1,1.0,0.99980426
0,0.0,7.0444185e-05
1,1.0,0.9988073
1,1.0,0.99878347
0,0.0,4.081822e-05
1,1.0,0.99992156
1,1.0,0.99899834
0,0.0,5.891106e-05
0,0.0,6.364576e-05
1,1.0,0.9999165
0,0.0,0.00023744935
0,0.0,0.00023979614
0,0.0,6.1851344e-05
1,1.0,0.9990838
1,1.0,0.9997843
1,1.0,0.9995556
1,1.0,0.99898845
0,0.0,0.00015996593
1,1.0,0.9994879
0,0.0,0.00012281974
1,1.0,0.99921256
1,1.0,0.99979436
0,0.0,6.4753665e-05
0,0.0,7.965555e-05
1,1.0,0.99894327
0,0.0,5.1111216e-05
1,1.0,0.9993058
0,0.0,6.279871e-05
1,1.0,0.99989533
1,1.0,0.9986697
0,0.0,2.4874946e-05
1,1.0,0.9992488
1,1.0,0.9994401
0,0.0,6.2888175e-05
1,1.0,0.99958086
0,0.0,0.00012247228
0,0.0,0.00012208353
0,0.0,5.025962e-05
1,1.0,0.999206
0,0.0,4.6876245e-05
0,0.0,0.0001491465
1,1.0,0.9999694
0,0.0,5.3822176e-05
0,0.0,5.3475003e-05
0,0.0,0.00011235059
1,1.0,0.99870616
0,0.0,7.230954e-05
1,1.0,0.99881124
0,0.0,4.3650536e-05
0,0.0,4.1224353e-05
0,0.0,0.0010277055
1,1.0,0.9997946
1,1.0,0.9994562
1,1.0,0.9992137
0,0.0,4.8923106e-05
0,0.0,5.7163437e-05
1,1.0,0.99958396
0,0.0,0.00011306907
1,1.0,0.99941915
1,1.0,0.99895364
1,1.0,0.99975973
1,1.0,0.99890035
0,0.0,0.0010672203
0,0.0,6.936072e-05
0,0.0,4.3584812e-05
0,0.0,9.1476824e-05
1,1.0,0.9991985
0,0.0,5.3173764e-05
1,1.0,0.99896765
1,1.0,0.9990706
1,1.0,0.99894637
1,1.0,0.9998258
1,1.0,0.9994687
0,0.0,4.9453472e-05
1,1.0,0.9990478
1,1.0,0.99999374
1,1.0,0.99896985
1,1.0,0.99991304
1,1.0,0.99987715
1,1.0,0.99971145
0,0.0,5.6439887e-05
1,1.0,0.9992057
1,1.0,0.998929
1,1.0,0.99895173
1,1.0,0.9996588
1,1.0,0.99945945
0,0.0,5.350245e-05
1,1.0,0.99949974
1,1.0,0.9990009
1,1.0,0.99896455
1,1.0,0.9996321
0,0.0,5.7910405e-05
1,1.0,0.99921256
0,0.0,2.872319e-05
0,0.0,0.00028190124
1,1.0,0.99873716
1,1.0,0.9989352
1,1.0,0.9994278
1,1.0,0.99949944
0,0.0,6.238376e-05
1,1.0,0.99963444
0,0.0,5.845186e-05
1,1.0,0.9986398
1,1.0,0.9995386
1,1.0,0.9995494
0,0.0,0.00013208529
0,0.0,6.283603e-05
1,1.0,0.99920917
0,0.0,0.00011705098
1,1.0,0.99878836
0,0.0,6.268862e-05
0,0.0,6.656896e-05
0,0.0,0.0002831762
1,1.0,0.99915916
1,1.0,0.9989397
1,1.0,0.9990544
0,0.0,6.184975e-05
0,0.0,3.8391838e-05
1,1.0,0.99984056
1,1.0,0.99895734
0,0.0,7.114032e-05
0,0.0,0.0001422554
0,0.0,5.4493572e-05
0,0.0,6.108326e-05
1,1.0,0.9989533
1,1.0,0.9989506
0,0.0,6.368031e-05
1,1.0,0.99899423
1,1.0,0.9994622
0,0.0,6.6135406e-05
0,0.0,9.686005e-05
1,1.0,0.99987626
1,1.0,0.99946123
0,0.0,6.36859e-05
1,1.0,0.99913526
0,0.0,4.3568903e-05
1,1.0,0.99990183
0,0.0,6.257185e-05
1,1.0,0.9986924
1,1.0,0.99898696
1,1.0,0.9994697
0,0.0,0.00012944703
0,0.0,0.0001239551
0,0.0,6.508723e-05
1,1.0,0.9989504
1,1.0,0.99979615
1,1.0,0.9987404
1,1.0,0.999649
1,1.0,0.99968326
1,1.0,0.99992114
1,1.0,0.9994692
0,0.0,4.9334023e-05
1,1.0,0.9995121
1,1.0,0.99973476
1,1.0,0.9995388
0,0.0,8.357228e-05
0,0.0,6.1749866e-05
1,1.0,0.9993005
1,1.0,0.9981853
0,0.0,5.08991e-05
1,1.0,0.9994143
0,0.0,6.510523e-05
1,1.0,0.99979407
1,1.0,0.99909335
0,0.0,6.340714e-05
1,1.0,0.9995483
1,1.0,0.9997353
1,1.0,0.9985251
1,1.0,0.9997307
0,0.0,7.051152e-05
0,0.0,4.836206e-05
0,0.0,2.9941992e-05
0,0.0,4.744348e-05
1,1.0,0.9990442
0,0.0,4.1240273e-05
1,1.0,0.9997341
0,0.0,7.600116e-05
1,1.0,0.9999231
0,0.0,0.00015982993
0,0.0,6.280296e-05
0,0.0,0.00080690597
1,1.0,0.9990712
0,0.0,6.253534e-05
1,1.0,0.9999099
1,1.0,0.99979055
0,0.0,6.2688676e-05
1,1.0,0.9994665
1,1.0,0.99879026
1,1.0,0.99990785
0,0.0,4.8680868e-05
0,0.0,4.810209e-05
1,1.0,0.99951386
1,1.0,0.9989382
1,1.0,0.999116
1,1.0,0.99928445
1,1.0,0.99898845
0,0.0,5.0558774e-05
1,1.0,0.99943686
1,1.0,0.99917036
1,1.0,0.9989401
0,0.0,0.0002950148
0,0.0,6.268473e-05
1,1.0,0.9990931
1,1.0,0.99869883
1,1.0,0.99991006
1,1.0,0.9998545
1,1.0,0.9993592
0,0.0,4.892236e-05
0,0.0,6.1080114e-05
0,0.0,4.0416817e-05
0,0.0,4.6887333e-05
1,1.0,0.9995644
0,0.0,6.2528066e-05
1,1.0,0.9998853
0,0.0,5.925249e-05
0,0.0,0.00012282185
1,1.0,0.99978995
1,1.0,0.99989355
1,1.0,0.9989291
0,0.0,0.00058977545
1,1.0,0.9998523
1,1.0,0.9999099
1,1.0,0.99946547
0,0.0,6.163197e-05
0,0.0,0.00012395866
1,1.0,0.99979275
1,1.0,0.9990454
1,1.0,0.9996997
0,0.0,0.0002578618
0,0.0,0.00010492488
0,0.0,3.585822e-05
0,0.0,6.936059e-05
0,0.0,2.995893e-05
0,0.0,4.4087374e-05
0,0.0,6.163567e-05
1,1.0,0.9996765
0,0.0,0.00012395416
1,1.0,0.9994142
1,1.0,0.9999189
0,0.0,5.3165142e-05
1,1.0,0.9997864
1,1.0,0.9997969
1,1.0,0.99991757
0,0.0,0.00028075112
0,0.0,0.00015987841
1,1.0,0.99994713
0,0.0,6.1760526e-05
1,1.0,0.99999297
0,0.0,0.00012247285
0,0.0,6.256792e-05
0,0.0,2.996413e-05
0,0.0,4.653982e-05
0,0.0,0.0007525009
1,1.0,0.9835148
1,1.0,0.9989145
1,1.0,0.9999663
1,1.0,0.99921405
1,1.0,0.99947196
1,1.0,0.9994664
1,1.0,0.9988838
1,1.0,0.99929017
0,0.0,6.322474e-05
0,0.0,5.280619e-05
1,1.0,0.9990911
1,1.0,0.99992836
1,1.0,0.99949545
1,1.0,0.99896675
1,1.0,0.99946827
1,1.0,0.9990843
1,1.0,0.999794
1,1.0,0.99955374
1,1.0,0.99946314
0,0.0,4.5181925e-05
0,0.0,0.0003996007
1,1.0,0.9996962
0,0.0,4.3551787e-05
1,1.0,0.99995
1,1.0,0.9995379
0,0.0,0.00015986453
1,1.0,0.9993762
0,0.0,4.7798243e-05
0,0.0,6.163679e-05
0,0.0,0.00012382763
1,1.0,0.9994686
1,1.0,0.9989434
0,0.0,3.922522e-05
1,1.0,0.9998428
1,1.0,0.99951816
1,1.0,0.9989291
1,1.0,0.99912035
1,1.0,0.9995498
1,1.0,0.99991626
0,0.0,0.00011529737
1,1.0,0.9989699
1,1.0,0.99992275
0,0.0,6.340689e-05
1,1.0,0.9994608
0,0.0,0.00012945455
1,1.0,0.9987616
1,1.0,0.999577
0,0.0,0.00022494294
0,0.0,6.918237e-05
0,0.0,4.095355e-05
1,1.0,0.9989643
0,0.0,6.341403e-05
0,0.0,4.446875e-05
0,0.0,7.9599355e-05
0,0.0,6.268676e-05
0,0.0,4.2095442e-05
0,0.0,2.5264611e-05
1,1.0,0.9988842
0,0.0,4.5461387e-05
0,0.0,0.00012282009
1,1.0,0.99921364
1,1.0,0.9992462
1,1.0,0.9989444
0,0.0,0.00011252
0,0.0,6.176076e-05
0,0.0,5.4598022e-05
1,1.0,0.999885
0,0.0,8.2555714e-05
0,0.0,2.3342964e-05
1,1.0,0.9997814
0,0.0,6.2836865e-05
1,1.0,0.99984276
1,1.0,0.9998223
1,1.0,0.99942195
0,0.0,2.3269975e-05
1,1.0,0.9994252
1,1.0,0.99889356
0,0.0,5.0307095e-05
1,1.0,0.9995642
0,0.0,5.9250287e-05
0,0.0,4.53681e-05
0,0.0,4.687736e-05
1,1.0,0.9994278
1,1.0,0.99949974
1,1.0,0.999539
1,1.0,0.99840057
1,1.0,0.99946094
1,1.0,0.9989885
0,0.0,0.0002813696
0,0.0,7.181293e-05
0,0.0,5.7014382e-05
0,0.0,0.00017136046
0,0.0,8.2241735e-05
0,0.0,4.0604413e-05
1,1.0,0.99848014
0,0.0,4.331714e-05
1,1.0,0.9999075
0,0.0,5.2460768e-05
0,0.0,0.0001224697
0,0.0,5.0768114e-05
0,0.0,5.0142426e-05
0,0.0,6.255771e-05
0,0.0,8.3493185e-05
1,1.0,0.9997979
1,1.0,0.9990692
1,1.0,0.9999209
0,0.0,4.8344165e-05
0,0.0,0.00087353867
0,0.0,0.0002816627
1,1.0,0.99982256
0,0.0,6.1788094e-05
1,1.0,0.9997937
1,1.0,0.9994142
1,1.0,0.9997778
1,1.0,0.99964595
1,1.0,0.9989997
1,1.0,0.9988952
0,0.0,5.350571e-05
1,1.0,0.99993235
1,1.0,0.99990976
1,1.0,0.99970263
0,0.0,5.3303786e-05
0,0.0,2.0201061e-05
1,1.0,0.9999075
1,1.0,0.9988933
1,1.0,0.9997415
0,0.0,0.000112890026
1,1.0,0.99992234
1,1.0,0.9999098
1,1.0,0.99951804
0,0.0,7.643544e-05
1,1.0,0.9994624
0,0.0,0.00014182442
1,1.0,0.99862057
0,0.0,6.1787505e-05
1,1.0,0.9987901
1,1.0,0.99947196
0,0.0,7.066001e-05
1,1.0,0.9987959
1,1.0,0.9989968
1,1.0,0.9999187
0,0.0,5.326359e-05
0,0.0,6.086944e-05
1,1.0,0.99932265
1,1.0,0.9999058
0,0.0,0.00012140115
0,0.0,0.0002094864
1,1.0,0.9996641
1,1.0,0.99921405
1,1.0,0.9989698
1,1.0,0.998929
1,1.0,0.99984473
1,1.0,0.99979436
1,1.0,0.99976987
1,1.0,0.9997894
0,0.0,4.3625154e-05
1,1.0,0.99979275
0,0.0,6.363763e-05
0,0.0,2.989246e-05
1,1.0,0.99943995
1,1.0,0.99942076
1,1.0,0.9992085
1,1.0,0.99867666
0,0.0,5.7040917e-05
1,1.0,0.9996757
1,1.0,0.99965614
0,0.0,0.0010370766
1,1.0,0.9989433
1,1.0,0.9994686
0,0.0,5.488943e-05
1,1.0,0.99945444
0,0.0,6.3411615e-05
0,0.0,5.0265757e-05
0,0.0,6.368219e-05
0,0.0,5.0552844e-05
1,1.0,0.9998658
1,1.0,0.99896574
0,0.0,7.5233715e-05
1,1.0,0.9992084
0,0.0,0.00027905413
0,0.0,3.0009338e-05
1,1.0,0.99895597
0,0.0,5.224215e-05
0,0.0,3.0076239e-05
1,1.0,0.9989885
1,1.0,0.9996225
0,0.0,3.5753972e-05
1,1.0,0.9989627
1,1.0,0.9988837
0,0.0,0.00012943629
1,1.0,0.9999854
1,1.0,0.9994288
1,1.0,0.9999121
0,0.0,6.680062e-05
0,0.0,6.269047e-05
0,0.0,8.163104e-05
1,1.0,0.9998482
1,1.0,0.99893975
0,0.0,0.00026774075
1,1.0,0.99961376
1,1.0,0.99949545
0,0.0,6.163744e-05
1,1.0,0.99958336
0,0.0,6.168865e-05
0,0.0,5.2694366e-05
1,1.0,0.9996823
1,1.0,0.9990832
0,0.0,6.4338004e-05
1,1.0,0.99990946
0,0.0,5.9248592e-05
0,0.0,0.00028144603
0,0.0,6.434654e-05
1,1.0,0.99893516
0,0.0,7.0387454e-05
0,0.0,6.108017e-05
1,1.0,0.99980956
1,1.0,0.9994548
0,0.0,5.1615625e-05
0,0.0,1.8185056e-05
0,0.0,0.00039386837
0,0.0,0.00017746487
0,0.0,0.00011238532
0,0.0,6.0163085e-05
0,0.0,0.00032092613
1,1.0,0.99990785
0,0.0,4.9282582e-05
0,0.0,2.329973e-05
0,0.0,0.00018391483
1,1.0,0.99988383
1,1.0,0.9991415
0,0.0,4.3613174e-05
1,1.0,0.99943507
0,0.0,0.0001224697
0,0.0,5.6741446e-05
1,1.0,0.99947
0,0.0,0.00011393471
0,0.0,5.1421466e-05
1,1.0,0.9998243
0,0.0,6.8435e-05
0,0.0,0.001038445
0,0.0,0.00011391983
0,0.0,6.498794e-05
1,1.0,0.9989627
0,0.0,0.00014631444
1,1.0,0.9999156
0,0.0,5.3286552e-05
1,1.0,0.9989291
0,0.0,6.960482e-05
1,1.0,0.99969727
0,0.0,6.283531e-05
1,1.0,0.9987738
1,1.0,0.9992084
1,1.0,0.9998656
0,0.0,0.0012329005
0,0.0,5.8608195e-05
1,1.0,0.99899983
1,1.0,0.99977076
1,1.0,0.99920934
1,1.0,0.9993521
1,1.0,0.9989442
0,0.0,0.000113102506
0,0.0,5.924797e-05
1,1.0,0.99940425
0,0.0,7.0623646e-05
0,0.0,3.93364e-05
0,0.0,5.563872e-05
0,0.0,7.878498e-05
1,1.0,0.9989543
1,1.0,0.9994401
0,0.0,2.5285848e-05
0,0.0,6.268449e-05
1,1.0,0.9989545
0,0.0,0.00012133959
0,0.0,0.00011529616
1,1.0,0.9997757
1,1.0,0.9989493
0,0.0,0.00032990673
1,1.0,0.999892
1,1.0,0.99894005
0,0.0,5.844941e-05
1,1.0,0.9994665
1,1.0,0.99987936
0,0.0,0.0007514997
0,0.0,2.5236292e-05
0,0.0,6.590787e-05
1,1.0,0.9991577
0,0.0,6.364576e-05
1,1.0,0.99914736
0,0.0,5.9250287e-05
0,0.0,6.26766e-05
0,0.0,0.0002796305
1,1.0,0.99943995
1,1.0,0.99895376
1,1.0,0.9999208
1,1.0,0.9991657
1,1.0,0.99971515
1,1.0,0.99895376
1,1.0,0.99878657
1,1.0,0.9999141
0,0.0,5.9122955e-05
1,1.0,0.9989754
0,0.0,6.36814e-05
1,1.0,0.99944687
1,1.0,0.99878055
0,0.0,0.00024401078
0,0.0,4.9221333e-05
1,1.0,0.99947
1,1.0,0.9998033
0,0.0,5.3476633e-05
0,0.0,6.268461e-05
0,0.0,0.000121318764
1,1.0,0.9994482
0,0.0,7.0361406e-05
1,1.0,0.9987787
0,0.0,1.6351985e-05
0,0.0,0.0001307814
1,1.0,0.9998485
0,0.0,0.00032161467
1,1.0,0.9998197
1,1.0,0.9997271
1,1.0,0.9986967
1,1.0,0.9991564
1,1.0,0.9998226
1,1.0,0.9989559
1,1.0,0.9997345
1,1.0,0.9989626
0,0.0,0.00054474437
1,1.0,0.9999925
1,1.0,0.9994401
1,1.0,0.9989938
0,0.0,2.9933799e-05
1,1.0,0.9995124
1,1.0,0.99946314
0,0.0,4.0640753e-05
1,1.0,0.99893516
1,1.0,0.9989382
1,1.0,0.9996689
1,1.0,0.99956435
1,1.0,0.9990951
0,0.0,0.00037022174
0,0.0,8.332178e-05
0,0.0,4.0796465e-05
1,1.0,0.9987803
1,1.0,0.9998481
0,0.0,0.00014428448
0,0.0,6.185117e-05
1,1.0,0.9992129
0,0.0,6.619749e-05
0,0.0,5.4601096e-05
0,0.0,6.025082e-05
1,1.0,0.9983111
1,1.0,0.9998223
0,0.0,6.279829e-05
0,0.0,4.7874008e-05
0,0.0,7.3599906e-05
1,1.0,0.9999624
1,1.0,0.9996662
1,1.0,0.99946105
1,1.0,0.9994159
1,1.0,0.9994696
0,0.0,0.001047919
1,1.0,0.99896985
0,0.0,0.00020195605
0,0.0,0.00019585968
1,1.0,0.99917525
0,0.0,6.532544e-05
0,0.0,0.00025638944
1,1.0,0.99978983
1,1.0,0.99984115
1,1.0,0.99958676
0,0.0,0.00028397102
0,0.0,5.8611884e-05
1,1.0,0.9988
0,0.0,7.036349e-05
0,0.0,6.0043294e-05
1,1.0,0.9999592
1,1.0,0.99888414
0,0.0,7.2331546e-05
0,0.0,5.7650992e-05
0,0.0,6.1856124e-05
0,0.0,0.000100833924
0,0.0,0.00011938505
1,1.0,0.99875796
1,1.0,0.9990009
0,0.0,0.00028149036
0,0.0,6.252449e-05
1,1.0,0.99956006
0,0.0,5.9258367e-05
0,0.0,5.4032258e-05
1,1.0,0.99979055
0,0.0,5.8213165e-05
0,0.0,6.36349e-05
0,0.0,0.000112887545
1,1.0,0.9989604
1,1.0,0.998929
1,1.0,0.99947196
1,1.0,0.9997597
0,0.0,0.0001463781
0,0.0,6.2529616e-05
0,0.0,7.423223e-05
1,1.0,0.9998012
0,0.0,0.0001224717
0,0.0,6.17544e-05
0,0.0,6.801653e-05
1,1.0,0.99982196
1,1.0,0.9994142
0,0.0,6.204635e-05
1,1.0,0.9990252
1,1.0,0.99920875
0,0.0,2.2259213e-05
1,1.0,0.99983823
1,1.0,0.9988217
1,1.0,0.99947196
0,0.0,5.845604e-05
1,1.0,0.9999291
1,1.0,0.99896574
1,1.0,0.9994685
1,1.0,0.99978524
0,0.0,2.4810059e-05
0,0.0,0.00027942396
1,1.0,0.99895734
1,1.0,0.99955195
1,1.0,0.99995434
0,0.0,6.283357e-05
1,1.0,0.9989353
0,0.0,6.2538624e-05
1,1.0,0.9994715
0,0.0,2.9957559e-05
1,1.0,0.99987024
0,0.0,6.321937e-05
0,0.0,0.000112893365
0,0.0,0.00011175555
0,0.0,4.0346116e-05
1,1.0,0.99992996
1,1.0,0.9999182
1,1.0,0.9991024
0,0.0,6.268808e-05
0,0.0,2.3309685e-05
0,0.0,9.7406075e-05
1,1.0,0.9999345
1,1.0,0.998605
1,1.0,0.99978876
0,0.0,7.289547e-05
0,0.0,5.8307727e-05
0,0.0,4.9126236e-05
0,0.0,5.842539e-05
1,1.0,0.9996311
0,0.0,6.908762e-05
1,1.0,0.9998019
0,0.0,7.256825e-05
0,0.0,4.0939147e-05
1,1.0,0.99905735
1,1.0,0.9988482
1,1.0,0.99946773
1,1.0,0.99975395
1,1.0,0.99896246
1,1.0,0.99963856
1,1.0,0.9986895
1,1.0,0.99894667
0,0.0,4.3613796e-05
1,1.0,0.9987039
1,1.0,0.9995937
0,0.0,7.363198e-05
0,0.0,6.163291e-05
0,0.0,5.8307338e-05
1,1.0,0.9994664
0,0.0,6.268401e-05
0,0.0,0.00014179818
1,1.0,0.9994994
1,1.0,0.9997498
0,0.0,2.5702504e-05
1,1.0,0.99965745
1,1.0,0.9999159
1,1.0,0.99885446
1,1.0,0.9997928
0,0.0,8.260344e-05
0,0.0,4.4468154e-05
1,1.0,0.999786
1,1.0,0.9994996
1,1.0,0.99991614
0,0.0,7.5302974e-05
0,0.0,5.844969e-05
0,0.0,6.16342e-05
0,0.0,6.169894e-05
1,1.0,0.99978423
1,1.0,0.9989352
1,1.0,0.99911636
1,1.0,0.99921364
0,0.0,2.7684193e-05
1,1.0,0.99899966
1,1.0,0.99991626
1,1.0,0.9989538
0,0.0,5.4887547e-05
0,0.0,6.175811e-05
1,1.0,0.99927443
1,1.0,0.9999185
1,1.0,0.99953175
0,0.0,5.33016e-05
1,1.0,0.99889326
1,1.0,0.9994666
0,0.0,2.9956273e-05
1,1.0,0.9994957
1,1.0,0.99944776
1,1.0,0.99963766
0,0.0,3.332314e-05
0,0.0,7.985738e-06
1,1.0,0.9995574
1,1.0,0.9987104
0,0.0,4.408851e-05
1,1.0,0.99970615
0,0.0,4.7238027e-05
0,0.0,4.654324e-05
0,0.0,7.367504e-05
0,0.0,0.0001735501
0,0.0,7.62064e-05
1,1.0,0.9989504
1,1.0,0.9991611
0,0.0,5.5020388e-05
1,1.0,0.999017
1,1.0,0.9997071
1,1.0,0.999544
1,1.0,0.9997347
1,1.0,0.9994664
0,0.0,5.461729e-05
1,1.0,0.99955374
0,0.0,5.4913977e-05
1,1.0,0.9994652
1,1.0,0.99979323
0,0.0,0.0008130868
1,1.0,0.9998139
1,1.0,0.99953896
0,0.0,2.9982994e-05
0,0.0,5.5529577e-05
0,0.0,0.0007163185
0,0.0,0.0001294437
0,0.0,0.00023841645
1,1.0,0.9999179
1,1.0,0.9988124
1,1.0,0.9997358
0,0.0,9.062871e-05
0,0.0,0.00015461205
1,1.0,0.99910295
0,0.0,0.0001418669
0,0.0,4.364097e-05
1,1.0,0.99941075
1,1.0,0.99897003
0,0.0,0.00012320997
1,1.0,0.998649
0,0.0,5.8776666e-05
0,0.0,6.250464e-05
1,1.0,0.9998717
1,1.0,0.9998104
1,1.0,0.9989444
0,0.0,6.1758525e-05
1,1.0,0.9995649
1,1.0,0.9990584
1,1.0,0.99956435
1,1.0,0.99899304
0,0.0,8.0245496e-05
1,1.0,0.9999339
1,1.0,0.99991417
1,1.0,0.99946314
0,0.0,0.00015218924
1,1.0,0.9989363
0,0.0,6.108122e-05
1,1.0,0.9990691
0,0.0,5.495731e-05
0,0.0,6.9223606e-05
0,0.0,5.4889537e-05
0,0.0,1.6007509e-05
0,0.0,6.904146e-05
1,1.0,0.9995123
1,1.0,0.99908465
1,1.0,0.9990552
1,1.0,0.99948335
1,1.0,0.9999179
0,0.0,0.00014637405
0,0.0,5.0291364e-05
1,1.0,0.999883
0,0.0,5.1341056e-05
1,1.0,0.9996594
0,0.0,6.2714746e-05
1,1.0,0.9992085
1,1.0,0.99900514
0,0.0,6.761597e-05
1,1.0,0.99924344
0,0.0,5.0895847e-05
0,0.0,0.00011529364
0,0.0,5.3475513e-05
0,0.0,0.00014186988
1,1.0,0.9997489
1,1.0,0.9989885
1,1.0,0.9988484
1,1.0,0.99902874
0,0.0,0.00010659615
1,1.0,0.9990429
0,0.0,0.00037324906
0,0.0,0.00015658143
0,0.0,6.322932e-05
