true_labels,predicted_labels,scores
1,1.0,0.9966577
1,1.0,0.99789
0,0.0,0.031917464
1,1.0,0.9978816
0,0.0,0.0018032084
0,0.0,0.0049038627
1,1.0,0.9978152
1,1.0,0.9978265
1,1.0,0.9978827
0,0.0,0.0013845243
0,0.0,0.0013360059
1,1.0,0.9978925
1,1.0,0.9937299
1,1.0,0.99786127
0,0.0,0.0014329891
0,0.0,0.0019189826
0,0.0,0.0020237842
1,1.0,0.9979029
0,0.0,0.0036236665
1,1.0,0.9979099
0,0.0,0.0019599372
0,0.0,0.002173822
0,0.0,0.0020750444
0,0.0,0.0015455465
0,0.0,0.0021268579
0,0.0,0.0036988263
0,0.0,0.0020147697
0,0.0,0.0028685129
0,0.0,0.0023679174
0,0.0,0.002908729
1,1.0,0.99785775
0,0.0,0.0024503667
1,1.0,0.99787146
0,0.0,0.0027278895
0,0.0,0.00328903
1,1.0,0.9978665
1,1.0,0.9979063
1,1.0,0.997895
0,0.0,0.006005859
1,1.0,0.99791396
0,0.0,0.002853751
0,0.0,0.006229585
1,1.0,0.9979226
1,1.0,0.9979209
0,0.0,0.0021742654
0,0.0,0.002061568
1,1.0,0.9978912
0,0.0,0.0024465001
0,0.0,0.0020066125
1,1.0,0.997781
1,1.0,0.9978736
1,1.0,0.997887
1,1.0,0.99785286
0,0.0,0.0014635769
1,1.0,0.99783653
0,0.0,0.0020222496
0,0.0,0.0025145654
1,1.0,0.99720424
0,0.0,0.0020503649
0,0.0,0.0031119243
0,0.0,0.0027309589
1,1.0,0.9976401
1,1.0,0.9978778
1,1.0,0.99787754
1,1.0,0.9978348
1,1.0,0.9978574
1,1.0,0.99790263
1,1.0,0.99740255
0,0.0,0.0018032092
1,1.0,0.9979214
0,0.0,0.0029432802
1,1.0,0.9978587
0,0.0,0.0019852011
0,0.0,0.0024207872
1,1.0,0.9976079
1,1.0,0.997851
1,1.0,0.9979315
1,1.0,0.99787086
0,0.0,0.0016266961
0,0.0,0.0023674727
1,1.0,0.9978723
1,1.0,0.9979285
1,1.0,0.99788535
1,1.0,0.99781835
1,1.0,0.9973538
1,1.0,0.997844
1,1.0,0.99765396
0,0.0,0.0016309625
1,1.0,0.99738944
0,0.0,0.0032941047
1,1.0,0.99791265
0,0.0,0.0061705066
1,1.0,0.99787354
1,1.0,0.99785805
0,0.0,0.0014840257
0,0.0,0.0017875495
1,1.0,0.9979137
0,0.0,0.0025227957
1,1.0,0.9970006
0,0.0,0.00105709
0,0.0,0.0019705973
0,0.0,0.002367555
0,0.0,0.002824408
1,1.0,0.9979233
1,1.0,0.99778724
1,1.0,0.9978214
0,0.0,0.004928169
1,1.0,0.99789673
1,1.0,0.9978651
1,1.0,0.9953361
1,1.0,0.9979308
0,0.0,0.0021984368
0,0.0,0.0014469087
0,0.0,0.0050586304
0,0.0,0.0013866554
0,0.0,0.0027019447
0,0.0,0.0024006832
0,0.0,0.0024204107
0,0.0,0.0024916478
0,0.0,0.002007179
1,1.0,0.99792343
1,1.0,0.99785817
1,1.0,0.9977243
1,1.0,0.9979137
0,0.0,0.0038514885
1,1.0,0.99793446
1,1.0,0.99788094
0,0.0,0.0021738084
1,1.0,0.9979348
0,0.0,0.002170594
0,0.0,0.0042378344
0,0.0,0.0034401512
1,1.0,0.9978749
1,1.0,0.9978644
1,1.0,0.9978813
0,0.0,0.0021813218
1,1.0,0.99785876
1,1.0,0.9978912
0,0.0,0.0023481816
0,0.0,0.0020187758
0,0.0,0.0029508378
1,1.0,0.9979242
1,1.0,0.99786586
1,1.0,0.9979289
0,0.0,0.007928478
0,0.0,0.0020188363
1,1.0,0.9974591
0,0.0,0.0026986855
1,1.0,0.99784744
0,0.0,0.005192225
1,1.0,0.9979122
1,1.0,0.99788594
1,1.0,0.9978852
0,0.0,0.0023677777
1,1.0,0.99747914
1,1.0,0.9979415
1,1.0,0.9975999
1,1.0,0.9978994
0,0.0,0.0068961326
1,1.0,0.99787563
0,0.0,0.0017516194
0,0.0,0.002527083
1,1.0,0.9978708
0,0.0,0.0018312783
0,0.0,0.0012224821
0,0.0,0.0024539172
1,1.0,0.9979341
1,1.0,0.99483955
0,0.0,0.0024836268
0,0.0,0.0037328163
0,0.0,0.0025086293
0,0.0,0.002074552
1,1.0,0.9973735
1,1.0,0.9977315
0,0.0,0.002412351
0,0.0,0.0013443641
1,1.0,0.997929
0,0.0,0.001516265
0,0.0,0.0020187786
1,1.0,0.99790275
0,0.0,0.0025228125
0,0.0,0.0025108368
0,0.0,0.0028549756
1,1.0,0.9978869
1,1.0,0.9978888
1,1.0,0.9979286
1,1.0,0.9979013
0,0.0,0.0012966775
1,1.0,0.9978866
0,0.0,0.0020611403
1,1.0,0.9979237
0,0.0,0.0016080444
0,0.0,0.0020689778
0,0.0,0.0014469989
0,0.0,0.002519323
0,0.0,0.0032903743
1,1.0,0.9978698
1,1.0,0.99787414
0,0.0,0.0019632026
1,1.0,0.9979281
0,0.0,0.0073613226
1,1.0,0.9979136
0,0.0,0.0028243032
0,0.0,0.00244832
1,1.0,0.9978219
0,0.0,0.006215349
1,1.0,0.9978671
0,0.0,0.0021385949
0,0.0,0.0014634104
1,1.0,0.9979257
1,1.0,0.99785256
0,0.0,0.014093173
0,0.0,0.0015711952
0,0.0,0.0058423593
0,0.0,0.0047865957
1,1.0,0.99743575
1,1.0,0.99782556
0,0.0,0.0023960273
1,1.0,0.9978834
0,0.0,0.0027278103
0,0.0,0.002126799
1,1.0,0.9978186
1,1.0,0.9979322
1,1.0,0.99793357
1,1.0,0.99793327
0,0.0,0.0025359278
1,1.0,0.99691814
1,1.0,0.9976541
0,0.0,0.0028267726
1,1.0,0.997931
1,1.0,0.997927
1,1.0,0.9979211
1,1.0,0.99791753
1,1.0,0.9978799
0,0.0,0.0021550942
1,1.0,0.9978452
0,0.0,0.0016014909
0,0.0,0.0020545186
0,0.0,0.0019567718
0,0.0,0.0012347384
0,0.0,0.002544805
0,0.0,0.018085161
0,0.0,0.0021915731
1,1.0,0.997942
1,1.0,0.997874
1,1.0,0.9976056
0,0.0,0.0019698339
0,0.0,0.0021603627
0,0.0,0.0019996748
1,1.0,0.9979225
1,1.0,0.9978859
0,0.0,0.0025105944
1,1.0,0.99744225
1,1.0,0.9979185
0,0.0,0.0021573775
1,1.0,0.99791604
1,1.0,0.9978822
0,0.0,0.00234527
1,1.0,0.9978999
1,1.0,0.99772674
1,1.0,0.997883
0,0.0,0.002275487
0,0.0,0.0019298107
1,1.0,0.99789816
0,0.0,0.0019706683
0,0.0,0.0025657038
0,0.0,0.0025363935
1,1.0,0.9979131
0,0.0,0.0024355901
1,1.0,0.99791855
1,1.0,0.9978447
1,1.0,0.9978209
1,1.0,0.9978708
0,0.0,0.0026127708
1,1.0,0.9979173
0,0.0,0.0041048224
0,0.0,0.0020044176
1,1.0,0.997889
1,1.0,0.9978941
1,1.0,0.9978685
1,1.0,0.9979238
0,0.0,0.0024591403
0,0.0,0.002022218
1,1.0,0.99744385
0,0.0,0.002660795
0,0.0,0.007961893
1,1.0,0.9978797
0,0.0,0.00578227
1,1.0,0.99792093
1,1.0,0.9978746
0,0.0,0.0032888625
0,0.0,0.0020187323
1,1.0,0.9978542
1,1.0,0.9976627
0,0.0,0.0015536959
0,0.0,0.00133852
1,1.0,0.9976121
0,0.0,0.007956065
1,1.0,0.9978989
1,1.0,0.99746084
1,1.0,0.9978617
0,0.0,0.0024028337
0,0.0,0.0020750496
1,1.0,0.9904892
0,0.0,0.0021811777
1,1.0,0.9976829
0,0.0,0.0019853266
0,0.0,0.0010574426
1,1.0,0.99791455
1,1.0,0.9974586
0,0.0,0.0020148696
1,1.0,0.99792546
0,0.0,0.002525772
0,0.0,0.002852103
0,0.0,0.002170464
1,1.0,0.99788356
0,0.0,0.0020187546
0,0.0,0.0020148454
1,1.0,0.99792457
0,0.0,0.0032912206
0,0.0,0.0021603492
0,0.0,0.003284186
0,0.0,0.0020545695
0,0.0,0.0014316122
0,0.0,0.0021599126
1,1.0,0.9979216
1,1.0,0.9966899
0,0.0,0.0019632091
0,0.0,0.0013750852
1,1.0,0.99749506
0,0.0,0.0018962242
0,0.0,0.0020152808
0,0.0,0.0020750307
0,0.0,0.0020067415
1,1.0,0.99786377
1,1.0,0.9978529
1,1.0,0.99789834
0,0.0,0.0012224459
1,1.0,0.99781513
1,1.0,0.9979165
0,0.0,0.0023960308
1,1.0,0.9972713
0,0.0,0.0024536652
0,0.0,0.002852079
1,1.0,0.9978909
0,0.0,0.0024207192
1,1.0,0.99783343
1,1.0,0.99789155
1,1.0,0.9979117
1,1.0,0.9979143
1,1.0,0.99786615
1,1.0,0.9978893
1,1.0,0.99790716
0,0.0,0.002131796
1,1.0,0.9978927
0,0.0,0.0023948674
1,1.0,0.9979287
1,1.0,0.99788386
0,0.0,0.0019121872
0,0.0,0.0017779641
0,0.0,0.0013606942
0,0.0,0.002510372
0,0.0,0.0050395867
1,1.0,0.99764574
0,0.0,0.0015593822
0,0.0,0.0015536951
0,0.0,0.0023679582
0,0.0,0.0015942962
1,1.0,0.99765235
0,0.0,0.003002397
1,1.0,0.9978678
0,0.0,0.0014835092
0,0.0,0.0020750177
1,1.0,0.99784285
1,1.0,0.9978807
0,0.0,0.001963264
0,0.0,0.0014926376
0,0.0,0.0032894376
0,0.0,0.002061774
1,1.0,0.9979423
1,1.0,0.9978811
1,1.0,0.99790746
0,0.0,0.0019190813
0,0.0,0.0026767675
0,0.0,0.0019051643
0,0.0,0.0021915927
1,1.0,0.9978565
1,1.0,0.99734163
0,0.0,0.002371313
0,0.0,0.0020220072
1,1.0,0.99791354
0,0.0,0.0012224704
1,1.0,0.9978042
1,1.0,0.9978266
1,1.0,0.99782735
1,1.0,0.9978678
1,1.0,0.99786234
0,0.0,0.0060416753
1,1.0,0.99792206
1,1.0,0.99794155
0,0.0,0.0015666701
0,0.0,0.0041088243
1,1.0,0.9979154
1,1.0,0.99739695
0,0.0,0.0037034804
0,0.0,0.0021559205
1,1.0,0.99777496
1,1.0,0.9978856
0,0.0,0.0028686014
1,1.0,0.99788386
0,0.0,0.0015595044
0,0.0,0.005874599
0,0.0,0.004915478
0,0.0,0.0032594271
0,0.0,0.002170342
1,1.0,0.99703497
1,1.0,0.9979293
0,0.0,0.0048009413
1,1.0,0.99790585
0,0.0,0.0024320313
0,0.0,0.0014926526
0,0.0,0.0021597217
1,1.0,0.99789274
1,1.0,0.9979362
1,1.0,0.994104
0,0.0,0.0028959794
1,1.0,0.9978575
0,0.0,0.0029133155
0,0.0,0.002651584
1,1.0,0.9978923
0,0.0,0.0024082633
1,1.0,0.9978899
1,1.0,0.9979216
1,1.0,0.9978591
0,0.0,0.002512256
0,0.0,0.0024406326
1,1.0,0.99789166
0,0.0,0.002181399
0,0.0,0.0039494885
0,0.0,0.0019998406
1,1.0,0.9978364
1,1.0,0.9978013
1,1.0,0.997921
1,1.0,0.9978873
0,0.0,0.0018367314
0,0.0,0.0025903364
0,0.0,0.0019567963
1,1.0,0.9979024
1,1.0,0.99791217
1,1.0,0.9979289
1,1.0,0.9979179
0,0.0,0.0019567842
1,1.0,0.9978761
0,0.0,0.0019632454
0,0.0,0.0012478783
0,0.0,0.0019632194
0,0.0,0.0057415734
1,1.0,0.99789155
1,1.0,0.99790287
1,1.0,0.9978873
1,1.0,0.9979226
1,1.0,0.99787927
1,1.0,0.9978662
0,0.0,0.0023828559
0,0.0,0.0049367817
1,1.0,0.9979224
0,0.0,0.0010575523
0,0.0,0.00285206
1,1.0,0.9979305
0,0.0,0.0019705992
0,0.0,0.0020187728
0,0.0,0.0020750912
0,0.0,0.0059171217
1,1.0,0.99787915
0,0.0,0.0010579474
0,0.0,0.00155959
1,1.0,0.9979316
1,1.0,0.99785614
1,1.0,0.9978982
1,1.0,0.997928
1,1.0,0.99745166
1,1.0,0.99788004
1,1.0,0.99778384
0,0.0,0.0029136937
0,0.0,0.0021559964
1,1.0,0.9979166
0,0.0,0.0019903139
1,1.0,0.99774384
1,1.0,0.99784017
1,1.0,0.9978418
0,0.0,0.0024080365
1,1.0,0.99639493
0,0.0,0.0019853087
0,0.0,0.0025216849
1,1.0,0.9975824
0,0.0,0.0014091182
1,1.0,0.9979287
1,1.0,0.9978682
1,1.0,0.99749035
1,1.0,0.9978602
0,0.0,0.008045835
1,1.0,0.9978974
0,0.0,0.0017018536
0,0.0,0.002514025
0,0.0,0.0051925476
1,1.0,0.99760807
0,0.0,0.0024874904
0,0.0,0.0017780334
0,0.0,0.002420169
0,0.0,0.0014698287
1,1.0,0.99792564
1,1.0,0.9978823
0,0.0,0.0024633259
1,1.0,0.99766254
1,1.0,0.9979282
0,0.0,0.00572101
1,1.0,0.9978912
1,1.0,0.9978906
0,0.0,0.001970619
1,1.0,0.9976628
0,0.0,0.0021915606
0,0.0,0.0025262502
0,0.0,0.0025059257
1,1.0,0.99762076
0,0.0,0.0025081986
0,0.0,0.0020222054
0,0.0,0.0024581067
0,0.0,0.0016098445
1,1.0,0.99793065
0,0.0,0.0023624606
1,1.0,0.99786764
1,1.0,0.99745864
0,0.0,0.0033566228
1,1.0,0.9979157
0,0.0,0.0041426737
1,1.0,0.99788606
1,1.0,0.99793535
0,0.0,0.0019189618
0,0.0,0.002419896
1,1.0,0.997794
0,0.0,0.0014330095
1,1.0,0.99793077
1,1.0,0.9978899
1,1.0,0.9979336
0,0.0,0.0021589242
0,0.0,0.0019911777
0,0.0,0.001668014
0,0.0,0.00215978
1,1.0,0.9977254
0,0.0,0.0025204963
0,0.0,0.0025019643
1,1.0,0.9978066
0,0.0,0.0019190009
1,1.0,0.9978751
0,0.0,0.0019705945
1,1.0,0.9979346
0,0.0,0.0019903244
1,1.0,0.9979285
1,1.0,0.99735636
0,0.0,0.0018280325
0,0.0,0.0016643741
1,1.0,0.9978668
0,0.0,0.0024089967
0,0.0,0.0017879358
1,1.0,0.9979287
0,0.0,0.0015259477
1,1.0,0.9978417
0,0.0,0.001643245
1,1.0,0.9982128
0,0.0,0.001836651
1,1.0,0.99752134
0,0.0,0.0013741401
0,0.0,0.0062364046
0,0.0,0.0019189682
1,1.0,0.99792236
0,0.0,0.0016434798
1,1.0,0.9978831
1,1.0,0.9978517
0,0.0,0.00488987
0,0.0,0.0012224517
1,1.0,0.99793494
1,1.0,0.9978584
1,1.0,0.99792314
1,1.0,0.9978863
0,0.0,0.0024295477
0,0.0,0.001432043
0,0.0,0.0012228673
0,0.0,0.0019568487
1,1.0,0.9978819
0,0.0,0.0079513015
1,1.0,0.997867
1,1.0,0.9973147
1,1.0,0.9978693
0,0.0,0.0021267585
1,1.0,0.9978629
0,0.0,0.0020188005
0,0.0,0.0024317454
1,1.0,0.99785817
1,1.0,0.99793494
1,1.0,0.9978935
0,0.0,0.0015171663
1,1.0,0.9962837
1,1.0,0.99791443
1,1.0,0.99792296
0,0.0,0.0033556195
1,1.0,0.9978481
0,0.0,0.002232576
1,1.0,0.9979291
0,0.0,0.0058459663
0,0.0,0.0015260058
0,0.0,0.002075093
0,0.0,0.0020546068
0,0.0,0.006254371
1,1.0,0.99789023
1,1.0,0.9978219
0,0.0,0.001222521
0,0.0,0.0014374338
1,1.0,0.99227303
1,1.0,0.99768436
1,1.0,0.99787414
1,1.0,0.99787486
1,1.0,0.9979372
1,1.0,0.99793595
0,0.0,0.0019853306
1,1.0,0.997929
1,1.0,0.99778974
1,1.0,0.99787295
1,1.0,0.9979286
1,1.0,0.99792415
0,0.0,0.001985253
1,1.0,0.9957394
0,0.0,0.010985223
0,0.0,0.0018280708
0,0.0,0.0025170809
0,0.0,0.01172548
1,1.0,0.9979286
1,1.0,0.9978502
0,0.0,0.0021915813
1,1.0,0.9978724
0,0.0,0.004927848
0,0.0,0.006254173
1,1.0,0.9976659
1,1.0,0.99786407
1,1.0,0.9975021
0,0.0,0.001222497
1,1.0,0.9978527
0,0.0,0.002652993
0,0.0,0.0022693097
0,0.0,0.0048356545
1,1.0,0.99787897
1,1.0,0.99789405
0,0.0,0.002014949
1,1.0,0.9978873
1,1.0,0.9978299
0,0.0,0.0020750496
0,0.0,0.0024087057
0,0.0,0.011263875
0,0.0,0.001919074
1,1.0,0.99792784
0,0.0,0.0020618849
0,0.0,0.0023604543
1,1.0,0.9979416
1,1.0,0.99788207
1,1.0,0.9978546
1,1.0,0.9978728
0,0.0,0.0048124604
1,1.0,0.9978759
0,0.0,0.001999688
0,0.0,0.002008877
0,0.0,0.0030714907
0,0.0,0.0021915534
1,1.0,0.9979383
0,0.0,0.0023959524
1,1.0,0.99790585
1,1.0,0.99782604
1,1.0,0.99783266
0,0.0,0.006903775
0,0.0,0.0015420691
0,0.0,0.0015179726
0,0.0,0.0018860608
1,1.0,0.9978975
0,0.0,0.002514709
1,1.0,0.99791515
1,1.0,0.9978512
1,1.0,0.99783754
0,0.0,0.004318371
1,1.0,0.9975842
1,1.0,0.9978817
0,0.0,0.0019568542
1,1.0,0.99785924
0,0.0,0.0019808118
1,1.0,0.9976709
0,0.0,0.001559449
0,0.0,0.004786373
1,1.0,0.99783736
0,0.0,0.0042584427
1,1.0,0.9938485
0,0.0,0.0024360837
0,0.0,0.0021267303
0,0.0,0.0013079349
1,1.0,0.99737084
0,0.0,0.0021113395
0,0.0,0.0020148677
0,0.0,0.0028548602
1,1.0,0.9979226
1,1.0,0.99787325
1,1.0,0.9978544
0,0.0,0.001985268
1,1.0,0.9978916
1,1.0,0.99749315
0,0.0,0.0021596095
0,0.0,0.0020102216
0,0.0,0.002179942
0,0.0,0.0016397621
1,1.0,0.9944895
0,0.0,0.0021387027
1,1.0,0.99792945
0,0.0,0.0018281257
0,0.0,0.0015728103
0,0.0,0.0025253333
1,1.0,0.9978919
1,1.0,0.9979084
0,0.0,0.00239416
1,1.0,0.9978959
1,1.0,0.99786353
1,1.0,0.9974586
1,1.0,0.9979093
1,1.0,0.99788356
1,1.0,0.9978437
0,0.0,0.002173825
1,1.0,0.99749
1,1.0,0.9978904
1,1.0,0.9978663
0,0.0,0.0024591126
0,0.0,0.001368871
0,0.0,0.001643342
0,0.0,0.0024425038
1,1.0,0.99788934
1,1.0,0.99791116
0,0.0,0.0028133288
1,1.0,0.997891
0,0.0,0.0023680665
0,0.0,0.0015406293
0,0.0,0.0019707314
1,1.0,0.9978884
1,1.0,0.9969074
0,0.0,0.0012225239
1,1.0,0.99786365
1,1.0,0.99792606
1,1.0,0.9979364
0,0.0,0.011736839
1,1.0,0.9978821
0,0.0,0.0013441587
0,0.0,0.0014240362
1,1.0,0.9978659
1,1.0,0.99791306
1,1.0,0.9979271
1,1.0,0.9978847
0,0.0,0.0019912177
1,1.0,0.997923
1,1.0,0.9979354
1,1.0,0.9979147
1,1.0,0.99791735
0,0.0,0.0021738764
0,0.0,0.0019903744
0,0.0,0.010180815
0,0.0,0.004922766
0,0.0,0.0027325465
1,1.0,0.99772924
1,1.0,0.997814
0,0.0,0.007955685
1,1.0,0.9978653
0,0.0,0.0025290984
0,0.0,0.0064452766
1,1.0,0.99788177
0,0.0,0.0014241312
0,0.0,0.002855008
1,1.0,0.9979093
1,1.0,0.99788725
0,0.0,0.0021267766
0,0.0,0.0020604301
1,1.0,0.9978874
1,1.0,0.9978715
0,0.0,0.004317641
1,1.0,0.99786997
1,1.0,0.99740225
1,1.0,0.99790233
1,1.0,0.99792725
1,1.0,0.9979337
1,1.0,0.99739224
1,1.0,0.9979147
0,0.0,0.0019632604
0,0.0,0.0019852417
1,1.0,0.9978368
0,0.0,0.0032866595
0,0.0,0.007942271
1,1.0,0.99791366
0,0.0,0.0012479194
0,0.0,0.0021267605
0,0.0,0.005755314
0,0.0,0.0020058316
1,1.0,0.99789655
0,0.0,0.0023678567
0,0.0,0.0010571324
0,0.0,0.0020614492
1,1.0,0.9976075
0,0.0,0.0059167827
1,1.0,0.9979133
0,0.0,0.0023536428
0,0.0,0.008093691
1,1.0,0.99791676
1,1.0,0.996007
0,0.0,0.0024503598
1,1.0,0.9978391
0,0.0,0.0023761073
0,0.0,0.0020063282
0,0.0,0.0023674716
1,1.0,0.9978501
1,1.0,0.99789125
0,0.0,0.002311038
0,0.0,0.0015963232
0,0.0,0.0051675574
0,0.0,0.0012670073
0,0.0,0.0029130455
1,1.0,0.99786854
0,0.0,0.0018312756
1,1.0,0.9978807
1,1.0,0.99781793
0,0.0,0.00216066
1,1.0,0.9979234
1,1.0,0.9979129
1,1.0,0.99793124
1,1.0,0.9978715
1,1.0,0.9979224
1,1.0,0.9979361
0,0.0,0.0025275731
0,0.0,0.0020187534
1,1.0,0.9973855
1,1.0,0.9979354
0,0.0,0.002054583
1,1.0,0.9978517
0,0.0,0.0017893713
1,1.0,0.99780947
0,0.0,0.0020148666
0,0.0,0.0021713318
0,0.0,0.0021559636
0,0.0,0.0015471266
0,0.0,0.002170526
0,0.0,0.0013441229
0,0.0,0.0061077112
0,0.0,0.0020188342
1,1.0,0.99705815
0,0.0,0.0015099735
1,1.0,0.9979336
1,1.0,0.997922
0,0.0,0.005840485
0,0.0,0.0022577613
1,1.0,0.9975902
0,0.0,0.0016733211
0,0.0,0.0020062232
0,0.0,0.0056939437
0,0.0,0.0018962024
0,0.0,0.0021825968
1,1.0,0.997911
0,0.0,0.001870765
1,1.0,0.9978982
0,0.0,0.002138623
1,1.0,0.9979416
0,0.0,0.0019903176
1,1.0,0.99793714
1,1.0,0.99786586
1,1.0,0.9978751
1,1.0,0.9974271
0,0.0,0.0029437363
0,0.0,0.0025244642
0,0.0,0.0033071514
0,0.0,0.0015666574
1,1.0,0.9979242
1,1.0,0.99791825
0,0.0,0.0015962936
1,1.0,0.9978714
0,0.0,0.0012224418
1,1.0,0.99785185
1,1.0,0.9974314
0,0.0,0.0027311875
1,1.0,0.9978269
0,0.0,0.0028964519
0,0.0,0.0015592899
0,0.0,0.0016733259
1,1.0,0.997867
1,1.0,0.99793357
0,0.0,0.0019705954
1,1.0,0.9978958
1,1.0,0.997768
0,0.0,0.0024090447
0,0.0,0.0013441433
0,0.0,0.0024200007
1,1.0,0.9978834
1,1.0,0.9977771
0,0.0,0.0020148791
1,1.0,0.9978829
0,0.0,0.001335146
0,0.0,0.0032958458
1,1.0,0.99788874
0,0.0,0.0027298257
0,0.0,0.0026608093
0,0.0,0.0018757668
1,1.0,0.9978963
0,0.0,0.0016519795
0,0.0,0.002007134
0,0.0,0.0019808016
1,1.0,0.99787295
0,0.0,0.0017054123
0,0.0,0.002006206
0,0.0,0.0019910063
0,0.0,0.0022881166
1,1.0,0.9978748
0,0.0,0.0020188286
0,0.0,0.006153966
0,0.0,0.0047542453
1,1.0,0.9978513
1,1.0,0.99782914
0,0.0,0.0020750295
0,0.0,0.015605833
0,0.0,0.0014091886
0,0.0,0.0019912887
0,0.0,0.0017335789
1,1.0,0.9978193
1,1.0,0.9974718
1,1.0,0.9978801
1,1.0,0.997459
1,1.0,0.99784476
0,0.0,0.0023367882
0,0.0,0.0014602859
0,0.0,0.0021597769
1,1.0,0.9932371
1,1.0,0.99722105
0,0.0,0.0030270505
1,1.0,0.99782366
1,1.0,0.9978498
0,0.0,0.0010570146
1,1.0,0.9978735
1,1.0,0.99782634
0,0.0,0.0017891888
1,1.0,0.99789053
1,1.0,0.9978951
1,1.0,0.9979289
1,1.0,0.99787474
1,1.0,0.99788296
0,0.0,0.0020063606
0,0.0,0.0017334189
0,0.0,0.0020071839
1,1.0,0.9978891
0,0.0,0.0018272654
0,0.0,0.0024566012
1,1.0,0.997932
0,0.0,0.0032861
0,0.0,0.0021738105
1,1.0,0.99782145
1,1.0,0.99789006
0,0.0,0.0012224815
0,0.0,0.0021709255
1,1.0,0.99792504
1,1.0,0.99790955
0,0.0,0.002170501
0,0.0,0.0014231794
1,1.0,0.99788314
1,1.0,0.9974987
1,1.0,0.9978276
0,0.0,0.005836668
1,1.0,0.9978561
0,0.0,0.0021597687
1,1.0,0.9978997
0,0.0,0.0024138626
0,0.0,0.0030723615
0,0.0,0.001991195
1,1.0,0.99792254
0,0.0,0.001974584
1,1.0,0.99792933
1,1.0,0.9979342
0,0.0,0.0059060697
0,0.0,0.001424178
0,0.0,0.0016420219
0,0.0,0.005833639
1,1.0,0.99792933
0,0.0,0.0021705506
1,1.0,0.997654
1,1.0,0.9978847
1,1.0,0.9977909
0,0.0,0.0020004762
1,1.0,0.9979296
0,0.0,0.005837891
1,1.0,0.9979183
0,0.0,0.0020546087
0,0.0,0.0019853164
1,1.0,0.99746764
0,0.0,0.0013799148
1,1.0,0.99788177
1,1.0,0.9979346
1,1.0,0.9978901
0,0.0,0.0021916148
1,1.0,0.99793345
1,1.0,0.9979057
0,0.0,0.005974879
0,0.0,0.0022987
1,1.0,0.99550784
0,0.0,0.0021556332
1,1.0,0.9978574
1,1.0,0.9979089
0,0.0,0.002323307
1,1.0,0.9978713
1,1.0,0.9978945
1,1.0,0.99794054
1,1.0,0.99792856
0,0.0,0.0018961701
0,0.0,0.0015160787
0,0.0,0.0020211816
1,1.0,0.99791366
0,0.0,0.003291668
0,0.0,0.0015106372
1,1.0,0.9979307
0,0.0,0.0026632221
0,0.0,0.0017156807
1,1.0,0.9979267
0,0.0,0.0012224587
1,1.0,0.99744105
1,1.0,0.99789786
0,0.0,0.0026606878
1,1.0,0.9978649
0,0.0,0.001980775
1,1.0,0.99789006
0,0.0,0.0025160469
1,1.0,0.9979019
1,1.0,0.99786013
0,0.0,0.0021815107
1,1.0,0.99793005
1,1.0,0.99784017
0,0.0,0.0028959317
0,0.0,0.00252474
1,1.0,0.99789345
0,0.0,0.0021813614
0,0.0,0.00241982
1,1.0,0.99783975
0,0.0,0.002851005
1,1.0,0.9978763
1,1.0,0.9978729
1,1.0,0.99793077
0,0.0,0.0014926718
1,1.0,0.9978682
0,0.0,0.002511846
1,1.0,0.99745166
1,1.0,0.9977115
0,0.0,0.0027324865
1,1.0,0.99792093
0,0.0,0.0025223705
1,1.0,0.99787426
1,1.0,0.9978704
1,1.0,0.9979269
1,1.0,0.9978846
0,0.0,0.002126805
0,0.0,0.0020148242
1,1.0,0.9979424
0,0.0,0.0020416987
0,0.0,0.002943447
0,0.0,0.0019852754
1,1.0,0.9974781
1,1.0,0.9978406
0,0.0,0.0020147564
0,0.0,0.0017204692
0,0.0,0.0021914958
0,0.0,0.003412811
1,1.0,0.9979098
1,1.0,0.9979314
0,0.0,0.0037282845
1,1.0,0.9979172
0,0.0,0.003337692
1,1.0,0.997921
1,1.0,0.9969137
1,1.0,0.997927
1,1.0,0.99784285
0,0.0,0.0017205593
1,1.0,0.9978979
1,1.0,0.9977117
0,0.0,0.0025074352
0,0.0,0.0025244986
1,1.0,0.99789786
1,1.0,0.9979271
1,1.0,0.9978834
0,0.0,0.013893458
1,1.0,0.99791074
1,1.0,0.99784094
0,0.0,0.0010571892
1,1.0,0.9979282
0,0.0,0.0015993377
0,0.0,0.01436079
1,1.0,0.99767953
0,0.0,0.0062564695
0,0.0,0.0019326608
0,0.0,0.0012213937
1,1.0,0.99732226
1,1.0,0.9978334
1,1.0,0.99786425
0,0.0,0.0021267566
1,1.0,0.9978983
1,1.0,0.9978421
1,1.0,0.9978735
1,1.0,0.99785095
1,1.0,0.99790704
0,0.0,0.0028958651
0,0.0,0.0021780343
0,0.0,0.0032814024
0,0.0,0.001222518
1,1.0,0.9978058
0,0.0,0.004838301
0,0.0,0.0014835361
0,0.0,0.0032833742
0,0.0,0.0015171634
1,1.0,0.9978562
0,0.0,0.0019852314
1,1.0,0.9976626
0,0.0,0.0025204772
1,1.0,0.9978876
0,0.0,0.0021916127
1,1.0,0.9978735
1,1.0,0.99792063
1,1.0,0.99784374
1,1.0,0.99788916
1,1.0,0.9978866
0,0.0,0.002000145
1,1.0,0.9974272
1,1.0,0.99770045
1,1.0,0.9978807
1,1.0,0.9978572
0,0.0,0.0021705795
0,0.0,0.002275537
1,1.0,0.9978789
1,1.0,0.9978829
1,1.0,0.99789155
1,1.0,0.9978401
0,0.0,0.01977768
1,1.0,0.99778956
0,0.0,0.0010590375
1,1.0,0.9978792
0,0.0,0.0024084467
1,1.0,0.9978174
0,0.0,0.0025786776
1,1.0,0.9977205
1,1.0,0.9979346
0,0.0,0.0021225167
1,1.0,0.9979082
0,0.0,0.002064733
0,0.0,0.006185033
1,1.0,0.99775475
0,0.0,0.0014329276
0,0.0,0.0032944037
1,1.0,0.9931439
0,0.0,0.002007132
1,1.0,0.9979292
1,1.0,0.9979136
0,0.0,0.0019997347
0,0.0,0.0021559412
0,0.0,0.0019853143
0,0.0,0.00846582
1,1.0,0.9978877
1,1.0,0.9968412
0,0.0,0.0019189991
1,1.0,0.9978979
1,1.0,0.9978874
0,0.0,0.0030271313
0,0.0,0.002515104
0,0.0,0.001963264
0,0.0,0.002605659
0,0.0,0.0014925696
1,1.0,0.9979131
1,1.0,0.99787426
0,0.0,0.005271856
1,1.0,0.99789804
1,1.0,0.997897
1,1.0,0.9979059
1,1.0,0.9950603
0,0.0,0.0016336185
0,0.0,0.00199033
0,0.0,0.0020148011
1,1.0,0.99785984
0,0.0,0.0032928302
0,0.0,0.0023685757
1,1.0,0.99792695
0,0.0,0.0025174005
0,0.0,0.0019476635
1,1.0,0.99782664
0,0.0,0.0022849706
1,1.0,0.99750763
1,1.0,0.99784076
1,1.0,0.9977594
1,1.0,0.997925
1,1.0,0.9979077
0,0.0,0.0025198432
1,1.0,0.99788296
1,1.0,0.9979155
0,0.0,0.0028420747
0,0.0,0.0013667068
0,0.0,0.0020063538
1,1.0,0.9978608
0,0.0,0.0024991755
1,1.0,0.99792147
1,1.0,0.99784523
1,1.0,0.9978085
1,1.0,0.9979287
0,0.0,0.002075087
1,1.0,0.9978704
1,1.0,0.99785787
1,1.0,0.9976344
0,0.0,0.0018279753
0,0.0,0.0019852868
0,0.0,0.002514917
0,0.0,0.0021605168
1,1.0,0.9979031
1,1.0,0.9979283
1,1.0,0.99784315
1,1.0,0.997895
0,0.0,0.0037322824
0,0.0,0.0027054816
1,1.0,0.99791336
1,1.0,0.9978983
0,0.0,0.002436129
1,1.0,0.99788946
0,0.0,0.0020750891
1,1.0,0.99786884
1,1.0,0.997865
0,0.0,0.004610996
0,0.0,0.0019842319
1,1.0,0.99790114
0,0.0,0.0028957855
1,1.0,0.99792236
1,1.0,0.997827
0,0.0,0.001222398
0,0.0,0.0015419627
0,0.0,0.0037399621
1,1.0,0.9978515
0,0.0,0.008330254
0,0.0,0.0010570221
1,1.0,0.99793565
1,1.0,0.9977655
0,0.0,0.0030032236
0,0.0,0.0019807788
1,1.0,0.9971983
1,1.0,0.9979284
1,1.0,0.9978981
1,1.0,0.99788445
1,1.0,0.99786204
1,1.0,0.9961508
0,0.0,0.0058355113
1,1.0,0.9977334
1,1.0,0.9978423
1,1.0,0.99781907
0,0.0,0.002160266
0,0.0,0.002000578
1,1.0,0.9974428
0,0.0,0.0020378432
0,0.0,0.0015855959
1,1.0,0.9978719
1,1.0,0.9978083
0,0.0,0.0025095162
1,1.0,0.9978981
0,0.0,0.003440109
1,1.0,0.99789625
0,0.0,0.0017150227
0,0.0,0.0021596637
0,0.0,0.0015666791
1,1.0,0.99790484
0,0.0,0.0018279909
1,1.0,0.9979059
0,0.0,0.0021561668
1,1.0,0.99782956
0,0.0,0.0021636237
1,1.0,0.99756014
0,0.0,0.002018865
0,0.0,0.003242047
0,0.0,0.0032848008
0,0.0,0.0020071848
0,0.0,0.0012966626
1,1.0,0.9977447
0,0.0,0.0013079336
0,0.0,0.0020148512
1,1.0,0.99790764
1,1.0,0.9979137
1,1.0,0.9979419
0,0.0,0.0025138946
0,0.0,0.0019301168
0,0.0,0.0024265933
0,0.0,0.0019632762
0,0.0,0.0021738962
1,1.0,0.9978828
0,0.0,0.002161438
0,0.0,0.006215602
1,1.0,0.99728686
0,0.0,0.0020249158
0,0.0,0.0014417418
0,0.0,0.006400818
1,1.0,0.99782705
1,1.0,0.997924
0,0.0,0.0015993835
0,0.0,0.002075174
1,1.0,0.9978685
1,1.0,0.9978697
0,0.0,0.002941972
0,0.0,0.0013805056
1,1.0,0.9979032
0,0.0,0.0020751294
1,1.0,0.99793065
1,1.0,0.9977841
0,0.0,0.002515374
0,0.0,0.0025094468
0,0.0,0.0019017446
1,1.0,0.99793535
1,1.0,0.9979234
1,1.0,0.9974406
0,0.0,0.0019706
1,1.0,0.99792683
0,0.0,0.0027302278
1,1.0,0.9978601
1,1.0,0.9978415
0,0.0,0.0025786124
0,0.0,0.0017205133
1,1.0,0.99792844
0,0.0,0.005950319
1,1.0,0.997935
1,1.0,0.9979273
1,1.0,0.9979336
0,0.0,0.003733976
0,0.0,0.0037334652
0,0.0,0.0014792392
0,0.0,0.0024084111
1,1.0,0.99793315
0,0.0,0.0025360994
1,1.0,0.9974882
1,1.0,0.997892
1,1.0,0.9945978
1,1.0,0.9978726
0,0.0,0.0019852445
1,1.0,0.99791133
1,1.0,0.99786127
1,1.0,0.9978625
1,1.0,0.99793106
0,0.0,0.0024084502
0,0.0,0.00428521
1,1.0,0.99790245
1,1.0,0.9969943
0,0.0,0.00105566
1,1.0,0.9978808
1,1.0,0.99785805
0,0.0,0.0020039675
0,0.0,0.0021385825
0,0.0,0.0012213873
0,0.0,0.0019807967
0,0.0,0.0012224844
1,1.0,0.99639136
1,1.0,0.9971259
1,1.0,0.99762416
1,1.0,0.9978871
1,1.0,0.99793357
1,1.0,0.9979328
1,1.0,0.9976867
0,0.0,0.006781505
0,0.0,0.0010575373
1,1.0,0.9976686
0,0.0,0.0014233232
1,1.0,0.99788374
0,0.0,0.0020546585
0,0.0,0.002581776
0,0.0,0.0019911209
1,1.0,0.99793756
1,1.0,0.99791193
0,0.0,0.0018279413
0,0.0,0.002021329
0,0.0,0.0019189764
0,0.0,0.0061209765
0,0.0,0.0024321226
1,1.0,0.99791145
0,0.0,0.0079289945
1,1.0,0.9978513
1,1.0,0.99757767
1,1.0,0.9979339
1,1.0,0.99789774
1,1.0,0.99766266
0,0.0,0.0026455645
1,1.0,0.9979043
0,0.0,0.00329062
1,1.0,0.99785906
0,0.0,0.001643583
1,1.0,0.9979211
0,0.0,0.0019851793
1,1.0,0.99761844
0,0.0,0.0016340415
1,1.0,0.99788404
0,0.0,0.0021813717
1,1.0,0.997687
0,0.0,0.00293957
1,1.0,0.9978852
0,0.0,0.0019903802
0,0.0,0.0024488496
1,1.0,0.99787235
1,1.0,0.99792665
0,0.0,0.0014835092
0,0.0,0.0012201669
0,0.0,0.0025088333
1,1.0,0.99790174
0,0.0,0.0021814278
1,1.0,0.99793476
1,1.0,0.99790454
1,1.0,0.9979357
0,0.0,0.0021800913
0,0.0,0.0049286108
1,1.0,0.9979335
0,0.0,0.0027924404
1,1.0,0.9979217
1,1.0,0.9978678
0,0.0,0.0012224809
1,1.0,0.99786055
0,0.0,0.0034981533
0,0.0,0.011207444
0,0.0,0.0023280713
0,0.0,0.002054632
1,1.0,0.99786186
0,0.0,0.0010556822
1,1.0,0.99792236
1,1.0,0.9979296
1,1.0,0.9978671
0,0.0,0.0029130524
0,0.0,0.0012224342
1,1.0,0.99791604
1,1.0,0.9978721
1,1.0,0.99786794
1,1.0,0.99789965
0,0.0,0.0014320614
1,1.0,0.9978109
0,0.0,0.002003958
0,0.0,0.001585987
0,0.0,0.0023777934
1,1.0,0.99784136
1,1.0,0.9979135
0,0.0,0.0012224929
1,1.0,0.9978785
1,1.0,0.9979187
1,1.0,0.9978965
1,1.0,0.9978803
1,1.0,0.9978341
1,1.0,0.9979215
0,0.0,0.00199973
1,1.0,0.997923
1,1.0,0.99792886
1,1.0,0.99789184
0,0.0,0.0021268192
1,1.0,0.99788976
1,1.0,0.99789613
1,1.0,0.9979296
1,1.0,0.9979119
1,1.0,0.9978726
1,1.0,0.9979314
0,0.0,0.0014315924
0,0.0,0.002014905
0,0.0,0.00237634
1,1.0,0.9978581
0,0.0,0.003440501
0,0.0,0.0010572443
0,0.0,0.0026986522
1,1.0,0.9978163
0,0.0,0.0018962304
0,0.0,0.0019192129
1,1.0,0.9977224
0,0.0,0.008773446
0,0.0,0.0015404645
1,1.0,0.99791574
1,1.0,0.99789965
0,0.0,0.0017205133
0,0.0,0.004412848
1,1.0,0.9979287
1,1.0,0.9978806
1,1.0,0.99779177
1,1.0,0.997937
1,1.0,0.9979076
0,0.0,0.0018962567
1,1.0,0.9976023
1,1.0,0.9978481
0,0.0,0.0019189845
1,1.0,0.99784565
1,1.0,0.9978846
1,1.0,0.997883
1,1.0,0.99704546
0,0.0,0.0013591031
1,1.0,0.99788564
0,0.0,0.0020870804
0,0.0,0.00273658
1,1.0,0.9978123
1,1.0,0.9978953
0,0.0,0.0030172407
1,1.0,0.99780875
0,0.0,0.0019705973
1,1.0,0.99792266
0,0.0,0.0020183884
1,1.0,0.9979215
0,0.0,0.0033079246
0,0.0,0.0037344901
1,1.0,0.997942
0,0.0,0.0072785993
0,0.0,0.001055107
0,0.0,0.0018962558
1,1.0,0.9961507
0,0.0,0.002160524
1,1.0,0.99784595
0,0.0,0.0025946656
0,0.0,0.01659555
1,1.0,0.9979059
1,1.0,0.99791753
1,1.0,0.997861
1,1.0,0.99770486
0,0.0,0.0058405534
0,0.0,0.0019902922
1,1.0,0.9979232
0,0.0,0.004889726
1,1.0,0.997928
1,1.0,0.9974
1,1.0,0.9979272
1,1.0,0.9978858
0,0.0,0.0020072104
0,0.0,0.0019569304
0,0.0,0.0024208978
1,1.0,0.99779123
0,0.0,0.004756714
1,1.0,0.99792016
1,1.0,0.99793434
0,0.0,0.0014469541
0,0.0,0.00195988
0,0.0,0.008345622
1,1.0,0.99762404
0,0.0,0.0016438068
0,0.0,0.0019852868
1,1.0,0.99780875
1,1.0,0.9978737
0,0.0,0.0016413983
1,1.0,0.99786824
1,1.0,0.9979348
1,1.0,0.9978159
0,0.0,0.0014793407
1,1.0,0.9979211
1,1.0,0.99732345
0,0.0,0.0018961611
1,1.0,0.9978871
0,0.0,0.0023803837
0,0.0,0.0025300344
0,0.0,0.0012224888
0,0.0,0.00166808
0,0.0,0.0025360414
1,1.0,0.997834
1,1.0,0.99792707
1,1.0,0.9978737
1,1.0,0.99785316
1,1.0,0.99792904
1,1.0,0.9978389
1,1.0,0.99791706
1,1.0,0.99792826
0,0.0,0.0057080914
1,1.0,0.99786776
1,1.0,0.9978729
0,0.0,0.0023683952
0,0.0,0.004319947
0,0.0,0.0019705673
1,1.0,0.99792296
0,0.0,0.002037975
0,0.0,0.002504427
0,0.0,0.0010567936
1,1.0,0.9938288
0,0.0,0.0019705945
0,0.0,0.002503991
1,1.0,0.99791175
0,0.0,0.001518284
0,0.0,0.007958195
0,0.0,0.0010590092
0,0.0,0.0010568292
1,1.0,0.99786156
0,0.0,0.0024319931
0,0.0,0.0027677522
1,1.0,0.9979412
1,1.0,0.9979286
0,0.0,0.0025164895
0,0.0,0.0025083849
0,0.0,0.001918948
1,1.0,0.99791557
1,1.0,0.9978436
1,1.0,0.9978937
0,0.0,0.0023443878
1,1.0,0.9978802
0,0.0,0.0037327684
1,1.0,0.99789006
1,1.0,0.9978849
1,1.0,0.9979168
0,0.0,0.0021268132
0,0.0,0.0023055165
0,0.0,0.005921482
0,0.0,0.0025814385
1,1.0,0.9971385
1,1.0,0.99787414
1,1.0,0.9979168
0,0.0,0.002014738
0,0.0,0.002939319
1,1.0,0.99791116
1,1.0,0.99790514
0,0.0,0.0038370865
1,1.0,0.9972765
1,1.0,0.99791604
1,1.0,0.9978461
1,1.0,0.9979335
1,1.0,0.99787444
0,0.0,0.0015420883
0,0.0,0.001463393
0,0.0,0.0010574396
0,0.0,0.0026609292
0,0.0,0.0026609483
0,0.0,0.003286978
1,1.0,0.99781895
0,0.0,0.0016432584
1,1.0,0.9976186
0,0.0,0.0021590001
1,1.0,0.9978634
0,0.0,0.0020148763
1,1.0,0.9978866
1,1.0,0.9978888
0,0.0,0.042708173
0,0.0,0.0017879528
0,0.0,0.0010557595
1,1.0,0.9978809
1,1.0,0.99788266
0,0.0,0.0015470874
1,1.0,0.9979128
0,0.0,0.002069215
1,1.0,0.99785274
0,0.0,0.0023228806
1,1.0,0.99793005
1,1.0,0.99786395
0,0.0,0.0023560098
1,1.0,0.99792534
0,0.0,0.0017783077
0,0.0,0.0057870937
0,0.0,0.0021267293
1,1.0,0.99792117
1,1.0,0.9978918
0,0.0,0.002660756
1,1.0,0.997924
1,1.0,0.99791443
0,0.0,0.0022740585
1,1.0,0.9978818
0,0.0,0.0028965843
0,0.0,0.0023678795
1,1.0,0.9979339
1,1.0,0.99790967
0,0.0,0.0019860289
1,1.0,0.9974595
0,0.0,0.0025034049
1,1.0,0.99792814
0,0.0,0.0022084168
0,0.0,0.0025316568
0,0.0,0.0030714937
1,1.0,0.997929
1,1.0,0.99789006
1,1.0,0.99736375
0,0.0,0.001432972
0,0.0,0.0023711256
0,0.0,0.002018369
0,0.0,0.0049161175
1,1.0,0.9978903
1,1.0,0.9979072
1,1.0,0.99793386
0,0.0,0.0017892162
1,1.0,0.997935
0,0.0,0.0021703471
1,1.0,0.99791294
0,0.0,0.0021921343
0,0.0,0.0010569389
1,1.0,0.9978458
1,1.0,0.99788296
0,0.0,0.0021914958
1,1.0,0.99766296
0,0.0,0.001963223
1,1.0,0.997934
1,1.0,0.99788487
0,0.0,0.002173943
1,1.0,0.9978432
1,1.0,0.9978714
0,0.0,0.0023928008
1,1.0,0.99783236
0,0.0,0.002284626
0,0.0,0.0020071368
0,0.0,0.0023617034
1,1.0,0.9976374
1,1.0,0.99789405
0,0.0,0.002159403
0,0.0,0.0023678546
1,1.0,0.99789554
1,1.0,0.9978835
1,1.0,0.9978788
0,0.0,0.007950689
1,1.0,0.99784166
1,1.0,0.9979112
0,0.0,0.0024198433
0,0.0,0.002054627
1,1.0,0.9978935
0,0.0,0.0019903046
0,0.0,0.002456426
0,0.0,0.0013386959
1,1.0,0.9978954
1,1.0,0.99793494
0,0.0,0.0020188238
1,1.0,0.997161
0,0.0,0.0015181345
0,0.0,0.0021600989
1,1.0,0.9974068
1,1.0,0.997937
1,1.0,0.9972815
1,1.0,0.9979368
0,0.0,0.0020538266
0,0.0,0.0025086473
0,0.0,0.0021542264
0,0.0,0.0021908435
0,0.0,0.0033338983
1,1.0,0.99773747
1,1.0,0.99792475
0,0.0,0.0025020158
1,1.0,0.9979123
0,0.0,0.0016678099
0,0.0,0.00250687
1,1.0,0.9979333
0,0.0,0.0017661914
0,0.0,0.00171548
1,1.0,0.9977794
0,0.0,0.0020147976
0,0.0,0.006209908
0,0.0,0.0027326779
1,1.0,0.9979067
1,1.0,0.99784994
1,1.0,0.9979019
1,1.0,0.9978678
1,1.0,0.9979321
0,0.0,0.0016818051
1,1.0,0.99766254
0,0.0,0.0015090645
1,1.0,0.99787915
1,1.0,0.99782336
0,0.0,0.0032871405
0,0.0,0.0025445174
1,1.0,0.9979026
1,1.0,0.9979077
1,1.0,0.99748665
0,0.0,0.0021268376
1,1.0,0.99778277
1,1.0,0.99741346
0,0.0,0.004317124
0,0.0,0.0037304515
1,1.0,0.99788773
0,0.0,0.0014240824
1,1.0,0.9979318
0,0.0,0.002355216
0,0.0,0.0019706534
0,0.0,0.0058440934
1,1.0,0.99782556
0,0.0,0.0025165803
0,0.0,0.0020750316
1,1.0,0.9978108
1,1.0,0.99793124
0,0.0,0.001453674
0,0.0,0.0030272393
0,0.0,0.002392408
0,0.0,0.0019706087
1,1.0,0.99745154
1,1.0,0.9978623
0,0.0,0.0020543935
1,1.0,0.9979208
1,1.0,0.9978699
1,1.0,0.9974678
0,0.0,0.0021738582
1,1.0,0.9974465
1,1.0,0.99793434
1,1.0,0.99788064
1,1.0,0.9978761
0,0.0,0.012729682
0,0.0,0.0063722953
1,1.0,0.997661
0,0.0,0.0020546417
1,1.0,0.9978366
0,0.0,0.0024318856
0,0.0,0.001904032
0,0.0,0.0023677903
0,0.0,0.001902869
1,1.0,0.99727714
1,1.0,0.9979198
0,0.0,0.006582511
1,1.0,0.99783206
1,1.0,0.99788463
1,1.0,0.99785966
1,1.0,0.9978086
1,1.0,0.99857455
1,1.0,0.99788404
0,0.0,0.002322126
0,0.0,0.0025442278
1,1.0,0.99740297
1,1.0,0.997883
1,1.0,0.99781555
1,1.0,0.99790597
0,0.0,0.007935385
1,1.0,0.99762696
1,1.0,0.9978993
0,0.0,0.0019569623
1,1.0,0.99792
1,1.0,0.9979369
1,1.0,0.9979359
0,0.0,0.002157002
0,0.0,0.0020381243
0,0.0,0.0032923906
0,0.0,0.001991193
0,0.0,0.0032893112
1,1.0,0.99791366
1,1.0,0.9978643
1,1.0,0.99789625
1,1.0,0.99788284
1,1.0,0.9979372
0,0.0,0.002157622
0,0.0,0.0030270389
0,0.0,0.0026532048
1,1.0,0.99788105
1,1.0,0.997886
1,1.0,0.99789196
0,0.0,0.0017154776
0,0.0,0.0025397844
1,1.0,0.99776775
0,0.0,0.0029131023
0,0.0,0.0021600905
0,0.0,0.005625787
0,0.0,0.011909774
1,1.0,0.99793345
1,1.0,0.99788797
1,1.0,0.99784124
1,1.0,0.99788016
1,1.0,0.9979279
1,1.0,0.99792826
0,0.0,0.0010573379
0,0.0,0.012014554
0,0.0,0.002014654
0,0.0,0.002018842
1,1.0,0.9979215
1,1.0,0.9979315
1,1.0,0.9979037
0,0.0,0.0025212218
1,1.0,0.9978815
1,1.0,0.997926
0,0.0,0.001896188
1,1.0,0.99782974
1,1.0,0.997851
1,1.0,0.99793273
0,0.0,0.006309633
0,0.0,0.0019903195
0,0.0,0.0018124355
1,1.0,0.9978798
1,1.0,0.9978075
0,0.0,0.002854875
1,1.0,0.9978734
0,0.0,0.0032912018
1,1.0,0.9979223
1,1.0,0.99787754
0,0.0,0.0025785635
1,1.0,0.99790823
0,0.0,0.0061473087
1,1.0,0.99787974
1,1.0,0.99788153
1,1.0,0.9978783
1,1.0,0.99791265
0,0.0,0.0021386081
1,1.0,0.99790055
1,1.0,0.9978858
1,1.0,0.9977913
0,0.0,0.0021702638
0,0.0,0.0020750316
0,0.0,0.002160375
0,0.0,0.0025191025
1,1.0,0.9978893
0,0.0,0.0025259147
0,0.0,0.0020317931
1,1.0,0.9979133
0,0.0,0.001837968
1,1.0,0.99787503
1,1.0,0.99792254
1,1.0,0.9978675
0,0.0,0.0024082817
0,0.0,0.0025094252
0,0.0,0.0023685396
1,1.0,0.99792385
0,0.0,0.0025175263
0,0.0,0.0024321051
1,1.0,0.99785626
0,0.0,0.0036856881
0,0.0,0.0021598837
0,0.0,0.001991267
0,0.0,0.0014084653
1,1.0,0.9979272
1,1.0,0.99791306
1,1.0,0.99791574
0,0.0,0.001900703
1,1.0,0.99801016
0,0.0,0.0020545726
1,1.0,0.9978145
0,0.0,0.0025127365
0,0.0,0.0030271832
1,1.0,0.99785775
0,0.0,0.0021737937
0,0.0,0.005839114
1,1.0,0.9978735
0,0.0,0.012985222
0,0.0,0.0019006714
1,1.0,0.9978843
0,0.0,0.0028242588
0,0.0,0.002727884
0,0.0,0.003288592
1,1.0,0.9978872
0,0.0,0.0032465355
1,1.0,0.99788356
1,1.0,0.99787945
1,1.0,0.9979234
1,1.0,0.9958459
1,1.0,0.9979303
0,0.0,0.0010555872
0,0.0,0.0021268385
0,0.0,0.0026342701
1,1.0,0.99752015
1,1.0,0.9979134
1,1.0,0.99785936
0,0.0,0.0019005538
1,1.0,0.9977999
1,1.0,0.99785864
1,1.0,0.9978691
1,1.0,0.99783117
1,1.0,0.9972884
0,0.0,0.0016820903
1,1.0,0.9979345
1,1.0,0.99634486
0,0.0,0.0038185297
1,1.0,0.9978809
1,1.0,0.9972331
1,1.0,0.99792343
0,0.0,0.0012230567
1,1.0,0.9978916
1,1.0,0.99782217
0,0.0,0.001409206
0,0.0,0.0010553397
1,1.0,0.9978522
1,1.0,0.99779886
1,1.0,0.9977368
1,1.0,0.99691236
0,0.0,0.002160235
1,1.0,0.9976908
1,1.0,0.9979215
0,0.0,0.0010553809
0,0.0,0.002368
0,0.0,0.002458944
0,0.0,0.0047891587
1,1.0,0.99790746
1,1.0,0.99760795
0,0.0,0.0014135912
0,0.0,0.0015631418
0,0.0,0.0032825319
1,1.0,0.9969275
1,1.0,0.9974773
0,0.0,0.004114673
1,1.0,0.9979109
0,0.0,0.002006286
1,1.0,0.99788034
0,0.0,0.0021552672
1,1.0,0.9978855
0,0.0,0.0012224441
0,0.0,0.002523049
1,1.0,0.99787176
0,0.0,0.0015856524
1,1.0,0.99763733
1,1.0,0.9979277
0,0.0,0.0070606386
1,1.0,0.9979133
0,0.0,0.0016079587
0,0.0,0.0028538057
0,0.0,0.0021540667
0,0.0,0.0018312399
0,0.0,0.003294845
0,0.0,0.0021591482
1,1.0,0.9968921
0,0.0,0.0014634557
0,0.0,0.0021910204
1,1.0,0.99782664
0,0.0,0.003072326
1,1.0,0.9978548
0,0.0,0.0016141658
0,0.0,0.0025213717
1,1.0,0.99781793
0,0.0,0.0014294699
0,0.0,0.0016678242
1,1.0,0.99759
0,0.0,0.008582424
1,1.0,0.9978418
1,1.0,0.99778193
0,0.0,0.002156171
1,1.0,0.99788564
0,0.0,0.0020188016
0,0.0,0.0021919683
1,1.0,0.9978926
0,0.0,0.0020067703
0,0.0,0.009760251
0,0.0,0.00252117
1,1.0,0.997902
0,0.0,0.005391736
1,1.0,0.99788016
1,1.0,0.99789673
0,0.0,0.0032901587
0,0.0,0.0024707105
1,1.0,0.9976185
0,0.0,0.0020546126
1,1.0,0.99787456
0,0.0,0.0025133174
0,0.0,0.0015393103
1,1.0,0.99789405
0,0.0,0.0016562379
1,1.0,0.99792737
1,1.0,0.9979132
1,1.0,0.9979078
0,0.0,0.0012831143
1,1.0,0.9979373
0,0.0,0.001991189
1,1.0,0.997919
0,0.0,0.0016268502
1,1.0,0.99746156
1,1.0,0.9978244
0,0.0,0.0016002913
0,0.0,0.002173944
1,1.0,0.9979213
1,1.0,0.9979038
0,0.0,0.0042794254
1,1.0,0.99784833
0,0.0,0.0019190265
0,0.0,0.001222521
0,0.0,0.0051524914
1,1.0,0.9978879
0,0.0,0.0030269127
0,0.0,0.0010571675
1,1.0,0.9977808
0,0.0,0.0013953389
0,0.0,0.0025287878
1,1.0,0.9979218
0,0.0,0.0020072917
1,1.0,0.99781275
0,0.0,0.0014598019
0,0.0,0.0020148368
1,1.0,0.9978211
1,1.0,0.997876
1,1.0,0.9978552
1,1.0,0.997844
0,0.0,0.0017779811
0,0.0,0.0020062735
0,0.0,0.0023231062
1,1.0,0.99784476
0,0.0,0.0021267182
0,0.0,0.001919065
1,1.0,0.9978912
1,1.0,0.9978289
0,0.0,0.0022751277
1,1.0,0.9970431
1,1.0,0.9978561
1,1.0,0.99792993
1,1.0,0.9979213
1,1.0,0.9978455
1,1.0,0.9978722
0,0.0,0.0020620641
1,1.0,0.99790037
0,0.0,0.0020188363
1,1.0,0.9978718
1,1.0,0.9977118
0,0.0,0.0019903348
1,1.0,0.99786586
1,1.0,0.9979051
1,1.0,0.9979263
0,0.0,0.0019599185
0,0.0,0.0022210365
1,1.0,0.99788225
1,1.0,0.99791354
1,1.0,0.9979254
0,0.0,0.0015189947
1,1.0,0.9979194
0,0.0,0.0018293347
0,0.0,0.002326073
1,1.0,0.9978859
0,0.0,0.0032951774
0,0.0,0.0019361012
1,1.0,0.99787414
1,1.0,0.9979348
1,1.0,0.9966975
0,0.0,0.0019903535
0,0.0,0.010155388
0,0.0,0.002161577
0,0.0,0.0015718655
0,0.0,0.0014324455
1,1.0,0.9978904
1,1.0,0.9979386
1,1.0,0.9978508
1,1.0,0.99793303
1,1.0,0.99787194
0,0.0,0.0049564876
0,0.0,0.003440264
0,0.0,0.002180604
1,1.0,0.9974173
0,0.0,0.002369459
0,0.0,0.0047839843
1,1.0,0.99788857
1,1.0,0.9978563
0,0.0,0.0020187995
1,1.0,0.9976192
1,1.0,0.9978181
1,1.0,0.9978939
1,1.0,0.99792457
1,1.0,0.9978843
1,1.0,0.99789286
0,0.0,0.0015157063
0,0.0,0.0025963762
1,1.0,0.9979129
0,0.0,0.004291497
0,0.0,0.0020149108
1,1.0,0.9978826
0,0.0,0.0024808226
1,1.0,0.99787545
1,1.0,0.99793386
0,0.0,0.0012224993
0,0.0,0.0022961928
1,1.0,0.9976514
0,0.0,0.0020618641
0,0.0,0.00062906765
0,0.0,0.002504596
0,0.0,0.0019906624
0,0.0,0.0021711506
1,1.0,0.99732256
1,1.0,0.9978569
1,1.0,0.9978886
1,1.0,0.9979221
1,1.0,0.99789006
1,1.0,0.9950623
1,1.0,0.9978152
0,0.0,0.001970658
1,1.0,0.9979284
1,1.0,0.99791354
1,1.0,0.9978117
1,1.0,0.99791175
1,1.0,0.9978734
0,0.0,0.002504883
0,0.0,0.0021915042
1,1.0,0.9978916
1,1.0,0.9978187
1,1.0,0.9978213
0,0.0,0.0023678432
1,1.0,0.9978898
0,0.0,0.0032966463
1,1.0,0.99793106
1,1.0,0.99788326
0,0.0,0.0014469218
0,0.0,0.013196634
1,1.0,0.99792176
1,1.0,0.9978722
1,1.0,0.9979288
0,0.0,0.0021596989
1,1.0,0.9978451
0,0.0,0.002588131
0,0.0,0.0037332757
1,1.0,0.9979229
0,0.0,0.0033326894
0,0.0,0.0015940313
1,1.0,0.99667376
0,0.0,0.002509829
0,0.0,0.0020410875
0,0.0,0.0010589376
1,1.0,0.9978761
0,0.0,0.0023679412
0,0.0,0.0021815107
1,1.0,0.9977489
1,1.0,0.99791664
1,1.0,0.9976076
0,0.0,0.0015723072
0,0.0,0.0020188016
0,0.0,0.0027277828
1,1.0,0.9978313
1,1.0,0.9976135
1,1.0,0.996666
0,0.0,0.0021591748
0,0.0,0.00200637
1,1.0,0.9978853
0,0.0,0.0018962821
1,1.0,0.9978427
0,0.0,0.002101705
1,1.0,0.9979322
1,1.0,0.9979217
0,0.0,0.0020222112
1,1.0,0.99792725
1,1.0,0.9976896
1,1.0,0.9979262
0,0.0,0.0020222054
1,1.0,0.9975592
0,0.0,0.0025628558
0,0.0,0.0010587338
0,0.0,0.001896197
1,1.0,0.99792147
1,1.0,0.99765426
1,1.0,0.9978349
0,0.0,0.0012224587
1,1.0,0.9978771
0,0.0,0.001395319
1,1.0,0.99792725
0,0.0,0.002376198
1,1.0,0.9978721
1,1.0,0.99787116
1,1.0,0.9979036
0,0.0,0.0010586643
0,0.0,0.002426097
0,0.0,0.010625013
0,0.0,0.00636537
1,1.0,0.9978403
1,1.0,0.9979422
0,0.0,0.005168568
0,0.0,0.0016102683
0,0.0,0.002269668
0,0.0,0.0020383184
1,1.0,0.9978797
1,1.0,0.99793476
1,1.0,0.99787503
0,0.0,0.0024088933
0,0.0,0.0014232867
1,1.0,0.99744886
1,1.0,0.99785864
1,1.0,0.9979278
1,1.0,0.99793345
1,1.0,0.99744606
1,1.0,0.9978649
1,1.0,0.9978348
0,0.0,0.002450368
0,0.0,0.0026607586
0,0.0,0.002854286
1,1.0,0.99791944
0,0.0,0.0025034766
0,0.0,0.0020750228
1,1.0,0.9978838
1,1.0,0.9978339
0,0.0,0.0030725629
0,0.0,0.0021738042
0,0.0,0.0020061955
0,0.0,0.002852122
1,1.0,0.9979358
0,0.0,0.0020211942
0,0.0,0.0020222033
0,0.0,0.0031405706
1,1.0,0.9978741
1,1.0,0.9978874
0,0.0,0.0024206673
1,1.0,0.995176
1,1.0,0.99788463
0,0.0,0.0021738394
1,1.0,0.99754626
0,0.0,0.002054593
0,0.0,0.002509867
1,1.0,0.99785525
0,0.0,0.001956813
1,1.0,0.9978698
1,1.0,0.99749625
1,1.0,0.99784434
1,1.0,0.997937
0,0.0,0.0015381178
0,0.0,0.005842576
0,0.0,0.0018366599
1,1.0,0.9978172
0,0.0,0.002089331
1,1.0,0.9977118
1,1.0,0.997706
0,0.0,0.0019850016
1,1.0,0.99790496
1,1.0,0.99785835
0,0.0,0.005083099
1,1.0,0.99760866
0,0.0,0.0020578522
1,1.0,0.99670225
0,0.0,0.002006228
0,0.0,0.0030897139
1,1.0,0.9979274
0,0.0,0.0018123784
1,1.0,0.9979367
1,1.0,0.9979342
0,0.0,0.00328585
1,1.0,0.99786824
0,0.0,0.0022047488
1,1.0,0.9979265
0,0.0,0.002006205
0,0.0,0.00215605
1,1.0,0.9978627
1,1.0,0.9979157
0,0.0,0.0010589537
1,1.0,0.99787205
1,1.0,0.99789137
0,0.0,0.0019252627
0,0.0,0.0027293921
0,0.0,0.0023756858
1,1.0,0.9979096
0,0.0,0.0019706294
0,0.0,0.0028691813
0,0.0,0.0041057817
0,0.0,0.0014316278
1,1.0,0.99792385
0,0.0,0.0028543307
0,0.0,0.0020187227
0,0.0,0.0013750787
0,0.0,0.0021916325
0,0.0,0.0019852135
0,0.0,0.0058481283
1,1.0,0.9978325
0,0.0,0.012336339
0,0.0,0.0019903253
0,0.0,0.0018293799
1,1.0,0.99793446
1,1.0,0.99786174
0,0.0,0.00105488
1,1.0,0.99781823
0,0.0,0.0012225513
0,0.0,0.0033044394
0,0.0,0.0020546047
1,1.0,0.9978776
0,0.0,0.0023865427
0,0.0,0.0030270535
0,0.0,0.0012219406
1,1.0,0.99789083
0,0.0,0.003283089
1,1.0,0.9979252
0,0.0,0.002521073
0,0.0,0.0015157935
0,0.0,0.0042076185
0,0.0,0.009907143
0,0.0,0.0010585886
1,1.0,0.99664986
0,0.0,0.0030714849
1,1.0,0.9930763
0,0.0,0.0028686372
1,1.0,0.9978936
1,1.0,0.9978643
0,0.0,0.0015170772
0,0.0,0.0021615103
1,1.0,0.99783766
1,1.0,0.9978784
1,1.0,0.9978724
0,0.0,0.0028244175
0,0.0,0.002503805
0,0.0,0.0019852698
0,0.0,0.0016431957
1,1.0,0.997657
1,1.0,0.9979167
0,0.0,0.0019632194
1,1.0,0.9978795
0,0.0,0.0014792307
0,0.0,0.0046927873
0,0.0,0.0026985775
1,1.0,0.99786866
0,0.0,0.0017891923
1,1.0,0.99789095
1,1.0,0.9978844
1,1.0,0.99789363
0,0.0,0.0021714286
1,1.0,0.9979215
0,0.0,0.004921775
0,0.0,0.0026689414
0,0.0,0.0074669877
1,1.0,0.9978626
1,1.0,0.99785215
0,0.0,0.005969854
1,1.0,0.99738705
0,0.0,0.0020750347
1,1.0,0.99792266
1,1.0,0.9974474
0,0.0,0.016880274
0,0.0,0.0013591704
1,1.0,0.9979018
1,1.0,0.99787194
1,1.0,0.9962403
0,0.0,0.0022280428
0,0.0,0.002504086
0,0.0,0.0032931168
0,0.0,0.0020381128
0,0.0,0.0020221956
0,0.0,0.0019705785
1,1.0,0.9978448
0,0.0,0.0015104508
0,0.0,0.0013386359
1,1.0,0.99778277
1,1.0,0.99711317
1,1.0,0.9977491
0,0.0,0.0015105503
0,0.0,0.002138741
0,0.0,0.0019632268
1,1.0,0.99792427
1,1.0,0.9978805
1,1.0,0.99787974
0,0.0,0.0010554922
0,0.0,0.0019598324
1,1.0,0.99790657
1,1.0,0.99788284
0,0.0,0.0018321867
1,1.0,0.99790376
0,0.0,0.0019808572
1,1.0,0.997257
0,0.0,0.0019190055
1,1.0,0.9978738
1,1.0,0.99790686
1,1.0,0.99772465
0,0.0,0.0013687765
1,1.0,0.9978901
1,1.0,0.9979231
1,1.0,0.9978921
1,1.0,0.9979004
0,0.0,0.0023506898
1,1.0,0.99787664
1,1.0,0.9978644
1,1.0,0.9979058
1,1.0,0.9978919
1,1.0,0.9978726
1,1.0,0.9978917
1,1.0,0.9977048
0,0.0,0.0043196296
1,1.0,0.99792975
0,0.0,0.002553599
0,0.0,0.0021601634
1,1.0,0.9979191
1,1.0,0.9972986
0,0.0,0.0027278208
0,0.0,0.0032838099
0,0.0,0.0020112435
0,0.0,0.0017545568
0,0.0,0.0010553644
0,0.0,0.009533862
1,1.0,0.99789745
0,0.0,0.001537967
1,1.0,0.99788535
1,1.0,0.99790376
1,1.0,0.9979049
1,1.0,0.9978418
1,1.0,0.9978906
1,1.0,0.9978377
1,1.0,0.99427545
0,0.0,0.0020222417
1,1.0,0.99787796
0,0.0,0.003440874
0,0.0,0.0019364173
1,1.0,0.99787587
1,1.0,0.99789596
0,0.0,0.0025148753
1,1.0,0.99786574
0,0.0,0.0021704824
1,1.0,0.9978832
0,0.0,0.0013887078
0,0.0,0.001652309
0,0.0,0.0019904599
1,1.0,0.99743533
0,0.0,0.0016337009
0,0.0,0.002518882
1,1.0,0.9979193
1,1.0,0.9979158
1,1.0,0.9978442
0,0.0,0.0020059731
0,0.0,0.0032849978
1,1.0,0.99765366
0,0.0,0.0019997337
1,1.0,0.9978761
1,1.0,0.9978891
1,1.0,0.9978698
1,1.0,0.9978759
0,0.0,0.0018995752
1,1.0,0.9978181
0,0.0,0.0030244645
0,0.0,0.0027095815
0,0.0,0.0025046736
1,1.0,0.99710715
0,0.0,0.003728258
1,1.0,0.99765325
0,0.0,0.0019706087
1,1.0,0.9978958
0,0.0,0.0023612315
1,1.0,0.99742913
1,1.0,0.9979342
0,0.0,0.0013798545
1,1.0,0.99785155
0,0.0,0.0020545186
1,1.0,0.9978982
0,0.0,0.0012225204
0,0.0,0.0021268274
0,0.0,0.0021267596
1,1.0,0.9978279
1,1.0,0.99786854
0,0.0,0.004205947
1,1.0,0.9979299
0,0.0,0.0016679115
1,1.0,0.9977813
1,1.0,0.9976627
0,0.0,0.0025052943
1,1.0,0.9974899
1,1.0,0.9978274
1,1.0,0.99792874
0,0.0,0.002331534
1,1.0,0.99786824
1,1.0,0.9978581
1,1.0,0.9978261
1,1.0,0.9979087
1,1.0,0.9978721
0,0.0,0.0021267626
1,1.0,0.99787265
1,1.0,0.9978914
0,0.0,0.0037341462
0,0.0,0.0021915669
0,0.0,0.0015090932
0,0.0,0.0020071531
0,0.0,0.0021267585
1,1.0,0.99772805
0,0.0,0.0020062518
0,0.0,0.0016432607
1,1.0,0.99748516
1,1.0,0.99734634
1,1.0,0.9978546
1,1.0,0.9978256
1,1.0,0.99782664
0,0.0,0.0032873917
1,1.0,0.9978268
1,1.0,0.9978356
1,1.0,0.99789083
0,0.0,0.00602834
0,0.0,0.0017330253
1,1.0,0.9978886
0,0.0,0.0070425123
1,1.0,0.99789065
0,0.0,0.005838051
0,0.0,0.00514625
0,0.0,0.0025007154
0,0.0,0.0028960584
1,1.0,0.99782646
1,1.0,0.9978908
0,0.0,0.0015993653
1,1.0,0.9979193
1,1.0,0.99790776
0,0.0,0.002513083
0,0.0,0.0032892937
1,1.0,0.99793035
1,1.0,0.9976543
0,0.0,0.002732536
0,0.0,0.0037750045
1,1.0,0.99790674
1,1.0,0.99792904
0,0.0,0.0032253051
0,0.0,0.0020222226
0,0.0,0.0029137062
0,0.0,0.004797803
0,0.0,0.0020001146
0,0.0,0.0021915273
0,0.0,0.0018262143
0,0.0,0.0025162057
1,1.0,0.9978799
0,0.0,0.0014294223
1,1.0,0.99786484
0,0.0,0.0032184294
1,1.0,0.99785817
1,1.0,0.99727213
0,0.0,0.0020298548
1,1.0,0.9978782
0,0.0,0.0014591413
1,1.0,0.9978782
1,1.0,0.99784636
0,0.0,0.0026543976
0,0.0,0.002913677
1,1.0,0.9976206
1,1.0,0.9978946
0,0.0,0.0020063177
0,0.0,0.002182815
0,0.0,0.0016340197
1,1.0,0.99785113
0,0.0,0.002159787
0,0.0,0.0025057471
1,1.0,0.9967476
1,1.0,0.99726045
1,1.0,0.997816
0,0.0,0.0026201475
0,0.0,0.0026009793
0,0.0,0.0015404844
1,1.0,0.9978283
1,1.0,0.9979288
0,0.0,0.0017662914
0,0.0,0.0018277906
0,0.0,0.0058419993
0,0.0,0.0058319243
1,1.0,0.99733293
0,0.0,0.0021599722
0,0.0,0.0013816934
1,1.0,0.9966723
1,1.0,0.9978717
0,0.0,0.0012225669
0,0.0,0.0047647464
1,1.0,0.99783725
1,1.0,0.99792314
0,0.0,0.00334283
0,0.0,0.007936841
1,1.0,0.99789596
0,0.0,0.0024209116
0,0.0,0.0020111594
1,1.0,0.9976281
1,1.0,0.99792725
0,0.0,0.0016817123
0,0.0,0.0019808053
0,0.0,0.0030788893
0,0.0,0.002559265
0,0.0,0.0014833744
1,1.0,0.9979139
0,0.0,0.0020188398
1,1.0,0.9979274
0,0.0,0.0019111172
1,1.0,0.997853
0,0.0,0.0013874519
0,0.0,0.0025224956
0,0.0,0.005322579
0,0.0,0.0015962479
1,1.0,0.9978043
1,1.0,0.99657863
0,0.0,0.0025022728
1,1.0,0.9979306
0,0.0,0.0019627674
1,1.0,0.99782646
0,0.0,0.0017335172
0,0.0,0.002191519
1,1.0,0.99788153
0,0.0,0.0021738468
0,0.0,0.0021762485
0,0.0,0.007966957
0,0.0,0.0025721693
0,0.0,0.0019632138
1,1.0,0.9979111
0,0.0,0.0025959753
0,0.0,0.0023678027
0,0.0,0.0020148205
0,0.0,0.004588535
1,1.0,0.9979107
1,1.0,0.9979253
0,0.0,0.0030270636
1,1.0,0.9979629
1,1.0,0.99789864
1,1.0,0.9978906
1,1.0,0.99781835
0,0.0,0.0023320995
1,1.0,0.9979289
1,1.0,0.9979095
0,0.0,0.0023828878
0,0.0,0.002054602
0,0.0,0.0032918542
0,0.0,0.0019902922
0,0.0,0.004940329
1,1.0,0.9978742
1,1.0,0.997938
1,1.0,0.9966347
1,1.0,0.9960917
1,1.0,0.99794066
0,0.0,0.0025418473
1,1.0,0.9977302
0,0.0,0.0061721504
0,0.0,0.0032835242
1,1.0,0.9978423
0,0.0,0.0021701294
0,0.0,0.0027324995
1,1.0,0.9979285
0,0.0,0.0019706723
0,0.0,0.0014135743
0,0.0,0.002159743
0,0.0,0.002014832
1,1.0,0.99794126
1,1.0,0.9979339
0,0.0,0.0014316427
0,0.0,0.0029435686
1,1.0,0.9978832
1,1.0,0.99792117
1,1.0,0.99783134
1,1.0,0.99787945
0,0.0,0.0032875498
0,0.0,0.0017661477
1,1.0,0.9978658
0,0.0,0.002006311
0,0.0,0.0010588635
1,1.0,0.99787766
0,0.0,0.0019568112
1,1.0,0.99791986
1,1.0,0.99793357
0,0.0,0.0025172245
0,0.0,0.0020127238
1,1.0,0.9978888
0,0.0,0.0016133039
1,1.0,0.99786556
1,1.0,0.9978715
1,1.0,0.9978736
0,0.0,0.0032861675
0,0.0,0.001985304
0,0.0,0.0019190027
1,1.0,0.9958129
1,1.0,0.997875
0,0.0,0.0027258445
0,0.0,0.0010589634
1,1.0,0.99785113
1,1.0,0.99580306
1,1.0,0.9978966
1,1.0,0.9978926
1,1.0,0.9978212
0,0.0,0.002155931
0,0.0,0.0020271076
1,1.0,0.99787724
1,1.0,0.9979419
1,1.0,0.997876
1,1.0,0.99792516
0,0.0,0.0025151407
1,1.0,0.9979232
1,1.0,0.99788666
0,0.0,0.0010572372
1,1.0,0.99742794
1,1.0,0.99786794
0,0.0,0.0018970736
1,1.0,0.99651235
0,0.0,0.0019627793
0,0.0,0.0023170863
1,1.0,0.99787486
1,1.0,0.9979169
0,0.0,0.001596201
0,0.0,0.0020063263
0,0.0,0.0010571751
1,1.0,0.997802
1,1.0,0.9978912
1,1.0,0.9973568
0,0.0,0.0023779946
1,1.0,0.9979214
0,0.0,0.010055943
0,0.0,0.0060531083
0,0.0,0.0019706779
0,0.0,0.0020223025
1,1.0,0.99789006
0,0.0,0.0024502072
1,1.0,0.99783576
1,1.0,0.9978832
1,1.0,0.9978694
0,0.0,0.0024392167
0,0.0,0.0012225611
0,0.0,0.0022004198
1,1.0,0.99791396
0,0.0,0.0019510032
1,1.0,0.9979284
0,0.0,0.0019903223
0,0.0,0.0025044708
1,1.0,0.9978873
0,0.0,0.0027003274
0,0.0,0.0037324682
1,1.0,0.9979003
1,1.0,0.99804944
0,0.0,0.0049208878
1,1.0,0.9978537
1,1.0,0.9979328
0,0.0,0.0025965767
1,1.0,0.9978465
1,1.0,0.9978827
0,0.0,0.0058386824
0,0.0,0.0023731354
1,1.0,0.9978081
1,1.0,0.99781805
0,0.0,0.0020090425
0,0.0,0.0013953357
0,0.0,0.002029849
0,0.0,0.0025006891
1,1.0,0.9978774
0,0.0,0.0022435223
1,1.0,0.9978806
1,1.0,0.99787587
1,1.0,0.9979385
1,1.0,0.99790716
1,1.0,0.9977733
0,0.0,0.0029435335
1,1.0,0.99743724
0,0.0,0.0026985928
0,0.0,0.0024198017
0,0.0,0.0020544229
1,1.0,0.9978912
1,1.0,0.9978838
0,0.0,0.0021268132
1,1.0,0.9978936
1,1.0,0.9978372
0,0.0,0.0019997433
0,0.0,0.0020407583
1,1.0,0.9979209
0,0.0,0.007966632
1,1.0,0.99783015
1,1.0,0.99787277
0,0.0,0.0017783517
1,1.0,0.9978417
1,1.0,0.9978429
0,0.0,0.0019568854
0,0.0,0.011746339
1,1.0,0.9978802
1,1.0,0.9979198
1,1.0,0.9978229
0,0.0,0.0024359955
0,0.0,0.0027275626
0,0.0,0.0015717968
1,1.0,0.9971231
0,0.0,0.0037335467
1,1.0,0.99787426
1,1.0,0.9979191
1,1.0,0.9978857
0,0.0,0.0021833095
1,1.0,0.997885
0,0.0,0.0015993082
1,1.0,0.9930193
0,0.0,0.0021591398
0,0.0,0.0012219057
0,0.0,0.0016000043
0,0.0,0.0015469991
1,1.0,0.9978987
0,0.0,0.0022064415
1,1.0,0.99790746
1,1.0,0.9974357
1,1.0,0.9978747
0,0.0,0.001970602
0,0.0,0.002022261
0,0.0,0.0032886562
0,0.0,0.0020183069
1,1.0,0.9978324
0,0.0,0.0010577489
0,0.0,0.002248693
0,0.0,0.0022658124
0,0.0,0.0047447043
0,0.0,0.001990404
1,1.0,0.9979277
1,1.0,0.9978923
0,0.0,0.0017517211
1,1.0,0.99787056
1,1.0,0.99784315
0,0.0,0.0020944092
1,1.0,0.99787414
1,1.0,0.99787265
0,0.0,0.0028243999
1,1.0,0.9972785
0,0.0,0.0026600347
0,0.0,0.0023069924
1,1.0,0.9957771
1,1.0,0.99794257
0,0.0,0.0016079892
0,0.0,0.001985253
0,0.0,0.0032856534
1,1.0,0.9978891
1,1.0,0.99781173
0,0.0,0.005136119
1,1.0,0.9913135
0,0.0,0.0020061964
0,0.0,0.010594759
1,1.0,0.9979342
0,0.0,0.0020381575
1,1.0,0.9979176
0,0.0,0.0019997985
1,1.0,0.9979075
0,0.0,0.0014314854
1,1.0,0.9978759
0,0.0,0.0021705094
1,1.0,0.9978747
0,0.0,0.0027602527
0,0.0,0.002863746
1,1.0,0.99786615
0,0.0,0.0025118615
0,0.0,0.0048975376
0,0.0,0.0014588995
1,1.0,0.9979008
1,1.0,0.9978974
1,1.0,0.9977731
0,0.0,0.002368179
0,0.0,0.0016538232
0,0.0,0.0020136014
0,0.0,0.002138602
1,1.0,0.9979299
1,1.0,0.9978786
1,1.0,0.9973265
1,1.0,0.99782556
1,1.0,0.9978327
0,0.0,0.0020546108
1,1.0,0.9978807
1,1.0,0.99792206
0,0.0,0.0019851963
0,0.0,0.0021599692
1,1.0,0.9979302
1,1.0,0.9979145
0,0.0,0.0021559678
1,1.0,0.99789053
1,1.0,0.99786717
1,1.0,0.9978902
0,0.0,0.0017928759
0,0.0,0.0028419748
1,1.0,0.9978072
0,0.0,0.0030270999
0,0.0,0.0023959693
0,0.0,0.0021048437
1,1.0,0.9978874
1,1.0,0.9978867
1,1.0,0.99704695
0,0.0,0.0023685258
1,1.0,0.9978934
1,1.0,0.99787635
1,1.0,0.9978966
1,1.0,0.99763805
0,0.0,0.004799251
0,0.0,0.0020188247
0,0.0,0.0020750891
0,0.0,0.00122244
0,0.0,0.002431712
0,0.0,0.005837866
1,1.0,0.99784935
0,0.0,0.0012966342
0,0.0,0.0022009588
0,0.0,0.0063188835
0,0.0,0.001608003
0,0.0,0.0015405642
1,1.0,0.9978509
1,1.0,0.9979238
0,0.0,0.0017928462
0,0.0,0.0025224872
1,1.0,0.9979386
0,0.0,0.001991213
1,1.0,0.9979356
1,1.0,0.99791944
1,1.0,0.99788857
0,0.0,0.0020102581
1,1.0,0.99791217
1,1.0,0.99789125
0,0.0,0.0015943409
0,0.0,0.0029413428
0,0.0,0.002006352
0,0.0,0.007953521
1,1.0,0.9979279
1,1.0,0.9976462
1,1.0,0.9978809
0,0.0,0.001423328
1,1.0,0.9978804
0,0.0,0.002330345
1,1.0,0.99784166
0,0.0,0.0021597398
1,1.0,0.99790525
0,0.0,0.0016338619
1,1.0,0.997879
0,0.0,0.0023680606
1,1.0,0.99788576
1,1.0,0.99777526
0,0.0,0.0039602895
0,0.0,0.0019997365
0,0.0,0.002014769
0,0.0,0.0015469253
1,1.0,0.99791294
1,1.0,0.9978249
1,1.0,0.9975104
1,1.0,0.99789023
0,0.0,0.0038241802
1,1.0,0.9982472
0,0.0,0.0016523933
0,0.0,0.0020147774
0,0.0,0.0028243463
1,1.0,0.9978787
1,1.0,0.9979299
1,1.0,0.9978787
0,0.0,0.0015171185
0,0.0,0.0032963394
1,1.0,0.9978832
1,1.0,0.99790573
1,1.0,0.9978822
1,1.0,0.9978786
0,0.0,0.0020546007
1,1.0,0.99793285
0,0.0,0.002022269
0,0.0,0.0022795873
1,1.0,0.9978741
1,1.0,0.9979217
0,0.0,0.0020148195
1,1.0,0.99743664
0,0.0,0.0019693729
0,0.0,0.016746532
1,1.0,0.9978353
0,0.0,0.002880773
1,1.0,0.9978432
1,1.0,0.997106
1,1.0,0.99787885
0,0.0,0.002273362
1,1.0,0.99791867
0,0.0,0.0029129582
1,1.0,0.9974988
1,1.0,0.9978603
1,1.0,0.9978711
1,1.0,0.99790585
1,1.0,0.99760795
1,1.0,0.99779344
0,0.0,0.0015331134
0,0.0,0.0019189599
0,0.0,0.0029600947
1,1.0,0.9979366
0,0.0,0.00238878
0,0.0,0.0019632054
0,0.0,0.0019017915
0,0.0,0.0013867292
0,0.0,0.0019706152
0,0.0,0.002869525
0,0.0,0.0016338036
0,0.0,0.0025132261
0,0.0,0.0024092188
1,1.0,0.9974987
1,1.0,0.99792945
1,1.0,0.99755615
0,0.0,0.007931748
0,0.0,0.0015593406
0,0.0,0.0025515014
1,1.0,0.99556154
1,1.0,0.99788713
0,0.0,0.0025190688
0,0.0,0.0016012425
0,0.0,0.0013217737
1,1.0,0.9978865
0,0.0,0.0020222054
0,0.0,0.0019912536
0,0.0,0.0013079809
1,1.0,0.99789345
1,1.0,0.99769646
1,1.0,0.9978292
0,0.0,0.0022585066
0,0.0,0.024666619
1,1.0,0.99790424
1,1.0,0.9979034
1,1.0,0.9974113
1,1.0,0.9979067
0,0.0,0.0014019462
1,1.0,0.9978669
0,0.0,0.0010570991
0,0.0,0.0018975884
1,1.0,0.99787885
1,1.0,0.99789226
0,0.0,0.0034945502
0,0.0,0.0024361117
0,0.0,0.0020188496
0,0.0,0.0028526592
0,0.0,0.0032894188
1,1.0,0.9978976
1,1.0,0.9978704
1,1.0,0.9979213
1,1.0,0.99792886
1,1.0,0.99792856
1,1.0,0.9974651
1,1.0,0.99786544
0,0.0,0.002014853
0,0.0,0.0020071743
0,0.0,0.003673111
1,1.0,0.99793446
1,1.0,0.99788916
0,0.0,0.0024083331
0,0.0,0.0019731056
0,0.0,0.0022733272
0,0.0,0.0020062164
0,0.0,0.0019997112
0,0.0,0.0010570885
0,0.0,0.0013246408
0,0.0,0.0037310256
1,1.0,0.9979367
0,0.0,0.007935723
1,1.0,0.99779177
0,0.0,0.0013447516
0,0.0,0.004606871
0,0.0,0.0024206075
0,0.0,0.0020750295
1,1.0,0.9979331
0,0.0,0.0019911835
0,0.0,0.0019568373
1,1.0,0.9968984
0,0.0,0.0014086687
1,1.0,0.99787956
1,1.0,0.99793637
0,0.0,0.003731903
1,1.0,0.99793327
0,0.0,0.002941659
1,1.0,0.9978727
1,1.0,0.9978761
1,1.0,0.99791545
1,1.0,0.99788266
1,1.0,0.9977789
1,1.0,0.9979341
1,1.0,0.9979308
0,0.0,0.0047470583
1,1.0,0.99509126
1,1.0,0.997865
0,0.0,0.0013846679
0,0.0,0.0019915532
1,1.0,0.9977763
1,1.0,0.997928
1,1.0,0.99776447
0,0.0,0.00207518
1,1.0,0.9978829
0,0.0,0.0043170336
1,1.0,0.9976956
0,0.0,0.002456967
1,1.0,0.9975418
0,0.0,0.00215542
1,1.0,0.997607
0,0.0,0.0024019503
1,1.0,0.9979328
0,0.0,0.0013666657
0,0.0,0.004927346
0,0.0,0.0025115914
1,1.0,0.9979136
1,1.0,0.99785334
1,1.0,0.9978872
0,0.0,0.0010573065
0,0.0,0.002338432
0,0.0,0.0021710503
1,1.0,0.9979284
1,1.0,0.9979338
0,0.0,0.0021386363
1,1.0,0.9978595
0,0.0,0.0012966626
1,1.0,0.9979222
1,1.0,0.997911
1,1.0,0.9976185
1,1.0,0.9978694
0,0.0,0.0019996634
1,1.0,0.99793553
1,1.0,0.9978831
1,1.0,0.99760795
1,1.0,0.9978941
0,0.0,0.0021580225
1,1.0,0.9978758
1,1.0,0.99737155
1,1.0,0.9979292
0,0.0,0.0020062707
1,1.0,0.9978697
1,1.0,0.9976621
0,0.0,0.0020188496
0,0.0,0.001828043
0,0.0,0.0021386072
0,0.0,0.0010572794
0,0.0,0.002158355
1,1.0,0.99783206
1,1.0,0.9978654
0,0.0,0.002159638
0,0.0,0.0024975275
1,1.0,0.99777937
0,0.0,0.0020409797
0,0.0,0.0018031674
0,0.0,0.0013217469
0,0.0,0.0019632725
1,1.0,0.99777436
1,1.0,0.99781317
0,0.0,0.00199121
1,1.0,0.99782395
1,1.0,0.99695283
0,0.0,0.002561976
0,0.0,0.0014635281
0,0.0,0.0116910655
0,0.0,0.008933955
1,1.0,0.9978683
0,0.0,0.0024209735
0,0.0,0.001359083
0,0.0,0.0020390714
0,0.0,0.0021631008
1,1.0,0.9979233
0,0.0,0.0014793209
1,1.0,0.99787796
0,0.0,0.0013813002
0,0.0,0.0021744187
0,0.0,0.002224864
0,0.0,0.0026606915
1,1.0,0.99789613
1,1.0,0.9979355
0,0.0,0.0023471594
0,0.0,0.0021705488
0,0.0,0.006367099
1,1.0,0.99791205
1,1.0,0.9979349
1,1.0,0.9979063
0,0.0,0.0021738457
0,0.0,0.001469059
0,0.0,0.0027032066
1,1.0,0.9978824
0,0.0,0.003299612
1,1.0,0.99688745
0,0.0,0.002170493
1,1.0,0.9978849
1,1.0,0.99780875
0,0.0,0.002018839
0,0.0,0.0017498693
0,0.0,0.0016522516
0,0.0,0.0019598473
1,1.0,0.99792784
1,1.0,0.9979113
1,1.0,0.9978715
1,1.0,0.9978231
1,1.0,0.9978742
0,0.0,0.0020094565
0,0.0,0.0034407347
1,1.0,0.99784726
1,1.0,0.99787617
1,1.0,0.99791354
1,1.0,0.9979118
1,1.0,0.9978897
1,1.0,0.9978477
0,0.0,0.0019852642
1,1.0,0.9978612
0,0.0,0.0025262153
1,1.0,0.9978853
1,1.0,0.99788415
0,0.0,0.0017054649
1,1.0,0.99135077
1,1.0,0.99785113
0,0.0,0.0015469962
1,1.0,0.99749005
0,0.0,0.0024919135
1,1.0,0.9979291
0,0.0,0.0012225297
0,0.0,0.007380682
0,0.0,0.0012224319
1,1.0,0.99793684
1,1.0,0.9974211
1,1.0,0.99787176
0,0.0,0.0021738857
0,0.0,0.0024794245
0,0.0,0.00191897
1,1.0,0.99790716
0,0.0,0.0020071454
1,1.0,0.997887
0,0.0,0.0014688933
1,1.0,0.9978588
1,1.0,0.9970582
0,0.0,0.0014797224
0,0.0,0.0024303554
1,1.0,0.9978629
0,0.0,0.0015582615
0,0.0,0.0025102003
0,0.0,0.0025360207
0,0.0,0.004318826
1,1.0,0.99792874
1,1.0,0.99743795
1,1.0,0.99786574
0,0.0,0.0019852323
0,0.0,0.002132631
1,1.0,0.9979012
0,0.0,0.00202232
1,1.0,0.9978902
0,0.0,0.0019852351
0,0.0,0.0020123008
0,0.0,0.0032937897
0,0.0,0.0014925424
1,1.0,0.99792403
0,0.0,0.0013360009
0,0.0,0.0020222785
1,1.0,0.99786735
0,0.0,0.001970378
1,1.0,0.9978852
1,1.0,0.9978508
0,0.0,0.0017154252
0,0.0,0.0021559985
0,0.0,0.002517464
0,0.0,0.002395959
0,0.0,0.0030701652
1,1.0,0.9979139
1,1.0,0.99791384
0,0.0,0.0021268243
1,1.0,0.9978983
0,0.0,0.0019903423
1,1.0,0.9978595
1,1.0,0.99787587
1,1.0,0.99791735
1,1.0,0.99783736
1,1.0,0.99789083
1,1.0,0.99791324
0,0.0,0.001919043
1,1.0,0.9979237
0,0.0,0.0010566732
0,0.0,0.002014834
0,0.0,0.0032923454
1,1.0,0.99788386
1,1.0,0.9978513
1,1.0,0.9978948
0,0.0,0.012137927
0,0.0,0.0016432232
0,0.0,0.0016136487
0,0.0,0.003089758
1,1.0,0.9978265
0,0.0,0.007043546
0,0.0,0.0014470328
1,1.0,0.9978258
1,1.0,0.9978826
1,1.0,0.9978868
1,1.0,0.99791956
0,0.0,0.0025786187
0,0.0,0.0023735613
0,0.0,0.0024180273
1,1.0,0.99788076
0,0.0,0.0010572019
0,0.0,0.0021451286
1,1.0,0.99787986
0,0.0,0.0021559494
0,0.0,0.0024504203
0,0.0,0.0025134198
0,0.0,0.0014834476
1,1.0,0.99789304
1,1.0,0.99879736
1,1.0,0.9991034
0,0.0,0.000571888
1,1.0,0.9990781
0,0.0,0.00093452
0,0.0,0.0011110393
1,1.0,0.99910825
1,1.0,0.9990776
1,1.0,0.9991088
0,0.0,0.0006928863
0,0.0,0.0006887527
1,1.0,0.99910647
1,1.0,0.9931142
1,1.0,0.9991086
0,0.0,0.0006750929
0,0.0,0.0013654785
0,0.0,0.0014411289
1,1.0,0.9990543
0,0.0,0.00180335
1,1.0,0.99910814
0,0.0,0.0013220577
0,0.0,0.0014435285
0,0.0,0.001371091
0,0.0,0.0006543739
0,0.0,0.0014172358
0,0.0,0.0018926836
0,0.0,0.00140583
0,0.0,0.0012583104
0,0.0,0.00091534597
0,0.0,0.0015370768
1,1.0,0.99910855
0,0.0,0.001143913
1,1.0,0.9990782
0,0.0,0.0012333774
0,0.0,0.00080332236
1,1.0,0.9990779
1,1.0,0.9991061
1,1.0,0.99912727
0,0.0,0.0041536433
1,1.0,0.9990545
0,0.0,0.0012271923
0,0.0,0.00433461
1,1.0,0.9991082
1,1.0,0.999085
0,0.0,0.001444049
0,0.0,0.001342532
1,1.0,0.99910796
0,0.0,0.00240158
0,0.0,0.0014061045
1,1.0,0.9991071
1,1.0,0.99907815
1,1.0,0.9991034
1,1.0,0.99908507
0,0.0,0.0007245127
1,1.0,0.9990537
0,0.0,0.0014533445
0,0.0,0.0006505564
1,1.0,0.999075
0,0.0,0.0013389094
0,0.0,0.001761753
0,0.0,0.0014123841
1,1.0,0.99910325
1,1.0,0.99905413
1,1.0,0.9991088
1,1.0,0.99910295
1,1.0,0.9990539
1,1.0,0.9990862
1,1.0,0.99910474
0,0.0,0.00093443674
1,1.0,0.9991082
0,0.0,0.0012759186
1,1.0,0.99910593
0,0.0,0.0014498208
0,0.0,0.0012749803
1,1.0,0.9990759
1,1.0,0.9990778
1,1.0,0.9991083
1,1.0,0.9991045
0,0.0,0.0006575221
0,0.0,0.0009149091
1,1.0,0.99912745
1,1.0,0.9991064
1,1.0,0.9990784
1,1.0,0.9990777
1,1.0,0.998221
1,1.0,0.999109
1,1.0,0.9990834
0,0.0,0.0006434296
1,1.0,0.9991243
0,0.0,0.0008040645
1,1.0,0.99905443
0,0.0,0.0042858217
1,1.0,0.99910784
1,1.0,0.9990539
0,0.0,0.0007411898
0,0.0,0.00090387044
1,1.0,0.99905443
0,0.0,0.00065422076
1,1.0,0.9985383
0,0.0,0.00035659177
0,0.0,0.0014341604
0,0.0,0.00091528625
0,0.0,0.0012695515
1,1.0,0.99910635
1,1.0,0.99910253
1,1.0,0.9991027
0,0.0,0.001049331
1,1.0,0.9991274
1,1.0,0.99908507
1,1.0,0.9913104
1,1.0,0.99908537
0,0.0,0.0013856209
0,0.0,0.00062507234
0,0.0,0.0009465222
0,0.0,0.0006736539
0,0.0,0.0014503617
0,0.0,0.0025555126
0,0.0,0.0013137572
0,0.0,0.0011447327
0,0.0,0.0014376343
1,1.0,0.9990855
1,1.0,0.999078
1,1.0,0.9991075
1,1.0,0.99905443
0,0.0,0.0017952918
1,1.0,0.99912775
1,1.0,0.99910605
0,0.0,0.0014435436
1,1.0,0.9991083
0,0.0,0.0012690176
0,0.0,0.0019884894
0,0.0,0.0013840101
1,1.0,0.99907804
1,1.0,0.9991271
1,1.0,0.9991079
0,0.0,0.0012804351
1,1.0,0.9990851
1,1.0,0.999108
0,0.0,0.0013368683
0,0.0,0.001407203
0,0.0,0.0016356433
1,1.0,0.99910825
1,1.0,0.9990799
1,1.0,0.9991083
0,0.0,0.0056258254
0,0.0,0.0014072525
1,1.0,0.9991082
0,0.0,0.0011729219
1,1.0,0.9991085
0,0.0,0.0021852995
1,1.0,0.99910605
1,1.0,0.99908525
1,1.0,0.9990853
0,0.0,0.00091539137
1,1.0,0.99798155
1,1.0,0.99912745
1,1.0,0.99911016
1,1.0,0.9991039
0,0.0,0.0013955501
1,1.0,0.99907804
0,0.0,0.001259278
0,0.0,0.0006537316
1,1.0,0.999078
0,0.0,0.0012084967
0,0.0,0.00040477616
0,0.0,0.0024375825
1,1.0,0.9991064
1,1.0,0.9942447
0,0.0,0.0014268978
0,0.0,0.0010406519
0,0.0,0.00064926717
0,0.0,0.001372315
1,1.0,0.9991243
1,1.0,0.99907684
0,0.0,0.0014221139
0,0.0,0.00065541774
1,1.0,0.99910825
0,0.0,0.00064058136
0,0.0,0.0014072051
1,1.0,0.9991275
0,0.0,0.0006527827
0,0.0,0.00065009284
0,0.0,0.0012281869
1,1.0,0.9991054
1,1.0,0.99910337
1,1.0,0.99910825
1,1.0,0.9991273
0,0.0,0.0006400943
1,1.0,0.99910885
0,0.0,0.0015031119
1,1.0,0.99910825
0,0.0,0.0009782448
0,0.0,0.0012174486
0,0.0,0.00062507915
0,0.0,0.00065154146
0,0.0,0.0008031899
1,1.0,0.999054
1,1.0,0.99910784
0,0.0,0.0014112891
1,1.0,0.9991083
0,0.0,0.003126603
1,1.0,0.9990545
0,0.0,0.0012694969
0,0.0,0.0014230245
1,1.0,0.9991075
0,0.0,0.0045429226
1,1.0,0.9991078
0,0.0,0.0014403318
0,0.0,0.0007246145
1,1.0,0.99908555
1,1.0,0.99910307
0,0.0,0.008718658
0,0.0,0.00065832195
0,0.0,0.0028840594
0,0.0,0.002180886
1,1.0,0.9991049
1,1.0,0.9991075
0,0.0,0.0013372285
1,1.0,0.9990781
0,0.0,0.0012333373
0,0.0,0.0014171808
1,1.0,0.99907756
1,1.0,0.9991274
1,1.0,0.9991083
1,1.0,0.99910825
0,0.0,0.0011452935
1,1.0,0.99894744
1,1.0,0.99908346
0,0.0,0.001990872
1,1.0,0.9991278
1,1.0,0.9990864
1,1.0,0.9990545
1,1.0,0.9990856
1,1.0,0.9990781
0,0.0,0.0010082398
1,1.0,0.99905384
0,0.0,0.00067101815
0,0.0,0.0014084404
0,0.0,0.0013468222
0,0.0,0.00063833216
0,0.0,0.0021940197
0,0.0,0.00854374
0,0.0,0.0014593182
1,1.0,0.9991277
1,1.0,0.99910784
1,1.0,0.9991029
0,0.0,0.0013342898
0,0.0,0.0010097288
0,0.0,0.0013907076
1,1.0,0.9990854
1,1.0,0.99912757
0,0.0,0.00064983696
1,1.0,0.99910945
1,1.0,0.99910814
0,0.0,0.0010079396
1,1.0,0.99910814
1,1.0,0.9991044
0,0.0,0.0025584046
1,1.0,0.9990851
1,1.0,0.99910516
1,1.0,0.99908453
0,0.0,0.0019400083
0,0.0,0.0014417582
1,1.0,0.9990543
0,0.0,0.0014342389
0,0.0,0.001404064
0,0.0,0.0014544909
1,1.0,0.9991273
0,0.0,0.0014078171
1,1.0,0.99910665
1,1.0,0.99910843
1,1.0,0.9990846
1,1.0,0.99910873
0,0.0,0.0014328293
1,1.0,0.9991277
0,0.0,0.0009798968
0,0.0,0.0013616827
1,1.0,0.99910337
1,1.0,0.9990794
1,1.0,0.99907815
1,1.0,0.9990854
0,0.0,0.0013776511
0,0.0,0.0014533246
1,1.0,0.99910325
0,0.0,0.0011836314
0,0.0,0.0056532626
1,1.0,0.99910873
0,0.0,0.003974151
1,1.0,0.9990545
1,1.0,0.99910873
0,0.0,0.00080288004
0,0.0,0.001407142
1,1.0,0.99910444
1,1.0,0.9991063
0,0.0,0.0009421132
0,0.0,0.0005824946
1,1.0,0.99907774
0,0.0,0.005647045
1,1.0,0.99910355
1,1.0,0.999103
1,1.0,0.9991056
0,0.0,0.001361924
0,0.0,0.0013711137
1,1.0,0.992748
0,0.0,0.0012799524
1,1.0,0.99907655
0,0.0,0.0014499451
0,0.0,0.0003567951
1,1.0,0.99905443
1,1.0,0.9991027
0,0.0,0.001405185
1,1.0,0.9991062
0,0.0,0.0006527606
0,0.0,0.0012281396
0,0.0,0.0012692357
1,1.0,0.99907815
0,0.0,0.0014071763
0,0.0,0.0014058555
1,1.0,0.9991274
0,0.0,0.0008029756
0,0.0,0.0010096432
0,0.0,0.0008018085
0,0.0,0.0014084876
0,0.0,0.00065268844
0,0.0,0.0012202106
1,1.0,0.99905455
1,1.0,0.99884427
0,0.0,0.0014113098
0,0.0,0.0005953974
1,1.0,0.9991063
0,0.0,0.0012062564
0,0.0,0.0014063027
0,0.0,0.0013711002
0,0.0,0.0014055957
1,1.0,0.99907863
1,1.0,0.99908495
1,1.0,0.9990853
0,0.0,0.00040475492
1,1.0,0.9991268
1,1.0,0.9991274
0,0.0,0.0013372203
1,1.0,0.9978675
0,0.0,0.0014253333
0,0.0,0.0012281408
1,1.0,0.9990854
0,0.0,0.001274602
1,1.0,0.9991084
1,1.0,0.9990851
1,1.0,0.99910814
1,1.0,0.99910647
1,1.0,0.999054
1,1.0,0.99910337
1,1.0,0.999106
0,0.0,0.0013547887
1,1.0,0.9991035
0,0.0,0.0024215714
1,1.0,0.9991066
1,1.0,0.9991079
0,0.0,0.0014899587
0,0.0,0.00088755874
0,0.0,0.0006373832
0,0.0,0.0006317373
0,0.0,0.006193295
1,1.0,0.99912554
0,0.0,0.00062719616
0,0.0,0.000942014
0,0.0,0.0009154315
0,0.0,0.0009433959
1,1.0,0.9991043
0,0.0,0.0011989053
1,1.0,0.9990779
0,0.0,0.0007407689
0,0.0,0.001371095
1,1.0,0.999103
1,1.0,0.99908006
0,0.0,0.0014113273
0,0.0,0.000634011
0,0.0,0.00080303417
0,0.0,0.0013419722
1,1.0,0.9991277
1,1.0,0.99910474
1,1.0,0.99910814
0,0.0,0.0013655929
0,0.0,0.0014617377
0,0.0,0.0014495669
0,0.0,0.0014593859
1,1.0,0.9990539
1,1.0,0.99910486
0,0.0,0.0023988525
0,0.0,0.0014527683
1,1.0,0.99905443
0,0.0,0.00040476903
1,1.0,0.99907744
1,1.0,0.9991029
1,1.0,0.9991075
1,1.0,0.99910784
1,1.0,0.99910915
0,0.0,0.0064382115
1,1.0,0.9991061
1,1.0,0.99912727
0,0.0,0.00063946657
0,0.0,0.0018794128
1,1.0,0.9991062
1,1.0,0.99907464
0,0.0,0.0010492987
0,0.0,0.0014561054
1,1.0,0.9991071
1,1.0,0.9991062
0,0.0,0.0012583674
1,1.0,0.9991088
0,0.0,0.00066623517
0,0.0,0.004048558
0,0.0,0.0016843828
0,0.0,0.0015497584
0,0.0,0.0012689524
1,1.0,0.99853545
1,1.0,0.99910825
0,0.0,0.0011492934
1,1.0,0.99910605
0,0.0,0.001285761
0,0.0,0.0006338034
0,0.0,0.0012203222
1,1.0,0.999108
1,1.0,0.9991083
1,1.0,0.9935978
0,0.0,0.0011546736
1,1.0,0.99905396
0,0.0,0.0011860128
0,0.0,0.0014693914
1,1.0,0.999108
0,0.0,0.0012257847
1,1.0,0.99910337
1,1.0,0.99905443
1,1.0,0.9991077
0,0.0,0.00065043336
0,0.0,0.0013730733
1,1.0,0.99912715
0,0.0,0.0012805162
0,0.0,0.0010450498
0,0.0,0.001390703
1,1.0,0.99905366
1,1.0,0.9990774
1,1.0,0.9991082
1,1.0,0.99910337
0,0.0,0.001423959
0,0.0,0.0014416223
0,0.0,0.0013468543
1,1.0,0.9991054
1,1.0,0.9991274
1,1.0,0.9990864
1,1.0,0.9991063
0,0.0,0.0013486056
1,1.0,0.99908084
0,0.0,0.0014113388
0,0.0,0.0006387199
0,0.0,0.0014113057
0,0.0,0.0039400663
1,1.0,0.99910796
1,1.0,0.9990543
1,1.0,0.9991088
1,1.0,0.9990853
1,1.0,0.99910873
1,1.0,0.999078
0,0.0,0.002402684
0,0.0,0.0010657036
1,1.0,0.99908507
0,0.0,0.00035685854
0,0.0,0.0012281126
1,1.0,0.99908537
0,0.0,0.0014341618
0,0.0,0.0014071896
0,0.0,0.0013711478
0,0.0,0.0042904685
1,1.0,0.99910873
0,0.0,0.00035708674
0,0.0,0.0006664038
1,1.0,0.99910635
1,1.0,0.99910855
1,1.0,0.9991272
1,1.0,0.99910825
1,1.0,0.9991001
1,1.0,0.99910873
1,1.0,0.9991072
0,0.0,0.0011861104
0,0.0,0.0014561567
1,1.0,0.9991273
0,0.0,0.0013480688
1,1.0,0.999077
1,1.0,0.99910843
1,1.0,0.99910843
0,0.0,0.0012257185
1,1.0,0.99893093
0,0.0,0.0014499052
0,0.0,0.00065232115
1,1.0,0.99905163
0,0.0,0.00068126654
1,1.0,0.99910825
1,1.0,0.9990859
1,1.0,0.99812716
1,1.0,0.99905396
0,0.0,0.00049307104
1,1.0,0.9990861
0,0.0,0.00093595905
0,0.0,0.00064996333
0,0.0,0.000810185
1,1.0,0.99907595
0,0.0,0.0013558968
0,0.0,0.00088726444
0,0.0,0.0012320211
0,0.0,0.0006765637
1,1.0,0.99910635
1,1.0,0.999106
0,0.0,0.0013745753
1,1.0,0.9991063
1,1.0,0.9991062
0,0.0,0.0039247917
1,1.0,0.99905425
1,1.0,0.9991035
0,0.0,0.001434187
1,1.0,0.99910635
0,0.0,0.0014593614
0,0.0,0.00065339886
0,0.0,0.00064869534
1,1.0,0.99798846
0,0.0,0.00064898934
0,0.0,0.0014532655
0,0.0,0.002581128
0,0.0,0.0008725275
1,1.0,0.99908596
0,0.0,0.002401989
1,1.0,0.9990851
1,1.0,0.99905056
0,0.0,0.001701341
1,1.0,0.99905443
0,0.0,0.0006758384
1,1.0,0.99907976
1,1.0,0.9991063
0,0.0,0.0013654603
0,0.0,0.0012307052
1,1.0,0.9990774
0,0.0,0.0006750604
1,1.0,0.99910825
1,1.0,0.99910337
1,1.0,0.9991062
0,0.0,0.0012198874
0,0.0,0.0013900249
0,0.0,0.00066869095
0,0.0,0.0012203304
1,1.0,0.9991081
0,0.0,0.00065212604
0,0.0,0.0006478131
1,1.0,0.9990536
0,0.0,0.0013655105
1,1.0,0.99908495
0,0.0,0.0014341584
1,1.0,0.99912775
0,0.0,0.0013480836
1,1.0,0.99910647
1,1.0,0.9990995
0,0.0,0.0012037209
0,0.0,0.00093108887
1,1.0,0.99908507
0,0.0,0.0012262014
0,0.0,0.00090402464
1,1.0,0.9990858
0,0.0,0.000941351
1,1.0,0.9990538
0,0.0,0.0008998721
1,1.0,0.9981959
0,0.0,0.0014238831
1,1.0,0.9990511
0,0.0,0.0006898116
0,0.0,0.0045608305
0,0.0,0.0013654453
1,1.0,0.99908644
0,0.0,0.0008839929
1,1.0,0.99907815
1,1.0,0.99910307
0,0.0,0.0012510124
0,0.0,0.0004047584
1,1.0,0.9991276
1,1.0,0.9991057
1,1.0,0.9990855
1,1.0,0.9990781
0,0.0,0.0013684961
0,0.0,0.00065319403
0,0.0,0.000405001
0,0.0,0.0013468863
1,1.0,0.99911016
0,0.0,0.005644344
1,1.0,0.9990797
1,1.0,0.9991047
1,1.0,0.9991272
0,0.0,0.0014171705
1,1.0,0.99910325
0,0.0,0.0014072353
0,0.0,0.0012860189
1,1.0,0.9991031
1,1.0,0.99912775
1,1.0,0.99907947
0,0.0,0.00069996796
1,1.0,0.9927997
1,1.0,0.99910814
1,1.0,0.9990852
0,0.0,0.0017010057
1,1.0,0.9991031
0,0.0,0.0014110465
1,1.0,0.9991064
0,0.0,0.0028858373
0,0.0,0.00094117335
0,0.0,0.0013711563
0,0.0,0.0014085238
0,0.0,0.004576005
1,1.0,0.99905425
1,1.0,0.99910295
0,0.0,0.00040479816
0,0.0,0.0005846775
1,1.0,0.99279606
1,1.0,0.99912614
1,1.0,0.99910784
1,1.0,0.99910784
1,1.0,0.9991066
1,1.0,0.9991083
0,0.0,0.0014499451
1,1.0,0.99910825
1,1.0,0.99912655
1,1.0,0.99910593
1,1.0,0.9991083
1,1.0,0.99910647
0,0.0,0.001449861
1,1.0,0.99177855
0,0.0,0.00599158
0,0.0,0.001203873
0,0.0,0.0006518911
0,0.0,0.008970706
1,1.0,0.99910825
1,1.0,0.99907786
0,0.0,0.0014592718
1,1.0,0.99910325
0,0.0,0.0010492987
0,0.0,0.0005353073
1,1.0,0.9991259
1,1.0,0.9991086
1,1.0,0.9991248
0,0.0,0.00040478486
1,1.0,0.99908495
0,0.0,0.0014351215
0,0.0,0.0013920121
0,0.0,0.0011573627
1,1.0,0.999106
1,1.0,0.99907947
0,0.0,0.001405873
1,1.0,0.9991088
1,1.0,0.9991046
0,0.0,0.0013710957
0,0.0,0.001226535
0,0.0,0.004710373
0,0.0,0.0013673551
1,1.0,0.99912775
0,0.0,0.0013419255
0,0.0,0.002388152
1,1.0,0.9991277
1,1.0,0.9991033
1,1.0,0.9991031
1,1.0,0.9990851
0,0.0,0.001151958
1,1.0,0.99910873
0,0.0,0.0013900911
0,0.0,0.0016925652
0,0.0,0.0013781919
0,0.0,0.0014592983
1,1.0,0.99912745
0,0.0,0.0013370962
1,1.0,0.9991081
1,1.0,0.9991083
1,1.0,0.99910307
0,0.0,0.0013969311
0,0.0,0.00063500635
0,0.0,0.000698491
0,0.0,0.0014933862
1,1.0,0.9991062
0,0.0,0.0006512081
1,1.0,0.9990854
1,1.0,0.9991032
1,1.0,0.9990781
0,0.0,0.0019524253
1,1.0,0.9991058
1,1.0,0.9990781
0,0.0,0.0013468928
1,1.0,0.99910885
0,0.0,0.0013390905
1,1.0,0.9991258
0,0.0,0.0006274088
0,0.0,0.0021807866
1,1.0,0.9991045
0,0.0,0.00096904265
1,1.0,0.99286354
0,0.0,0.001338133
0,0.0,0.0014171225
0,0.0,0.0006879298
1,1.0,0.99889046
0,0.0,0.0015010901
0,0.0,0.0014059186
0,0.0,0.0012281219
1,1.0,0.99908566
1,1.0,0.9990541
1,1.0,0.99910444
0,0.0,0.0014498659
1,1.0,0.99905425
1,1.0,0.9991246
0,0.0,0.0010099814
0,0.0,0.001382266
0,0.0,0.0018791578
0,0.0,0.0008908673
1,1.0,0.993975
0,0.0,0.0014398026
1,1.0,0.99910647
0,0.0,0.0014147682
0,0.0,0.0006587129
0,0.0,0.00065384555
1,1.0,0.99912727
1,1.0,0.9990854
0,0.0,0.0024363375
1,1.0,0.9991058
1,1.0,0.99908525
1,1.0,0.99905056
1,1.0,0.99908525
1,1.0,0.9990783
1,1.0,0.9990778
0,0.0,0.0014435039
1,1.0,0.9991034
1,1.0,0.9991057
1,1.0,0.9991033
0,0.0,0.0014093617
0,0.0,0.0005987338
0,0.0,0.00089994195
0,0.0,0.0013605314
1,1.0,0.9990542
1,1.0,0.99910814
0,0.0,0.0019068905
1,1.0,0.99905425
0,0.0,0.0009154463
0,0.0,0.00090906286
0,0.0,0.0014343003
1,1.0,0.9990862
1,1.0,0.998982
0,0.0,0.0004048005
1,1.0,0.9990847
1,1.0,0.99910825
1,1.0,0.9991084
0,0.0,0.008980669
1,1.0,0.9991079
0,0.0,0.00066453795
0,0.0,0.0006843856
1,1.0,0.9990782
1,1.0,0.99905443
1,1.0,0.9991062
1,1.0,0.99907815
0,0.0,0.0013903176
1,1.0,0.9991059
1,1.0,0.99910593
1,1.0,0.99910814
1,1.0,0.99905443
0,0.0,0.0014429081
0,0.0,0.0013481017
0,0.0,0.007930401
0,0.0,0.0016866213
0,0.0,0.0011483403
1,1.0,0.9991263
1,1.0,0.9990775
0,0.0,0.005647315
1,1.0,0.9991078
0,0.0,0.000653238
0,0.0,0.0045053973
1,1.0,0.9990542
0,0.0,0.0006841684
0,0.0,0.0012281876
1,1.0,0.99905443
1,1.0,0.99910897
0,0.0,0.0014171556
0,0.0,0.0013879264
1,1.0,0.99910593
1,1.0,0.99910605
0,0.0,0.0019523277
1,1.0,0.99910975
1,1.0,0.9991053
1,1.0,0.9990852
1,1.0,0.9990855
1,1.0,0.9991278
1,1.0,0.99908143
1,1.0,0.9990849
0,0.0,0.0014113314
0,0.0,0.0014498527
1,1.0,0.99910873
0,0.0,0.00077732414
0,0.0,0.005636604
1,1.0,0.9991063
0,0.0,0.00063870766
0,0.0,0.0014171767
0,0.0,0.00395241
0,0.0,0.0014048705
1,1.0,0.9991274
0,0.0,0.00091531116
0,0.0,0.00035661622
0,0.0,0.0017302615
1,1.0,0.9991068
0,0.0,0.0040815575
1,1.0,0.9991275
0,0.0,0.0024859183
0,0.0,0.0026685875
1,1.0,0.9991061
1,1.0,0.99920666
0,0.0,0.0011439311
1,1.0,0.9991076
0,0.0,0.0025675935
0,0.0,0.0014056051
0,0.0,0.0009152745
1,1.0,0.99910307
1,1.0,0.99910796
0,0.0,0.0014497436
0,0.0,0.0009676957
0,0.0,0.009084251
0,0.0,0.0006045693
0,0.0,0.0011871482
1,1.0,0.99908596
0,0.0,0.0012086856
1,1.0,0.999109
1,1.0,0.9990794
0,0.0,0.0010111762
1,1.0,0.9991082
1,1.0,0.9991277
1,1.0,0.99908566
1,1.0,0.9990541
1,1.0,0.99908555
1,1.0,0.9991083
0,0.0,0.00067040866
0,0.0,0.0014071856
1,1.0,0.9991014
1,1.0,0.99910647
0,0.0,0.0014085016
1,1.0,0.99910307
0,0.0,0.00092354097
1,1.0,0.9991087
0,0.0,0.001405883
0,0.0,0.0012262751
0,0.0,0.0014561276
0,0.0,0.00065192004
0,0.0,0.0012254268
0,0.0,0.00066455314
0,0.0,0.0044519347
0,0.0,0.0014072619
1,1.0,0.99863565
0,0.0,0.000662058
1,1.0,0.99912757
1,1.0,0.99910593
0,0.0,0.0028831356
0,0.0,0.0022804562
1,1.0,0.9990757
0,0.0,0.0009457903
0,0.0,0.0014056058
0,0.0,0.0039030379
0,0.0,0.0012061116
0,0.0,0.0018795094
1,1.0,0.9991274
0,0.0,0.0014057645
1,1.0,0.99912757
0,0.0,0.0014403476
1,1.0,0.9991275
0,0.0,0.0013480727
1,1.0,0.9991065
1,1.0,0.99910873
1,1.0,0.9991033
1,1.0,0.9990503
0,0.0,0.0012780727
0,0.0,0.0006524375
0,0.0,0.00082857953
0,0.0,0.00063966715
1,1.0,0.9991275
1,1.0,0.99905443
0,0.0,0.00096744957
1,1.0,0.99910486
0,0.0,0.0004047522
1,1.0,0.99910307
1,1.0,0.9991054
0,0.0,0.0014892317
1,1.0,0.9990776
0,0.0,0.001153628
0,0.0,0.00062737433
0,0.0,0.0009458272
1,1.0,0.9982599
1,1.0,0.99912757
0,0.0,0.0014341692
1,1.0,0.99908483
1,1.0,0.9990839
0,0.0,0.0012264216
0,0.0,0.0006645392
0,0.0,0.0012305494
1,1.0,0.9990781
1,1.0,0.9991071
0,0.0,0.0014059179
1,1.0,0.9990781
0,0.0,0.00068184757
0,0.0,0.000803248
1,1.0,0.9991093
0,0.0,0.0014742815
0,0.0,0.0011836636
0,0.0,0.0014718925
1,1.0,0.999108
0,0.0,0.00089993805
0,0.0,0.0014375576
0,0.0,0.0013394171
1,1.0,0.9990541
0,0.0,0.00047398353
0,0.0,0.0014055677
0,0.0,0.0013898329
0,0.0,0.0013467548
1,1.0,0.9990542
0,0.0,0.0014072593
0,0.0,0.0065869936
0,0.0,0.0011952792
1,1.0,0.99910307
1,1.0,0.9990777
0,0.0,0.0013711113
0,0.0,0.008592703
0,0.0,0.00068125484
0,0.0,0.0013903698
0,0.0,0.000982122
1,1.0,0.9990847
1,1.0,0.9991245
1,1.0,0.99908006
1,1.0,0.999103
1,1.0,0.999078
0,0.0,0.0024755758
0,0.0,0.0006193568
0,0.0,0.0012203575
1,1.0,0.9940515
1,1.0,0.9990191
0,0.0,0.0012606547
1,1.0,0.9990536
1,1.0,0.999106
0,0.0,0.00035654823
1,1.0,0.9991058
1,1.0,0.9991028
0,0.0,0.00092351716
1,1.0,0.99910337
1,1.0,0.9990542
1,1.0,0.99910825
1,1.0,0.99910617
1,1.0,0.9990781
0,0.0,0.0014055397
0,0.0,0.0009820024
0,0.0,0.0014376192
1,1.0,0.99910337
0,0.0,0.0012047454
0,0.0,0.0014337712
1,1.0,0.9991067
0,0.0,0.00080221007
0,0.0,0.0014435333
1,1.0,0.9991039
1,1.0,0.99910617
0,0.0,0.0004047754
0,0.0,0.0012257197
1,1.0,0.99908507
1,1.0,0.99910814
0,0.0,0.0012690357
0,0.0,0.0005943887
1,1.0,0.9991079
1,1.0,0.99912477
1,1.0,0.99910563
0,0.0,0.0028812508
1,1.0,0.9990539
0,0.0,0.001220107
1,1.0,0.9991051
0,0.0,0.0024376125
0,0.0,0.0013765062
0,0.0,0.0013904088
1,1.0,0.99912757
0,0.0,0.0014309435
1,1.0,0.9991275
1,1.0,0.99912745
0,0.0,0.0042956555
0,0.0,0.0006843876
0,0.0,0.0009451768
0,0.0,0.0028797623
1,1.0,0.99910825
0,0.0,0.001268788
1,1.0,0.9991255
1,1.0,0.99907887
1,1.0,0.99905336
0,0.0,0.0013929037
1,1.0,0.99910647
0,0.0,0.0028818566
1,1.0,0.99908555
0,0.0,0.0014085338
0,0.0,0.0014499059
1,1.0,0.99905056
0,0.0,0.0005935732
1,1.0,0.9991088
1,1.0,0.9991083
1,1.0,0.999108
0,0.0,0.0014593273
1,1.0,0.99912745
1,1.0,0.9990543
0,0.0,0.0041299653
0,0.0,0.0025600211
1,1.0,0.99515307
0,0.0,0.0010075637
1,1.0,0.9991077
1,1.0,0.9991276
0,0.0,0.0014365654
1,1.0,0.9991033
1,1.0,0.99910796
1,1.0,0.9991276
1,1.0,0.9991063
0,0.0,0.001206242
0,0.0,0.0006405017
0,0.0,0.0014242817
1,1.0,0.9990545
0,0.0,0.0008031275
0,0.0,0.0006626668
1,1.0,0.9990858
0,0.0,0.0014858639
0,0.0,0.0009478863
1,1.0,0.9991274
0,0.0,0.00040476225
1,1.0,0.9991015
1,1.0,0.9991034
0,0.0,0.0011836382
1,1.0,0.9990779
0,0.0,0.0013391945
1,1.0,0.99910337
0,0.0,0.0006509556
1,1.0,0.9991273
1,1.0,0.9990779
0,0.0,0.0012806761
1,1.0,0.9991276
1,1.0,0.99910843
0,0.0,0.0011546419
0,0.0,0.000653327
1,1.0,0.99912727
0,0.0,0.001280356
0,0.0,0.0012307134
1,1.0,0.99910885
0,0.0,0.0012271455
1,1.0,0.9990783
1,1.0,0.9991055
1,1.0,0.9991065
0,0.0,0.0006340376
1,1.0,0.99908507
0,0.0,0.0014004591
1,1.0,0.99910015
1,1.0,0.99910456
0,0.0,0.0011483041
1,1.0,0.9991061
0,0.0,0.00065254874
1,1.0,0.9990541
1,1.0,0.9990858
1,1.0,0.99912745
1,1.0,0.9991079
0,0.0,0.0014172076
0,0.0,0.0014054693
1,1.0,0.9991276
0,0.0,0.0017175276
0,0.0,0.0012778974
0,0.0,0.0014498914
1,1.0,0.99908215
1,1.0,0.99910843
0,0.0,0.0014059105
0,0.0,0.0009715493
0,0.0,0.0014588175
0,0.0,0.0017303851
1,1.0,0.99910617
1,1.0,0.99908555
0,0.0,0.0010393027
1,1.0,0.99905443
0,0.0,0.0016992948
1,1.0,0.99905443
1,1.0,0.99894214
1,1.0,0.99910605
1,1.0,0.9990778
0,0.0,0.00097173685
1,1.0,0.9991061
1,1.0,0.99910665
0,0.0,0.0006488845
0,0.0,0.0006529762
1,1.0,0.99905425
1,1.0,0.9990859
1,1.0,0.9991079
0,0.0,0.008876271
1,1.0,0.99910814
1,1.0,0.99910843
0,0.0,0.00035664887
1,1.0,0.99910825
0,0.0,0.00065289036
0,0.0,0.008904908
1,1.0,0.99910647
0,0.0,0.0045777643
0,0.0,0.0013797467
0,0.0,0.0004041386
1,1.0,0.9991023
1,1.0,0.9991048
1,1.0,0.9991086
0,0.0,0.0014171347
1,1.0,0.99912757
1,1.0,0.99910754
1,1.0,0.9991059
1,1.0,0.99905384
1,1.0,0.9991081
0,0.0,0.0011546197
0,0.0,0.0014370978
0,0.0,0.0007767651
0,0.0,0.00040479683
1,1.0,0.99910814
0,0.0,0.0029266225
0,0.0,0.000741016
0,0.0,0.0008017091
0,0.0,0.0006999266
1,1.0,0.99910575
0,0.0,0.0014498208
1,1.0,0.9991063
0,0.0,0.00065223017
1,1.0,0.99912727
0,0.0,0.001459344
1,1.0,0.9991078
1,1.0,0.9991082
1,1.0,0.999103
1,1.0,0.99908507
1,1.0,0.99905413
0,0.0,0.0013911951
1,1.0,0.99905026
1,1.0,0.99905264
1,1.0,0.9991092
1,1.0,0.99910855
0,0.0,0.0012252331
0,0.0,0.0019389394
1,1.0,0.99910873
1,1.0,0.9991033
1,1.0,0.9990789
1,1.0,0.99910843
0,0.0,0.00051727716
1,1.0,0.99910843
0,0.0,0.00035771483
1,1.0,0.9991274
0,0.0,0.0012253451
1,1.0,0.9991055
0,0.0,0.0011491444
1,1.0,0.9991075
1,1.0,0.9991083
0,0.0,0.0013466246
1,1.0,0.99910617
0,0.0,0.0014170781
0,0.0,0.0042989487
1,1.0,0.99910426
0,0.0,0.0006531797
0,0.0,0.0008040062
1,1.0,0.993092
0,0.0,0.0014375871
1,1.0,0.9991067
1,1.0,0.99905443
0,0.0,0.0013901705
0,0.0,0.0014561192
0,0.0,0.0014492944
0,0.0,0.00629313
1,1.0,0.9991092
1,1.0,0.99881554
0,0.0,0.001365489
1,1.0,0.99905425
1,1.0,0.99910796
0,0.0,0.0012606935
0,0.0,0.0006510548
0,0.0,0.0014113327
0,0.0,0.0013826762
0,0.0,0.0006340016
1,1.0,0.99905443
1,1.0,0.99905413
0,0.0,0.0011312912
1,1.0,0.9991035
1,1.0,0.9991035
1,1.0,0.9991081
1,1.0,0.9934192
0,0.0,0.0008637637
0,0.0,0.0013480803
0,0.0,0.0014060176
1,1.0,0.99910516
0,0.0,0.00080458174
0,0.0,0.0009155811
1,1.0,0.99910825
0,0.0,0.00065081415
0,0.0,0.0013957889
1,1.0,0.9990777
0,0.0,0.0016782919
1,1.0,0.99910265
1,1.0,0.99910843
1,1.0,0.9991023
1,1.0,0.99908626
1,1.0,0.9990543
0,0.0,0.0006518358
1,1.0,0.9990781
1,1.0,0.99908537
0,0.0,0.0011748776
0,0.0,0.0006493367
0,0.0,0.001691088
1,1.0,0.99910575
0,0.0,0.0013870026
1,1.0,0.9990545
1,1.0,0.9990786
1,1.0,0.999079
1,1.0,0.99910635
0,0.0,0.0013711373
1,1.0,0.99910325
1,1.0,0.99908584
1,1.0,0.999076
0,0.0,0.0012037738
0,0.0,0.001449868
0,0.0,0.0006510607
0,0.0,0.0012214768
1,1.0,0.9990543
1,1.0,0.99910825
1,1.0,0.999103
1,1.0,0.9991034
0,0.0,0.0010371335
0,0.0,0.0014508789
1,1.0,0.99905443
1,1.0,0.9991034
0,0.0,0.0013381445
1,1.0,0.99910337
0,0.0,0.0013711347
1,1.0,0.999054
1,1.0,0.9991087
0,0.0,0.002168408
0,0.0,0.0014209003
1,1.0,0.9991275
0,0.0,0.0011545828
1,1.0,0.9990851
1,1.0,0.9990777
0,0.0,0.00040472698
0,0.0,0.00063496677
0,0.0,0.003274255
1,1.0,0.9990778
0,0.0,0.006163355
0,0.0,0.00035655266
1,1.0,0.9991276
1,1.0,0.9991078
0,0.0,0.001197834
0,0.0,0.0013394107
1,1.0,0.9985253
1,1.0,0.99910825
1,1.0,0.9991081
1,1.0,0.99908525
1,1.0,0.9991077
1,1.0,0.9989329
0,0.0,0.002880684
1,1.0,0.9991021
1,1.0,0.9991057
1,1.0,0.9990776
0,0.0,0.0010094637
0,0.0,0.0013923455
1,1.0,0.9991001
0,0.0,0.0013247473
0,0.0,0.0007435676
1,1.0,0.99910516
1,1.0,0.9991082
0,0.0,0.00064996025
1,1.0,0.99905425
0,0.0,0.0013839804
1,1.0,0.9991034
0,0.0,0.0009471069
0,0.0,0.0012205342
0,0.0,0.0006396745
1,1.0,0.9990544
0,0.0,0.0012040209
1,1.0,0.9990544
0,0.0,0.0010078556
1,1.0,0.99910295
0,0.0,0.0010095398
1,1.0,0.99912536
0,0.0,0.0014072754
0,0.0,0.0017113513
0,0.0,0.0008019563
0,0.0,0.0014375959
0,0.0,0.0006400952
1,1.0,0.99912643
0,0.0,0.00068792846
0,0.0,0.0014053548
1,1.0,0.99910617
1,1.0,0.99905443
1,1.0,0.9991275
0,0.0,0.0006506315
0,0.0,0.007853808
0,0.0,0.0013599627
0,0.0,0.0014113839
0,0.0,0.0014434997
1,1.0,0.99907815
0,0.0,0.0010104794
0,0.0,0.004323398
1,1.0,0.9990492
0,0.0,0.0010564612
0,0.0,0.00059684337
0,0.0,0.004471354
1,1.0,0.99907756
1,1.0,0.99910825
0,0.0,0.000652815
0,0.0,0.0013729701
1,1.0,0.9990852
1,1.0,0.99908495
0,0.0,0.0012766815
0,0.0,0.00064392376
1,1.0,0.99908507
0,0.0,0.0013711419
1,1.0,0.99908525
1,1.0,0.9991266
0,0.0,0.000650811
0,0.0,0.00064948964
0,0.0,0.001407805
1,1.0,0.9991061
1,1.0,0.9991063
1,1.0,0.9991055
0,0.0,0.0014341625
1,1.0,0.9991273
0,0.0,0.0014715232
1,1.0,0.99910855
1,1.0,0.9991085
0,0.0,0.0014651234
0,0.0,0.00097157847
1,1.0,0.99910825
0,0.0,0.0025100256
1,1.0,0.99910617
1,1.0,0.9991064
1,1.0,0.9991275
0,0.0,0.0010377344
0,0.0,0.0010375299
0,0.0,0.00063787337
0,0.0,0.0012255501
1,1.0,0.99910676
0,0.0,0.0011454058
1,1.0,0.9990752
1,1.0,0.99910414
1,1.0,0.9921348
1,1.0,0.99910784
0,0.0,0.001449843
1,1.0,0.99910814
1,1.0,0.9991087
1,1.0,0.9991059
1,1.0,0.9991276
0,0.0,0.0012255348
0,0.0,0.0026893406
1,1.0,0.9991054
1,1.0,0.99773645
0,0.0,0.00035576802
1,1.0,0.99911
1,1.0,0.9991078
0,0.0,0.0013354887
0,0.0,0.0014403408
0,0.0,0.00040413425
0,0.0,0.0013391275
0,0.0,0.00040477753
1,1.0,0.9989834
1,1.0,0.9988687
1,1.0,0.99910676
1,1.0,0.9990851
1,1.0,0.9991083
1,1.0,0.99910635
1,1.0,0.99912596
0,0.0,0.0014616416
0,0.0,0.00035684952
1,1.0,0.9991016
0,0.0,0.0006177956
1,1.0,0.99907863
0,0.0,0.0014085611
0,0.0,0.0014402433
0,0.0,0.001390462
1,1.0,0.99910665
1,1.0,0.9991274
0,0.0,0.0012039583
0,0.0,0.0014243014
0,0.0,0.0013654917
0,0.0,0.004463177
0,0.0,0.0012855878
1,1.0,0.99905443
0,0.0,0.0056264307
1,1.0,0.9990778
1,1.0,0.9991037
1,1.0,0.9991276
1,1.0,0.9991034
1,1.0,0.9991063
0,0.0,0.0014340484
1,1.0,0.9990543
0,0.0,0.0008032175
1,1.0,0.9991031
0,0.0,0.0008837988
1,1.0,0.9991082
0,0.0,0.0014497893
1,1.0,0.9991012
0,0.0,0.00070100464
1,1.0,0.99910885
0,0.0,0.0012804522
1,1.0,0.9991035
0,0.0,0.0012770202
1,1.0,0.99910337
0,0.0,0.0013481331
0,0.0,0.0006616291
1,1.0,0.9991089
1,1.0,0.99910825
0,0.0,0.0007408593
0,0.0,0.00040342112
0,0.0,0.00064909324
1,1.0,0.999086
0,0.0,0.001280417
1,1.0,0.99910635
1,1.0,0.9990544
1,1.0,0.9991276
0,0.0,0.001879241
0,0.0,0.0010637083
1,1.0,0.9991063
0,0.0,0.0012174381
1,1.0,0.99905455
1,1.0,0.999054
0,0.0,0.0004047752
1,1.0,0.9990848
0,0.0,0.0014752644
0,0.0,0.0062487847
0,0.0,0.0024087317
0,0.0,0.0014085526
1,1.0,0.9991086
0,0.0,0.00035578088
1,1.0,0.9990855
1,1.0,0.9991064
1,1.0,0.9991087
0,0.0,0.0011871499
0,0.0,0.00040474779
1,1.0,0.9991062
1,1.0,0.9991273
1,1.0,0.9990541
1,1.0,0.99912727
0,0.0,0.0006531536
1,1.0,0.9991082
0,0.0,0.0013354677
0,0.0,0.000743569
0,0.0,0.0024330113
1,1.0,0.999103
1,1.0,0.99905443
0,0.0,0.00040478233
1,1.0,0.99910873
1,1.0,0.99908584
1,1.0,0.9991272
1,1.0,0.9991272
1,1.0,0.99908465
1,1.0,0.9991082
0,0.0,0.0013900608
1,1.0,0.9990856
1,1.0,0.99910825
1,1.0,0.99910337
0,0.0,0.0014171955
1,1.0,0.99910337
1,1.0,0.9991272
1,1.0,0.9991065
1,1.0,0.99910617
1,1.0,0.999109
1,1.0,0.9990856
0,0.0,0.0006526719
0,0.0,0.0014058609
0,0.0,0.001379423
1,1.0,0.999054
0,0.0,0.0013837024
0,0.0,0.00035668083
0,0.0,0.0011729213
1,1.0,0.9991028
0,0.0,0.0012062973
0,0.0,0.0013657322
1,1.0,0.9991075
0,0.0,0.008470228
0,0.0,0.000908552
1,1.0,0.9991064
1,1.0,0.9990543
0,0.0,0.00097149756
0,0.0,0.00084096106
1,1.0,0.9991063
1,1.0,0.9990781
1,1.0,0.99910486
1,1.0,0.9991084
1,1.0,0.9991066
0,0.0,0.001206376
1,1.0,0.99907583
1,1.0,0.999103
0,0.0,0.0013654929
1,1.0,0.99910307
1,1.0,0.99910885
1,1.0,0.9991088
1,1.0,0.99859005
0,0.0,0.0006649181
1,1.0,0.99910593
0,0.0,0.0013447496
0,0.0,0.001493249
1,1.0,0.9991086
1,1.0,0.99910355
0,0.0,0.002248062
1,1.0,0.99910736
0,0.0,0.0014341447
1,1.0,0.9991273
0,0.0,0.0014067529
1,1.0,0.9991062
0,0.0,0.00082892145
0,0.0,0.0010411215
1,1.0,0.9991278
0,0.0,0.0010948807
0,0.0,0.00035545
0,0.0,0.0012063949
1,1.0,0.9989329
0,0.0,0.0012210157
1,1.0,0.9990539
0,0.0,0.001369167
0,0.0,0.011644475
1,1.0,0.9990544
1,1.0,0.99908537
1,1.0,0.999078
1,1.0,0.9990841
0,0.0,0.0028831696
0,0.0,0.0013480426
1,1.0,0.9990855
0,0.0,0.00064099533
1,1.0,0.9991082
1,1.0,0.9991052
1,1.0,0.99912757
1,1.0,0.99910796
0,0.0,0.0014375959
0,0.0,0.0013469697
0,0.0,0.0012747367
1,1.0,0.9991072
0,0.0,0.0011958822
1,1.0,0.99905443
1,1.0,0.9991276
0,0.0,0.0006250759
0,0.0,0.0013221325
0,0.0,0.00050415954
1,1.0,0.99910706
0,0.0,0.00088428106
0,0.0,0.0014492786
1,1.0,0.99910736
1,1.0,0.9991078
0,0.0,0.00087612064
1,1.0,0.9991088
1,1.0,0.99910676
1,1.0,0.9991086
0,0.0,0.0006378764
1,1.0,0.99910635
1,1.0,0.9991022
0,0.0,0.0012062346
1,1.0,0.99910885
0,0.0,0.0014686484
0,0.0,0.001440513
0,0.0,0.00040477983
0,0.0,0.0006686572
0,0.0,0.0011453484
1,1.0,0.99910295
1,1.0,0.99910825
1,1.0,0.9990541
1,1.0,0.9990853
1,1.0,0.9991063
1,1.0,0.9991053
1,1.0,0.9991063
1,1.0,0.99910647
0,0.0,0.0064944196
1,1.0,0.99908495
1,1.0,0.9991274
0,0.0,0.00091515586
0,0.0,0.001952455
0,0.0,0.0014341344
1,1.0,0.9990854
0,0.0,0.0013250452
0,0.0,0.0006484744
0,0.0,0.0003564208
1,1.0,0.99575996
0,0.0,0.0014341419
0,0.0,0.0006480505
1,1.0,0.9991082
0,0.0,0.00069845567
0,0.0,0.005649747
0,0.0,0.00035769833
0,0.0,0.00035644154
1,1.0,0.99907845
0,0.0,0.0012858002
0,0.0,0.0014523746
1,1.0,0.99912757
1,1.0,0.99910825
0,0.0,0.0006514269
0,0.0,0.00063136563
0,0.0,0.0013654453
1,1.0,0.99910593
1,1.0,0.99907774
1,1.0,0.999105
0,0.0,0.0013598864
1,1.0,0.9991272
0,0.0,0.0010373855
1,1.0,0.99910796
1,1.0,0.99910337
1,1.0,0.99910814
0,0.0,0.0014172252
0,0.0,0.0015178722
0,0.0,0.0028874034
0,0.0,0.0014180638
1,1.0,0.99887824
1,1.0,0.9990541
1,1.0,0.99912727
0,0.0,0.0014058675
0,0.0,0.0012768498
1,1.0,0.9990849
1,1.0,0.9990544
0,0.0,0.00092581176
1,1.0,0.99907345
1,1.0,0.9991275
1,1.0,0.99907947
1,1.0,0.9991274
1,1.0,0.9991063
0,0.0,0.0006350118
0,0.0,0.0007243922
0,0.0,0.0003567934
0,0.0,0.0011825024
0,0.0,0.0011825113
0,0.0,0.0008024624
1,1.0,0.99910283
0,0.0,0.00089977554
1,1.0,0.9991013
0,0.0,0.0010082403
1,1.0,0.9991269
0,0.0,0.00140583
1,1.0,0.9990781
1,1.0,0.9991034
0,0.0,0.027122539
0,0.0,0.000850269
0,0.0,0.00035582582
1,1.0,0.99910444
1,1.0,0.9991091
0,0.0,0.0006518188
1,1.0,0.9990544
0,0.0,0.0022250914
1,1.0,0.99910325
0,0.0,0.002408937
1,1.0,0.99910825
1,1.0,0.9991086
0,0.0,0.0013328374
1,1.0,0.9990864
0,0.0,0.00090355444
0,0.0,0.004179802
0,0.0,0.0014171401
1,1.0,0.99910647
1,1.0,0.99907815
0,0.0,0.0014411522
1,1.0,0.99908566
1,1.0,0.99908566
0,0.0,0.0019397
1,1.0,0.99905413
0,0.0,0.0011537073
0,0.0,0.0009153905
1,1.0,0.99912745
1,1.0,0.9991062
0,0.0,0.0014520339
1,1.0,0.99910504
0,0.0,0.0006479239
1,1.0,0.99910825
0,0.0,0.002751759
0,0.0,0.0013920657
0,0.0,0.0013781603
1,1.0,0.99910825
1,1.0,0.99910635
1,1.0,0.9991045
0,0.0,0.000675091
0,0.0,0.002492383
0,0.0,0.0014067289
0,0.0,0.0016845785
1,1.0,0.99910355
1,1.0,0.9991081
1,1.0,0.9991274
0,0.0,0.0009231701
1,1.0,0.9991084
0,0.0,0.0012689849
1,1.0,0.99905443
0,0.0,0.0014598423
0,0.0,0.00035650455
1,1.0,0.99905384
1,1.0,0.99910337
0,0.0,0.0014592787
1,1.0,0.9991045
0,0.0,0.0014112977
1,1.0,0.99912757
1,1.0,0.9990793
0,0.0,0.0014435512
1,1.0,0.9991085
1,1.0,0.9991271
0,0.0,0.0014432817
1,1.0,0.9991029
0,0.0,0.001330898
0,0.0,0.0014375434
0,0.0,0.0014033882
1,1.0,0.9990521
1,1.0,0.9991051
0,0.0,0.0010096894
0,0.0,0.0009154363
1,1.0,0.99905425
1,1.0,0.99912745
1,1.0,0.99908507
0,0.0,0.0056438353
1,1.0,0.9991085
1,1.0,0.99908537
0,0.0,0.0012308788
0,0.0,0.0014085486
1,1.0,0.99905425
0,0.0,0.0013480617
0,0.0,0.0013801272
0,0.0,0.0005826789
1,1.0,0.9990543
1,1.0,0.99912775
0,0.0,0.001407234
1,1.0,0.9977907
0,0.0,0.0006985012
0,0.0,0.0012215973
1,1.0,0.9979487
1,1.0,0.99911195
1,1.0,0.9991046
1,1.0,0.99912775
0,0.0,0.002690221
0,0.0,0.0006492498
0,0.0,0.0010074908
0,0.0,0.0014304332
0,0.0,0.0016990878
1,1.0,0.9990835
1,1.0,0.99908555
0,0.0,0.00064942345
1,1.0,0.9991272
0,0.0,0.00066865206
0,0.0,0.00064882054
1,1.0,0.99912757
0,0.0,0.000866873
0,0.0,0.00094772695
1,1.0,0.9990853
0,0.0,0.0014058864
0,0.0,0.004317485
0,0.0,0.00114842
1,1.0,0.99910814
1,1.0,0.9990778
1,1.0,0.9990543
1,1.0,0.999078
1,1.0,0.99910593
0,0.0,0.0007135631
1,1.0,0.9991043
0,0.0,0.0006997746
1,1.0,0.9991273
1,1.0,0.9991084
0,0.0,0.00080235035
0,0.0,0.0014344731
1,1.0,0.9991058
1,1.0,0.9990863
1,1.0,0.999082
0,0.0,0.0014172103
1,1.0,0.99912685
1,1.0,0.99909985
0,0.0,0.00195206
0,0.0,0.0010366925
1,1.0,0.9991034
0,0.0,0.0006841769
1,1.0,0.9991083
0,0.0,0.0023943437
0,0.0,0.0014342082
0,0.0,0.0028849125
1,1.0,0.99907756
0,0.0,0.0006509974
0,0.0,0.0013711015
1,1.0,0.99907756
1,1.0,0.9990855
0,0.0,0.000620062
0,0.0,0.0012607578
0,0.0,0.0013597102
0,0.0,0.0014341639
1,1.0,0.9991001
1,1.0,0.999109
0,0.0,0.0013382452
1,1.0,0.99910825
1,1.0,0.9990541
1,1.0,0.9990506
0,0.0,0.0014439664
1,1.0,0.99905044
1,1.0,0.99912745
1,1.0,0.99905413
1,1.0,0.9990782
0,0.0,0.0059801545
0,0.0,0.004448552
1,1.0,0.9991015
0,0.0,0.0014085659
1,1.0,0.9990537
0,0.0,0.0012859816
0,0.0,0.0014566602
0,0.0,0.00091539876
0,0.0,0.0012118731
1,1.0,0.9991004
1,1.0,0.9991082
0,0.0,0.011650613
1,1.0,0.9991084
1,1.0,0.99908495
1,1.0,0.9990539
1,1.0,0.9991082
1,1.0,0.9993087
1,1.0,0.9990781
0,0.0,0.0024723434
0,0.0,0.000671401
1,1.0,0.9990811
1,1.0,0.99908495
1,1.0,0.99910825
1,1.0,0.9990544
0,0.0,0.0056315204
1,1.0,0.999083
1,1.0,0.9990853
0,0.0,0.0013470069
1,1.0,0.99908555
1,1.0,0.9991064
1,1.0,0.9991083
0,0.0,0.0010084127
0,0.0,0.0014209226
0,0.0,0.00080378406
0,0.0,0.001390346
0,0.0,0.00080286857
1,1.0,0.9991061
1,1.0,0.9991087
1,1.0,0.999108
1,1.0,0.9991088
1,1.0,0.9991276
0,0.0,0.00095274166
0,0.0,0.0012606569
0,0.0,0.0014679563
1,1.0,0.99910873
1,1.0,0.9991079
1,1.0,0.99908537
0,0.0,0.00094738114
0,0.0,0.0015036796
1,1.0,0.99910235
0,0.0,0.0011871735
0,0.0,0.0010088605
0,0.0,0.0038482319
0,0.0,0.008566762
1,1.0,0.99910647
1,1.0,0.99910885
1,1.0,0.9991087
1,1.0,0.9991035
1,1.0,0.9991276
1,1.0,0.99910825
0,0.0,0.0003567342
0,0.0,0.007119305
0,0.0,0.0014052559
0,0.0,0.0014072728
1,1.0,0.9991062
1,1.0,0.99910825
1,1.0,0.9990543
0,0.0,0.0006521733
1,1.0,0.999106
1,1.0,0.9991065
0,0.0,0.0012066397
1,1.0,0.99910444
1,1.0,0.999078
1,1.0,0.9991066
0,0.0,0.0043971217
0,0.0,0.0013480701
0,0.0,0.0012622898
1,1.0,0.9991091
1,1.0,0.99910825
0,0.0,0.0012281296
1,1.0,0.99905413
0,0.0,0.000803358
1,1.0,0.9991082
1,1.0,0.9990849
0,0.0,0.0011501788
1,1.0,0.9990544
0,0.0,0.0044854064
1,1.0,0.9991088
1,1.0,0.99907815
1,1.0,0.9991273
1,1.0,0.99905443
0,0.0,0.0014403476
1,1.0,0.9990855
1,1.0,0.9990782
1,1.0,0.9991052
0,0.0,0.0012694794
0,0.0,0.0013711094
0,0.0,0.0010095085
0,0.0,0.00065215526
1,1.0,0.99910796
0,0.0,0.0006537851
0,0.0,0.0014993016
1,1.0,0.99905443
0,0.0,0.0014249568
1,1.0,0.99907804
1,1.0,0.99908555
1,1.0,0.9991273
0,0.0,0.0012257666
0,0.0,0.0013767291
0,0.0,0.000914867
1,1.0,0.9991064
0,0.0,0.0006678907
0,0.0,0.0012860562
1,1.0,0.99910855
0,0.0,0.0018444221
0,0.0,0.00122045
0,0.0,0.0013903929
0,0.0,0.00068156986
1,1.0,0.99910825
1,1.0,0.99905443
1,1.0,0.99908555
0,0.0,0.0014070536
1,1.0,0.99910957
0,0.0,0.0014084983
1,1.0,0.9990775
0,0.0,0.0006507031
0,0.0,0.0012607435
1,1.0,0.9990539
0,0.0,0.0014435512
0,0.0,0.0028824594
1,1.0,0.9991058
0,0.0,0.009037857
0,0.0,0.0014070302
1,1.0,0.99907845
0,0.0,0.0012694576
0,0.0,0.0012334033
0,0.0,0.00080242794
1,1.0,0.99910337
0,0.0,0.0017124937
1,1.0,0.9990782
1,1.0,0.9991088
1,1.0,0.99908537
1,1.0,0.9921469
1,1.0,0.9991083
0,0.0,0.00035572628
0,0.0,0.001417228
0,0.0,0.0014380581
1,1.0,0.99907583
1,1.0,0.9990545
1,1.0,0.99908495
0,0.0,0.0011906646
1,1.0,0.99910885
1,1.0,0.99905396
1,1.0,0.9990541
1,1.0,0.99910295
1,1.0,0.9990492
0,0.0,0.00084722857
1,1.0,0.9991276
1,1.0,0.99890035
0,0.0,0.001026238
1,1.0,0.99910873
1,1.0,0.9988731
1,1.0,0.99908566
0,0.0,0.00040511257
1,1.0,0.99910617
1,1.0,0.99907917
0,0.0,0.0006812441
0,0.0,0.00035558405
1,1.0,0.99908507
1,1.0,0.99912655
1,1.0,0.9991038
1,1.0,0.99893653
0,0.0,0.0010105078
1,1.0,0.99602854
1,1.0,0.9990545
0,0.0,0.00035560728
0,0.0,0.0009154249
0,0.0,0.0025780436
0,0.0,0.0021820415
1,1.0,0.9991081
1,1.0,0.99907583
0,0.0,0.00069754175
0,0.0,0.0007270763
0,0.0,0.0008014968
1,1.0,0.99896914
1,1.0,0.99908185
0,0.0,0.0018755177
1,1.0,0.99910814
0,0.0,0.0014056568
1,1.0,0.9990541
0,0.0,0.0010075762
1,1.0,0.9991034
0,0.0,0.00040475378
0,0.0,0.00065310753
1,1.0,0.9991088
0,0.0,0.0007434528
1,1.0,0.9990521
1,1.0,0.99912775
0,0.0,0.0011085009
1,1.0,0.9990545
0,0.0,0.0009780615
0,0.0,0.001227142
0,0.0,0.0010076334
0,0.0,0.0012085738
0,0.0,0.00080388365
0,0.0,0.001008922
1,1.0,0.9989048
0,0.0,0.00072458095
0,0.0,0.0014581217
1,1.0,0.9990777
0,0.0,0.0013769305
1,1.0,0.9990539
0,0.0,0.00066481216
0,0.0,0.0006523193
1,1.0,0.9991092
0,0.0,0.0006979526
0,0.0,0.000668835
1,1.0,0.9991065
0,0.0,0.00077588955
1,1.0,0.99910843
1,1.0,0.99910545
0,0.0,0.0010084305
1,1.0,0.99910796
0,0.0,0.001407234
0,0.0,0.0014598173
1,1.0,0.99910796
0,0.0,0.0014054739
0,0.0,0.0046388814
0,0.0,0.0006524835
1,1.0,0.99910563
0,0.0,0.0005126848
1,1.0,0.99908024
1,1.0,0.9991274
0,0.0,0.0008031753
0,0.0,0.0013525378
1,1.0,0.9991012
0,0.0,0.0014085378
1,1.0,0.9991033
0,0.0,0.0006502012
0,0.0,0.0006606887
1,1.0,0.99908614
0,0.0,0.0009128463
1,1.0,0.99912745
1,1.0,0.99905443
1,1.0,0.99908626
0,0.0,0.0006397241
1,1.0,0.99910647
0,0.0,0.0013903447
1,1.0,0.99908537
0,0.0,0.00065752433
1,1.0,0.9991051
1,1.0,0.99910855
0,0.0,0.00067097216
0,0.0,0.0014435801
1,1.0,0.99910647
1,1.0,0.9991061
0,0.0,0.001982235
1,1.0,0.9990539
0,0.0,0.0013655073
0,0.0,0.00040479857
0,0.0,0.0011079757
1,1.0,0.99910885
0,0.0,0.0012605861
0,0.0,0.00035663662
1,1.0,0.9991072
0,0.0,0.0006904062
0,0.0,0.0014935092
1,1.0,0.999085
0,0.0,0.0014376625
1,1.0,0.99910444
0,0.0,0.00061902666
0,0.0,0.001405938
1,1.0,0.9990778
1,1.0,0.99910325
1,1.0,0.99910504
1,1.0,0.9990778
0,0.0,0.00088736473
0,0.0,0.001405557
0,0.0,0.0014387259
1,1.0,0.99907786
0,0.0,0.0014171387
0,0.0,0.0013655748
1,1.0,0.9991036
1,1.0,0.9991084
0,0.0,0.0019399021
1,1.0,0.998536
1,1.0,0.9990853
1,1.0,0.9991277
1,1.0,0.99905455
1,1.0,0.99910307
1,1.0,0.9991087
0,0.0,0.0013419229
1,1.0,0.9991049
0,0.0,0.0014072619
1,1.0,0.9991087
1,1.0,0.99910665
0,0.0,0.0013480798
1,1.0,0.999085
1,1.0,0.9990851
1,1.0,0.99912745
0,0.0,0.0013222405
0,0.0,0.0022686091
1,1.0,0.99910796
1,1.0,0.99908566
1,1.0,0.9991273
0,0.0,0.00069857977
1,1.0,0.9991273
0,0.0,0.0012100413
0,0.0,0.0014393919
1,1.0,0.9991095
0,0.0,0.0008258895
0,0.0,0.0013563683
1,1.0,0.9990541
1,1.0,0.9991084
1,1.0,0.99885845
0,0.0,0.0013480894
0,0.0,0.007918904
0,0.0,0.0010102065
0,0.0,0.00066144153
0,0.0,0.0006527516
1,1.0,0.99910605
1,1.0,0.9991276
1,1.0,0.9990851
1,1.0,0.99912745
1,1.0,0.99910325
0,0.0,0.00056981656
0,0.0,0.0013836126
0,0.0,0.0018796347
1,1.0,0.9991048
0,0.0,0.002435989
0,0.0,0.0012027102
1,1.0,0.99907815
1,1.0,0.99907786
0,0.0,0.0014072253
1,1.0,0.9991015
1,1.0,0.9990775
1,1.0,0.9991034
1,1.0,0.99910635
1,1.0,0.9991088
1,1.0,0.9990542
0,0.0,0.000640552
0,0.0,0.0014077057
1,1.0,0.99905443
0,0.0,0.0019416736
0,0.0,0.0014058682
1,1.0,0.99907815
0,0.0,0.001428042
1,1.0,0.9991062
1,1.0,0.99912757
0,0.0,0.0004047862
0,0.0,0.0023190614
1,1.0,0.9990523
0,0.0,0.0013417403
0,0.0,0.0004356775
0,0.0,0.00064800674
0,0.0,0.0013503928
0,0.0,0.0012265777
1,1.0,0.9990495
1,1.0,0.99910855
1,1.0,0.9991092
1,1.0,0.9990854
1,1.0,0.9990783
1,1.0,0.99342126
1,1.0,0.99910873
0,0.0,0.0014342158
1,1.0,0.99910825
1,1.0,0.99905443
1,1.0,0.99907744
1,1.0,0.9990544
1,1.0,0.9990541
0,0.0,0.0006487927
0,0.0,0.0014593052
1,1.0,0.99910796
1,1.0,0.9991083
1,1.0,0.99907905
0,0.0,0.0009154437
1,1.0,0.99910593
0,0.0,0.00080460863
1,1.0,0.99908537
1,1.0,0.9990781
0,0.0,0.0006250696
0,0.0,0.009527012
1,1.0,0.99905455
1,1.0,0.99910784
1,1.0,0.9991083
0,0.0,0.0010090157
1,1.0,0.9991045
0,0.0,0.0013619097
0,0.0,0.0010375371
1,1.0,0.99908537
0,0.0,0.0016986752
0,0.0,0.0009431375
1,1.0,0.9971755
0,0.0,0.00064956053
0,0.0,0.0017176502
0,0.0,0.0003576571
1,1.0,0.9990851
0,0.0,0.000915465
0,0.0,0.001880082
1,1.0,0.9985877
1,1.0,0.9990545
1,1.0,0.9991068
0,0.0,0.0006583379
0,0.0,0.0014072353
0,0.0,0.0012333138
1,1.0,0.9991084
1,1.0,0.99907833
1,1.0,0.99881387
0,0.0,0.001009709
0,0.0,0.0014054873
1,1.0,0.9990853
0,0.0,0.0012064081
1,1.0,0.9990538
0,0.0,0.0015347457
1,1.0,0.9990865
1,1.0,0.9990545
0,0.0,0.0014532878
1,1.0,0.9991275
1,1.0,0.9990525
1,1.0,0.99908507
0,0.0,0.0014533058
1,1.0,0.9991252
0,0.0,0.00144899
0,0.0,0.00035753965
0,0.0,0.0012061077
1,1.0,0.99910635
1,1.0,0.9991256
1,1.0,0.99910307
0,0.0,0.00040476225
1,1.0,0.9991059
0,0.0,0.0006903993
1,1.0,0.99908507
0,0.0,0.0024658605
1,1.0,0.9991087
1,1.0,0.99910516
1,1.0,0.99912745
0,0.0,0.0003574994
0,0.0,0.0013439148
0,0.0,0.0058856206
0,0.0,0.0044415323
1,1.0,0.99910843
1,1.0,0.9991278
0,0.0,0.0021774417
0,0.0,0.00087335845
0,0.0,0.0014142765
0,0.0,0.001716501
1,1.0,0.9991088
1,1.0,0.99910635
1,1.0,0.99910873
0,0.0,0.001226406
0,0.0,0.0005944797
1,1.0,0.99907476
1,1.0,0.9991077
1,1.0,0.9991065
1,1.0,0.9991065
1,1.0,0.99910295
1,1.0,0.9991056
1,1.0,0.99910295
0,0.0,0.0011438717
0,0.0,0.0011836444
0,0.0,0.0012260462
1,1.0,0.99908555
0,0.0,0.00064792513
0,0.0,0.0013710872
1,1.0,0.9990782
1,1.0,0.9991084
0,0.0,0.0013766197
0,0.0,0.0014435443
0,0.0,0.001405521
0,0.0,0.0012281747
1,1.0,0.9991064
0,0.0,0.0014242878
0,0.0,0.0014532642
0,0.0,0.0012727985
1,1.0,0.99910784
1,1.0,0.9991093
0,0.0,0.0012747026
1,1.0,0.99488926
1,1.0,0.9991088
0,0.0,0.0014434963
1,1.0,0.99910074
0,0.0,0.0014085156
0,0.0,0.0006498407
1,1.0,0.99907786
0,0.0,0.0013468587
1,1.0,0.9991087
1,1.0,0.9991053
1,1.0,0.99907774
1,1.0,0.99912775
0,0.0,0.0006603745
0,0.0,0.0028841665
0,0.0,0.0014238743
1,1.0,0.9991074
0,0.0,0.0013996982
1,1.0,0.99910665
1,1.0,0.99908465
0,0.0,0.0014492522
1,1.0,0.99908507
1,1.0,0.99910617
0,0.0,0.0009767853
1,1.0,0.99907625
0,0.0,0.0013977854
1,1.0,0.99830633
0,0.0,0.0014056253
0,0.0,0.0012389389
1,1.0,0.9991276
0,0.0,0.001262157
1,1.0,0.9991083
1,1.0,0.99912745
0,0.0,0.00080233585
1,1.0,0.999078
0,0.0,0.002172712
1,1.0,0.9991275
0,0.0,0.0014055469
0,0.0,0.0014561928
1,1.0,0.999078
1,1.0,0.99908507
0,0.0,0.00035766646
1,1.0,0.9991032
1,1.0,0.9990784
0,0.0,0.0012068565
0,0.0,0.0014116156
0,0.0,0.0014064265
1,1.0,0.99910814
0,0.0,0.0014342042
0,0.0,0.001257152
0,0.0,0.021233367
0,0.0,0.000652732
1,1.0,0.9991063
0,0.0,0.0012260549
0,0.0,0.0014071495
0,0.0,0.00059537985
0,0.0,0.0014593446
0,0.0,0.0014498215
0,0.0,0.0028869037
1,1.0,0.99912703
0,0.0,0.004380739
0,0.0,0.0013498676
0,0.0,0.0012101405
1,1.0,0.99910635
1,1.0,0.9991087
0,0.0,0.0003553192
1,1.0,0.9990775
0,0.0,0.0004048163
0,0.0,0.00082749384
0,0.0,0.0014085298
1,1.0,0.9991044
0,0.0,0.002397829
0,0.0,0.0012606414
0,0.0,0.00040445893
1,1.0,0.9991034
0,0.0,0.0008015461
1,1.0,0.99912745
0,0.0,0.000652699
0,0.0,0.00064055814
0,0.0,0.0010096827
0,0.0,0.0047203423
0,0.0,0.0003574556
1,1.0,0.997274
0,0.0,0.0013785403
1,1.0,0.9986918
0,0.0,0.0012583825
1,1.0,0.999108
1,1.0,0.99912703
0,0.0,0.0006999599
0,0.0,0.0010098077
1,1.0,0.9991047
1,1.0,0.9991049
1,1.0,0.9991087
0,0.0,0.0015911289
0,0.0,0.00064808887
0,0.0,0.0014498762
0,0.0,0.00089972373
1,1.0,0.999107
1,1.0,0.99905443
0,0.0,0.0014113084
1,1.0,0.9991088
0,0.0,0.0006378755
0,0.0,0.000785429
0,0.0,0.0011728873
1,1.0,0.9991059
0,0.0,0.00092394487
1,1.0,0.9991064
1,1.0,0.99911094
1,1.0,0.999106
0,0.0,0.0012264936
1,1.0,0.9991273
0,0.0,0.0010621585
0,0.0,0.0015273723
0,0.0,0.0012815966
1,1.0,0.99905396
1,1.0,0.999103
0,0.0,0.0043351226
1,1.0,0.9990997
0,0.0,0.0013710695
1,1.0,0.99908537
1,1.0,0.99908185
0,0.0,0.011864866
0,0.0,0.00059501984
1,1.0,0.99910516
1,1.0,0.99911004
1,1.0,0.9987801
0,0.0,0.0014251196
0,0.0,0.0006485504
0,0.0,0.00080422685
0,0.0,0.001324979
0,0.0,0.0014533439
0,0.0,0.0014341495
1,1.0,0.99907774
0,0.0,0.0006622268
0,0.0,0.0005825887
1,1.0,0.9991071
1,1.0,0.99884886
1,1.0,0.99905294
0,0.0,0.00066202146
0,0.0,0.0014404615
0,0.0,0.0014113159
1,1.0,0.99908537
1,1.0,0.99905413
1,1.0,0.9991272
0,0.0,0.00035567133
0,0.0,0.0013222006
1,1.0,0.9991081
1,1.0,0.99907815
0,0.0,0.0011883299
1,1.0,0.9990862
0,0.0,0.0013392429
1,1.0,0.9991043
0,0.0,0.0013654929
1,1.0,0.9990798
1,1.0,0.9990862
1,1.0,0.9991079
0,0.0,0.0005986879
1,1.0,0.99910337
1,1.0,0.99908555
1,1.0,0.9990855
1,1.0,0.9990854
0,0.0,0.0024781383
1,1.0,0.99910873
1,1.0,0.9991086
1,1.0,0.999106
1,1.0,0.9991127
1,1.0,0.99908596
1,1.0,0.99910337
1,1.0,0.99905264
0,0.0,0.0019528406
1,1.0,0.99908596
0,0.0,0.0014329024
0,0.0,0.0010099548
1,1.0,0.9991064
1,1.0,0.99907404
0,0.0,0.0012333344
0,0.0,0.0008020881
0,0.0,0.0016936499
0,0.0,0.0011459006
0,0.0,0.0003555978
0,0.0,0.00089614274
1,1.0,0.99912745
0,0.0,0.000660299
1,1.0,0.9990793
1,1.0,0.99908525
1,1.0,0.9991081
1,1.0,0.99910843
1,1.0,0.99910337
1,1.0,0.99910295
1,1.0,0.99354494
0,0.0,0.0014533453
1,1.0,0.99910885
0,0.0,0.0013817982
0,0.0,0.0015546816
1,1.0,0.99910873
1,1.0,0.9990543
0,0.0,0.00063170365
1,1.0,0.9990779
0,0.0,0.0012689779
1,1.0,0.99910915
0,0.0,0.0006901917
0,0.0,0.00090033776
0,0.0,0.0013482005
1,1.0,0.9990775
0,0.0,0.00086385384
0,0.0,0.00065173086
1,1.0,0.9991274
1,1.0,0.99910605
1,1.0,0.99907786
0,0.0,0.0014049455
0,0.0,0.0008020583
1,1.0,0.9990833
0,0.0,0.0013907598
1,1.0,0.9991091
1,1.0,0.99910593
1,1.0,0.99910337
1,1.0,0.9990781
0,0.0,0.001210988
1,1.0,0.99907756
0,0.0,0.0015172384
0,0.0,0.0011479787
0,0.0,0.0006483594
1,1.0,0.9988964
0,0.0,0.001036029
1,1.0,0.99897087
0,0.0,0.0014341774
1,1.0,0.999108
0,0.0,0.0024670311
1,1.0,0.99910283
1,1.0,0.9991272
0,0.0,0.0005935783
1,1.0,0.99905384
0,0.0,0.0014084404
1,1.0,0.9990543
0,0.0,0.000404798
0,0.0,0.001417203
0,0.0,0.001417151
1,1.0,0.9990776
1,1.0,0.99908495
0,0.0,0.0010092951
1,1.0,0.9991065
0,0.0,0.0006685705
1,1.0,0.9991071
1,1.0,0.99910635
0,0.0,0.000648381
1,1.0,0.9991052
1,1.0,0.99907947
1,1.0,0.99910617
0,0.0,0.0024268276
1,1.0,0.9991087
1,1.0,0.9991077
1,1.0,0.99910283
1,1.0,0.9990544
1,1.0,0.9990848
0,0.0,0.0014171767
1,1.0,0.99910784
1,1.0,0.99912757
0,0.0,0.001037819
0,0.0,0.0014593238
0,0.0,0.0006997602
0,0.0,0.0014374946
0,0.0,0.0014171347
1,1.0,0.99910754
0,0.0,0.0014056286
0,0.0,0.0008995325
1,1.0,0.9991036
1,1.0,0.999082
1,1.0,0.9990779
1,1.0,0.9990537
1,1.0,0.9991083
0,0.0,0.000802077
1,1.0,0.99910295
1,1.0,0.9991084
1,1.0,0.99910796
0,0.0,0.00417168
0,0.0,0.0012432957
1,1.0,0.99910957
0,0.0,0.0013275336
1,1.0,0.99910617
0,0.0,0.0011992885
0,0.0,0.006312315
0,0.0,0.0006477782
0,0.0,0.0011546803
1,1.0,0.9991029
1,1.0,0.99910593
0,0.0,0.0006528951
1,1.0,0.99910665
1,1.0,0.9990544
0,0.0,0.000632114
0,0.0,0.00080296764
1,1.0,0.99910647
1,1.0,0.9990523
0,0.0,0.0011483403
0,0.0,0.0018369578
1,1.0,0.9991065
1,1.0,0.9991083
0,0.0,0.0017220546
0,0.0,0.001453236
0,0.0,0.0011861365
0,0.0,0.0021859359
0,0.0,0.0013906884
0,0.0,0.0014594593
0,0.0,0.00094233634
0,0.0,0.0006511839
1,1.0,0.9990851
0,0.0,0.00069793564
1,1.0,0.9991089
0,0.0,0.0015703435
1,1.0,0.99910575
1,1.0,0.9990991
0,0.0,0.0014980179
1,1.0,0.9990541
0,0.0,0.00061924645
1,1.0,0.99910873
1,1.0,0.99910307
0,0.0,0.0013729392
0,0.0,0.0011861059
1,1.0,0.9991067
1,1.0,0.999108
0,0.0,0.0014056286
0,0.0,0.0018795594
0,0.0,0.00070097833
1,1.0,0.99907786
0,0.0,0.0012200979
0,0.0,0.00064888515
1,1.0,0.99740785
1,1.0,0.99907327
1,1.0,0.9991269
0,0.0,0.0014488245
0,0.0,0.0014304401
0,0.0,0.00090856885
1,1.0,0.99907786
1,1.0,0.99910825
0,0.0,0.0008671246
0,0.0,0.0012039513
0,0.0,0.0028838825
0,0.0,0.0040142355
1,1.0,0.9991237
0,0.0,0.0010089552
0,0.0,0.0006409905
1,1.0,0.9988191
1,1.0,0.99910885
0,0.0,0.00040482575
0,0.0,0.0011978825
1,1.0,0.99910384
1,1.0,0.9990856
0,0.0,0.0017000877
0,0.0,0.0056324415
1,1.0,0.99912757
0,0.0,0.0012745085
0,0.0,0.0016938224
1,1.0,0.99910754
1,1.0,0.99908507
0,0.0,0.00071363826
0,0.0,0.0013395383
0,0.0,0.001474603
0,0.0,0.0014316612
0,0.0,0.0007408296
1,1.0,0.9990544
0,0.0,0.0014072667
1,1.0,0.9990856
0,0.0,0.0012631372
1,1.0,0.99910766
0,0.0,0.0006543162
0,0.0,0.00065423443
0,0.0,0.0053439257
0,0.0,0.0009673205
1,1.0,0.9990854
1,1.0,0.9990628
0,0.0,0.0006480567
1,1.0,0.99912757
0,0.0,0.001410773
1,1.0,0.9990776
0,0.0,0.0009820865
0,0.0,0.0014592843
1,1.0,0.9990781
0,0.0,0.001443554
0,0.0,0.0018772566
0,0.0,0.0056570484
0,0.0,0.000615989
0,0.0,0.0014113111
1,1.0,0.99910814
0,0.0,0.0014564813
0,0.0,0.0009153555
0,0.0,0.0014058736
0,0.0,0.0021049187
1,1.0,0.99910814
1,1.0,0.9990865
0,0.0,0.0012606359
1,1.0,0.99747974
1,1.0,0.9991034
1,1.0,0.9991062
1,1.0,0.99910283
0,0.0,0.0023366315
1,1.0,0.99910825
1,1.0,0.9990862
0,0.0,0.0014745174
0,0.0,0.0014085264
0,0.0,0.0008032171
0,0.0,0.0013480369
0,0.0,0.0010518598
1,1.0,0.9990541
1,1.0,0.9991273
1,1.0,0.996076
1,1.0,0.99212056
1,1.0,0.9991275
0,0.0,0.001409055
1,1.0,0.99910754
0,0.0,0.0042884275
0,0.0,0.0008017859
1,1.0,0.99905384
0,0.0,0.0012692111
0,0.0,0.001148315
1,1.0,0.99910825
0,0.0,0.001434269
0,0.0,0.0006976441
0,0.0,0.001008466
0,0.0,0.0014058716
1,1.0,0.9991273
1,1.0,0.9991083
0,0.0,0.000652779
0,0.0,0.0012779649
1,1.0,0.9990781
1,1.0,0.9991082
1,1.0,0.99910283
1,1.0,0.9991274
0,0.0,0.0008032875
0,0.0,0.0008669064
1,1.0,0.999085
0,0.0,0.001405636
0,0.0,0.00035761445
1,1.0,0.99911255
0,0.0,0.0013468479
1,1.0,0.99912757
1,1.0,0.99910665
0,0.0,0.00065150857
0,0.0,0.0016947386
1,1.0,0.9991275
0,0.0,0.00066415174
1,1.0,0.9991078
1,1.0,0.99910784
1,1.0,0.9991056
0,0.0,0.0008023056
0,0.0,0.0014498996
0,0.0,0.0013655073
1,1.0,0.9952098
1,1.0,0.9990541
0,0.0,0.0014374426
0,0.0,0.0003576719
1,1.0,0.99910533
1,1.0,0.9990816
1,1.0,0.99912727
1,1.0,0.999081
1,1.0,0.99910414
0,0.0,0.0014560778
0,0.0,0.0010575549
1,1.0,0.99905413
1,1.0,0.9991277
1,1.0,0.9990781
1,1.0,0.99912727
0,0.0,0.0006499934
1,1.0,0.99910593
1,1.0,0.99908495
0,0.0,0.00035667676
1,1.0,0.99907464
1,1.0,0.9991272
0,0.0,0.0015074236
1,1.0,0.99805725
0,0.0,0.001410767
0,0.0,0.0026142872
1,1.0,0.99910325
1,1.0,0.9991275
0,0.0,0.0009671094
0,0.0,0.0014056454
0,0.0,0.00035664107
1,1.0,0.99910265
1,1.0,0.9991049
1,1.0,0.999105
0,0.0,0.0018069709
1,1.0,0.9991082
0,0.0,0.013305983
0,0.0,0.0041915122
0,0.0,0.0014342234
0,0.0,0.0014533362
1,1.0,0.99910367
0,0.0,0.001431454
1,1.0,0.99907786
1,1.0,0.99910605
1,1.0,0.9991078
0,0.0,0.001359845
0,0.0,0.0004048225
0,0.0,0.0014342826
1,1.0,0.99905443
0,0.0,0.0014073263
1,1.0,0.99910617
0,0.0,0.0013480836
0,0.0,0.0006483384
1,1.0,0.99910885
0,0.0,0.0014300452
0,0.0,0.0010372896
1,1.0,0.99905425
1,1.0,0.9982388
0,0.0,0.0010619628
1,1.0,0.99910307
1,1.0,0.99912745
0,0.0,0.0014074938
1,1.0,0.9991085
1,1.0,0.99910337
0,0.0,0.002882246
0,0.0,0.0014023696
1,1.0,0.99912703
1,1.0,0.99907756
0,0.0,0.001692897
0,0.0,0.00069040485
0,0.0,0.0014980051
0,0.0,0.0006478421
1,1.0,0.99907804
0,0.0,0.0019077758
1,1.0,0.99905413
1,1.0,0.99905413
1,1.0,0.9991273
1,1.0,0.9990544
1,1.0,0.9991071
0,0.0,0.0012779429
1,1.0,0.99907476
0,0.0,0.0011728548
0,0.0,0.0012306015
0,0.0,0.0013381573
1,1.0,0.9990782
1,1.0,0.9990782
0,0.0,0.001417209
1,1.0,0.99910796
1,1.0,0.99910486
0,0.0,0.0013907163
0,0.0,0.0017179003
1,1.0,0.9990545
0,0.0,0.0056567
1,1.0,0.9991042
1,1.0,0.9991033
0,0.0,0.00084999244
1,1.0,0.99910843
1,1.0,0.9991085
0,0.0,0.0013469177
0,0.0,0.009089528
1,1.0,0.9990783
1,1.0,0.9990545
1,1.0,0.99908555
0,0.0,0.0014109927
0,0.0,0.0012331672
0,0.0,0.00065870536
1,1.0,0.99893063
0,0.0,0.0010376084
1,1.0,0.9991056
1,1.0,0.99905443
1,1.0,0.99907976
0,0.0,0.0018805428
1,1.0,0.99907875
0,0.0,0.0006528854
1,1.0,0.9986928
0,0.0,0.0010095553
0,0.0,0.00040443812
0,0.0,0.0006706825
0,0.0,0.0006518204
1,1.0,0.99910355
0,0.0,0.0013743017
1,1.0,0.99910605
1,1.0,0.9991049
1,1.0,0.99905413
0,0.0,0.001434157
0,0.0,0.0014533418
0,0.0,0.00080293353
0,0.0,0.0014066731
1,1.0,0.9991122
0,0.0,0.000356972
0,0.0,0.0012136337
0,0.0,0.0017603935
0,0.0,0.0012456025
0,0.0,0.0013481088
1,1.0,0.9991061
1,1.0,0.99910796
0,0.0,0.0012596216
1,1.0,0.9991088
1,1.0,0.9991088
0,0.0,0.001754105
1,1.0,0.99910873
1,1.0,0.99910784
0,0.0,0.0012695647
1,1.0,0.99779814
0,0.0,0.0011472923
0,0.0,0.002287563
1,1.0,0.9965432
1,1.0,0.9991278
0,0.0,0.0009780658
0,0.0,0.001449879
0,0.0,0.0008022567
1,1.0,0.9991272
1,1.0,0.9991082
0,0.0,0.0063264268
1,1.0,0.99550134
0,0.0,0.0014055001
0,0.0,0.007897729
1,1.0,0.9991276
0,0.0,0.001324588
1,1.0,0.9991065
0,0.0,0.0013908214
1,1.0,0.9990543
0,0.0,0.00065268745
1,1.0,0.99910474
0,0.0,0.0012687064
1,1.0,0.99910784
0,0.0,0.0014799134
0,0.0,0.001237457
1,1.0,0.99912745
0,0.0,0.000650148
0,0.0,0.001109625
0,0.0,0.00061916176
1,1.0,0.9991061
1,1.0,0.9991273
1,1.0,0.99907714
0,0.0,0.0009148995
0,0.0,0.00090783474
0,0.0,0.0015087188
0,0.0,0.0014403381
1,1.0,0.9990851
1,1.0,0.999109
1,1.0,0.99909943
1,1.0,0.99910927
1,1.0,0.99908465
0,0.0,0.0014085277
1,1.0,0.9991274
1,1.0,0.99910825
0,0.0,0.0014497961
0,0.0,0.0010089123
1,1.0,0.9991275
1,1.0,0.9990855
0,0.0,0.0014561402
1,1.0,0.99910337
1,1.0,0.99910325
1,1.0,0.99910796
0,0.0,0.0012458903
0,0.0,0.0011748663
1,1.0,0.99910873
0,0.0,0.0012606689
0,0.0,0.0013371814
0,0.0,0.0013972796
1,1.0,0.99910885
1,1.0,0.9991051
1,1.0,0.9986835
0,0.0,0.00091482245
1,1.0,0.9991052
1,1.0,0.9990851
1,1.0,0.9991273
1,1.0,0.99910146
0,0.0,0.0021865882
0,0.0,0.0014072593
0,0.0,0.0013711523
0,0.0,0.00040475166
0,0.0,0.0012859681
0,0.0,0.0040190318
1,1.0,0.9990778
0,0.0,0.00064010196
0,0.0,0.0025475856
0,0.0,0.0023393098
0,0.0,0.0009782107
0,0.0,0.0009088624
1,1.0,0.999103
1,1.0,0.9990856
0,0.0,0.0012457122
0,0.0,0.00065420306
1,1.0,0.99912745
0,0.0,0.0013904115
1,1.0,0.99912757
1,1.0,0.9990864
1,1.0,0.99910915
0,0.0,0.0016936137
1,1.0,0.99905443
1,1.0,0.99910635
0,0.0,0.00094356074
0,0.0,0.0012767958
0,0.0,0.0014055917
0,0.0,0.005646156
1,1.0,0.99910825
1,1.0,0.9991043
1,1.0,0.9991033
0,0.0,0.00059448474
1,1.0,0.99910915
0,0.0,0.0023724898
1,1.0,0.99905384
0,0.0,0.0012203627
1,1.0,0.9990851
0,0.0,0.0008640806
1,1.0,0.99905413
0,0.0,0.0009153839
1,1.0,0.9991051
1,1.0,0.9991071
0,0.0,0.0022642359
0,0.0,0.0013905625
0,0.0,0.0014059165
0,0.0,0.0006518107
1,1.0,0.99912745
1,1.0,0.9991029
1,1.0,0.99912465
1,1.0,0.99910337
0,0.0,0.0018493747
1,1.0,0.99819785
0,0.0,0.00091990025
0,0.0,0.0014059186
0,0.0,0.0012695127
1,1.0,0.9991059
1,1.0,0.9990863
1,1.0,0.9991079
0,0.0,0.0006409276
0,0.0,0.0008262021
1,1.0,0.99907815
1,1.0,0.9990543
1,1.0,0.99905413
1,1.0,0.9990781
0,0.0,0.0014085177
1,1.0,0.9991083
0,0.0,0.00145326
0,0.0,0.001375238
1,1.0,0.999054
1,1.0,0.9990545
0,0.0,0.0014059399
1,1.0,0.9990745
0,0.0,0.0014280868
0,0.0,0.00013856449
1,1.0,0.9990776
0,0.0,0.0015028293
1,1.0,0.9990849
1,1.0,0.99774843
1,1.0,0.9991033
0,0.0,0.0019391527
1,1.0,0.99912745
0,0.0,0.0011871256
1,1.0,0.9991053
1,1.0,0.9990779
1,1.0,0.999078
1,1.0,0.9991081
1,1.0,0.9990759
1,1.0,0.99908406
0,0.0,0.0006557361
0,0.0,0.0013654734
0,0.0,0.001521689
1,1.0,0.9991083
0,0.0,0.00147057
0,0.0,0.0014112791
0,0.0,0.0015058949
0,0.0,0.0006739346
0,0.0,0.0014341836
0,0.0,0.0012573748
0,0.0,0.00086404575
0,0.0,0.00063152093
0,0.0,0.0012262132
1,1.0,0.9991053
1,1.0,0.9991083
1,1.0,0.99907714
0,0.0,0.0056287516
0,0.0,0.00062736624
0,0.0,0.0014906846
1,1.0,0.99518895
1,1.0,0.9991055
0,0.0,0.0006517318
0,0.0,0.0006709901
0,0.0,0.00062091625
1,1.0,0.99910504
0,0.0,0.0014531888
0,0.0,0.0013902382
0,0.0,0.0006878971
1,1.0,0.99910593
1,1.0,0.99910724
1,1.0,0.9990789
0,0.0,0.0013825826
0,0.0,0.016265264
1,1.0,0.99908495
1,1.0,0.9991059
1,1.0,0.99909985
1,1.0,0.9990544
0,0.0,0.0006018603
1,1.0,0.9990848
0,0.0,0.00035659721
0,0.0,0.0012121588
1,1.0,0.99907815
1,1.0,0.9990542
0,0.0,0.0014739193
0,0.0,0.0013381676
0,0.0,0.0014072781
0,0.0,0.0012270019
0,0.0,0.0008032875
1,1.0,0.999108
1,1.0,0.99908525
1,1.0,0.9991082
1,1.0,0.9991083
1,1.0,0.9991083
1,1.0,0.99905056
1,1.0,0.9990851
0,0.0,0.0014059012
0,0.0,0.0014376529
0,0.0,0.0017249524
1,1.0,0.99912775
1,1.0,0.999106
0,0.0,0.0012256964
0,0.0,0.0014298348
0,0.0,0.001939113
0,0.0,0.0014055665
0,0.0,0.0013906067
0,0.0,0.00035659075
0,0.0,0.0006483378
0,0.0,0.0010367063
1,1.0,0.9991084
0,0.0,0.005631753
1,1.0,0.99910486
0,0.0,0.0006558624
0,0.0,0.00089326047
0,0.0,0.0012749431
0,0.0,0.001371091
1,1.0,0.9991083
0,0.0,0.0013903936
0,0.0,0.0013468812
1,1.0,0.9989748
0,0.0,0.0006817147
1,1.0,0.99910873
1,1.0,0.9991083
0,0.0,0.0010370717
1,1.0,0.99912727
0,0.0,0.0012769811
1,1.0,0.9991033
1,1.0,0.99907815
1,1.0,0.99905443
1,1.0,0.9991033
1,1.0,0.9991036
1,1.0,0.9991277
1,1.0,0.99910825
0,0.0,0.002358018
1,1.0,0.9943303
1,1.0,0.9990781
0,0.0,0.00069290336
0,0.0,0.0013909002
1,1.0,0.9991024
1,1.0,0.99910825
1,1.0,0.9990531
0,0.0,0.0013712124
1,1.0,0.9991033
0,0.0,0.0019521967
1,1.0,0.9991259
0,0.0,0.0013729255
1,1.0,0.9980559
0,0.0,0.0010080064
1,1.0,0.9991066
0,0.0,0.0014055998
1,1.0,0.99910647
0,0.0,0.0006493278
0,0.0,0.001063288
0,0.0,0.000650673
1,1.0,0.99910814
1,1.0,0.99910885
1,1.0,0.99912745
0,0.0,0.00035671657
0,0.0,0.0013937604
0,0.0,0.0012253142
1,1.0,0.9991067
1,1.0,0.99912775
0,0.0,0.0014403586
1,1.0,0.999085
0,0.0,0.00064010924
1,1.0,0.99910665
1,1.0,0.99908566
1,1.0,0.9991012
1,1.0,0.999078
0,0.0,0.0013906684
1,1.0,0.9991275
1,1.0,0.9990781
1,1.0,0.9991012
1,1.0,0.99910545
0,0.0,0.0014392493
1,1.0,0.99907804
1,1.0,0.9990498
1,1.0,0.9991063
0,0.0,0.0014055651
1,1.0,0.999054
1,1.0,0.99910414
0,0.0,0.0014072728
0,0.0,0.0012038122
0,0.0,0.0014403462
0,0.0,0.0003567009
0,0.0,0.0010090014
1,1.0,0.99910873
1,1.0,0.999054
0,0.0,0.0012203953
0,0.0,0.0013852594
1,1.0,0.99907726
0,0.0,0.001717275
0,0.0,0.00093464373
0,0.0,0.00068832916
0,0.0,0.0014113549
1,1.0,0.99905324
1,1.0,0.9991028
0,0.0,0.0013903526
1,1.0,0.9991083
1,1.0,0.99832755
0,0.0,0.0013755338
0,0.0,0.00072451815
0,0.0,0.008941038
0,0.0,0.0008046255
1,1.0,0.99908507
0,0.0,0.001312689
0,0.0,0.000664913
0,0.0,0.0015088804
0,0.0,0.0010098905
1,1.0,0.9990855
0,0.0,0.0006378697
1,1.0,0.99907845
0,0.0,0.00064411305
0,0.0,0.0014337454
0,0.0,0.0021914335
0,0.0,0.0011835966
1,1.0,0.9991062
1,1.0,0.999106
0,0.0,0.0025766925
0,0.0,0.001269011
0,0.0,0.004442922
1,1.0,0.9991063
1,1.0,0.99912775
1,1.0,0.99910635
0,0.0,0.0014434659
0,0.0,0.0006767371
0,0.0,0.0014685001
1,1.0,0.9991033
0,0.0,0.0008279501
1,1.0,0.99890023
0,0.0,0.0012690043
1,1.0,0.99910456
1,1.0,0.99910533
0,0.0,0.001407268
0,0.0,0.0012580049
0,0.0,0.00090031454
0,0.0,0.0013221798
1,1.0,0.99910825
1,1.0,0.99910635
1,1.0,0.99907804
1,1.0,0.99910825
1,1.0,0.9991059
0,0.0,0.0016927327
0,0.0,0.0013838432
1,1.0,0.9990778
1,1.0,0.999106
1,1.0,0.9991082
1,1.0,0.99905443
1,1.0,0.9991034
1,1.0,0.9990539
0,0.0,0.0014492668
1,1.0,0.999078
0,0.0,0.00065334036
1,1.0,0.99910426
1,1.0,0.999109
0,0.0,0.0016356191
1,1.0,0.99550575
1,1.0,0.99910307
0,0.0,0.0006517964
1,1.0,0.9991053
0,0.0,0.0014429106
1,1.0,0.9991083
0,0.0,0.00040480398
0,0.0,0.004449782
0,0.0,0.00040474642
1,1.0,0.9991065
1,1.0,0.9990753
1,1.0,0.9991078
0,0.0,0.0014435039
0,0.0,0.001439185
0,0.0,0.001365489
1,1.0,0.9991272
0,0.0,0.0014375125
1,1.0,0.99910355
0,0.0,0.0006763816
1,1.0,0.99907786
1,1.0,0.9985713
0,0.0,0.00069508667
0,0.0,0.0024363885
1,1.0,0.99908555
0,0.0,0.00071059965
0,0.0,0.00064964907
0,0.0,0.0011453588
0,0.0,0.0019525518
1,1.0,0.99910635
1,1.0,0.99910545
1,1.0,0.999078
0,0.0,0.0014498334
0,0.0,0.002121728
1,1.0,0.9990543
0,0.0,0.0014533218
1,1.0,0.9991273
0,0.0,0.0014498438
0,0.0,0.0016940272
0,0.0,0.00080322515
0,0.0,0.0006339841
1,1.0,0.99908566
0,0.0,0.0006887471
0,0.0,0.0014533681
1,1.0,0.9991087
0,0.0,0.0013604953
1,1.0,0.9991099
1,1.0,0.99910915
0,0.0,0.00094758434
0,0.0,0.0014561476
0,0.0,0.0006514297
0,0.0,0.0014874523
0,0.0,0.0016742485
1,1.0,0.9991277
1,1.0,0.99905443
0,0.0,0.0014172009
1,1.0,0.99910355
0,0.0,0.0013480952
1,1.0,0.9991042
1,1.0,0.99910516
1,1.0,0.99905443
1,1.0,0.9990778
1,1.0,0.99908495
1,1.0,0.99910617
0,0.0,0.0013655403
1,1.0,0.9990855
0,0.0,0.00035635187
0,0.0,0.0014058877
0,0.0,0.0008029251
1,1.0,0.9990781
1,1.0,0.9990846
1,1.0,0.9991056
0,0.0,0.010290278
0,0.0,0.0008999698
0,0.0,0.000664241
0,0.0,0.0012389525
1,1.0,0.99910283
0,0.0,0.0013277127
0,0.0,0.0006251251
1,1.0,0.9991029
1,1.0,0.9991088
1,1.0,0.9991052
1,1.0,0.9991082
0,0.0,0.0011502171
0,0.0,0.0024944039
0,0.0,0.0014237306
1,1.0,0.99905413
0,0.0,0.00035665638
0,0.0,0.0012308253
1,1.0,0.99912727
0,0.0,0.0014560834
0,0.0,0.0011439599
0,0.0,0.00065083086
0,0.0,0.0007408487
1,1.0,0.9991034
1,1.0,0.9986323
1,1.0,0.99945474
0,0.0,0.00015849333
1,1.0,0.9994458
0,0.0,0.0004318589
0,0.0,0.00030017074
1,1.0,0.9994493
1,1.0,0.99944174
1,1.0,0.99945396
0,0.0,0.00034453376
0,0.0,0.000320375
1,1.0,0.9994627
1,1.0,0.99478316
1,1.0,0.99945253
0,0.0,0.0003416986
0,0.0,0.00046139868
0,0.0,0.00040958152
1,1.0,0.9994462
0,0.0,0.0004358328
1,1.0,0.99946433
0,0.0,0.00048180996
0,0.0,0.00047352246
0,0.0,0.0004684308
0,0.0,0.00040532043
0,0.0,0.00048025645
0,0.0,0.00039019057
0,0.0,0.00045702152
0,0.0,0.00064942404
0,0.0,0.00021495594
0,0.0,0.00047218398
1,1.0,0.9994523
0,0.0,0.00070959434
1,1.0,0.99944514
0,0.0,0.0006338183
0,0.0,0.00030212596
1,1.0,0.9994447
1,1.0,0.99946344
1,1.0,0.99946976
0,0.0,0.0006455644
1,1.0,0.9994471
0,0.0,0.00069495256
0,0.0,0.00066013826
1,1.0,0.9994652
1,1.0,0.99945754
0,0.0,0.0004737482
0,0.0,0.00048962655
1,1.0,0.999463
0,0.0,0.00042179917
0,0.0,0.00045689876
1,1.0,0.9994554
1,1.0,0.9994453
1,1.0,0.9994546
1,1.0,0.99945295
0,0.0,0.00034869302
1,1.0,0.9994411
0,0.0,0.00047018687
0,0.0,0.00019151
1,1.0,0.9994385
0,0.0,0.00045507334
0,0.0,0.00043991648
0,0.0,0.00047063976
1,1.0,0.9994381
1,1.0,0.99944425
1,1.0,0.9994536
1,1.0,0.999451
1,1.0,0.9994427
1,1.0,0.9994569
1,1.0,0.9994303
0,0.0,0.00043185108
1,1.0,0.9994651
0,0.0,0.00065958477
1,1.0,0.99946034
0,0.0,0.00046791555
0,0.0,0.00055131636
1,1.0,0.99942625
1,1.0,0.9994436
1,1.0,0.9994658
1,1.0,0.999454
0,0.0,0.0004076032
0,0.0,0.00021488157
1,1.0,0.9994683
1,1.0,0.99946505
1,1.0,0.9994462
1,1.0,0.9994412
1,1.0,0.9983549
1,1.0,0.99945164
1,1.0,0.99943835
0,0.0,0.00040207218
1,1.0,0.99943656
0,0.0,0.00030265554
1,1.0,0.999447
0,0.0,0.0006563442
1,1.0,0.9994618
1,1.0,0.9994427
0,0.0,0.000352662
0,0.0,0.00042018868
1,1.0,0.99944705
0,0.0,0.00019143696
1,1.0,0.99817216
0,0.0,0.00010239579
0,0.0,0.00046419023
0,0.0,0.00021494794
0,0.0,0.0006528938
1,1.0,0.9994647
1,1.0,0.99944764
1,1.0,0.99944997
0,0.0,0.0002924192
1,1.0,0.9994699
1,1.0,0.9994538
1,1.0,0.996796
1,1.0,0.9994584
0,0.0,0.00045356728
0,0.0,0.00039702322
0,0.0,0.0002972449
0,0.0,0.00033935418
0,0.0,0.0004681855
0,0.0,0.00043751576
0,0.0,0.00056726835
0,0.0,0.00071218977
0,0.0,0.00046643926
1,1.0,0.9994579
1,1.0,0.9994441
1,1.0,0.999443
1,1.0,0.99944705
0,0.0,0.00037202224
1,1.0,0.99947256
1,1.0,0.9994618
0,0.0,0.00047352447
1,1.0,0.99946606
0,0.0,0.0005404505
0,0.0,0.00038488806
0,0.0,0.00065899163
1,1.0,0.9994453
1,1.0,0.9994677
1,1.0,0.99946237
0,0.0,0.00054821995
1,1.0,0.99945337
1,1.0,0.9994631
0,0.0,0.00046294436
0,0.0,0.0004794949
0,0.0,0.00036854064
1,1.0,0.99946535
1,1.0,0.9994455
1,1.0,0.99946564
0,0.0,0.0009388453
0,0.0,0.00047950793
1,1.0,0.9994266
0,0.0,0.00067713944
1,1.0,0.99945164
0,0.0,0.001844538
1,1.0,0.99946386
1,1.0,0.99945533
1,1.0,0.99945533
0,0.0,0.00021496619
1,1.0,0.99832547
1,1.0,0.99947286
1,1.0,0.9994361
1,1.0,0.9994556
0,0.0,0.0004274215
1,1.0,0.9994454
0,0.0,0.00040802153
0,0.0,0.00019198791
1,1.0,0.999445
0,0.0,0.00044788522
0,0.0,0.00014754878
0,0.0,0.00043280554
1,1.0,0.9994654
1,1.0,0.99061835
0,0.0,0.00048623708
0,0.0,0.0002606127
0,0.0,0.00019122956
0,0.0,0.000469017
1,1.0,0.99943566
1,1.0,0.99943477
0,0.0,0.00048511493
0,0.0,0.0003458989
1,1.0,0.99946564
0,0.0,0.00040902273
0,0.0,0.0004794956
1,1.0,0.99947035
0,0.0,0.00019175593
0,0.0,0.00019125122
0,0.0,0.000695535
1,1.0,0.99945545
1,1.0,0.9994547
1,1.0,0.99946564
1,1.0,0.9994702
0,0.0,0.00031981771
1,1.0,0.9994542
0,0.0,0.00043297387
1,1.0,0.9994653
0,0.0,0.00038923896
0,0.0,0.00046985582
0,0.0,0.00039704575
0,0.0,0.00019163093
0,0.0,0.0003025762
1,1.0,0.99944365
1,1.0,0.9994619
0,0.0,0.00047276542
1,1.0,0.9994656
0,0.0,0.00066309015
1,1.0,0.99944705
0,0.0,0.0006529659
0,0.0,0.00047594734
1,1.0,0.9994583
0,0.0,0.0006837092
1,1.0,0.9994614
0,0.0,0.0004715664
0,0.0,0.0003486335
1,1.0,0.9994581
1,1.0,0.99945223
0,0.0,0.0018760803
0,0.0,0.00040606663
0,0.0,0.0018902709
0,0.0,0.001892859
1,1.0,0.9994323
1,1.0,0.9994586
0,0.0,0.0006259371
1,1.0,0.9994459
0,0.0,0.0006338122
0,0.0,0.00048024367
1,1.0,0.99944115
1,1.0,0.99947226
1,1.0,0.99946594
1,1.0,0.99946594
0,0.0,0.00071472756
1,1.0,0.9986928
1,1.0,0.9994384
0,0.0,0.00044133092
1,1.0,0.9994723
1,1.0,0.99945855
1,1.0,0.99944764
1,1.0,0.9994576
1,1.0,0.9994457
0,0.0,0.00021129
1,1.0,0.9994418
0,0.0,0.00041146818
0,0.0,0.00048114933
0,0.0,0.0004638616
0,0.0,0.00031667418
0,0.0,0.000381999
0,0.0,0.0022372429
0,0.0,0.00047742407
1,1.0,0.999473
1,1.0,0.9994619
1,1.0,0.9994358
0,0.0,0.00046659337
0,0.0,0.00021147766
0,0.0,0.00045346876
1,1.0,0.99945784
1,1.0,0.9994693
0,0.0,0.00019129319
1,1.0,0.99942625
1,1.0,0.9994649
0,0.0,0.00021119311
1,1.0,0.99946475
1,1.0,0.9994547
0,0.0,0.00041250442
1,1.0,0.9994562
1,1.0,0.9994509
1,1.0,0.99945486
0,0.0,0.00035819484
0,0.0,0.00043222174
1,1.0,0.99944586
0,0.0,0.00046420816
0,0.0,0.00048655356
0,0.0,0.00048532558
1,1.0,0.99947095
0,0.0,0.00046367993
1,1.0,0.9994645
1,1.0,0.9994514
1,1.0,0.99945045
1,1.0,0.9994532
0,0.0,0.00047460044
1,1.0,0.99947137
0,0.0,0.00025973312
0,0.0,0.00046896935
1,1.0,0.9994547
1,1.0,0.9994472
1,1.0,0.9994449
1,1.0,0.9994579
0,0.0,0.00045452858
0,0.0,0.00047018286
1,1.0,0.99943227
0,0.0,0.00068101595
0,0.0,0.0009423767
1,1.0,0.9994538
0,0.0,0.00063066435
1,1.0,0.9994476
1,1.0,0.9994534
0,0.0,0.00030252084
0,0.0,0.00047948325
1,1.0,0.99945295
1,1.0,0.9994468
0,0.0,0.00038080296
0,0.0,0.00039017404
1,1.0,0.9994273
0,0.0,0.0009416923
1,1.0,0.9994554
1,1.0,0.9994331
1,1.0,0.99946034
0,0.0,0.00046326
0,0.0,0.00046843325
1,1.0,0.99406576
0,0.0,0.0005481301
1,1.0,0.9994313
0,0.0,0.00046793316
0,0.0,0.00010244355
1,1.0,0.9994471
1,1.0,0.9994267
0,0.0,0.00045690392
1,1.0,0.99946475
0,0.0,0.00019173801
0,0.0,0.0006953968
0,0.0,0.0005405041
1,1.0,0.999446
0,0.0,0.0004794876
0,0.0,0.00045702895
1,1.0,0.9994717
0,0.0,0.00030258571
0,0.0,0.0002114361
0,0.0,0.00030225905
0,0.0,0.00048116106
0,0.0,0.00036116943
0,0.0,0.00052228675
1,1.0,0.9994477
1,1.0,0.99868023
0,0.0,0.00047276565
0,0.0,0.00040418428
1,1.0,0.99942786
0,0.0,0.00044958686
0,0.0,0.0004572329
0,0.0,0.00046842924
0,0.0,0.0004568103
1,1.0,0.99944484
1,1.0,0.9994529
1,1.0,0.9994562
0,0.0,0.00014754244
1,1.0,0.99946445
1,1.0,0.9994712
0,0.0,0.0006259445
1,1.0,0.9982117
0,0.0,0.00047432477
0,0.0,0.0006953892
1,1.0,0.99945575
0,0.0,0.0005512306
1,1.0,0.9994506
1,1.0,0.9994557
1,1.0,0.99946445
1,1.0,0.99946415
1,1.0,0.99944335
1,1.0,0.9994547
1,1.0,0.9994635
0,0.0,0.0004475867
1,1.0,0.999455
0,0.0,0.0004260526
1,1.0,0.99946517
1,1.0,0.99946254
0,0.0,0.000425551
0,0.0,0.0004145304
0,0.0,0.00035427068
0,0.0,0.00018876039
0,0.0,0.0012987935
1,1.0,0.99945253
0,0.0,0.0004027829
0,0.0,0.00038077906
0,0.0,0.00021497029
0,0.0,0.0003785623
1,1.0,0.9994455
0,0.0,0.0006448056
1,1.0,0.9994448
0,0.0,0.000352525
0,0.0,0.00046842723
1,1.0,0.9994515
1,1.0,0.99944663
0,0.0,0.00047277872
0,0.0,0.00040421454
0,0.0,0.00030252282
0,0.0,0.0004895169
1,1.0,0.999473
1,1.0,0.9994548
1,1.0,0.99946415
0,0.0,0.00046142464
0,0.0,0.0004693381
0,0.0,0.00041580203
0,0.0,0.0004774384
1,1.0,0.99944264
1,1.0,0.9994183
0,0.0,0.0004046284
0,0.0,0.0004701105
1,1.0,0.99944705
0,0.0,0.00014754667
1,1.0,0.9994401
1,1.0,0.9994504
1,1.0,0.9994587
1,1.0,0.9994615
1,1.0,0.9994528
0,0.0,0.0011857287
1,1.0,0.9994645
1,1.0,0.99947274
0,0.0,0.00041045487
0,0.0,0.00035135436
1,1.0,0.9994641
1,1.0,0.999413
0,0.0,0.0002615008
0,0.0,0.00047539597
1,1.0,0.999455
1,1.0,0.9994622
0,0.0,0.00064935006
1,1.0,0.999454
0,0.0,0.00040763585
0,0.0,0.0006367836
0,0.0,0.02112587
0,0.0,0.00049588416
0,0.0,0.0005404526
1,1.0,0.9981006
1,1.0,0.99946564
0,0.0,0.0003044821
1,1.0,0.99946344
0,0.0,0.0005591044
0,0.0,0.0004041269
0,0.0,0.00052234327
1,1.0,0.9994632
1,1.0,0.9994661
1,1.0,0.994637
0,0.0,0.0006748881
1,1.0,0.9994427
0,0.0,0.00069211744
0,0.0,0.00045053157
1,1.0,0.99946314
0,0.0,0.0005323627
1,1.0,0.99945474
1,1.0,0.99944764
1,1.0,0.9994609
0,0.0,0.00019128443
0,0.0,0.0004546792
1,1.0,0.99946946
0,0.0,0.0005482691
0,0.0,0.00026600572
0,0.0,0.00045347566
1,1.0,0.9994411
1,1.0,0.99943984
1,1.0,0.9994651
1,1.0,0.99945456
0,0.0,0.00042199928
0,0.0,0.00046770019
0,0.0,0.0004638698
1,1.0,0.9994564
1,1.0,0.99947095
1,1.0,0.9994587
1,1.0,0.9994643
0,0.0,0.00046463055
1,1.0,0.99944663
0,0.0,0.00047277714
0,0.0,0.00031734057
0,0.0,0.00047276926
0,0.0,0.0006280671
1,1.0,0.9994631
1,1.0,0.9994462
1,1.0,0.99945426
1,1.0,0.9994578
1,1.0,0.9994537
1,1.0,0.9994447
0,0.0,0.0004097891
0,0.0,0.00031067154
1,1.0,0.99945766
0,0.0,0.00010245838
0,0.0,0.00069540937
1,1.0,0.9994583
0,0.0,0.00046419067
0,0.0,0.00047949216
0,0.0,0.00046844216
0,0.0,0.00066334836
1,1.0,0.9994537
0,0.0,0.00010251195
0,0.0,0.00040761757
1,1.0,0.9994652
1,1.0,0.9994522
1,1.0,0.99946994
1,1.0,0.9994656
1,1.0,0.9994252
1,1.0,0.9994538
1,1.0,0.99945563
0,0.0,0.000692212
0,0.0,0.00047541023
1,1.0,0.9994712
0,0.0,0.00046542156
1,1.0,0.9994357
1,1.0,0.9994511
1,1.0,0.9994512
0,0.0,0.0005323447
1,1.0,0.99908036
0,0.0,0.00046793898
0,0.0,0.00019180423
1,1.0,0.999423
0,0.0,0.00034364036
1,1.0,0.99946564
1,1.0,0.9994544
1,1.0,0.9973651
1,1.0,0.9994429
0,0.0,0.00019011182
1,1.0,0.99945647
0,0.0,0.00038114385
0,0.0,0.00019124885
0,0.0,0.00027545448
1,1.0,0.99942625
0,0.0,0.00045878303
0,0.0,0.0004144605
0,0.0,0.00053893845
0,0.0,0.00036600907
1,1.0,0.9994648
1,1.0,0.9994619
0,0.0,0.00045281954
1,1.0,0.9994468
1,1.0,0.999465
0,0.0,0.00062658853
1,1.0,0.9994453
1,1.0,0.99945486
0,0.0,0.0004641962
1,1.0,0.99944687
0,0.0,0.00047743478
0,0.0,0.00019200605
0,0.0,0.0001910697
1,1.0,0.99833035
0,0.0,0.00019112436
0,0.0,0.00047016627
0,0.0,0.00043632957
0,0.0,0.0004104467
1,1.0,0.9994586
0,0.0,0.00042341565
1,1.0,0.999454
1,1.0,0.99941504
0,0.0,0.0004186182
1,1.0,0.9994472
0,0.0,0.00018510746
1,1.0,0.99944687
1,1.0,0.99946547
0,0.0,0.00046139362
0,0.0,0.00053838745
1,1.0,0.99943936
0,0.0,0.00034171666
1,1.0,0.99946576
1,1.0,0.99945474
1,1.0,0.99946535
0,0.0,0.0005222654
0,0.0,0.0004530885
0,0.0,0.00041293388
0,0.0,0.0005223535
1,1.0,0.99944335
0,0.0,0.00019173308
0,0.0,0.0001909029
1,1.0,0.9994389
0,0.0,0.00046140418
1,1.0,0.9994545
0,0.0,0.00046418956
1,1.0,0.99947256
0,0.0,0.00046542133
1,1.0,0.99946505
1,1.0,0.9994194
0,0.0,0.00044628984
0,0.0,0.00042519454
1,1.0,0.99945396
0,0.0,0.00053266244
0,0.0,0.00042021493
1,1.0,0.9994584
0,0.0,0.0003796574
1,1.0,0.9994415
0,0.0,0.00042120047
1,1.0,0.9987826
0,0.0,0.00042198098
1,1.0,0.99941903
0,0.0,0.00032214986
0,0.0,0.0006850851
0,0.0,0.00046139295
1,1.0,0.99945825
0,0.0,0.0004082104
1,1.0,0.9994459
1,1.0,0.9994522
0,0.0,0.0003371363
0,0.0,0.00014754357
1,1.0,0.9994725
1,1.0,0.9994602
1,1.0,0.9994579
1,1.0,0.99944615
0,0.0,0.00047083138
0,0.0,0.00036141157
0,0.0,0.00014761732
0,0.0,0.00046387754
1,1.0,0.9994545
0,0.0,0.00094124116
1,1.0,0.9994455
1,1.0,0.99941665
1,1.0,0.999468
0,0.0,0.00048023707
1,1.0,0.999453
0,0.0,0.00047950176
0,0.0,0.00055917155
1,1.0,0.99945265
1,1.0,0.99947256
1,1.0,0.9994472
0,0.0,0.00036685544
1,1.0,0.99669904
1,1.0,0.99946463
1,1.0,0.9994578
0,0.0,0.00041855554
1,1.0,0.99945194
0,0.0,0.00046722338
1,1.0,0.9994651
0,0.0,0.0018910602
0,0.0,0.0003796065
0,0.0,0.00046844373
0,0.0,0.00048116792
0,0.0,0.0006863284
1,1.0,0.99944526
1,1.0,0.9994501
0,0.0,0.00014755553
0,0.0,0.00039589926
1,1.0,0.9948321
1,1.0,0.9994554
1,1.0,0.9994619
1,1.0,0.99946195
1,1.0,0.9994657
1,1.0,0.9994661
0,0.0,0.00046794568
1,1.0,0.99946564
1,1.0,0.9994627
1,1.0,0.99946123
1,1.0,0.99946564
1,1.0,0.9994648
0,0.0,0.00046792623
1,1.0,0.99691916
0,0.0,0.0011521241
0,0.0,0.00044633003
0,0.0,0.0001914158
0,0.0,0.001712877
1,1.0,0.99946564
1,1.0,0.99944353
0,0.0,0.00047740995
1,1.0,0.9994536
0,0.0,0.00029241305
0,0.0,0.00019639751
1,1.0,0.999454
1,1.0,0.9994527
1,1.0,0.99944335
0,0.0,0.00014755144
1,1.0,0.9994528
0,0.0,0.0004566716
0,0.0,0.00044304336
0,0.0,0.000305674
1,1.0,0.99946165
1,1.0,0.9994472
0,0.0,0.00045703526
1,1.0,0.99945426
1,1.0,0.9994514
0,0.0,0.00046843258
0,0.0,0.00053273176
0,0.0,0.0010686023
0,0.0,0.00046199193
1,1.0,0.99947214
0,0.0,0.000489515
0,0.0,0.00042679795
1,1.0,0.999473
1,1.0,0.9994542
1,1.0,0.99945235
1,1.0,0.9994544
0,0.0,0.0003048783
1,1.0,0.9994535
0,0.0,0.0004533555
0,0.0,0.0003245516
0,0.0,0.0006462302
0,0.0,0.00047742043
1,1.0,0.9994726
0,0.0,0.00062595203
1,1.0,0.99946404
1,1.0,0.9994501
1,1.0,0.99945086
0,0.0,0.00042764057
0,0.0,0.00040679134
0,0.0,0.00038837478
0,0.0,0.00042560857
1,1.0,0.99946296
0,0.0,0.0001913614
1,1.0,0.99945736
1,1.0,0.9994522
1,1.0,0.99944276
0,0.0,0.0004934229
1,1.0,0.99944156
1,1.0,0.9994458
0,0.0,0.00046388395
1,1.0,0.99945253
0,0.0,0.00048579354
1,1.0,0.9994543
0,0.0,0.00040288235
0,0.0,0.0018928007
1,1.0,0.9994518
0,0.0,0.00027885017
1,1.0,0.99457276
0,0.0,0.0006280809
0,0.0,0.00048022837
0,0.0,0.00031904574
1,1.0,0.99930173
0,0.0,0.0004795205
0,0.0,0.0004570418
0,0.0,0.00069557177
1,1.0,0.99945796
1,1.0,0.99944395
1,1.0,0.99945295
0,0.0,0.00046792938
1,1.0,0.9994453
1,1.0,0.9994427
0,0.0,0.00021150426
0,0.0,0.00045785352
0,0.0,0.00034806613
0,0.0,0.00041062923
1,1.0,0.99073064
0,0.0,0.00047147245
1,1.0,0.99946517
0,0.0,0.00041971108
0,0.0,0.0004063906
0,0.0,0.00019179966
1,1.0,0.9994695
1,1.0,0.9994569
0,0.0,0.00039632368
1,1.0,0.99946266
1,1.0,0.9994538
1,1.0,0.9994151
1,1.0,0.9994569
1,1.0,0.99944603
1,1.0,0.99944305
0,0.0,0.00047351702
1,1.0,0.999435
1,1.0,0.99946225
1,1.0,0.99945325
0,0.0,0.00048171883
0,0.0,0.00040089645
0,0.0,0.00042124468
0,0.0,0.00045559657
1,1.0,0.99944514
1,1.0,0.9994644
0,0.0,0.00038971737
1,1.0,0.9994453
0,0.0,0.00021497275
0,0.0,0.00037035978
0,0.0,0.0004642241
1,1.0,0.9994559
1,1.0,0.99877787
0,0.0,0.00014755623
1,1.0,0.99945354
1,1.0,0.99946547
1,1.0,0.9994662
0,0.0,0.0017153713
1,1.0,0.9994624
0,0.0,0.000362587
0,0.0,0.0003500067
1,1.0,0.9994448
1,1.0,0.999447
1,1.0,0.99946487
1,1.0,0.99944603
0,0.0,0.0004531019
1,1.0,0.99946445
1,1.0,0.9994653
1,1.0,0.9994647
1,1.0,0.99944735
0,0.0,0.0004734083
0,0.0,0.000465432
0,0.0,0.0014270903
0,0.0,0.02114915
0,0.0,0.00072586205
1,1.0,0.99945855
1,1.0,0.9994408
0,0.0,0.0009416874
1,1.0,0.9994613
0,0.0,0.00019184005
0,0.0,0.0006741674
1,1.0,0.9994446
0,0.0,0.00035001524
0,0.0,0.00069558667
1,1.0,0.99944675
1,1.0,0.9994543
0,0.0,0.000480238
0,0.0,0.00041398662
1,1.0,0.9994622
1,1.0,0.99946123
0,0.0,0.0004933891
1,1.0,0.9994536
1,1.0,0.999422
1,1.0,0.9994564
1,1.0,0.99945813
1,1.0,0.9994725
1,1.0,0.99942166
1,1.0,0.99945706
0,0.0,0.00047277918
0,0.0,0.00046792402
1,1.0,0.99945104
0,0.0,0.00029757322
0,0.0,0.0009402466
1,1.0,0.99946404
0,0.0,0.00031735023
0,0.0,0.00048023707
0,0.0,0.00062887336
0,0.0,0.0004565263
1,1.0,0.9994699
0,0.0,0.00021495103
0,0.0,0.00010240155
0,0.0,0.00033229656
1,1.0,0.999435
0,0.0,0.000639658
1,1.0,0.99947107
0,0.0,0.0004133793
0,0.0,0.00050297665
1,1.0,0.99946415
1,1.0,0.99940926
0,0.0,0.000709562
1,1.0,0.99945956
0,0.0,0.00042523994
0,0.0,0.00045668817
0,0.0,0.00021494695
1,1.0,0.99945205
1,1.0,0.9994631
0,0.0,0.00048244421
0,0.0,0.0003863547
0,0.0,0.0018073373
0,0.0,0.00035075014
0,0.0,0.0006926608
1,1.0,0.99945444
0,0.0,0.0004479194
1,1.0,0.99945396
1,1.0,0.9994419
0,0.0,0.00021170097
1,1.0,0.9994653
1,1.0,0.99947107
1,1.0,0.9994585
1,1.0,0.99944377
1,1.0,0.99945784
1,1.0,0.9994661
0,0.0,0.0001941541
0,0.0,0.0004794908
1,1.0,0.9994219
1,1.0,0.9994655
0,0.0,0.00048116356
1,1.0,0.9994522
0,0.0,0.00042813944
1,1.0,0.99944913
0,0.0,0.0004570322
0,0.0,0.00052866904
0,0.0,0.00047540295
0,0.0,0.00040134747
0,0.0,0.0005282542
0,0.0,0.0003625894
0,0.0,0.0006764328
0,0.0,0.00047950863
1,1.0,0.9982888
0,0.0,0.0004129366
1,1.0,0.99947244
1,1.0,0.99946445
0,0.0,0.0018898607
0,0.0,0.00039294668
1,1.0,0.99942505
0,0.0,0.00038668312
0,0.0,0.00045668578
0,0.0,0.0006247829
0,0.0,0.00044956326
0,0.0,0.00034860542
1,1.0,0.99947083
0,0.0,0.00042410582
1,1.0,0.9994701
0,0.0,0.00047157114
1,1.0,0.99947286
0,0.0,0.0004654209
1,1.0,0.99946564
1,1.0,0.9994529
1,1.0,0.9994538
1,1.0,0.999413
0,0.0,0.0006605221
0,0.0,0.00019169599
0,0.0,0.00030720135
0,0.0,0.00041055412
1,1.0,0.9994718
1,1.0,0.9994474
0,0.0,0.00038630475
1,1.0,0.9994542
0,0.0,0.00014754159
1,1.0,0.9994522
1,1.0,0.99942374
0,0.0,0.00048444927
1,1.0,0.9994418
0,0.0,0.00067448267
0,0.0,0.0004028585
0,0.0,0.0003866809
1,1.0,0.9986745
1,1.0,0.99947244
0,0.0,0.0004641911
1,1.0,0.9994558
1,1.0,0.9994464
0,0.0,0.00053270406
0,0.0,0.0003625818
0,0.0,0.0005383613
1,1.0,0.9994459
1,1.0,0.9994551
0,0.0,0.0004570407
1,1.0,0.9994459
0,0.0,0.00034559384
0,0.0,0.0003022867
1,1.0,0.99945456
0,0.0,0.0004951615
0,0.0,0.0006810127
0,0.0,0.0004320897
1,1.0,0.99946344
0,0.0,0.00041356985
0,0.0,0.00046642264
0,0.0,0.00048585163
1,1.0,0.9994439
0,0.0,0.00014296334
0,0.0,0.0004566786
0,0.0,0.00045304644
0,0.0,0.00045540315
1,1.0,0.99944407
0,0.0,0.00047950633
0,0.0,0.0011979692
0,0.0,0.00031001293
1,1.0,0.9994521
1,1.0,0.999442
0,0.0,0.00046843124
0,0.0,0.0021844348
0,0.0,0.00034367968
0,0.0,0.00045311617
0,0.0,0.00039525062
1,1.0,0.9994503
1,1.0,0.99944144
1,1.0,0.9994466
1,1.0,0.99943304
1,1.0,0.99944323
0,0.0,0.0004099632
0,0.0,0.00039751746
0,0.0,0.00052236
1,1.0,0.99775463
1,1.0,0.9993377
0,0.0,0.000655634
1,1.0,0.99944013
1,1.0,0.9994598
0,0.0,0.00010238553
1,1.0,0.99946123
1,1.0,0.9994503
0,0.0,0.0004281276
1,1.0,0.9994548
1,1.0,0.99944556
1,1.0,0.99946564
1,1.0,0.9994615
1,1.0,0.9994459
0,0.0,0.00045667423
0,0.0,0.0003952227
0,0.0,0.0004664348
1,1.0,0.9994547
0,0.0,0.00044659432
0,0.0,0.0004863078
1,1.0,0.9994654
0,0.0,0.00030246258
0,0.0,0.0004735254
1,1.0,0.9994505
1,1.0,0.9994624
0,0.0,0.00014754849
0,0.0,0.0005283426
1,1.0,0.99945784
1,1.0,0.99946433
0,0.0,0.000540466
0,0.0,0.00040096504
1,1.0,0.9994625
1,1.0,0.99944305
1,1.0,0.99945813
0,0.0,0.0018890253
1,1.0,0.9994426
0,0.0,0.00052229624
1,1.0,0.9994561
0,0.0,0.00041309232
0,0.0,0.00064563274
0,0.0,0.00045311984
1,1.0,0.99947166
0,0.0,0.0004279619
1,1.0,0.9994721
1,1.0,0.9994724
0,0.0,0.00066116767
0,0.0,0.00035004228
0,0.0,0.00038554723
0,0.0,0.0018883628
1,1.0,0.9994657
0,0.0,0.0005404134
1,1.0,0.99945307
1,1.0,0.99944633
1,1.0,0.9994377
0,0.0,0.0004537442
1,1.0,0.99946517
0,0.0,0.0018892931
1,1.0,0.9994576
0,0.0,0.00048116953
0,0.0,0.00046794186
1,1.0,0.9994156
0,0.0,0.00039846444
1,1.0,0.9994539
1,1.0,0.999466
1,1.0,0.999463
0,0.0,0.00047742703
1,1.0,0.9994723
1,1.0,0.9994464
0,0.0,0.0006433955
0,0.0,0.00040589346
1,1.0,0.9964167
0,0.0,0.00021114317
1,1.0,0.99946076
1,1.0,0.9994708
0,0.0,0.0004895324
1,1.0,0.99945354
1,1.0,0.99946326
1,1.0,0.99947286
1,1.0,0.999465
0,0.0,0.0004495903
0,0.0,0.00040899354
0,0.0,0.00046940008
1,1.0,0.99944705
0,0.0,0.00030250294
0,0.0,0.00041332294
1,1.0,0.9994585
0,0.0,0.000485653
0,0.0,0.00038454385
1,1.0,0.9994719
0,0.0,0.00014754469
1,1.0,0.9994252
1,1.0,0.9994553
0,0.0,0.00068095693
1,1.0,0.9994446
0,0.0,0.0004858169
1,1.0,0.99945474
0,0.0,0.00019156955
1,1.0,0.99947023
1,1.0,0.99944425
0,0.0,0.00054828706
1,1.0,0.9994722
1,1.0,0.9994511
0,0.0,0.0006748401
0,0.0,0.0001918695
1,1.0,0.99946964
0,0.0,0.0005482153
0,0.0,0.00053840136
1,1.0,0.9994513
0,0.0,0.0006948426
1,1.0,0.9994455
1,1.0,0.99946105
1,1.0,0.9994652
0,0.0,0.0004041943
1,1.0,0.999454
0,0.0,0.0004927339
1,1.0,0.9994252
1,1.0,0.9994496
0,0.0,0.0007258458
1,1.0,0.9994644
0,0.0,0.00019181886
1,1.0,0.999444
1,1.0,0.9994545
1,1.0,0.9994719
1,1.0,0.9994626
0,0.0,0.00048024367
0,0.0,0.00045696058
1,1.0,0.999473
0,0.0,0.00032716303
0,0.0,0.0006606467
0,0.0,0.00046793272
1,1.0,0.99942696
1,1.0,0.99945116
0,0.0,0.00045703613
0,0.0,0.0003923151
0,0.0,0.00047733422
0,0.0,0.00041971228
1,1.0,0.99946374
1,1.0,0.9994585
0,0.0,0.00026039933
1,1.0,0.99944735
0,0.0,0.0004177046
1,1.0,0.9994476
1,1.0,0.99869126
1,1.0,0.9994648
1,1.0,0.999443
0,0.0,0.00039236463
1,1.0,0.9994629
1,1.0,0.9994503
0,0.0,0.00019120384
0,0.0,0.00019194033
1,1.0,0.9994458
1,1.0,0.9994583
1,1.0,0.99946254
0,0.0,0.0018611647
1,1.0,0.9994644
1,1.0,0.99945116
0,0.0,0.00010240917
1,1.0,0.9994656
0,0.0,0.00040391082
0,0.0,0.0019039786
1,1.0,0.99944806
0,0.0,0.0006864732
0,0.0,0.00046499912
0,0.0,0.00014735475
1,1.0,0.9994248
1,1.0,0.9994517
1,1.0,0.9994527
0,0.0,0.0004802302
1,1.0,0.99947006
1,1.0,0.99945974
1,1.0,0.99946123
1,1.0,0.9994422
1,1.0,0.99946415
0,0.0,0.0006748633
0,0.0,0.00046575817
0,0.0,0.00029751705
0,0.0,0.00014755511
1,1.0,0.99944866
0,0.0,0.0007438007
0,0.0,0.0003525341
0,0.0,0.0003022657
0,0.0,0.00036685422
1,1.0,0.9994601
0,0.0,0.00046791937
1,1.0,0.9994468
0,0.0,0.00019170769
1,1.0,0.9994692
0,0.0,0.00047743067
1,1.0,0.9994618
1,1.0,0.99946505
1,1.0,0.99945164
1,1.0,0.9994555
1,1.0,0.99944496
0,0.0,0.00045368067
1,1.0,0.999413
1,1.0,0.9994311
1,1.0,0.999454
1,1.0,0.9994523
0,0.0,0.000528219
0,0.0,0.00035809597
1,1.0,0.9994537
1,1.0,0.99945426
1,1.0,0.99944687
1,1.0,0.9994511
0,0.0,0.00030968263
1,1.0,0.9994477
0,0.0,0.00010265957
1,1.0,0.99946874
0,0.0,0.00053225266
1,1.0,0.9994574
0,0.0,0.0006600564
1,1.0,0.9994427
1,1.0,0.99946606
0,0.0,0.0004630346
1,1.0,0.9994636
0,0.0,0.00042085932
0,0.0,0.00065720256
1,1.0,0.9994462
0,0.0,0.00036147152
0,0.0,0.00030281514
1,1.0,0.9946969
0,0.0,0.00046642902
1,1.0,0.9994652
1,1.0,0.99944705
0,0.0,0.00045337062
0,0.0,0.0004753998
0,0.0,0.00046782772
0,0.0,0.0017121686
1,1.0,0.99945444
1,1.0,0.99853265
0,0.0,0.00046140174
1,1.0,0.9994458
1,1.0,0.9994628
0,0.0,0.0006555945
0,0.0,0.00019140868
0,0.0,0.00047277962
0,0.0,0.0004662617
0,0.0,0.0004041974
1,1.0,0.999447
1,1.0,0.999444
0,0.0,0.00032070102
1,1.0,0.99945533
1,1.0,0.9994552
1,1.0,0.99946404
1,1.0,0.9970555
0,0.0,0.00040769143
0,0.0,0.00046542002
0,0.0,0.000457061
1,1.0,0.9994536
0,0.0,0.0003022118
0,0.0,0.00021499327
1,1.0,0.9994655
0,0.0,0.00019136287
0,0.0,0.00046896577
1,1.0,0.9994418
0,0.0,0.0005209278
1,1.0,0.99942964
1,1.0,0.99945116
1,1.0,0.9994457
1,1.0,0.9994584
1,1.0,0.9994466
0,0.0,0.00019172614
1,1.0,0.9994459
1,1.0,0.99945736
0,0.0,0.00068357564
0,0.0,0.0003438627
0,0.0,0.00032439537
1,1.0,0.9994604
0,0.0,0.00046423252
1,1.0,0.99944764
1,1.0,0.99944353
1,1.0,0.9994411
1,1.0,0.99946505
0,0.0,0.0004684415
1,1.0,0.9994534
1,1.0,0.9994536
1,1.0,0.999428
0,0.0,0.0004462998
0,0.0,0.00046793296
0,0.0,0.00019142311
0,0.0,0.00052281027
1,1.0,0.9994462
1,1.0,0.9994656
1,1.0,0.9994516
1,1.0,0.9994551
0,0.0,0.0002601723
0,0.0,0.00048280487
1,1.0,0.99944705
1,1.0,0.9994553
0,0.0,0.00062811084
1,1.0,0.9994547
0,0.0,0.0004684386
1,1.0,0.9994436
1,1.0,0.99945277
0,0.0,0.00042830396
0,0.0,0.00046715298
1,1.0,0.99947023
0,0.0,0.00067482144
1,1.0,0.9994577
1,1.0,0.9994418
0,0.0,0.00014753386
0,0.0,0.0004067772
0,0.0,0.0003782187
1,1.0,0.99944365
0,0.0,0.0010243171
0,0.0,0.00010238651
1,1.0,0.99947256
1,1.0,0.99944586
0,0.0,0.0006444045
0,0.0,0.0004858528
1,1.0,0.9980056
1,1.0,0.9994656
1,1.0,0.99946356
1,1.0,0.9994553
1,1.0,0.99946105
1,1.0,0.9991573
0,0.0,0.0018887718
1,1.0,0.99944377
1,1.0,0.99945915
1,1.0,0.9994412
0,0.0,0.00021141917
0,0.0,0.00045364516
1,1.0,0.99942464
0,0.0,0.0004854767
0,0.0,0.00035723517
1,1.0,0.9994544
1,1.0,0.99944884
0,0.0,0.0001911557
1,1.0,0.99944586
0,0.0,0.000659019
1,1.0,0.99945515
0,0.0,0.00038424536
0,0.0,0.0005223959
0,0.0,0.000410559
1,1.0,0.9994464
0,0.0,0.00044635087
1,1.0,0.99944645
0,0.0,0.00021120238
1,1.0,0.9994506
0,0.0,0.00021138227
1,1.0,0.99944705
0,0.0,0.0004795157
0,0.0,0.00038605792
0,0.0,0.00030236514
0,0.0,0.00046642858
0,0.0,0.00031981617
1,1.0,0.9994597
0,0.0,0.00031904544
0,0.0,0.00045693878
1,1.0,0.99946356
1,1.0,0.99944705
1,1.0,0.9994729
0,0.0,0.00019142604
0,0.0,0.0019190109
0,0.0,0.00045132823
0,0.0,0.0004727857
0,0.0,0.00047351545
1,1.0,0.9994459
0,0.0,0.0002115805
0,0.0,0.00065922725
1,1.0,0.99940336
0,0.0,0.00046678598
0,0.0,0.0004081884
0,0.0,0.0006712232
1,1.0,0.9994418
1,1.0,0.9994653
0,0.0,0.0004038883
0,0.0,0.0004690371
1,1.0,0.99945414
1,1.0,0.9994541
0,0.0,0.0006601597
0,0.0,0.0003584657
1,1.0,0.9994564
0,0.0,0.00046844708
1,1.0,0.99945825
1,1.0,0.99946237
0,0.0,0.00019153739
0,0.0,0.0001912465
0,0.0,0.00042536683
1,1.0,0.9994654
1,1.0,0.9994647
1,1.0,0.9994243
0,0.0,0.0004641909
1,1.0,0.99947184
0,0.0,0.00049130275
1,1.0,0.9994525
1,1.0,0.9994512
0,0.0,0.00048273563
0,0.0,0.00039232743
1,1.0,0.99946564
0,0.0,0.0020356586
1,1.0,0.99946535
1,1.0,0.999465
1,1.0,0.9994724
0,0.0,0.00026026633
0,0.0,0.0002602281
0,0.0,0.00040597143
0,0.0,0.00053229695
1,1.0,0.9994655
0,0.0,0.0007147825
1,1.0,0.9994186
1,1.0,0.9994552
1,1.0,0.99596274
1,1.0,0.99946177
0,0.0,0.00046792335
1,1.0,0.99946445
1,1.0,0.99945253
1,1.0,0.9994606
1,1.0,0.99947226
0,0.0,0.0005322962
0,0.0,0.0010570755
1,1.0,0.99945647
1,1.0,0.99806726
0,0.0,0.00010220215
1,1.0,0.9994544
1,1.0,0.9994608
0,0.0,0.000468152
0,0.0,0.00047156573
0,0.0,0.00014735348
0,0.0,0.00048579954
0,0.0,0.0001475492
1,1.0,0.99913204
1,1.0,0.9992713
1,1.0,0.999436
1,1.0,0.9994554
1,1.0,0.99946594
1,1.0,0.9994653
1,1.0,0.99945545
0,0.0,0.00043629712
0,0.0,0.00010245633
1,1.0,0.99943924
0,0.0,0.00039961628
1,1.0,0.9994462
0,0.0,0.00048118076
0,0.0,0.00048736445
0,0.0,0.00045313087
1,1.0,0.99946576
1,1.0,0.9994709
0,0.0,0.00044633748
0,0.0,0.0004693974
0,0.0,0.00046139912
0,0.0,0.0006772998
0,0.0,0.00055908016
1,1.0,0.99944687
0,0.0,0.0009389343
1,1.0,0.9994436
1,1.0,0.99944043
1,1.0,0.99947244
1,1.0,0.9994553
1,1.0,0.9994468
0,0.0,0.00045409816
1,1.0,0.99944633
0,0.0,0.0003025168
1,1.0,0.9994527
0,0.0,0.00040814953
1,1.0,0.9994651
0,0.0,0.0004679093
1,1.0,0.99943584
0,0.0,0.00039348798
1,1.0,0.9994541
0,0.0,0.0005482273
1,1.0,0.99944127
0,0.0,0.0006597137
1,1.0,0.99945444
0,0.0,0.00046543466
0,0.0,0.00024496534
1,1.0,0.99945337
1,1.0,0.99946547
0,0.0,0.00035250364
0,0.0,0.00014713602
0,0.0,0.00019128206
1,1.0,0.9994567
0,0.0,0.00054819696
1,1.0,0.9994654
1,1.0,0.99944633
1,1.0,0.99947256
0,0.0,0.0003479271
0,0.0,0.00031033318
1,1.0,0.99946535
0,0.0,0.0006462096
1,1.0,0.9994477
1,1.0,0.9994435
0,0.0,0.00014754849
1,1.0,0.99945337
0,0.0,0.001925983
0,0.0,0.0013142821
0,0.0,0.00040578225
0,0.0,0.00048117482
1,1.0,0.9994526
0,0.0,0.00010220508
1,1.0,0.99945784
1,1.0,0.9994651
1,1.0,0.99945295
0,0.0,0.0006926869
0,0.0,0.0001475402
1,1.0,0.99946415
1,1.0,0.99946827
1,1.0,0.99944353
1,1.0,0.99947006
0,0.0,0.0003614002
1,1.0,0.999449
0,0.0,0.00046814998
0,0.0,0.0003572975
0,0.0,0.0004194307
1,1.0,0.99945146
1,1.0,0.99944705
0,0.0,0.0001475506
1,1.0,0.99945366
1,1.0,0.9994578
1,1.0,0.9994698
1,1.0,0.99946874
1,1.0,0.9994514
1,1.0,0.9994651
0,0.0,0.00045334836
1,1.0,0.99945796
1,1.0,0.99946564
1,1.0,0.99945486
0,0.0,0.00048024688
1,1.0,0.99945474
1,1.0,0.9994698
1,1.0,0.99946517
1,1.0,0.99946386
1,1.0,0.9994534
1,1.0,0.9994585
0,0.0,0.00036116305
0,0.0,0.0004570322
0,0.0,0.00045728692
1,1.0,0.9994428
0,0.0,0.00065875775
0,0.0,0.000102416685
0,0.0,0.00067709875
1,1.0,0.9994497
0,0.0,0.00044960232
0,0.0,0.00046145826
1,1.0,0.9994428
0,0.0,0.0018534035
0,0.0,0.0003702668
1,1.0,0.9994642
1,1.0,0.999446
0,0.0,0.00039230593
0,0.0,0.00024382796
1,1.0,0.999465
1,1.0,0.99944574
1,1.0,0.99944896
1,1.0,0.9994662
1,1.0,0.9994638
0,0.0,0.00044962222
1,1.0,0.9994258
1,1.0,0.9994519
0,0.0,0.00046140043
1,1.0,0.99945176
1,1.0,0.9994541
1,1.0,0.99945396
1,1.0,0.9982038
0,0.0,0.00036336074
1,1.0,0.99946207
0,0.0,0.00045207576
0,0.0,0.00039651393
1,1.0,0.9994493
1,1.0,0.99945515
0,0.0,0.0006967507
1,1.0,0.9994574
0,0.0,0.00046418956
1,1.0,0.9994716
0,0.0,0.0004793818
1,1.0,0.9994645
0,0.0,0.00030670618
0,0.0,0.00026068083
1,1.0,0.99947304
0,0.0,0.0003218794
0,0.0,0.00010212733
0,0.0,0.00044962502
1,1.0,0.99915725
0,0.0,0.0005226977
1,1.0,0.99944186
0,0.0,0.00046648222
0,0.0,0.0020274404
1,1.0,0.99944645
1,1.0,0.9994575
1,1.0,0.99944437
1,1.0,0.9994421
0,0.0,0.001889877
0,0.0,0.00046541335
1,1.0,0.9994579
0,0.0,0.00021588456
1,1.0,0.9994656
1,1.0,0.99942183
1,1.0,0.99947196
1,1.0,0.9994627
0,0.0,0.0004664317
0,0.0,0.000463897
0,0.0,0.00055125536
1,1.0,0.9994561
0,0.0,0.00031009215
1,1.0,0.9994475
1,1.0,0.9994725
0,0.0,0.00039703457
0,0.0,0.00048182675
0,0.0,0.0001938668
1,1.0,0.99943614
0,0.0,0.00040840523
0,0.0,0.00046782213
1,1.0,0.9994574
1,1.0,0.9994618
0,0.0,0.00041128817
1,1.0,0.99945307
1,1.0,0.99946564
1,1.0,0.99944955
0,0.0,0.000405989
1,1.0,0.9994646
1,1.0,0.9994248
0,0.0,0.00044958535
1,1.0,0.99945426
0,0.0,0.0004647924
0,0.0,0.00047418146
0,0.0,0.00014755005
0,0.0,0.0004129734
0,0.0,0.0007148002
1,1.0,0.9994509
1,1.0,0.9994655
1,1.0,0.99944395
1,1.0,0.99945307
1,1.0,0.99946505
1,1.0,0.9994523
1,1.0,0.9994643
1,1.0,0.99946505
0,0.0,0.0013657783
1,1.0,0.99945396
1,1.0,0.9994683
0,0.0,0.00021491683
0,0.0,0.0004928922
0,0.0,0.0004641834
1,1.0,0.99945784
0,0.0,0.00048554307
0,0.0,0.00019100249
0,0.0,0.00010235556
1,1.0,0.9977542
0,0.0,0.0004641878
0,0.0,0.00019097955
1,1.0,0.9994645
0,0.0,0.0003884868
0,0.0,0.00094193325
0,0.0,0.00010265575
0,0.0,0.00010236044
1,1.0,0.9994446
0,0.0,0.0005591241
0,0.0,0.00047865463
1,1.0,0.99947286
1,1.0,0.9994656
0,0.0,0.00019150067
0,0.0,0.0001886438
0,0.0,0.0004613901
1,1.0,0.999464
1,1.0,0.99944305
1,1.0,0.9994557
0,0.0,0.00047049441
1,1.0,0.99946874
0,0.0,0.0002602018
1,1.0,0.99946296
1,1.0,0.99945444
1,1.0,0.9994648
0,0.0,0.000480248
0,0.0,0.0004218412
0,0.0,0.0006277915
0,0.0,0.0004433883
1,1.0,0.99927646
1,1.0,0.999444
1,1.0,0.9994712
0,0.0,0.0004570296
0,0.0,0.00065987185
1,1.0,0.9994569
1,1.0,0.9994464
0,0.0,0.00024772625
1,1.0,0.9994051
1,1.0,0.99947125
1,1.0,0.99944395
1,1.0,0.9994723
1,1.0,0.9994615
0,0.0,0.00040678377
0,0.0,0.00034852815
0,0.0,0.000102443155
0,0.0,0.0006804629
0,0.0,0.00068047724
0,0.0,0.00030244296
1,1.0,0.99944985
0,0.0,0.00042117678
1,1.0,0.9994359
0,0.0,0.00021125031
1,1.0,0.9994675
0,0.0,0.00045702065
1,1.0,0.99944615
1,1.0,0.9994547
0,0.0,0.02392946
0,0.0,0.0004421569
0,0.0,0.000102215694
1,1.0,0.9994546
1,1.0,0.9994541
0,0.0,0.00040132776
1,1.0,0.999447
0,0.0,0.0003545009
1,1.0,0.9994523
0,0.0,0.00041297046
1,1.0,0.9994657
1,1.0,0.9994527
0,0.0,0.00045640665
1,1.0,0.99945843
0,0.0,0.0004279228
0,0.0,0.00065425783
0,0.0,0.00048022997
1,1.0,0.99946463
1,1.0,0.9994465
0,0.0,0.0004803904
1,1.0,0.999458
1,1.0,0.9994574
0,0.0,0.00035776655
1,1.0,0.9994446
0,0.0,0.0006744749
0,0.0,0.00021496456
1,1.0,0.9994724
1,1.0,0.99946374
0,0.0,0.00046821006
1,1.0,0.99943376
0,0.0,0.00019102088
1,1.0,0.9994656
0,0.0,0.00039308998
0,0.0,0.00043636162
0,0.0,0.00064631825
1,1.0,0.99946564
1,1.0,0.9994625
1,1.0,0.999428
0,0.0,0.00034168508
0,0.0,0.00042566395
0,0.0,0.0004793761
0,0.0,0.021127911
1,1.0,0.99945486
1,1.0,0.99946415
1,1.0,0.9994723
0,0.0,0.00042803108
1,1.0,0.99946606
0,0.0,0.0005404629
1,1.0,0.999447
0,0.0,0.0004776619
0,0.0,0.00010237518
1,1.0,0.9994418
1,1.0,0.99945426
0,0.0,0.0004774177
1,1.0,0.9994462
0,0.0,0.00047277036
1,1.0,0.99947244
1,1.0,0.9994466
0,0.0,0.0004735333
1,1.0,0.99945134
1,1.0,0.9994681
0,0.0,0.00047252324
1,1.0,0.9994508
0,0.0,0.0004548251
0,0.0,0.00046641775
0,0.0,0.00046027123
1,1.0,0.9994267
1,1.0,0.99945575
0,0.0,0.0002114716
0,0.0,0.00021497317
1,1.0,0.9994456
1,1.0,0.99946904
1,1.0,0.9994548
0,0.0,0.00094119355
1,1.0,0.9994512
1,1.0,0.99945706
0,0.0,0.0005384561
0,0.0,0.00048117436
1,1.0,0.9994455
0,0.0,0.0004654138
0,0.0,0.00047287604
0,0.0,0.00039019543
1,1.0,0.9994456
1,1.0,0.99947256
0,0.0,0.00047950452
1,1.0,0.99813974
0,0.0,0.00038842027
0,0.0,0.0005228404
1,1.0,0.9983071
1,1.0,0.99945956
1,1.0,0.9994146
1,1.0,0.9994727
0,0.0,0.00036515066
0,0.0,0.00019121842
0,0.0,0.00021117681
0,0.0,0.0004766744
0,0.0,0.00041740347
1,1.0,0.99944407
1,1.0,0.999458
0,0.0,0.00019047598
1,1.0,0.99947083
0,0.0,0.0004128957
0,0.0,0.00019115716
1,1.0,0.9994724
0,0.0,0.00041388068
0,0.0,0.00038449967
1,1.0,0.9994478
0,0.0,0.00045703418
0,0.0,0.0006589311
0,0.0,0.000725892
1,1.0,0.9994641
1,1.0,0.99944353
1,1.0,0.99944615
1,1.0,0.99944484
1,1.0,0.9994651
0,0.0,0.0003900894
1,1.0,0.99944615
0,0.0,0.0003664785
1,1.0,0.99946874
1,1.0,0.9994499
0,0.0,0.00030244872
0,0.0,0.00047174288
1,1.0,0.99945664
1,1.0,0.99945724
1,1.0,0.99942744
0,0.0,0.00048025444
1,1.0,0.99946237
1,1.0,0.9994228
0,0.0,0.000493383
0,0.0,0.00026008647
1,1.0,0.9994546
0,0.0,0.00035001422
1,1.0,0.9994658
0,0.0,0.00041865138
0,0.0,0.0004642033
0,0.0,0.0018906506
1,1.0,0.9994417
0,0.0,0.00019160277
0,0.0,0.00046843014
1,1.0,0.9994406
1,1.0,0.99945843
0,0.0,0.00039512705
0,0.0,0.00065555173
0,0.0,0.00045885888
0,0.0,0.00046419268
1,1.0,0.9994252
1,1.0,0.99945277
0,0.0,0.00048838265
1,1.0,0.9994651
1,1.0,0.99944365
1,1.0,0.99941564
0,0.0,0.00047371612
1,1.0,0.99941427
1,1.0,0.9994724
1,1.0,0.9994445
1,1.0,0.9994455
0,0.0,0.0016412882
0,0.0,0.0006693824
1,1.0,0.9994387
0,0.0,0.00048117733
1,1.0,0.9994411
0,0.0,0.00055919314
0,0.0,0.00041652247
0,0.0,0.00021496702
0,0.0,0.00045105861
1,1.0,0.99941516
1,1.0,0.99946505
0,0.0,0.001413612
1,1.0,0.99945056
1,1.0,0.99945515
1,1.0,0.9994429
1,1.0,0.9994489
1,1.0,0.99946904
1,1.0,0.999446
0,0.0,0.0004103381
0,0.0,0.0002472216
1,1.0,0.99942213
1,1.0,0.99945503
1,1.0,0.9994494
1,1.0,0.99944645
0,0.0,0.0009396171
1,1.0,0.99943644
1,1.0,0.9994562
0,0.0,0.0004639094
1,1.0,0.9994577
1,1.0,0.9994656
1,1.0,0.9994661
0,0.0,0.00021127991
0,0.0,0.0004156189
0,0.0,0.00030183658
0,0.0,0.0004531086
0,0.0,0.0003025739
1,1.0,0.999464
1,1.0,0.99945277
1,1.0,0.9994634
1,1.0,0.99945396
1,1.0,0.9994727
0,0.0,0.000508415
0,0.0,0.00065560266
0,0.0,0.00047414622
1,1.0,0.99945384
1,1.0,0.99946266
1,1.0,0.9994558
0,0.0,0.00038439414
0,0.0,0.00041857272
1,1.0,0.9994463
0,0.0,0.0006926733
0,0.0,0.00021133714
0,0.0,0.00062022574
0,0.0,0.0017686209
1,1.0,0.9994654
1,1.0,0.9994543
1,1.0,0.9994513
1,1.0,0.99945414
1,1.0,0.9994721
1,1.0,0.9994656
0,0.0,0.00010242928
0,0.0,0.0013323522
0,0.0,0.00045694923
0,0.0,0.00047951183
1,1.0,0.9994645
1,1.0,0.9994658
1,1.0,0.9994463
0,0.0,0.0001917949
1,1.0,0.9994618
1,1.0,0.9994649
0,0.0,0.0004496758
1,1.0,0.9994513
1,1.0,0.99944365
1,1.0,0.9994654
0,0.0,0.00066541723
0,0.0,0.00046542156
0,0.0,0.00041110473
1,1.0,0.9994539
1,1.0,0.99944884
0,0.0,0.0006955406
1,1.0,0.99944395
0,0.0,0.00030257102
1,1.0,0.99946517
1,1.0,0.9994546
0,0.0,0.0006605602
1,1.0,0.99944663
0,0.0,0.00067911146
1,1.0,0.9994538
1,1.0,0.99944586
1,1.0,0.9994687
1,1.0,0.999447
0,0.0,0.00047156934
1,1.0,0.9994564
1,1.0,0.99944615
1,1.0,0.99945545
0,0.0,0.00054057495
0,0.0,0.0004684308
0,0.0,0.00021144195
0,0.0,0.00019158178
1,1.0,0.9994629
0,0.0,0.00019183877
0,0.0,0.00043133696
1,1.0,0.999447
0,0.0,0.00042203243
1,1.0,0.9994453
1,1.0,0.9994579
1,1.0,0.99946797
0,0.0,0.0005323521
0,0.0,0.00045974026
0,0.0,0.00021486291
1,1.0,0.99946475
0,0.0,0.00019370846
0,0.0,0.0005592157
1,1.0,0.9994522
0,0.0,0.0004433452
0,0.0,0.0005223567
0,0.0,0.00045312048
0,0.0,0.00034363693
1,1.0,0.9994655
1,1.0,0.999447
1,1.0,0.9994574
0,0.0,0.00042540676
1,1.0,0.9994644
0,0.0,0.00048116012
1,1.0,0.99944085
0,0.0,0.00019128954
0,0.0,0.000655672
1,1.0,0.9994427
0,0.0,0.00047352922
0,0.0,0.0018895603
1,1.0,0.99946123
0,0.0,0.0021357588
0,0.0,0.00042540027
1,1.0,0.99944615
0,0.0,0.0006530627
0,0.0,0.00063378416
0,0.0,0.0003023686
1,1.0,0.99945456
0,0.0,0.00038865418
1,1.0,0.999446
1,1.0,0.9994537
1,1.0,0.99945784
1,1.0,0.99672365
1,1.0,0.99946576
0,0.0,0.00010219241
0,0.0,0.00048025238
0,0.0,0.00048735843
1,1.0,0.9994208
1,1.0,0.99944705
1,1.0,0.99945337
0,0.0,0.00045058483
1,1.0,0.9994486
1,1.0,0.9994428
1,1.0,0.9994436
1,1.0,0.99945074
1,1.0,0.9994035
0,0.0,0.00043566877
1,1.0,0.9994725
1,1.0,0.999047
0,0.0,0.00026192196
1,1.0,0.99945384
1,1.0,0.9992874
1,1.0,0.999458
0,0.0,0.00014765123
1,1.0,0.99946254
1,1.0,0.9994421
0,0.0,0.0003436777
0,0.0,0.00010215889
1,1.0,0.9994529
1,1.0,0.9994633
1,1.0,0.9994448
1,1.0,0.99867857
0,0.0,0.0002115906
1,1.0,0.9967955
1,1.0,0.99944764
0,0.0,0.00010216444
0,0.0,0.00021496866
0,0.0,0.00043718057
0,0.0,0.0018935368
1,1.0,0.99946415
1,1.0,0.99942625
0,0.0,0.00036203006
0,0.0,0.0003532798
0,0.0,0.00030221237
1,1.0,0.9987249
1,1.0,0.9994268
0,0.0,0.00044297427
1,1.0,0.9994644
0,0.0,0.0004566971
1,1.0,0.9994444
0,0.0,0.00021117378
1,1.0,0.9994545
0,0.0,0.00014754216
0,0.0,0.00019174533
1,1.0,0.99945325
0,0.0,0.00035723313
1,1.0,0.99942666
1,1.0,0.9994721
0,0.0,0.00050440134
1,1.0,0.99944705
0,0.0,0.00038919647
0,0.0,0.0006950324
0,0.0,0.00021120158
0,0.0,0.00044789613
0,0.0,0.00030239252
0,0.0,0.00021136113
1,1.0,0.9986432
0,0.0,0.00034865577
0,0.0,0.0004771695
1,1.0,0.9994418
0,0.0,0.00064588623
1,1.0,0.9994425
0,0.0,0.00041866789
0,0.0,0.0001917691
1,1.0,0.99944997
0,0.0,0.0003628029
0,0.0,0.00041296612
1,1.0,0.99943376
0,0.0,0.00027338936
1,1.0,0.9994512
1,1.0,0.9994549
0,0.0,0.00021129544
1,1.0,0.99946266
0,0.0,0.00047950062
0,0.0,0.00047764802
1,1.0,0.99946314
0,0.0,0.0004567868
0,0.0,0.0010481197
0,0.0,0.00019168905
1,1.0,0.9994565
0,0.0,0.00017962935
1,1.0,0.99944663
1,1.0,0.9994699
0,0.0,0.0003025843
0,0.0,0.00047405943
1,1.0,0.99943584
0,0.0,0.0004811716
1,1.0,0.9994537
0,0.0,0.00019147566
0,0.0,0.00041347308
1,1.0,0.9994563
0,0.0,0.00037598607
1,1.0,0.99947196
1,1.0,0.99944705
1,1.0,0.99945724
0,0.0,0.0003191385
1,1.0,0.99946564
0,0.0,0.00045310665
1,1.0,0.99945754
0,0.0,0.000407597
1,1.0,0.9994339
1,1.0,0.9994501
0,0.0,0.00041141326
0,0.0,0.0004735351
1,1.0,0.99946463
1,1.0,0.9994633
0,0.0,0.00044045068
1,1.0,0.99944204
0,0.0,0.00046140814
0,0.0,0.00014755568
0,0.0,0.0003170962
1,1.0,0.9994543
0,0.0,0.0006557111
0,0.0,0.00010240633
1,1.0,0.9994554
0,0.0,0.00032311384
0,0.0,0.0004804845
1,1.0,0.9994576
0,0.0,0.00046644505
1,1.0,0.99945015
0,0.0,0.00039731667
0,0.0,0.00045704487
1,1.0,0.99944144
1,1.0,0.99945384
1,1.0,0.9994533
1,1.0,0.9994431
0,0.0,0.00041448162
0,0.0,0.0004566775
0,0.0,0.0004773811
1,1.0,0.9994432
0,0.0,0.00048022676
0,0.0,0.0004614176
1,1.0,0.9994549
1,1.0,0.9994503
0,0.0,0.00035818457
1,1.0,0.9980853
1,1.0,0.99945325
1,1.0,0.9994722
1,1.0,0.9994477
1,1.0,0.99945176
1,1.0,0.99945325
0,0.0,0.0004895408
1,1.0,0.9994561
0,0.0,0.00047950793
1,1.0,0.99945325
1,1.0,0.9994503
0,0.0,0.000465426
1,1.0,0.99945384
1,1.0,0.9994566
1,1.0,0.9994719
0,0.0,0.00048184537
0,0.0,0.00039283
1,1.0,0.9994625
1,1.0,0.9994573
1,1.0,0.9994718
0,0.0,0.00038876673
1,1.0,0.99947137
0,0.0,0.0004482547
0,0.0,0.00046996353
1,1.0,0.9994545
0,0.0,0.0003068659
0,0.0,0.00046482723
1,1.0,0.99944395
1,1.0,0.99946606
1,1.0,0.99869484
0,0.0,0.00046542622
0,0.0,0.0014238852
0,0.0,0.00021153854
0,0.0,0.00038436026
0,0.0,0.00036122798
1,1.0,0.9994624
1,1.0,0.99947274
1,1.0,0.99945277
1,1.0,0.9994723
1,1.0,0.99945354
0,0.0,0.00020294263
0,0.0,0.0006588247
0,0.0,0.00034814148
1,1.0,0.99943113
0,0.0,0.00042547286
0,0.0,0.00031104824
1,1.0,0.99944633
1,1.0,0.999444
0,0.0,0.00047950062
1,1.0,0.999436
1,1.0,0.99944115
1,1.0,0.99945503
1,1.0,0.99946475
1,1.0,0.9994541
1,1.0,0.99944544
0,0.0,0.00040905786
0,0.0,0.0004484169
1,1.0,0.999447
0,0.0,0.00045968764
0,0.0,0.00045703482
1,1.0,0.9994459
0,0.0,0.0004818851
1,1.0,0.99946153
1,1.0,0.99947244
0,0.0,0.00014755173
0,0.0,0.00041332826
1,1.0,0.9994277
0,0.0,0.00048948184
0,0.0,0.024407897
0,0.0,0.00019074025
0,0.0,0.00046618967
0,0.0,0.0005287782
1,1.0,0.9994059
1,1.0,0.99945223
1,1.0,0.9994545
1,1.0,0.99945784
1,1.0,0.99944645
1,1.0,0.9970516
1,1.0,0.99944955
0,0.0,0.00046420464
1,1.0,0.9994656
1,1.0,0.99944705
1,1.0,0.9994406
1,1.0,0.99944687
1,1.0,0.99944395
0,0.0,0.00019084684
0,0.0,0.00047741906
1,1.0,0.9994631
1,1.0,0.9994496
1,1.0,0.99944204
0,0.0,0.00021497523
1,1.0,0.9994623
0,0.0,0.000302586
1,1.0,0.9994584
1,1.0,0.9994459
0,0.0,0.00039703003
0,0.0,0.0018956213
1,1.0,0.9994477
1,1.0,0.99946177
1,1.0,0.99946564
0,0.0,0.00021130592
1,1.0,0.99945235
0,0.0,0.0004548511
0,0.0,0.0002602234
1,1.0,0.99945784
0,0.0,0.0004173054
0,0.0,0.00037847948
1,1.0,0.99915546
0,0.0,0.00019127349
0,0.0,0.00032703546
0,0.0,0.00010264596
1,1.0,0.9994546
0,0.0,0.00021497809
0,0.0,0.00034840722
1,1.0,0.9987811
1,1.0,0.9994473
1,1.0,0.999435
0,0.0,0.0004061412
0,0.0,0.00047950176
0,0.0,0.00063388894
1,1.0,0.9994505
1,1.0,0.9994277
1,1.0,0.9986485
0,0.0,0.00021147443
0,0.0,0.000456669
1,1.0,0.99945533
0,0.0,0.00044962822
1,1.0,0.99944156
0,0.0,0.0004900182
1,1.0,0.9994589
1,1.0,0.99944764
0,0.0,0.00047017343
1,1.0,0.99947196
1,1.0,0.9994303
1,1.0,0.9994579
0,0.0,0.00047017657
1,1.0,0.99944687
0,0.0,0.0004912763
0,0.0,0.00010261855
0,0.0,0.00044956457
1,1.0,0.9994646
1,1.0,0.9994531
1,1.0,0.99945104
0,0.0,0.00014754469
1,1.0,0.9994615
0,0.0,0.0003231006
1,1.0,0.999458
0,0.0,0.0004238532
1,1.0,0.99945325
1,1.0,0.9994544
1,1.0,0.9994704
0,0.0,0.00010260897
0,0.0,0.00045636942
0,0.0,0.0012674124
0,0.0,0.00066903036
1,1.0,0.9994511
1,1.0,0.99947304
0,0.0,0.001834652
0,0.0,0.00041076235
0,0.0,0.00046695222
0,0.0,0.00032667242
1,1.0,0.9994538
1,1.0,0.99946547
1,1.0,0.9994534
0,0.0,0.0005327071
0,0.0,0.0004010012
1,1.0,0.99941605
1,1.0,0.9994609
1,1.0,0.99946505
1,1.0,0.9994654
1,1.0,0.9994322
1,1.0,0.9994606
1,1.0,0.999451
0,0.0,0.0007096552
0,0.0,0.0006809654
0,0.0,0.00069451757
1,1.0,0.99945766
0,0.0,0.00019102434
0,0.0,0.00046842723
1,1.0,0.999446
1,1.0,0.9994507
0,0.0,0.0006456084
0,0.0,0.00047352674
0,0.0,0.00045666748
0,0.0,0.0006953975
1,1.0,0.9994655
0,0.0,0.00046940346
0,0.0,0.0004701667
0,0.0,0.0003296373
1,1.0,0.9994619
1,1.0,0.9994545
0,0.0,0.0005512559
1,1.0,0.9961914
1,1.0,0.9994541
0,0.0,0.00047351522
1,1.0,0.9994311
0,0.0,0.00048116586
0,0.0,0.00019119764
1,1.0,0.9994439
0,0.0,0.000463872
1,1.0,0.99945307
1,1.0,0.999436
1,1.0,0.9994431
1,1.0,0.9994727
0,0.0,0.00041317567
0,0.0,0.0018903186
0,0.0,0.00042198237
1,1.0,0.999458
0,0.0,0.00041914568
1,1.0,0.9994503
1,1.0,0.9994424
0,0.0,0.00046784154
1,1.0,0.9994565
1,1.0,0.9994604
0,0.0,0.0002980039
1,1.0,0.9994264
0,0.0,0.00040977637
1,1.0,0.9982741
0,0.0,0.00045668884
0,0.0,0.00064754917
1,1.0,0.999472
0,0.0,0.00041107985
1,1.0,0.9994662
1,1.0,0.9994724
0,0.0,0.0003023507
1,1.0,0.99944484
0,0.0,0.0003759185
1,1.0,0.9994719
0,0.0,0.00045667446
0,0.0,0.0004754211
1,1.0,0.9994445
1,1.0,0.99945724
0,0.0,0.00010264821
1,1.0,0.99945354
1,1.0,0.9994466
0,0.0,0.00045439
0,0.0,0.00046584694
0,0.0,0.0004519202
1,1.0,0.99946433
0,0.0,0.00046419931
0,0.0,0.0006489251
0,0.0,0.008825979
0,0.0,0.0003611715
1,1.0,0.9994647
0,0.0,0.000694551
0,0.0,0.00047948209
0,0.0,0.0004041866
0,0.0,0.00047742794
0,0.0,0.00046791713
0,0.0,0.0018915355
1,1.0,0.99946564
0,0.0,0.0010216653
0,0.0,0.00046619124
0,0.0,0.00044827862
1,1.0,0.9994654
1,1.0,0.9994526
0,0.0,0.00010209665
1,1.0,0.99944115
0,0.0,0.000147561
0,0.0,0.00030711526
0,0.0,0.0004811707
1,1.0,0.99945444
0,0.0,0.0004092207
0,0.0,0.00065560266
0,0.0,0.00014745216
1,1.0,0.9994548
0,0.0,0.00030226656
1,1.0,0.99947184
0,0.0,0.00019164973
0,0.0,0.00040907582
0,0.0,0.00028409265
0,0.0,0.0010584277
0,0.0,0.00010259879
1,1.0,0.9988075
0,0.0,0.0006465117
1,1.0,0.99908763
0,0.0,0.00064937235
1,1.0,0.9994632
1,1.0,0.9994676
0,0.0,0.00036683187
0,0.0,0.00021145667
1,1.0,0.99945194
1,1.0,0.9994547
1,1.0,0.99945325
0,0.0,0.0003835491
0,0.0,0.00019101924
0,0.0,0.00046793072
0,0.0,0.00042117175
1,1.0,0.9994383
1,1.0,0.9994473
0,0.0,0.00047277016
1,1.0,0.9994537
0,0.0,0.0004059571
0,0.0,0.00023367707
0,0.0,0.0006770923
1,1.0,0.99946094
0,0.0,0.0004282372
1,1.0,0.9994626
1,1.0,0.99945503
1,1.0,0.9994626
0,0.0,0.00052870414
1,1.0,0.99947155
0,0.0,0.00031003507
0,0.0,0.00048135736
0,0.0,0.00023715974
1,1.0,0.9994431
1,1.0,0.9994522
0,0.0,0.0006669874
1,1.0,0.99942124
0,0.0,0.00046842746
1,1.0,0.9994578
1,1.0,0.999425
0,0.0,0.0020529344
0,0.0,0.00040321294
1,1.0,0.9994563
1,1.0,0.99945384
1,1.0,0.9989256
0,0.0,0.00046480726
0,0.0,0.00019092455
0,0.0,0.00030216025
0,0.0,0.0004855426
0,0.0,0.0004701864
0,0.0,0.00046418628
1,1.0,0.9994431
0,0.0,0.0004129933
0,0.0,0.00039018574
1,1.0,0.9994555
1,1.0,0.9992624
1,1.0,0.9994346
0,0.0,0.00041292736
0,0.0,0.00047159742
0,0.0,0.00047277217
1,1.0,0.9994579
1,1.0,0.9994445
1,1.0,0.9994687
0,0.0,0.000102179445
0,0.0,0.0004818334
1,1.0,0.9994641
1,1.0,0.9994459
0,0.0,0.0004472877
1,1.0,0.99945694
0,0.0,0.00048581298
1,1.0,0.9994131
0,0.0,0.0004614035
1,1.0,0.99944603
1,1.0,0.9994571
1,1.0,0.9994432
0,0.0,0.0004008611
1,1.0,0.99945474
1,1.0,0.9994579
1,1.0,0.99945587
1,1.0,0.9994564
0,0.0,0.0004214734
1,1.0,0.99945354
1,1.0,0.9994527
1,1.0,0.9994634
1,1.0,0.9994564
1,1.0,0.99945474
1,1.0,0.99945486
1,1.0,0.9994314
0,0.0,0.0004928774
1,1.0,0.99945855
0,0.0,0.0004822318
0,0.0,0.00021150042
1,1.0,0.99946445
1,1.0,0.9994067
0,0.0,0.0006338207
0,0.0,0.0003019284
0,0.0,0.00032509599
0,0.0,0.00026806822
0,0.0,0.0001021622
0,0.0,0.000343757
1,1.0,0.99947
0,0.0,0.00041317882
1,1.0,0.9994466
1,1.0,0.9994565
1,1.0,0.999464
1,1.0,0.9994512
1,1.0,0.9994548
1,1.0,0.99945116
1,1.0,0.99477243
0,0.0,0.00047018687
1,1.0,0.99945366
0,0.0,0.0006583401
0,0.0,0.00046101926
1,1.0,0.9994535
1,1.0,0.9994457
0,0.0,0.00018884087
1,1.0,0.99944466
0,0.0,0.0005404472
1,1.0,0.99945414
0,0.0,0.0003228053
0,0.0,0.00041379506
0,0.0,0.00046545352
1,1.0,0.99941653
0,0.0,0.0004077126
0,0.0,0.00019166966
1,1.0,0.9994714
1,1.0,0.9994641
1,1.0,0.9994431
0,0.0,0.00045654626
0,0.0,0.00030234322
1,1.0,0.9994383
0,0.0,0.00045347871
1,1.0,0.99945366
1,1.0,0.9994623
1,1.0,0.9994535
1,1.0,0.99944544
0,0.0,0.00045121837
1,1.0,0.99944115
0,0.0,0.00049808796
0,0.0,0.0007246235
0,0.0,0.0001910564
1,1.0,0.99863034
0,0.0,0.00025999968
1,1.0,0.9992668
0,0.0,0.00046419378
1,1.0,0.9994634
0,0.0,0.00041667873
1,1.0,0.9994312
1,1.0,0.99947226
0,0.0,0.00039844224
1,1.0,0.9994422
0,0.0,0.00048114843
1,1.0,0.99944586
0,0.0,0.00014755539
0,0.0,0.00048024824
0,0.0,0.00048023547
1,1.0,0.99944186
1,1.0,0.999454
0,0.0,0.00028403362
1,1.0,0.99946517
0,0.0,0.00041292698
1,1.0,0.9994554
1,1.0,0.99944687
0,0.0,0.0001911127
1,1.0,0.9994356
1,1.0,0.99944264
1,1.0,0.999465
0,0.0,0.00041360813
1,1.0,0.999453
1,1.0,0.9994608
1,1.0,0.9994503
1,1.0,0.99944663
1,1.0,0.9994542
0,0.0,0.0004802364
1,1.0,0.99946177
1,1.0,0.99946964
0,0.0,0.000260275
0,0.0,0.00047742474
0,0.0,0.00036648774
0,0.0,0.00046640754
0,0.0,0.00048023296
1,1.0,0.99944323
0,0.0,0.00045669122
0,0.0,0.00042110833
1,1.0,0.9994348
1,1.0,0.9994192
1,1.0,0.9994439
1,1.0,0.9994403
1,1.0,0.99945015
0,0.0,0.00030228324
1,1.0,0.99945045
1,1.0,0.9994508
1,1.0,0.999463
0,0.0,0.0006470424
0,0.0,0.0004045528
1,1.0,0.9994547
0,0.0,0.00041784954
1,1.0,0.9994625
0,0.0,0.0003309895
0,0.0,0.0013106553
0,0.0,0.00019079262
0,0.0,0.00067491963
1,1.0,0.9994504
1,1.0,0.99946237
0,0.0,0.0004039266
1,1.0,0.9994646
1,1.0,0.9994466
0,0.0,0.00018890227
0,0.0,0.00030259526
1,1.0,0.99946517
1,1.0,0.99942786
0,0.0,0.0007258423
0,0.0,0.0004380113
1,1.0,0.9994637
1,1.0,0.99946564
0,0.0,0.00034417512
0,0.0,0.000470162
0,0.0,0.0006922124
0,0.0,0.0018958225
0,0.0,0.0004535924
0,0.0,0.00047745754
0,0.0,0.0004304549
0,0.0,0.00019152625
1,1.0,0.9994549
0,0.0,0.0003627884
1,1.0,0.9994529
0,0.0,0.00039311024
1,1.0,0.9994602
1,1.0,0.99941427
0,0.0,0.00043117112
1,1.0,0.9994443
0,0.0,0.00039742427
1,1.0,0.99945366
1,1.0,0.9994518
0,0.0,0.0004529102
0,0.0,0.0006922457
1,1.0,0.9994358
1,1.0,0.9994633
0,0.0,0.00045668078
0,0.0,0.00034856738
0,0.0,0.00039352628
1,1.0,0.9994436
0,0.0,0.0005222853
0,0.0,0.00019100904
1,1.0,0.99917954
1,1.0,0.99940395
1,1.0,0.9994646
0,0.0,0.00047365495
0,0.0,0.00049108994
0,0.0,0.000370268
1,1.0,0.999442
1,1.0,0.99946564
0,0.0,0.00041394302
0,0.0,0.0004463294
0,0.0,0.0018901917
0,0.0,0.00063395395
1,1.0,0.9994331
0,0.0,0.0002113567
0,0.0,0.0003404907
1,1.0,0.99865526
1,1.0,0.9994533
0,0.0,0.00014756396
0,0.0,0.00031037492
1,1.0,0.9994515
1,1.0,0.99945796
0,0.0,0.00041801351
0,0.0,0.0009397232
1,1.0,0.99946994
0,0.0,0.0005512113
0,0.0,0.0003252253
1,1.0,0.9994366
1,1.0,0.999458
0,0.0,0.00038998382
0,0.0,0.00048588196
0,0.0,0.00045416955
0,0.0,0.0004731669
0,0.0,0.00035246968
1,1.0,0.99944705
0,0.0,0.00047950773
1,1.0,0.9994582
0,0.0,0.0004767001
1,1.0,0.99946046
0,0.0,0.00034695774
0,0.0,0.00019141215
0,0.0,0.0011330529
0,0.0,0.00038626938
1,1.0,0.9994496
1,1.0,0.9991895
0,0.0,0.00019087234
1,1.0,0.9994722
0,0.0,0.00047263745
1,1.0,0.99944174
0,0.0,0.00039521273
0,0.0,0.000477417
1,1.0,0.9994458
0,0.0,0.00047352945
0,0.0,0.00034754307
0,0.0,0.00094283244
0,0.0,0.00018553084
0,0.0,0.00047276926
1,1.0,0.9994644
0,0.0,0.0004972372
0,0.0,0.00021495964
0,0.0,0.00045703026
0,0.0,0.0004842586
1,1.0,0.9994644
1,1.0,0.9994585
0,0.0,0.0006554921
1,1.0,0.9983629
1,1.0,0.99945533
1,1.0,0.9994625
1,1.0,0.9994498
0,0.0,0.00039805842
1,1.0,0.99946564
1,1.0,0.9994573
0,0.0,0.0004515032
0,0.0,0.00048116886
0,0.0,0.0003023735
0,0.0,0.00046541312
0,0.0,0.0002928025
1,1.0,0.999444
1,1.0,0.99947256
1,1.0,0.9934779
1,1.0,0.9967506
1,1.0,0.9994728
0,0.0,0.0004470217
1,1.0,0.9994434
0,0.0,0.0006563616
0,0.0,0.00030221065
1,1.0,0.99944156
0,0.0,0.0005405211
0,0.0,0.0007258465
1,1.0,0.99946564
0,0.0,0.00046421148
0,0.0,0.00036204196
0,0.0,0.00021124167
0,0.0,0.00045703026
1,1.0,0.9994728
1,1.0,0.999466
0,0.0,0.0003611944
0,0.0,0.00066063297
1,1.0,0.9994459
1,1.0,0.9994651
1,1.0,0.9994507
1,1.0,0.9994688
0,0.0,0.0003020102
0,0.0,0.00041387338
1,1.0,0.99945384
0,0.0,0.00045669405
0,0.0,0.000102635975
1,1.0,0.9994555
0,0.0,0.00046387067
1,1.0,0.9994715
1,1.0,0.99946547
0,0.0,0.00019155657
0,0.0,0.00032563385
1,1.0,0.9994694
0,0.0,0.00041827201
1,1.0,0.99946135
1,1.0,0.9994617
1,1.0,0.9994611
0,0.0,0.0003023729
0,0.0,0.00046793808
0,0.0,0.00046140395
1,1.0,0.9962892
1,1.0,0.99944407
0,0.0,0.0004577789
0,0.0,0.00010264958
1,1.0,0.9994596
1,1.0,0.9991299
1,1.0,0.9994699
1,1.0,0.9994478
1,1.0,0.9994506
0,0.0,0.00047539303
0,0.0,0.0004672363
1,1.0,0.99944425
1,1.0,0.999473
1,1.0,0.99944544
1,1.0,0.9994717
0,0.0,0.00019133916
1,1.0,0.9994645
1,1.0,0.9994553
0,0.0,0.00010241571
1,1.0,0.9994148
1,1.0,0.99946797
0,0.0,0.00042858534
1,1.0,0.99668545
0,0.0,0.00047263925
0,0.0,0.0004152342
1,1.0,0.9994537
1,1.0,0.99947125
0,0.0,0.0003862409
0,0.0,0.00045669536
0,0.0,0.00010240731
1,1.0,0.99944866
1,1.0,0.9994555
1,1.0,0.9994192
0,0.0,0.0004641219
1,1.0,0.9994651
0,0.0,0.0052998466
0,0.0,0.0006486737
0,0.0,0.00046420906
0,0.0,0.00047018912
1,1.0,0.99945486
0,0.0,0.00047586588
1,1.0,0.9994425
1,1.0,0.99946195
1,1.0,0.9994616
0,0.0,0.00045685278
0,0.0,0.00014756298
0,0.0,0.00042476912
1,1.0,0.99944705
0,0.0,0.00044607904
1,1.0,0.9994649
0,0.0,0.0004654229
0,0.0,0.00019103818
1,1.0,0.99945426
0,0.0,0.000445845
0,0.0,0.00026019907
1,1.0,0.999446
1,1.0,0.9985832
0,0.0,0.00030999695
1,1.0,0.9994523
1,1.0,0.9994723
0,0.0,0.00044837222
1,1.0,0.9994516
1,1.0,0.99945426
0,0.0,0.0018894658
0,0.0,0.0004734554
1,1.0,0.9994641
1,1.0,0.99944115
0,0.0,0.00032470076
0,0.0,0.00032310706
0,0.0,0.00043117048
0,0.0,0.00019074442
1,1.0,0.9994455
0,0.0,0.00039538255
1,1.0,0.9994445
1,1.0,0.9994441
1,1.0,0.9994726
1,1.0,0.9994466
1,1.0,0.99945486
0,0.0,0.00066055264
1,1.0,0.9994154
0,0.0,0.000677111
0,0.0,0.0005383321
0,0.0,0.0004883652
1,1.0,0.9994465
1,1.0,0.99944603
0,0.0,0.00048024274
1,1.0,0.9994632
1,1.0,0.999452
0,0.0,0.00045347222
0,0.0,0.00032702545
1,1.0,0.9994476
0,0.0,0.00094282936
1,1.0,0.9994512
1,1.0,0.9994536
0,0.0,0.00044158363
1,1.0,0.9994512
1,1.0,0.9994513
0,0.0,0.00046389014
0,0.0,0.0017213761
1,1.0,0.9994458
1,1.0,0.9994475
1,1.0,0.999451
0,0.0,0.0004821865
0,0.0,0.00063391647
0,0.0,0.00040634174
1,1.0,0.9986657
0,0.0,0.00026024075
1,1.0,0.9994612
1,1.0,0.99944746
1,1.0,0.9994468
0,0.0,0.0003481149
1,1.0,0.99944633
0,0.0,0.00040391198
1,1.0,0.9987288
0,0.0,0.00021145385
0,0.0,0.00014744583
0,0.0,0.0004111549
0,0.0,0.0004012937
1,1.0,0.99945533
0,0.0,0.0004557584
1,1.0,0.9994635
1,1.0,0.99943227
1,1.0,0.99944407
0,0.0,0.0004641911
0,0.0,0.0004701853
0,0.0,0.00030243662
0,0.0,0.00047936122
1,1.0,0.9994523
0,0.0,0.000102485064
0,0.0,0.00057941145
0,0.0,0.00042892332
0,0.0,0.00031588593
0,0.0,0.0004654373
1,1.0,0.99946487
1,1.0,0.99946314
0,0.0,0.0004080814
1,1.0,0.9994532
1,1.0,0.99945146
0,0.0,0.00033476338
1,1.0,0.99945337
1,1.0,0.9994618
0,0.0,0.00065294665
1,1.0,0.99802846
0,0.0,0.00072200893
0,0.0,0.00039705844
1,1.0,0.9970778
1,1.0,0.99947304
0,0.0,0.00038920925
0,0.0,0.00046792848
0,0.0,0.00030236514
1,1.0,0.9994693
1,1.0,0.9994491
0,0.0,0.0013116766
1,1.0,0.9981596
0,0.0,0.00045666355
0,0.0,0.0015558737
1,1.0,0.9994725
0,0.0,0.000485457
1,1.0,0.9994644
0,0.0,0.00045349382
1,1.0,0.9994466
0,0.0,0.00036113124
1,1.0,0.9994545
0,0.0,0.0005403908
1,1.0,0.99946195
0,0.0,0.0004725595
0,0.0,0.0006583853
1,1.0,0.9994679
0,0.0,0.00019134975
0,0.0,0.00029995505
0,0.0,0.00039729397
1,1.0,0.9994631
1,1.0,0.99946994
1,1.0,0.9994378
0,0.0,0.00021487092
0,0.0,0.0004232411
0,0.0,0.00042703561
0,0.0,0.00047156776
1,1.0,0.9994582
1,1.0,0.9994538
1,1.0,0.9994176
1,1.0,0.9994505
1,1.0,0.9994513
0,0.0,0.00048116886
1,1.0,0.99946886
1,1.0,0.99946517
0,0.0,0.000467912
0,0.0,0.00021134641
1,1.0,0.99947214
1,1.0,0.9994573
0,0.0,0.00047540455
1,1.0,0.9994548
1,1.0,0.99945325
1,1.0,0.99946296
0,0.0,0.00040753462
0,0.0,0.0006836281
1,1.0,0.999449
0,0.0,0.00065555924
0,0.0,0.00062591466
0,0.0,0.00040749327
1,1.0,0.99945426
1,1.0,0.99945533
1,1.0,0.9984115
0,0.0,0.00021485063
1,1.0,0.99945575
1,1.0,0.9994546
1,1.0,0.9994699
1,1.0,0.99943715
0,0.0,0.001896207
0,0.0,0.00047950933
0,0.0,0.0004684424
0,0.0,0.00014754146
0,0.0,0.00055915635
0,0.0,0.00063434703
1,1.0,0.9994435
0,0.0,0.00031980916
0,0.0,0.00037484904
0,0.0,0.00041271385
0,0.0,0.00038922837
0,0.0,0.00037032182
1,1.0,0.9994521
1,1.0,0.999458
0,0.0,0.00040750278
0,0.0,0.00019141397
1,1.0,0.9994727
0,0.0,0.0004531196
1,1.0,0.99947256
1,1.0,0.999458
1,1.0,0.9994545
0,0.0,0.0003248853
1,1.0,0.9994469
1,1.0,0.9994626
0,0.0,0.00037868196
0,0.0,0.0006598907
0,0.0,0.0004566849
0,0.0,0.00094148284
1,1.0,0.9994656
1,1.0,0.9994451
1,1.0,0.99945414
0,0.0,0.0004010098
1,1.0,0.99945396
0,0.0,0.00041334837
1,1.0,0.9994415
0,0.0,0.0005223567
1,1.0,0.9994566
0,0.0,0.00040786594
1,1.0,0.99944437
0,0.0,0.00021496046
1,1.0,0.9994552
1,1.0,0.999455
0,0.0,0.00051341153
0,0.0,0.00045343983
0,0.0,0.00045704114
0,0.0,0.00040131054
1,1.0,0.999471
1,1.0,0.99945027
1,1.0,0.9994437
1,1.0,0.99945474
0,0.0,0.00044007946
1,1.0,0.9987897
0,0.0,0.0004214748
0,0.0,0.00045704027
0,0.0,0.0006529526
1,1.0,0.9994616
1,1.0,0.9994587
1,1.0,0.9994622
0,0.0,0.00040937387
0,0.0,0.00030688493
1,1.0,0.9994459
1,1.0,0.9994464
1,1.0,0.9994446
1,1.0,0.9994456
0,0.0,0.00048116816
1,1.0,0.99946594
0,0.0,0.00047016895
0,0.0,0.00044854434
1,1.0,0.99944395
1,1.0,0.9994477
0,0.0,0.00045704618
1,1.0,0.9994153
0,0.0,0.00040836862
0,0.0,6.481e-05
1,1.0,0.9994424
0,0.0,0.00048461877
1,1.0,0.9994522
1,1.0,0.9980879
1,1.0,0.999454
0,0.0,0.00035761888
1,1.0,0.99947137
0,0.0,0.00069262716
1,1.0,0.99943614
1,1.0,0.99944425
1,1.0,0.9994451
1,1.0,0.99946404
1,1.0,0.99942625
1,1.0,0.99944824
0,0.0,0.00040307228
0,0.0,0.00046139318
0,0.0,0.00047263113
1,1.0,0.9994662
0,0.0,0.00045513624
0,0.0,0.0004727645
0,0.0,0.0004231193
0,0.0,0.0003394128
0,0.0,0.0004641949
0,0.0,0.00064881745
0,0.0,0.00040786652
0,0.0,0.00018872801
0,0.0,0.00053264666
1,1.0,0.99943614
1,1.0,0.9994657
1,1.0,0.99942356
0,0.0,0.00093920174
0,0.0,0.00040287236
0,0.0,0.0003718749
1,1.0,0.99637145
1,1.0,0.9994555
0,0.0,0.00019168574
0,0.0,0.00041146524
0,0.0,0.00036178422
1,1.0,0.9994553
0,0.0,0.00047015346
0,0.0,0.00045308805
0,0.0,0.00031905517
1,1.0,0.99946254
1,1.0,0.999441
1,1.0,0.9994425
0,0.0,0.00048178455
0,0.0,0.00401685
1,1.0,0.9994564
1,1.0,0.9994567
1,1.0,0.99942267
1,1.0,0.9994465
0,0.0,0.000404286
1,1.0,0.9994538
0,0.0,0.000102397054
0,0.0,0.00045153894
1,1.0,0.9994457
1,1.0,0.9994454
0,0.0,0.0019246194
0,0.0,0.00062807795
0,0.0,0.00047951113
0,0.0,0.00069495983
0,0.0,0.00030252544
1,1.0,0.9994635
1,1.0,0.99945426
1,1.0,0.9994651
1,1.0,0.99946564
1,1.0,0.99946564
1,1.0,0.99941546
1,1.0,0.99945384
0,0.0,0.00045703526
0,0.0,0.00046644348
0,0.0,0.0004166412
1,1.0,0.99947256
1,1.0,0.9994623
0,0.0,0.0005323234
0,0.0,0.00042789645
0,0.0,0.00035757181
0,0.0,0.00045667661
0,0.0,0.00045344778
0,0.0,0.00010239559
0,0.0,0.0003416442
0,0.0,0.00026010236
1,1.0,0.9994662
0,0.0,0.0009396041
1,1.0,0.99944896
0,0.0,0.0003461074
0,0.0,0.00019778551
0,0.0,0.0005513103
0,0.0,0.00046842857
1,1.0,0.99946594
0,0.0,0.000453117
0,0.0,0.0004638782
1,1.0,0.9987739
0,0.0,0.0003437937
1,1.0,0.9994537
1,1.0,0.9994662
0,0.0,0.00026016758
1,1.0,0.99947226
0,0.0,0.0006597996
1,1.0,0.9994536
1,1.0,0.99944544
1,1.0,0.99944717
1,1.0,0.99945426
1,1.0,0.9994476
1,1.0,0.9994725
1,1.0,0.99946576
0,0.0,0.00049420854
1,1.0,0.99551475
1,1.0,0.99944466
0,0.0,0.00034457076
0,0.0,0.00045333413
1,1.0,0.99944687
1,1.0,0.9994656
1,1.0,0.9994357
0,0.0,0.0004684582
1,1.0,0.99945426
0,0.0,0.00049257453
1,1.0,0.99945605
0,0.0,0.00048800735
1,1.0,0.99844307
0,0.0,0.00021124147
1,1.0,0.9994349
0,0.0,0.00046794454
1,1.0,0.99946535
0,0.0,0.00034384095
0,0.0,0.0003102613
0,0.0,0.00019117704
1,1.0,0.9994646
1,1.0,0.9994522
1,1.0,0.9994693
0,0.0,0.00010242508
0,0.0,0.00046857013
0,0.0,0.0005282243
1,1.0,0.99946517
1,1.0,0.9994725
0,0.0,0.0004715736
1,1.0,0.99945337
0,0.0,0.00031981833
1,1.0,0.99946475
1,1.0,0.9994572
1,1.0,0.99943584
1,1.0,0.9994449
0,0.0,0.00045345924
1,1.0,0.9994725
1,1.0,0.9994459
1,1.0,0.9994352
1,1.0,0.9994559
0,0.0,0.00043014355
1,1.0,0.9994454
1,1.0,0.99940926
1,1.0,0.99946505
0,0.0,0.00045667903
1,1.0,0.99944365
1,1.0,0.99944603
0,0.0,0.00047951183
0,0.0,0.0004463113
0,0.0,0.00047156864
0,0.0,0.00010242138
0,0.0,0.00021138086
1,1.0,0.9994507
1,1.0,0.99944335
0,0.0,0.000522354
0,0.0,0.00046306418
1,1.0,0.9994383
0,0.0,0.00032721602
0,0.0,0.0004318926
0,0.0,0.00031969638
0,0.0,0.0004727819
1,1.0,0.9994365
1,1.0,0.99944943
0,0.0,0.00045311011
1,1.0,0.99944997
1,1.0,0.99785256
0,0.0,0.00046240186
0,0.0,0.00034868784
0,0.0,0.0017077608
0,0.0,0.00028114085
1,1.0,0.999454
0,0.0,0.00056675065
0,0.0,0.0003633642
0,0.0,0.0004326504
0,0.0,0.00021147443
1,1.0,0.9994579
0,0.0,0.00040599075
1,1.0,0.99944574
0,0.0,0.00035859493
0,0.0,0.0004235957
0,0.0,0.00038926027
0,0.0,0.00068096636
1,1.0,0.99946284
1,1.0,0.99946535
0,0.0,0.00040306651
0,0.0,0.00054045644
0,0.0,0.00066913903
1,1.0,0.9994639
1,1.0,0.99947256
1,1.0,0.99946356
0,0.0,0.00047350823
0,0.0,0.00036596824
0,0.0,0.000490086
1,1.0,0.99945426
0,0.0,0.00030707254
1,1.0,0.9986404
0,0.0,0.0005404549
1,1.0,0.999455
1,1.0,0.9994567
0,0.0,0.00047950886
0,0.0,0.00040735037
0,0.0,0.00041379427
0,0.0,0.00048182835
1,1.0,0.9994656
1,1.0,0.9994639
1,1.0,0.9994451
1,1.0,0.9994499
1,1.0,0.9994613
0,0.0,0.0003245287
0,0.0,0.0006587439
1,1.0,0.9994433
1,1.0,0.9994615
1,1.0,0.9994646
1,1.0,0.9994469
1,1.0,0.99945474
1,1.0,0.999442
0,0.0,0.00046781788
1,1.0,0.99944437
0,0.0,0.00019202454
1,1.0,0.99945486
1,1.0,0.99945414
0,0.0,0.0004078642
1,1.0,0.99816024
1,1.0,0.9994521
0,0.0,0.00040130405
1,1.0,0.99943566
0,0.0,0.00048522756
1,1.0,0.99946564
0,0.0,0.00014755722
0,0.0,0.0010601059
0,0.0,0.00014753977
1,1.0,0.99946564
1,1.0,0.99941474
1,1.0,0.9994617
0,0.0,0.00047351973
0,0.0,0.000472708
0,0.0,0.00046139714
1,1.0,0.99947053
0,0.0,0.00046641243
1,1.0,0.9994546
0,0.0,0.00036585642
1,1.0,0.9994441
1,1.0,0.99813426
0,0.0,0.00034888618
0,0.0,0.00041912973
1,1.0,0.99945384
0,0.0,0.00038472738
0,0.0,0.00019127056
0,0.0,0.0007147477
0,0.0,0.00049323763
1,1.0,0.99946505
1,1.0,0.99942416
1,1.0,0.99944466
0,0.0,0.0004679211
0,0.0,0.0003789275
1,1.0,0.9994461
0,0.0,0.00047018152
1,1.0,0.99946946
0,0.0,0.00046792312
0,0.0,0.0003251177
0,0.0,0.00030264514
0,0.0,0.0004041862
1,1.0,0.999458
0,0.0,0.00032037316
0,0.0,0.0004701916
1,1.0,0.99945295
0,0.0,0.0004674218
1,1.0,0.9994546
1,1.0,0.9994521
0,0.0,0.0003844561
0,0.0,0.0004754109
0,0.0,0.00019160095
0,0.0,0.00046573151
0,0.0,0.00035728357
1,1.0,0.9994712
1,1.0,0.99944705
0,0.0,0.00048024778
1,1.0,0.99945533
0,0.0,0.00046542578
1,1.0,0.9994532
1,1.0,0.9994547
1,1.0,0.99944735
1,1.0,0.9994426
1,1.0,0.9994555
1,1.0,0.999464
0,0.0,0.00046141297
1,1.0,0.99945796
0,0.0,0.00010233936
0,0.0,0.00045703418
0,0.0,0.00030232215
1,1.0,0.999446
1,1.0,0.9994526
1,1.0,0.99945605
0,0.0,0.0022860514
0,0.0,0.000421229
0,0.0,0.000418325
0,0.0,0.00064752944
1,1.0,0.9994504
0,0.0,0.00041787443
0,0.0,0.0003970323
1,1.0,0.9994503
1,1.0,0.99945396
1,1.0,0.9994554
1,1.0,0.999465
0,0.0,0.0006605653
0,0.0,0.0004114466
0,0.0,0.00048460398
1,1.0,0.9994445
0,0.0,0.00010241092
0,0.0,0.0005362853
1,1.0,0.99946874
0,0.0,0.00047539733
0,0.0,0.00070959976
0,0.0,0.00019129227
0,0.0,0.00035249206
1,1.0,0.999455
1,1.0,0.9991832
1,1.0,0.9995244
0,0.0,0.00031424258
1,1.0,0.99950486
0,0.0,0.00045455483
0,0.0,0.000893483
1,1.0,0.9995288
1,1.0,0.9995078
1,1.0,0.9995256
0,0.0,0.00032463143
0,0.0,0.00024145878
1,1.0,0.99953645
1,1.0,0.99454683
1,1.0,0.9995267
0,0.0,0.00034249615
0,0.0,0.00061227626
0,0.0,0.0006262685
1,1.0,0.99949527
0,0.0,0.000682766
1,1.0,0.99953675
0,0.0,0.00062585773
0,0.0,0.00064004766
0,0.0,0.00060499186
0,0.0,0.0003913269
0,0.0,0.0006324087
0,0.0,0.0007179477
0,0.0,0.0006462779
0,0.0,0.0009057628
0,0.0,0.0004434775
0,0.0,0.00078287127
1,1.0,0.99952686
0,0.0,0.000766837
1,1.0,0.9995055
0,0.0,0.00090138963
0,0.0,0.0005746152
1,1.0,0.99950564
1,1.0,0.99953544
1,1.0,0.99955106
0,0.0,0.0016175221
1,1.0,0.99949473
0,0.0,0.0008755962
0,0.0,0.0017012332
1,1.0,0.99953616
1,1.0,0.99951905
0,0.0,0.0006402356
0,0.0,0.0006318978
1,1.0,0.9995375
0,0.0,0.0003867263
0,0.0,0.0006469463
1,1.0,0.99954206
1,1.0,0.9995054
1,1.0,0.9995246
1,1.0,0.99952275
0,0.0,0.00038411943
1,1.0,0.9994991
0,0.0,0.00065744406
0,0.0,0.00041941268
1,1.0,0.9995038
0,0.0,0.00065981236
0,0.0,0.0007229584
0,0.0,0.0007536692
1,1.0,0.9995362
1,1.0,0.99949676
1,1.0,0.9995259
1,1.0,0.99952704
1,1.0,0.9994979
1,1.0,0.9995211
1,1.0,0.9995548
0,0.0,0.0004545277
1,1.0,0.9995362
0,0.0,0.00090888975
1,1.0,0.99953765
0,0.0,0.0006588422
0,0.0,0.0006991569
1,1.0,0.9995175
1,1.0,0.9995065
1,1.0,0.9995358
1,1.0,0.9995263
0,0.0,0.00033905703
0,0.0,0.00044314956
1,1.0,0.99955225
1,1.0,0.9995346
1,1.0,0.99950486
1,1.0,0.9995083
1,1.0,0.9983779
1,1.0,0.999528
1,1.0,0.99953085
0,0.0,0.00038301037
1,1.0,0.99956834
0,0.0,0.000575868
1,1.0,0.99949473
0,0.0,0.0016776512
1,1.0,0.9995383
1,1.0,0.9994979
0,0.0,0.0004030819
0,0.0,0.00044801077
1,1.0,0.9994947
0,0.0,0.00042234114
1,1.0,0.9991143
0,0.0,0.00013413743
0,0.0,0.00064931705
0,0.0,0.00044346903
0,0.0,0.00091218605
1,1.0,0.99953485
1,1.0,0.999529
1,1.0,0.9995275
0,0.0,0.00085306144
1,1.0,0.99955106
1,1.0,0.99952215
1,1.0,0.995395
1,1.0,0.99951875
0,0.0,0.0006907422
0,0.0,0.00033280667
0,0.0,0.00090009073
0,0.0,0.00034382602
0,0.0,0.0007651202
0,0.0,0.00040509828
0,0.0,0.0007844716
0,0.0,0.00076524273
0,0.0,0.00064791186
1,1.0,0.9995193
1,1.0,0.99950624
1,1.0,0.9995326
1,1.0,0.9994947
0,0.0,0.0005699334
1,1.0,0.9995496
1,1.0,0.9995367
0,0.0,0.0006400421
1,1.0,0.9995356
0,0.0,0.00070833735
0,0.0,0.0007126993
0,0.0,0.0010191752
1,1.0,0.99950516
1,1.0,0.9995523
1,1.0,0.99953794
0,0.0,0.00071892305
1,1.0,0.9995225
1,1.0,0.9995376
0,0.0,0.0006725365
0,0.0,0.0006354486
0,0.0,0.0006040784
1,1.0,0.9995361
1,1.0,0.99950737
1,1.0,0.9995359
0,0.0,0.002160964
0,0.0,0.00063548196
1,1.0,0.9995437
0,0.0,0.0007679903
1,1.0,0.9995274
0,0.0,0.0022401516
1,1.0,0.99953514
1,1.0,0.9995212
1,1.0,0.99952126
0,0.0,0.0004435367
1,1.0,0.99882555
1,1.0,0.99954903
1,1.0,0.9995399
1,1.0,0.99952424
0,0.0,0.0016149291
1,1.0,0.99950516
0,0.0,0.000498615
0,0.0,0.0004223232
1,1.0,0.9995054
0,0.0,0.00055046997
0,0.0,0.0002306668
0,0.0,0.00039982953
1,1.0,0.9995343
1,1.0,0.99459267
0,0.0,0.0007439971
0,0.0,0.0006199072
0,0.0,0.00041818293
0,0.0,0.0006060015
1,1.0,0.9995689
1,1.0,0.9995124
0,0.0,0.0007206774
0,0.0,0.00033719477
1,1.0,0.99953586
0,0.0,0.0003352274
0,0.0,0.0006354483
1,1.0,0.9995509
0,0.0,0.0004213796
0,0.0,0.0004188837
0,0.0,0.00087595696
1,1.0,0.9995262
1,1.0,0.9995244
1,1.0,0.9995359
1,1.0,0.9995508
0,0.0,0.00022915489
1,1.0,0.9995254
0,0.0,0.00057115336
1,1.0,0.99953616
0,0.0,0.00043750493
0,0.0,0.0005654508
0,0.0,0.0003328092
0,0.0,0.00042022468
0,0.0,0.0005750136
1,1.0,0.99949723
1,1.0,0.99953824
0,0.0,0.000640105
1,1.0,0.999536
0,0.0,0.0027344574
1,1.0,0.99949473
0,0.0,0.0009121612
0,0.0,0.0007147736
1,1.0,0.99954045
0,0.0,0.0017193034
1,1.0,0.99953854
0,0.0,0.00064110267
0,0.0,0.00038419414
1,1.0,0.9995192
1,1.0,0.9995262
0,0.0,0.0045023058
0,0.0,0.0003411597
0,0.0,0.0022597117
0,0.0,0.0018519891
1,1.0,0.9995538
1,1.0,0.99954027
0,0.0,0.00055644993
1,1.0,0.99950475
0,0.0,0.00090136816
0,0.0,0.00063237984
1,1.0,0.9995082
1,1.0,0.99954945
1,1.0,0.9995357
1,1.0,0.9995357
0,0.0,0.00076341233
1,1.0,0.9993729
1,1.0,0.9995309
0,0.0,0.00073156273
1,1.0,0.9995498
1,1.0,0.9995198
1,1.0,0.99949425
1,1.0,0.99951977
1,1.0,0.9995049
0,0.0,0.00059389323
1,1.0,0.99949867
0,0.0,0.00036117702
0,0.0,0.00063371955
0,0.0,0.0005989499
0,0.0,0.00023045376
0,0.0,0.00069883815
0,0.0,0.0055453423
0,0.0,0.0006494856
1,1.0,0.9995492
1,1.0,0.99953824
1,1.0,0.99953735
0,0.0,0.0006046198
0,0.0,0.0005947587
0,0.0,0.0006369445
1,1.0,0.99951935
1,1.0,0.9995517
0,0.0,0.0004187118
1,1.0,0.9995453
1,1.0,0.99953634
0,0.0,0.0005933676
1,1.0,0.99953645
1,1.0,0.9995256
0,0.0,0.0003775251
1,1.0,0.99952036
1,1.0,0.9995431
1,1.0,0.9995208
0,0.0,0.00060335104
0,0.0,0.0005506174
1,1.0,0.9994956
0,0.0,0.0006493563
0,0.0,0.000761664
0,0.0,0.0007431202
1,1.0,0.9995503
0,0.0,0.00068563706
1,1.0,0.99953526
1,1.0,0.99952745
1,1.0,0.999524
1,1.0,0.9995262
0,0.0,0.00074777997
1,1.0,0.99955034
0,0.0,0.00053411163
0,0.0,0.0006055985
1,1.0,0.9995244
1,1.0,0.99950516
1,1.0,0.9995057
1,1.0,0.9995192
0,0.0,0.00067354704
0,0.0,0.00065742317
1,1.0,0.99955237
0,0.0,0.00077359466
0,0.0,0.0021708927
1,1.0,0.9995258
0,0.0,0.0015377526
1,1.0,0.99949425
1,1.0,0.999526
0,0.0,0.0005746618
0,0.0,0.0006354235
1,1.0,0.9995272
1,1.0,0.9995465
0,0.0,0.00039484372
0,0.0,0.00029715904
1,1.0,0.99951875
0,0.0,0.0021695439
1,1.0,0.999524
1,1.0,0.99955165
1,1.0,0.9995372
0,0.0,0.000703118
0,0.0,0.00060499273
1,1.0,0.9940219
0,0.0,0.000718911
1,1.0,0.9995145
0,0.0,0.0006589069
0,0.0,0.00013420165
1,1.0,0.9994946
1,1.0,0.9995427
0,0.0,0.00064579357
1,1.0,0.9995346
0,0.0,0.00042134483
0,0.0,0.00087604346
0,0.0,0.0007083353
1,1.0,0.99950475
0,0.0,0.0006354371
0,0.0,0.00064630003
1,1.0,0.9995498
0,0.0,0.00057472097
0,0.0,0.00059437257
0,0.0,0.00057340943
0,0.0,0.0006337488
0,0.0,0.00031085018
0,0.0,0.00069578923
1,1.0,0.99949425
1,1.0,0.9992393
0,0.0,0.0006401081
0,0.0,0.0002988449
1,1.0,0.9995411
0,0.0,0.0005440649
0,0.0,0.0006464895
0,0.0,0.0006049858
0,0.0,0.0006464969
1,1.0,0.9995064
1,1.0,0.9995226
1,1.0,0.9995206
0,0.0,0.00023065513
1,1.0,0.99955434
1,1.0,0.99955016
0,0.0,0.0005564462
1,1.0,0.998633
0,0.0,0.0007230012
0,0.0,0.00087604346
1,1.0,0.9995211
0,0.0,0.00069898466
1,1.0,0.99952805
1,1.0,0.9995208
1,1.0,0.99953663
1,1.0,0.9995354
1,1.0,0.9994974
1,1.0,0.9995244
1,1.0,0.9995354
0,0.0,0.00067820377
1,1.0,0.99952424
0,0.0,0.00038560954
1,1.0,0.9995347
1,1.0,0.9995378
0,0.0,0.00057238806
0,0.0,0.0004361969
0,0.0,0.0002824207
0,0.0,0.00041068834
0,0.0,0.0037050978
1,1.0,0.9995605
0,0.0,0.00032928927
0,0.0,0.00039485516
0,0.0,0.00044356077
0,0.0,0.00043058002
1,1.0,0.9995456
0,0.0,0.00079614745
1,1.0,0.9995055
0,0.0,0.00040297126
0,0.0,0.00060498
1,1.0,0.9995267
1,1.0,0.9995066
0,0.0,0.0006401429
0,0.0,0.00033400464
0,0.0,0.000574822
0,0.0,0.0006318496
1,1.0,0.99954915
1,1.0,0.99952596
1,1.0,0.9995369
0,0.0,0.0006123328
0,0.0,0.0007422493
0,0.0,0.0005690475
0,0.0,0.0006495011
1,1.0,0.99949795
1,1.0,0.9995454
0,0.0,0.00036203748
0,0.0,0.0006571726
1,1.0,0.9994947
0,0.0,0.00023066283
1,1.0,0.999509
1,1.0,0.9995274
1,1.0,0.9995402
1,1.0,0.99953854
1,1.0,0.99952704
0,0.0,0.0021100764
1,1.0,0.9995347
1,1.0,0.9995489
0,0.0,0.00033293772
0,0.0,0.0005979223
1,1.0,0.99953514
1,1.0,0.99952507
0,0.0,0.0006228815
0,0.0,0.00065052975
1,1.0,0.9995423
1,1.0,0.9995366
0,0.0,0.00090579037
1,1.0,0.99952555
0,0.0,0.00036410228
0,0.0,0.0015711272
0,0.0,0.0020197153
0,0.0,0.0008819337
0,0.0,0.0007082837
1,1.0,0.99911475
1,1.0,0.99953586
0,0.0,0.0009083711
1,1.0,0.99953544
0,0.0,0.00070934655
0,0.0,0.0003338073
0,0.0,0.0006959298
1,1.0,0.9995375
1,1.0,0.99953556
1,1.0,0.9934774
0,0.0,0.0007536437
1,1.0,0.99949795
0,0.0,0.00076425634
0,0.0,0.0007045916
1,1.0,0.9995375
0,0.0,0.0006870878
1,1.0,0.99952435
1,1.0,0.9994942
1,1.0,0.9995389
0,0.0,0.00041917388
0,0.0,0.00067070493
1,1.0,0.9995511
0,0.0,0.00071906386
0,0.0,0.00066814816
0,0.0,0.0006369809
1,1.0,0.9994991
1,1.0,0.9995091
1,1.0,0.9995362
1,1.0,0.9995245
0,0.0,0.00054887874
0,0.0,0.0007264225
0,0.0,0.0005989633
1,1.0,0.99952525
1,1.0,0.9995504
1,1.0,0.99951977
1,1.0,0.999535
0,0.0,0.0006003109
1,1.0,0.99950755
0,0.0,0.0006401352
0,0.0,0.00023017006
0,0.0,0.0006401166
0,0.0,0.0015210813
1,1.0,0.9995375
1,1.0,0.9994953
1,1.0,0.99952537
1,1.0,0.9995192
1,1.0,0.9995258
1,1.0,0.99950564
0,0.0,0.0003728687
0,0.0,0.0009647604
1,1.0,0.99951905
0,0.0,0.00013422174
0,0.0,0.00087602966
1,1.0,0.99951875
0,0.0,0.0006493164
0,0.0,0.000635445
0,0.0,0.00060501695
0,0.0,0.0016085106
1,1.0,0.9995258
0,0.0,0.00013429369
0,0.0,0.00036416005
1,1.0,0.9995344
1,1.0,0.9995269
1,1.0,0.9995509
1,1.0,0.9995359
1,1.0,0.9995411
1,1.0,0.9995257
1,1.0,0.99954194
0,0.0,0.0007644082
0,0.0,0.0006505623
1,1.0,0.9995501
0,0.0,0.00059739605
1,1.0,0.9995119
1,1.0,0.9995277
1,1.0,0.99952763
0,0.0,0.0006870675
1,1.0,0.99946976
0,0.0,0.00065892295
0,0.0,0.0004210525
1,1.0,0.99951035
0,0.0,0.0003453852
1,1.0,0.9995359
1,1.0,0.9995226
1,1.0,0.9983095
1,1.0,0.9994978
0,0.0,0.0003704027
1,1.0,0.99952126
0,0.0,0.00041563535
0,0.0,0.00041874635
0,0.0,0.0007753863
1,1.0,0.9995175
0,0.0,0.00072036637
0,0.0,0.00043617527
0,0.0,0.0006946956
0,0.0,0.00034247802
1,1.0,0.9995347
1,1.0,0.9995366
0,0.0,0.0006873584
1,1.0,0.9995465
1,1.0,0.9995345
0,0.0,0.0015155699
1,1.0,0.999496
1,1.0,0.9995244
0,0.0,0.00064930925
1,1.0,0.9995465
0,0.0,0.0006494884
0,0.0,0.00042211253
0,0.0,0.0004176142
1,1.0,0.9988149
0,0.0,0.00041781573
0,0.0,0.00065739464
0,0.0,0.00040397342
0,0.0,0.00043290207
1,1.0,0.9995193
0,0.0,0.00038453378
1,1.0,0.99952203
1,1.0,0.99951476
0,0.0,0.00057345093
1,1.0,0.99949455
0,0.0,0.0003938693
1,1.0,0.999506
1,1.0,0.9995342
0,0.0,0.0006122622
0,0.0,0.00069419696
1,1.0,0.9995095
0,0.0,0.0003424839
1,1.0,0.9995358
1,1.0,0.99952435
1,1.0,0.99953425
0,0.0,0.0006957932
0,0.0,0.00063723925
0,0.0,0.00036054794
0,0.0,0.000695888
1,1.0,0.99953294
0,0.0,0.00042086554
0,0.0,0.0004167935
1,1.0,0.99950075
0,0.0,0.00061228673
1,1.0,0.9995215
0,0.0,0.00064931455
1,1.0,0.99954957
0,0.0,0.0005974017
1,1.0,0.99953467
1,1.0,0.99954396
0,0.0,0.00054706685
0,0.0,0.00045996072
1,1.0,0.99952203
0,0.0,0.00068734033
0,0.0,0.00044811115
1,1.0,0.9995192
0,0.0,0.0003902968
1,1.0,0.99949884
0,0.0,0.00044171774
1,1.0,0.99895126
0,0.0,0.0005488317
1,1.0,0.9995126
0,0.0,0.00024066491
0,0.0,0.0017276921
0,0.0,0.00061226485
1,1.0,0.9995202
0,0.0,0.00044107522
1,1.0,0.99950475
1,1.0,0.99952626
0,0.0,0.0011208705
0,0.0,0.00023065711
1,1.0,0.99954945
1,1.0,0.99953747
1,1.0,0.99951935
1,1.0,0.9995045
0,0.0,0.00071715005
0,0.0,0.0003110073
0,0.0,0.00023079131
0,0.0,0.00059899123
1,1.0,0.9995268
0,0.0,0.0021678188
1,1.0,0.9995071
1,1.0,0.9995462
1,1.0,0.9995522
0,0.0,0.0006323572
1,1.0,0.9995258
0,0.0,0.00063546194
0,0.0,0.00070940575
1,1.0,0.9995259
1,1.0,0.99954957
1,1.0,0.9995053
0,0.0,0.00025303502
1,1.0,0.99654806
1,1.0,0.9995365
1,1.0,0.9995191
0,0.0,0.0005733056
1,1.0,0.9995265
0,0.0,0.000737358
1,1.0,0.9995346
0,0.0,0.0022613634
0,0.0,0.0003900768
0,0.0,0.0006050187
0,0.0,0.0006337675
0,0.0,0.0017339059
1,1.0,0.99949604
1,1.0,0.99952763
0,0.0,0.00023067885
0,0.0,0.0002944317
1,1.0,0.9939793
1,1.0,0.99955934
1,1.0,0.99953824
1,1.0,0.9995382
1,1.0,0.9995343
1,1.0,0.9995356
0,0.0,0.00065892824
1,1.0,0.99953586
1,1.0,0.9995553
1,1.0,0.999537
1,1.0,0.9995359
1,1.0,0.99953485
0,0.0,0.0006588799
1,1.0,0.9959586
0,0.0,0.0038500782
0,0.0,0.0005471089
0,0.0,0.0004204275
0,0.0,0.004325168
1,1.0,0.9995359
1,1.0,0.9995066
0,0.0,0.0006494559
1,1.0,0.99952525
0,0.0,0.0008529624
0,0.0,0.00037287705
1,1.0,0.99955994
1,1.0,0.9995265
1,1.0,0.9995651
0,0.0,0.00023067142
1,1.0,0.9995227
0,0.0,0.00071852887
0,0.0,0.0006987755
0,0.0,0.0009174494
1,1.0,0.99953675
1,1.0,0.9995052
0,0.0,0.00064634014
1,1.0,0.99952537
1,1.0,0.9995286
0,0.0,0.00060499506
0,0.0,0.00068728335
0,0.0,0.0029886814
0,0.0,0.00061331526
1,1.0,0.9995499
0,0.0,0.0006319186
0,0.0,0.00038624532
1,1.0,0.9995492
1,1.0,0.9995248
1,1.0,0.99952614
1,1.0,0.99952173
0,0.0,0.00091135636
1,1.0,0.9995259
0,0.0,0.00063645694
0,0.0,0.0004871633
0,0.0,0.0010316697
0,0.0,0.0006494664
1,1.0,0.9995492
0,0.0,0.00055638416
1,1.0,0.9995369
1,1.0,0.99952835
1,1.0,0.9995272
0,0.0,0.0016172412
0,0.0,0.00033252317
0,0.0,0.00038996892
0,0.0,0.0005792654
1,1.0,0.999536
0,0.0,0.00041986574
1,1.0,0.9995197
1,1.0,0.9995264
1,1.0,0.99950755
0,0.0,0.0008365393
1,1.0,0.9995492
1,1.0,0.9995048
0,0.0,0.0005989975
1,1.0,0.999527
0,0.0,0.00063551776
1,1.0,0.99955964
0,0.0,0.0003294739
0,0.0,0.0018518814
1,1.0,0.9995281
0,0.0,0.0007332811
1,1.0,0.99444586
0,0.0,0.00055527897
0,0.0,0.00063234183
0,0.0,0.00024206178
1,1.0,0.9994019
0,0.0,0.00070579763
0,0.0,0.000646321
0,0.0,0.00087591953
1,1.0,0.9995195
1,1.0,0.99949706
1,1.0,0.9995272
0,0.0,0.0006588827
1,1.0,0.999496
1,1.0,0.99956524
0,0.0,0.0005949569
0,0.0,0.0006493482
0,0.0,0.0005572835
0,0.0,0.0004435031
1,1.0,0.99431086
0,0.0,0.0006406384
1,1.0,0.9995346
0,0.0,0.0005416013
0,0.0,0.0003412604
0,0.0,0.00042231882
1,1.0,0.9995512
1,1.0,0.9995201
0,0.0,0.0003660028
1,1.0,0.9995358
1,1.0,0.9995224
1,1.0,0.99951476
1,1.0,0.9995199
1,1.0,0.99950486
1,1.0,0.99950695
0,0.0,0.0006400416
1,1.0,0.99955094
1,1.0,0.999536
1,1.0,0.99952567
0,0.0,0.0007345897
0,0.0,0.00030135352
0,0.0,0.0004418091
0,0.0,0.0006802639
1,1.0,0.9994961
1,1.0,0.99953663
0,0.0,0.00071405026
1,1.0,0.99949604
0,0.0,0.00044354898
0,0.0,0.00038869889
0,0.0,0.00064938137
1,1.0,0.9995218
1,1.0,0.9993963
0,0.0,0.00023068018
1,1.0,0.9995219
1,1.0,0.99953604
1,1.0,0.9995356
0,0.0,0.0043296264
1,1.0,0.9995379
0,0.0,0.00024742295
0,0.0,0.00031603896
1,1.0,0.99950594
1,1.0,0.9994947
1,1.0,0.99953455
1,1.0,0.9995047
0,0.0,0.00063736324
1,1.0,0.9995345
1,1.0,0.9995339
1,1.0,0.9995365
1,1.0,0.99949443
0,0.0,0.00063957076
0,0.0,0.000597427
0,0.0,0.0034191632
0,0.0,0.0020234038
0,0.0,0.0007566723
1,1.0,0.9995577
1,1.0,0.99950844
0,0.0,0.00216926
1,1.0,0.99953866
0,0.0,0.0004217232
0,0.0,0.001778212
1,1.0,0.9994966
0,0.0,0.00031599676
0,0.0,0.00087597367
1,1.0,0.99949497
1,1.0,0.9995255
0,0.0,0.0006323684
0,0.0,0.00058879424
1,1.0,0.9995363
1,1.0,0.99953717
0,0.0,0.0008365589
1,1.0,0.9995271
1,1.0,0.99954367
1,1.0,0.99952024
1,1.0,0.9995191
1,1.0,0.9995497
1,1.0,0.9995393
1,1.0,0.99951935
0,0.0,0.0006401401
0,0.0,0.000658873
1,1.0,0.9995281
0,0.0,0.00055929896
0,0.0,0.0021652218
1,1.0,0.99953526
0,0.0,0.00023016873
0,0.0,0.00063235994
0,0.0,0.0015279688
0,0.0,0.0006463551
1,1.0,0.99955106
0,0.0,0.0004434614
0,0.0,0.00013414524
0,0.0,0.0005103783
1,1.0,0.9995371
0,0.0,0.0015848858
1,1.0,0.9995504
0,0.0,0.00037511537
0,0.0,0.0013269434
1,1.0,0.99953496
1,1.0,0.9995069
0,0.0,0.0007668491
1,1.0,0.99953973
0,0.0,0.00039548505
0,0.0,0.0006467764
0,0.0,0.00044346502
1,1.0,0.9995263
1,1.0,0.9995375
0,0.0,0.0007653551
0,0.0,0.00042761263
0,0.0,0.0040233056
0,0.0,0.0002752366
0,0.0,0.0007656738
1,1.0,0.9995226
0,0.0,0.00055047544
1,1.0,0.9995259
1,1.0,0.9995098
0,0.0,0.00059632485
1,1.0,0.99953616
1,1.0,0.9995505
1,1.0,0.999519
1,1.0,0.9994972
1,1.0,0.9995194
1,1.0,0.99953556
0,0.0,0.0004295586
0,0.0,0.00063543586
1,1.0,0.9995443
1,1.0,0.9995343
0,0.0,0.0006337551
1,1.0,0.99952626
0,0.0,0.0004445316
1,1.0,0.9995295
0,0.0,0.00064632227
0,0.0,0.00070360466
0,0.0,0.00065056107
0,0.0,0.00034000108
0,0.0,0.000703193
0,0.0,0.00024741207
0,0.0,0.0016792621
0,0.0,0.00063548016
1,1.0,0.99921256
0,0.0,0.0003605691
1,1.0,0.9995495
1,1.0,0.9995346
0,0.0,0.0022588517
0,0.0,0.00035413154
1,1.0,0.99951816
0,0.0,0.00039042762
0,0.0,0.00064674893
0,0.0,0.0015058124
0,0.0,0.000543997
0,0.0,0.00055774074
1,1.0,0.9995504
0,0.0,0.00053865265
1,1.0,0.9995512
0,0.0,0.0006411172
1,1.0,0.9995491
0,0.0,0.00059739634
1,1.0,0.99953425
1,1.0,0.9995265
1,1.0,0.9995251
1,1.0,0.99951583
0,0.0,0.0009107505
0,0.0,0.00042105632
0,0.0,0.0005903561
0,0.0,0.0003331276
1,1.0,0.99954987
1,1.0,0.9994944
0,0.0,0.00042760122
1,1.0,0.9995266
0,0.0,0.00023065359
1,1.0,0.99952626
1,1.0,0.9995427
0,0.0,0.0007614314
1,1.0,0.9995078
0,0.0,0.0007523312
0,0.0,0.00032946072
0,0.0,0.00039040955
1,1.0,0.9990197
1,1.0,0.9995495
0,0.0,0.0006493195
1,1.0,0.9995203
1,1.0,0.9995261
0,0.0,0.0006873305
0,0.0,0.0002474267
0,0.0,0.000694234
1,1.0,0.9995047
1,1.0,0.99954224
0,0.0,0.00064633985
1,1.0,0.99950475
0,0.0,0.00031854454
0,0.0,0.00057433924
1,1.0,0.9995257
0,0.0,0.00078440615
0,0.0,0.00077360426
0,0.0,0.0005732053
1,1.0,0.99953735
0,0.0,0.00045311314
0,0.0,0.000647878
0,0.0,0.00063556765
1,1.0,0.99949706
0,0.0,0.0002613769
0,0.0,0.0006467369
0,0.0,0.00063712755
0,0.0,0.00066503533
1,1.0,0.99949706
0,0.0,0.000635478
0,0.0,0.0021621243
0,0.0,0.00093283376
1,1.0,0.99952626
1,1.0,0.99950767
0,0.0,0.0006049852
0,0.0,0.006185769
0,0.0,0.00034539064
0,0.0,0.00063737715
0,0.0,0.00043246223
1,1.0,0.9995242
1,1.0,0.9995659
1,1.0,0.9995066
1,1.0,0.9995517
1,1.0,0.999507
0,0.0,0.0003779873
0,0.0,0.00030516472
0,0.0,0.0006959437
1,1.0,0.9964071
1,1.0,0.999504
0,0.0,0.000900366
1,1.0,0.9994998
1,1.0,0.9995381
0,0.0,0.00013412375
1,1.0,0.9995369
1,1.0,0.99952734
0,0.0,0.00044446782
1,1.0,0.9995243
1,1.0,0.99949574
1,1.0,0.9995359
1,1.0,0.99953705
1,1.0,0.99950475
0,0.0,0.0006467418
0,0.0,0.00043240367
0,0.0,0.0006479032
1,1.0,0.9995244
0,0.0,0.0005474957
0,0.0,0.00073008897
1,1.0,0.99953467
0,0.0,0.00057399063
0,0.0,0.00064005586
1,1.0,0.9995284
1,1.0,0.99953634
0,0.0,0.00023066635
0,0.0,0.00070339645
1,1.0,0.9995189
1,1.0,0.99953675
0,0.0,0.0007083725
0,0.0,0.00029794424
1,1.0,0.9995379
1,1.0,0.9995651
1,1.0,0.9995389
0,0.0,0.0022571026
1,1.0,0.999498
0,0.0,0.0006958963
1,1.0,0.9995252
0,0.0,0.0003775606
0,0.0,0.0010292757
0,0.0,0.00063738687
1,1.0,0.99955
0,0.0,0.00054349576
1,1.0,0.9995496
1,1.0,0.9995494
0,0.0,0.0016001376
0,0.0,0.00031604862
0,0.0,0.00038595026
0,0.0,0.002255718
1,1.0,0.9995359
0,0.0,0.0007083002
1,1.0,0.9995601
1,1.0,0.9995053
1,1.0,0.99950147
0,0.0,0.0006379518
1,1.0,0.9995346
0,0.0,0.0022576633
1,1.0,0.99951965
0,0.0,0.00063376874
0,0.0,0.0006588962
1,1.0,0.9995144
0,0.0,0.00029926634
1,1.0,0.99952567
1,1.0,0.9995356
1,1.0,0.9995376
0,0.0,0.00064950204
1,1.0,0.99954945
1,1.0,0.99949515
0,0.0,0.0016081991
0,0.0,0.00036846264
1,1.0,0.99646175
0,0.0,0.0005927003
1,1.0,0.99953896
1,1.0,0.9995507
0,0.0,0.0007845
1,1.0,0.99952537
1,1.0,0.99953735
1,1.0,0.9995492
1,1.0,0.99953455
0,0.0,0.00054400734
0,0.0,0.0003351271
0,0.0,0.0006546487
1,1.0,0.99949473
0,0.0,0.0005747785
0,0.0,0.0003607826
1,1.0,0.9995191
0,0.0,0.00076515053
0,0.0,0.0004259209
1,1.0,0.9995497
0,0.0,0.00023065909
1,1.0,0.9995425
1,1.0,0.99952394
0,0.0,0.00077353785
1,1.0,0.9995057
0,0.0,0.000635527
1,1.0,0.9995243
0,0.0,0.0004197881
1,1.0,0.9995508
1,1.0,0.999506
0,0.0,0.00071908376
1,1.0,0.99954975
1,1.0,0.99952775
0,0.0,0.0007536128
0,0.0,0.00042201552
1,1.0,0.9995511
0,0.0,0.0007190145
0,0.0,0.0006942406
1,1.0,0.99952805
0,0.0,0.0008757221
1,1.0,0.9995053
1,1.0,0.99953663
1,1.0,0.9995346
0,0.0,0.00033398301
1,1.0,0.999522
0,0.0,0.0007712914
1,1.0,0.99954116
1,1.0,0.9995433
0,0.0,0.0007566416
1,1.0,0.9995347
0,0.0,0.00042126293
1,1.0,0.999497
1,1.0,0.99952245
1,1.0,0.99954975
1,1.0,0.9995378
0,0.0,0.0006323825
0,0.0,0.00064589054
1,1.0,0.99954915
0,0.0,0.0005039098
0,0.0,0.0009106559
0,0.0,0.00065888674
1,1.0,0.99953675
1,1.0,0.9995277
0,0.0,0.0006462991
0,0.0,0.00042268733
0,0.0,0.00064899615
0,0.0,0.0005701195
1,1.0,0.9995353
1,1.0,0.9995189
0,0.0,0.0006189364
1,1.0,0.9994945
0,0.0,0.0005710679
1,1.0,0.9994942
1,1.0,0.99936634
1,1.0,0.9995344
1,1.0,0.99950695
0,0.0,0.0004227415
1,1.0,0.9995359
1,1.0,0.99954474
0,0.0,0.0004178625
0,0.0,0.00042171314
1,1.0,0.9994956
1,1.0,0.99951947
1,1.0,0.9995378
0,0.0,0.0047913115
1,1.0,0.9995367
1,1.0,0.9995277
0,0.0,0.00013415546
1,1.0,0.9995359
0,0.0,0.00033846652
0,0.0,0.0046137176
1,1.0,0.99954593
0,0.0,0.0017346949
0,0.0,0.0006209047
0,0.0,0.00023031408
1,1.0,0.99955577
1,1.0,0.9995285
1,1.0,0.99952656
0,0.0,0.0006323557
1,1.0,0.9995511
1,1.0,0.99953955
1,1.0,0.99953693
1,1.0,0.9994983
1,1.0,0.9995368
0,0.0,0.0007535931
0,0.0,0.0006985139
0,0.0,0.00055884913
0,0.0,0.00023067821
1,1.0,0.99952924
0,0.0,0.0018235946
0,0.0,0.00040303273
0,0.0,0.00057333295
0,0.0,0.00025301834
1,1.0,0.99953765
0,0.0,0.0006588705
1,1.0,0.9995465
0,0.0,0.00042093717
1,1.0,0.9995514
0,0.0,0.0006495023
1,1.0,0.99953824
1,1.0,0.9995363
1,1.0,0.9995266
1,1.0,0.9995209
1,1.0,0.9994962
0,0.0,0.0006371603
1,1.0,0.99951583
1,1.0,0.9995056
1,1.0,0.9995261
1,1.0,0.99952686
0,0.0,0.00070321246
0,0.0,0.00060292333
1,1.0,0.9995258
1,1.0,0.9995247
1,1.0,0.9995049
1,1.0,0.9995277
0,0.0,0.0007139539
1,1.0,0.9995302
0,0.0,0.00013449232
1,1.0,0.99955183
0,0.0,0.0006870388
1,1.0,0.99953926
0,0.0,0.0007623608
1,1.0,0.9995327
1,1.0,0.9995357
0,0.0,0.00069300353
1,1.0,0.99953544
0,0.0,0.00058088946
0,0.0,0.0016850716
1,1.0,0.99953187
0,0.0,0.00031098354
0,0.0,0.0005760305
1,1.0,0.9945971
0,0.0,0.00064788625
1,1.0,0.9995348
1,1.0,0.9994947
0,0.0,0.00063650234
0,0.0,0.00065054646
0,0.0,0.00065840123
0,0.0,0.004051674
1,1.0,0.99952567
1,1.0,0.99923193
0,0.0,0.0006122812
1,1.0,0.99949557
1,1.0,0.9995377
0,0.0,0.0009003793
0,0.0,0.00041971228
0,0.0,0.00064014376
0,0.0,0.00074968603
0,0.0,0.0003339814
1,1.0,0.9994947
1,1.0,0.999497
0,0.0,0.0010541662
1,1.0,0.999524
1,1.0,0.999524
1,1.0,0.99953693
1,1.0,0.99451905
0,0.0,0.00043297902
0,0.0,0.000597402
0,0.0,0.00064634875
1,1.0,0.99952745
0,0.0,0.00057593914
0,0.0,0.00044362
1,1.0,0.999536
0,0.0,0.00041950264
0,0.0,0.00063058984
1,1.0,0.99950784
0,0.0,0.00081781275
1,1.0,0.9995409
1,1.0,0.9995277
1,1.0,0.9995302
1,1.0,0.9995199
1,1.0,0.999495
0,0.0,0.00042060763
1,1.0,0.99950475
1,1.0,0.99951965
0,0.0,0.0007634952
0,0.0,0.00033443098
0,0.0,0.00048597343
1,1.0,0.9995374
0,0.0,0.0007216413
1,1.0,0.9994942
1,1.0,0.9995075
1,1.0,0.99951
1,1.0,0.99953455
0,0.0,0.00060501293
1,1.0,0.9995253
1,1.0,0.9995231
1,1.0,0.9995164
0,0.0,0.0005470393
0,0.0,0.0006588905
0,0.0,0.0004197629
0,0.0,0.00069628237
1,1.0,0.99949527
1,1.0,0.9995359
1,1.0,0.9995266
1,1.0,0.9995241
0,0.0,0.00061839126
0,0.0,0.00079550734
1,1.0,0.9994947
1,1.0,0.99952394
0,0.0,0.00055528583
1,1.0,0.99952435
0,0.0,0.0006050132
1,1.0,0.9994973
1,1.0,0.9995265
0,0.0,0.00073908514
0,0.0,0.00065610086
1,1.0,0.999551
0,0.0,0.0007535431
1,1.0,0.9995191
1,1.0,0.99950784
0,0.0,0.0002306393
0,0.0,0.00033247937
0,0.0,0.0014366572
1,1.0,0.9995065
0,0.0,0.0022872798
0,0.0,0.00013412502
1,1.0,0.99954945
1,1.0,0.9995309
0,0.0,0.0007948405
0,0.0,0.0006355358
1,1.0,0.9990718
1,1.0,0.9995359
1,1.0,0.9995373
1,1.0,0.99952126
1,1.0,0.9995387
1,1.0,0.9992803
0,0.0,0.0022565746
1,1.0,0.9995312
1,1.0,0.99953824
1,1.0,0.99950826
0,0.0,0.00059428846
0,0.0,0.00063750416
1,1.0,0.99954146
0,0.0,0.0006221221
0,0.0,0.00039899166
1,1.0,0.99952686
1,1.0,0.9995291
0,0.0,0.00041878904
1,1.0,0.99949557
0,0.0,0.0010191756
1,1.0,0.999524
0,0.0,0.0004256402
0,0.0,0.0006959474
0,0.0,0.00033312666
1,1.0,0.9994952
0,0.0,0.00054708566
1,1.0,0.99949515
0,0.0,0.00059310975
1,1.0,0.9995273
0,0.0,0.0005943496
1,1.0,0.99956346
0,0.0,0.0006355005
0,0.0,0.0006547466
0,0.0,0.00057365483
0,0.0,0.00064789
0,0.0,0.00022915445
1,1.0,0.99955714
0,0.0,0.00024206039
0,0.0,0.00064585614
1,1.0,0.99953544
1,1.0,0.9994947
1,1.0,0.9995491
0,0.0,0.0004194277
0,0.0,0.0016505456
0,0.0,0.0006731597
0,0.0,0.0006401511
0,0.0,0.0006400461
1,1.0,0.9995048
0,0.0,0.0005953781
0,0.0,0.0016960363
1,1.0,0.9995204
0,0.0,0.0008540448
0,0.0,0.0002969942
0,0.0,0.0017640666
1,1.0,0.9995077
1,1.0,0.99953616
0,0.0,0.00033836922
0,0.0,0.000606035
1,1.0,0.9995221
1,1.0,0.9995218
0,0.0,0.0009101836
0,0.0,0.00028341575
1,1.0,0.9995201
0,0.0,0.0006050349
1,1.0,0.9995187
1,1.0,0.9995556
0,0.0,0.00041964304
0,0.0,0.0004183637
0,0.0,0.0005380479
1,1.0,0.9995341
1,1.0,0.9995348
1,1.0,0.9995425
0,0.0,0.0006493127
1,1.0,0.9995496
0,0.0,0.0008017905
1,1.0,0.99952674
1,1.0,0.9995277
0,0.0,0.00074727676
0,0.0,0.00042271073
1,1.0,0.9995359
0,0.0,0.00265951
1,1.0,0.9995341
1,1.0,0.99953467
1,1.0,0.99954945
0,0.0,0.00061870314
0,0.0,0.00061862794
0,0.0,0.0003357017
0,0.0,0.00068703975
1,1.0,0.9995346
0,0.0,0.00076350255
1,1.0,0.9995219
1,1.0,0.99952483
1,1.0,0.9950422
1,1.0,0.9995383
0,0.0,0.00065887865
1,1.0,0.99953663
1,1.0,0.99952674
1,1.0,0.99953747
1,1.0,0.9995496
0,0.0,0.0006870021
0,0.0,0.001877883
1,1.0,0.9995253
1,1.0,0.99860686
0,0.0,0.00013387701
1,1.0,0.99952674
1,1.0,0.99953896
0,0.0,0.0006030273
0,0.0,0.0006410932
0,0.0,0.00023031166
0,0.0,0.0006354862
0,0.0,0.00023066746
1,1.0,0.99951106
1,1.0,0.9993907
1,1.0,0.9995364
1,1.0,0.999521
1,1.0,0.9995357
1,1.0,0.99953437
1,1.0,0.99955916
0,0.0,0.0016640999
0,0.0,0.00013421892
1,1.0,0.9995338
0,0.0,0.000306246
1,1.0,0.99950516
0,0.0,0.00063379743
0,0.0,0.0007502193
0,0.0,0.00063738046
1,1.0,0.99953437
1,1.0,0.9995504
0,0.0,0.0005470666
0,0.0,0.0006547285
0,0.0,0.0006122704
0,0.0,0.0016845815
0,0.0,0.00070939324
1,1.0,0.99949485
0,0.0,0.002161067
1,1.0,0.9995065
1,1.0,0.999548
1,1.0,0.9995495
1,1.0,0.99952394
1,1.0,0.9995465
0,0.0,0.0007229929
1,1.0,0.9994952
0,0.0,0.0005749458
1,1.0,0.9995259
0,0.0,0.0004408558
1,1.0,0.9995362
0,0.0,0.00065882714
1,1.0,0.9995356
0,0.0,0.00038610428
1,1.0,0.99952555
0,0.0,0.0007189584
1,1.0,0.9995343
0,0.0,0.0009105001
1,1.0,0.9995246
0,0.0,0.0005974304
0,0.0,0.00038943585
1,1.0,0.9995263
1,1.0,0.999536
0,0.0,0.00040300196
0,0.0,0.0002299165
0,0.0,0.00041807862
1,1.0,0.99952096
0,0.0,0.00071887404
1,1.0,0.99953425
1,1.0,0.9994952
1,1.0,0.99954945
0,0.0,0.00055722106
0,0.0,0.00096312386
1,1.0,0.9995343
0,0.0,0.00081005297
1,1.0,0.99949425
1,1.0,0.99949735
0,0.0,0.00023066635
1,1.0,0.99952215
0,0.0,0.001341599
0,0.0,0.0037031798
0,0.0,0.00036143293
0,0.0,0.000633782
1,1.0,0.9995267
0,0.0,0.00013388097
1,1.0,0.9995194
1,1.0,0.9995346
1,1.0,0.9995264
0,0.0,0.0007656888
0,0.0,0.00023065096
1,1.0,0.9995351
1,1.0,0.99955213
1,1.0,0.99949735
1,1.0,0.9995509
0,0.0,0.00031098057
1,1.0,0.999529
0,0.0,0.00060302095
0,0.0,0.00039904032
0,0.0,0.0003823522
1,1.0,0.99952674
1,1.0,0.9994947
0,0.0,0.00023067009
1,1.0,0.9995258
1,1.0,0.9995199
1,1.0,0.99955094
1,1.0,0.99955165
1,1.0,0.9995234
1,1.0,0.9995362
0,0.0,0.000636463
1,1.0,0.9995194
1,1.0,0.9995359
1,1.0,0.99952424
0,0.0,0.00063239003
1,1.0,0.99952435
1,1.0,0.999551
1,1.0,0.9995346
1,1.0,0.99953526
1,1.0,0.9995264
1,1.0,0.99951893
0,0.0,0.00031084544
0,0.0,0.00064633554
0,0.0,0.00076370855
1,1.0,0.999498
0,0.0,0.0010191847
0,0.0,0.00013416556
0,0.0,0.0007679793
1,1.0,0.9995278
0,0.0,0.0005440354
0,0.0,0.000612414
1,1.0,0.99953264
0,0.0,0.0038063182
0,0.0,0.00038864202
1,1.0,0.9995352
1,1.0,0.9994955
0,0.0,0.00042263514
0,0.0,0.0004943836
1,1.0,0.9995345
1,1.0,0.99950486
1,1.0,0.99953055
1,1.0,0.99953556
1,1.0,0.9995358
0,0.0,0.00054408197
1,1.0,0.9995177
1,1.0,0.9995264
0,0.0,0.00061227416
1,1.0,0.99952656
1,1.0,0.99952555
1,1.0,0.9995256
1,1.0,0.9991674
0,0.0,0.00024711224
1,1.0,0.99953634
0,0.0,0.00067360647
0,0.0,0.0007706203
1,1.0,0.9995293
1,1.0,0.9995242
0,0.0,0.0011667645
1,1.0,0.999541
0,0.0,0.0006493127
1,1.0,0.9995498
0,0.0,0.0006351565
1,1.0,0.99953485
0,0.0,0.00059007393
0,0.0,0.0006202881
1,1.0,0.99954927
0,0.0,0.0009978276
0,0.0,0.00013377632
0,0.0,0.00054408406
1,1.0,0.9992802
0,0.0,0.0006962018
1,1.0,0.99949867
0,0.0,0.0007358842
0,0.0,0.0050867368
1,1.0,0.99949515
1,1.0,0.9995196
1,1.0,0.999506
1,1.0,0.9995292
0,0.0,0.0022588861
0,0.0,0.00059738295
1,1.0,0.9995193
0,0.0,0.0004027969
1,1.0,0.9995359
1,1.0,0.99954367
1,1.0,0.9995498
1,1.0,0.99953777
0,0.0,0.0006479084
0,0.0,0.0005990375
0,0.0,0.0006991253
1,1.0,0.99954164
0,0.0,0.00093351124
1,1.0,0.99949425
1,1.0,0.9995495
0,0.0,0.00033279523
0,0.0,0.00062586315
0,0.0,0.00039388076
1,1.0,0.9995366
0,0.0,0.00044120304
0,0.0,0.00065839087
1,1.0,0.9995409
1,1.0,0.99953824
0,0.0,0.00044019127
1,1.0,0.9995264
1,1.0,0.9995346
1,1.0,0.9995291
0,0.0,0.0003357019
1,1.0,0.99953496
1,1.0,0.99955565
0,0.0,0.0005440198
1,1.0,0.99952537
0,0.0,0.0007553272
0,0.0,0.0007156743
0,0.0,0.00023066878
0,0.0,0.00036055964
0,0.0,0.0007634637
1,1.0,0.99952704
1,1.0,0.999536
1,1.0,0.999497
1,1.0,0.9995229
1,1.0,0.9995345
1,1.0,0.99952865
1,1.0,0.9995351
1,1.0,0.99953467
0,0.0,0.00374967
1,1.0,0.9995219
1,1.0,0.99955213
0,0.0,0.00044326152
0,0.0,0.00083612767
0,0.0,0.00064930186
1,1.0,0.9995193
0,0.0,0.00062222936
0,0.0,0.00041747492
0,0.0,0.00013408333
1,1.0,0.9949364
0,0.0,0.00064931734
0,0.0,0.00041699287
1,1.0,0.9995367
0,0.0,0.00038994648
0,0.0,0.002169955
0,0.0,0.0001344872
0,0.0,0.00013408985
1,1.0,0.99950635
0,0.0,0.0007093929
0,0.0,0.0007863655
1,1.0,0.99954915
1,1.0,0.9995359
0,0.0,0.00042013658
0,0.0,0.00041031232
0,0.0,0.000612254
1,1.0,0.9995349
1,1.0,0.9995069
1,1.0,0.9995255
0,0.0,0.00068483216
1,1.0,0.99955165
0,0.0,0.00061844726
1,1.0,0.9995376
1,1.0,0.99952465
1,1.0,0.9995364
0,0.0,0.0006323867
0,0.0,0.0006364211
0,0.0,0.0012246502
0,0.0,0.00068964175
1,1.0,0.999398
1,1.0,0.999497
1,1.0,0.99955004
0,0.0,0.0006462877
0,0.0,0.0009103991
1,1.0,0.9995195
1,1.0,0.9994952
0,0.0,0.0005687607
1,1.0,0.99952865
1,1.0,0.9995503
1,1.0,0.9995082
1,1.0,0.9995494
1,1.0,0.99953717
0,0.0,0.0003324978
0,0.0,0.00038394
0,0.0,0.00013420114
0,0.0,0.00077215186
0,0.0,0.00077215774
0,0.0,0.0005741959
1,1.0,0.9995277
0,0.0,0.0004417266
1,1.0,0.9995356
0,0.0,0.0005932864
1,1.0,0.9995522
0,0.0,0.000646313
1,1.0,0.9995045
1,1.0,0.9995245
0,0.0,0.013944892
0,0.0,0.0006756593
0,0.0,0.00013389514
1,1.0,0.9995257
1,1.0,0.99952585
0,0.0,0.0003399241
1,1.0,0.99949473
0,0.0,0.0003201991
1,1.0,0.9995263
0,0.0,0.00037546759
1,1.0,0.99953586
1,1.0,0.99952656
0,0.0,0.00067436084
1,1.0,0.99951994
0,0.0,0.0004367318
0,0.0,0.0015603112
0,0.0,0.00063234544
1,1.0,0.999535
1,1.0,0.99950427
0,0.0,0.00078499876
1,1.0,0.99951947
1,1.0,0.99952
0,0.0,0.00060300267
1,1.0,0.9994966
0,0.0,0.00075237465
0,0.0,0.00044352064
1,1.0,0.9995494
1,1.0,0.9995354
0,0.0,0.0006598612
1,1.0,0.9995531
0,0.0,0.0004169654
1,1.0,0.9995359
0,0.0,0.00036049366
0,0.0,0.0006808437
0,0.0,0.0010316721
1,1.0,0.9995359
1,1.0,0.99953645
1,1.0,0.9995559
0,0.0,0.0003424896
0,0.0,0.000388637
0,0.0,0.00063514715
0,0.0,0.0020200373
1,1.0,0.9995245
1,1.0,0.9995368
1,1.0,0.9995493
0,0.0,0.00044418912
1,1.0,0.9995357
0,0.0,0.000708334
1,1.0,0.99949473
0,0.0,0.0006496964
0,0.0,0.0001341098
1,1.0,0.9994986
1,1.0,0.9995247
0,0.0,0.00064947974
1,1.0,0.9995453
0,0.0,0.00064011995
1,1.0,0.9995495
1,1.0,0.9995057
0,0.0,0.0006400785
1,1.0,0.9995276
1,1.0,0.99955195
0,0.0,0.00078659964
1,1.0,0.9995271
0,0.0,0.00067001913
0,0.0,0.0006478696
0,0.0,0.00074800523
1,1.0,0.9995082
1,1.0,0.9995255
0,0.0,0.000594983
0,0.0,0.00044356988
1,1.0,0.99949574
1,1.0,0.9995517
1,1.0,0.9995214
0,0.0,0.0021676216
1,1.0,0.99952763
1,1.0,0.99951994
0,0.0,0.0006943607
0,0.0,0.0006337796
1,1.0,0.99949586
0,0.0,0.00059738866
0,0.0,0.0007360529
0,0.0,0.00029722476
1,1.0,0.9994958
1,1.0,0.99954957
0,0.0,0.0006354762
1,1.0,0.99863076
0,0.0,0.00038998065
0,0.0,0.00069628336
1,1.0,0.99879026
1,1.0,0.99952686
1,1.0,0.9995472
1,1.0,0.9995495
0,0.0,0.00032477043
0,0.0,0.00041817813
0,0.0,0.00059320644
0,0.0,0.00064694596
0,0.0,0.0005701735
1,1.0,0.9995273
1,1.0,0.9995193
0,0.0,0.00041780813
1,1.0,0.9995502
0,0.0,0.0003605648
0,0.0,0.0004177844
1,1.0,0.9995495
0,0.0,0.00042803516
0,0.0,0.0004258285
1,1.0,0.9995266
0,0.0,0.0006463149
0,0.0,0.0016920705
0,0.0,0.0007567306
1,1.0,0.9995369
1,1.0,0.99950653
1,1.0,0.9994954
1,1.0,0.9995056
1,1.0,0.99953413
0,0.0,0.0003895554
1,1.0,0.99954516
0,0.0,0.00025316628
1,1.0,0.99955183
1,1.0,0.9995285
0,0.0,0.000574085
0,0.0,0.00074441446
1,1.0,0.99952567
1,1.0,0.9995209
1,1.0,0.99953634
0,0.0,0.00063239905
1,1.0,0.99955577
1,1.0,0.9995423
0,0.0,0.0008364385
0,0.0,0.00061795994
1,1.0,0.99952453
0,0.0,0.00031602147
1,1.0,0.9995358
0,0.0,0.00037690531
0,0.0,0.00064934633
0,0.0,0.0022605052
1,1.0,0.99950784
0,0.0,0.00041982593
0,0.0,0.0006049858
1,1.0,0.9995087
1,1.0,0.9995189
0,0.0,0.0003088156
0,0.0,0.000900427
0,0.0,0.00069587515
0,0.0,0.0006493195
1,1.0,0.9995411
1,1.0,0.999527
0,0.0,0.0006283982
1,1.0,0.9995363
1,1.0,0.99949723
1,1.0,0.99951446
0,0.0,0.00064053945
1,1.0,0.9995152
1,1.0,0.9995493
1,1.0,0.9994966
1,1.0,0.9995053
0,0.0,0.0044009546
0,0.0,0.0017536058
1,1.0,0.9995341
0,0.0,0.0006337872
1,1.0,0.9994991
0,0.0,0.0007095549
0,0.0,0.0005710679
0,0.0,0.0004435367
0,0.0,0.00054753345
1,1.0,0.9995472
1,1.0,0.99953634
0,0.0,0.005901466
1,1.0,0.9995281
1,1.0,0.999521
1,1.0,0.9994978
1,1.0,0.9995291
1,1.0,0.999367
1,1.0,0.9995047
0,0.0,0.00037250397
0,0.0,0.00039434002
1,1.0,0.99953866
1,1.0,0.9995211
1,1.0,0.9995288
1,1.0,0.99949515
0,0.0,0.002162997
1,1.0,0.9995317
1,1.0,0.9995205
0,0.0,0.00059905864
1,1.0,0.9995195
1,1.0,0.9995342
1,1.0,0.9995356
0,0.0,0.000593582
0,0.0,0.00056585437
0,0.0,0.00057465496
0,0.0,0.0006373614
0,0.0,0.00057471165
1,1.0,0.99953514
1,1.0,0.99952656
1,1.0,0.9995373
1,1.0,0.9995256
1,1.0,0.9995494
0,0.0,0.00090588577
0,0.0,0.00090036774
0,0.0,0.0007571803
1,1.0,0.99952567
1,1.0,0.9995377
1,1.0,0.99952096
0,0.0,0.000425538
0,0.0,0.00067791296
1,1.0,0.99952984
0,0.0,0.0007657063
0,0.0,0.0005937763
0,0.0,0.0014811598
0,0.0,0.004793975
1,1.0,0.9995344
1,1.0,0.99952537
1,1.0,0.9995278
1,1.0,0.999525
1,1.0,0.9995498
1,1.0,0.9995359
0,0.0,0.00013418257
0,0.0,0.0043030065
0,0.0,0.0006460362
0,0.0,0.0006354853
1,1.0,0.99953485
1,1.0,0.9995358
1,1.0,0.99949527
0,0.0,0.00042093394
1,1.0,0.9995366
1,1.0,0.99953485
0,0.0,0.0005441056
1,1.0,0.9995284
1,1.0,0.9995066
1,1.0,0.99953455
0,0.0,0.0017285353
0,0.0,0.00059739663
0,0.0,0.00049597915
1,1.0,0.999526
1,1.0,0.99952924
0,0.0,0.00087591406
1,1.0,0.99949706
0,0.0,0.00057513657
1,1.0,0.9995362
1,1.0,0.9995214
0,0.0,0.00076377107
1,1.0,0.99949497
0,0.0,0.0016940191
1,1.0,0.9995258
1,1.0,0.99950486
1,1.0,0.99955183
1,1.0,0.9994948
0,0.0,0.00064111
1,1.0,0.9995206
1,1.0,0.9995047
1,1.0,0.99954027
0,0.0,0.0007084001
0,0.0,0.0006049852
0,0.0,0.00059457426
0,0.0,0.00042077448
1,1.0,0.9995376
0,0.0,0.00042230208
0,0.0,0.0005718861
1,1.0,0.9994947
0,0.0,0.0005498443
1,1.0,0.99950516
1,1.0,0.9995194
1,1.0,0.9995523
0,0.0,0.0006870663
0,0.0,0.00069664745
0,0.0,0.00044299624
1,1.0,0.99953485
0,0.0,0.0004271374
0,0.0,0.0007096008
1,1.0,0.9995269
0,0.0,0.00061700953
0,0.0,0.00069607503
0,0.0,0.00063738594
0,0.0,0.00034536872
1,1.0,0.999536
1,1.0,0.99949473
1,1.0,0.9995198
0,0.0,0.00053726614
1,1.0,0.9995242
0,0.0,0.00063374784
1,1.0,0.9995084
0,0.0,0.0004194155
0,0.0,0.000900436
1,1.0,0.9994979
0,0.0,0.00064007024
0,0.0,0.0022582242
1,1.0,0.9995369
0,0.0,0.0034698707
0,0.0,0.0005372467
1,1.0,0.999505
0,0.0,0.00091215206
0,0.0,0.0009014146
0,0.0,0.0005742038
1,1.0,0.9995245
0,0.0,0.00065563177
1,1.0,0.9995048
1,1.0,0.9995258
1,1.0,0.9995192
1,1.0,0.99613
1,1.0,0.99953586
0,0.0,0.00013386387
0,0.0,0.00063239876
0,0.0,0.00076808396
1,1.0,0.99952114
1,1.0,0.99949473
1,1.0,0.9995223
0,0.0,0.00054452877
1,1.0,0.99953
1,1.0,0.9994979
1,1.0,0.9994973
1,1.0,0.9995272
1,1.0,0.99952036
0,0.0,0.0006832871
1,1.0,0.9995495
1,1.0,0.99945974
0,0.0,0.00061828573
1,1.0,0.99952567
1,1.0,0.9993923
1,1.0,0.99951947
0,0.0,0.00023085292
1,1.0,0.9995362
1,1.0,0.99950933
0,0.0,0.00034537943
0,0.0,0.00013381867
1,1.0,0.9995228
1,1.0,0.9995549
1,1.0,0.99953234
1,1.0,0.99936223
0,0.0,0.00059575465
1,1.0,0.9967739
1,1.0,0.9994942
0,0.0,0.00013382608
0,0.0,0.00044353268
0,0.0,0.00040420433
0,0.0,0.001853235
1,1.0,0.9995368
1,1.0,0.99951744
0,0.0,0.00025502028
0,0.0,0.00038032807
0,0.0,0.00057306903
1,1.0,0.9993906
1,1.0,0.9995365
0,0.0,0.00062243367
1,1.0,0.9995367
0,0.0,0.0006467752
1,1.0,0.9994966
0,0.0,0.0005932005
1,1.0,0.99952465
0,0.0,0.00023065448
0,0.0,0.00042167172
1,1.0,0.9995262
0,0.0,0.00039901165
1,1.0,0.99950814
1,1.0,0.9995499
0,0.0,0.0008198602
1,1.0,0.99949473
0,0.0,0.00043745866
0,0.0,0.00087560737
0,0.0,0.0005933752
0,0.0,0.0005504597
0,0.0,0.0005753189
0,0.0,0.0005940764
1,1.0,0.99933183
0,0.0,0.00038418404
0,0.0,0.00064864155
1,1.0,0.99950784
0,0.0,0.0010293606
1,1.0,0.99949807
0,0.0,0.00035734248
0,0.0,0.00042103027
1,1.0,0.9995295
0,0.0,0.0002546947
0,0.0,0.0003605992
1,1.0,0.9995376
0,0.0,0.0007129755
1,1.0,0.99952763
1,1.0,0.99954087
0,0.0,0.00059378933
1,1.0,0.99953777
0,0.0,0.00063546107
0,0.0,0.0006496472
1,1.0,0.99953747
0,0.0,0.00064647745
0,0.0,0.0029962729
0,0.0,0.0004211003
1,1.0,0.9995255
0,0.0,0.00034789843
1,1.0,0.9995068
1,1.0,0.99955106
0,0.0,0.000575007
0,0.0,0.00071521004
1,1.0,0.9995356
0,0.0,0.0006337733
1,1.0,0.9995252
0,0.0,0.0004190974
0,0.0,0.00035390002
1,1.0,0.9995215
0,0.0,0.00038449437
1,1.0,0.9995497
1,1.0,0.99949473
1,1.0,0.99952084
0,0.0,0.00022943123
1,1.0,0.99953425
0,0.0,0.0006373614
1,1.0,0.99951947
0,0.0,0.00033907805
1,1.0,0.9995531
1,1.0,0.9995286
0,0.0,0.00036123555
0,0.0,0.00064009463
1,1.0,0.999535
1,1.0,0.9995356
0,0.0,0.00066205993
1,1.0,0.9994985
0,0.0,0.0006122999
0,0.0,0.00023067929
0,0.0,0.0010226542
1,1.0,0.99952537
0,0.0,0.0009003365
0,0.0,0.00013415163
1,1.0,0.9995421
0,0.0,0.00024025864
0,0.0,0.0008141986
1,1.0,0.99951905
0,0.0,0.00064795103
1,1.0,0.99952924
0,0.0,0.00030515683
0,0.0,0.0006463275
1,1.0,0.9995083
1,1.0,0.99952507
1,1.0,0.99952763
1,1.0,0.9995069
0,0.0,0.00043615783
0,0.0,0.00064674555
0,0.0,0.0007701108
1,1.0,0.9995069
0,0.0,0.0006323388
0,0.0,0.00061232346
1,1.0,0.9995245
1,1.0,0.9995283
0,0.0,0.0006033289
1,1.0,0.99911606
1,1.0,0.99952275
1,1.0,0.99954975
1,1.0,0.9994943
1,1.0,0.99952656
1,1.0,0.99952614
0,0.0,0.00063196797
1,1.0,0.999525
0,0.0,0.00063548225
1,1.0,0.99952614
1,1.0,0.99954474
0,0.0,0.0005974068
1,1.0,0.99952203
1,1.0,0.99952006
1,1.0,0.99954975
0,0.0,0.0006258875
0,0.0,0.0003397493
1,1.0,0.99953794
1,1.0,0.99952
1,1.0,0.9995497
0,0.0,0.00039002098
1,1.0,0.99955
0,0.0,0.00054962526
0,0.0,0.00076083816
1,1.0,0.999526
0,0.0,0.000587627
0,0.0,0.00062207785
1,1.0,0.99949694
1,1.0,0.9995357
1,1.0,0.99925596
0,0.0,0.0005974165
0,0.0,0.0034110094
0,0.0,0.00059507316
0,0.0,0.00034021295
0,0.0,0.0003108632
1,1.0,0.9995362
1,1.0,0.9995493
1,1.0,0.9995229
1,1.0,0.99954945
1,1.0,0.99952525
0,0.0,0.00036993442
0,0.0,0.0010191265
0,0.0,0.00055749255
1,1.0,0.99955434
0,0.0,0.00038584304
0,0.0,0.0009409474
1,1.0,0.99950445
1,1.0,0.99950624
0,0.0,0.00063546165
1,1.0,0.9995358
1,1.0,0.99950826
1,1.0,0.9995242
1,1.0,0.9995348
1,1.0,0.9995255
1,1.0,0.99949586
0,0.0,0.00033522007
0,0.0,0.0007071715
1,1.0,0.99949473
0,0.0,0.00066109904
0,0.0,0.0006463491
1,1.0,0.9995048
0,0.0,0.000716723
1,1.0,0.99953705
1,1.0,0.9995495
0,0.0,0.00023067229
0,0.0,0.00036623608
1,1.0,0.9995076
0,0.0,0.0006318135
0,0.0,0.0004447251
0,0.0,0.0004167975
0,0.0,0.00059875293
0,0.0,0.00070384407
1,1.0,0.9995193
1,1.0,0.9995269
1,1.0,0.9995256
1,1.0,0.99951935
1,1.0,0.99950445
1,1.0,0.99451953
1,1.0,0.99952924
0,0.0,0.0006493513
1,1.0,0.9995359
1,1.0,0.9994947
1,1.0,0.99950856
1,1.0,0.9994948
1,1.0,0.99949706
0,0.0,0.00041747786
0,0.0,0.00064946205
1,1.0,0.9995375
1,1.0,0.9995287
1,1.0,0.99950933
0,0.0,0.00044357558
1,1.0,0.99953616
0,0.0,0.0005762398
1,1.0,0.99951875
1,1.0,0.9995047
0,0.0,0.00033279747
0,0.0,0.00540829
1,1.0,0.9994942
1,1.0,0.99953836
1,1.0,0.9995359
0,0.0,0.00059343036
1,1.0,0.9995277
0,0.0,0.00071021274
0,0.0,0.0006185581
1,1.0,0.9995193
0,0.0,0.00056991354
0,0.0,0.00043042863
1,1.0,0.9986964
0,0.0,0.0004185139
0,0.0,0.00050398847
0,0.0,0.0001344741
1,1.0,0.9995216
0,0.0,0.0004435868
0,0.0,0.0005577684
1,1.0,0.9992799
1,1.0,0.99949455
1,1.0,0.9995371
0,0.0,0.0003411571
0,0.0,0.00063546345
0,0.0,0.0009013609
1,1.0,0.99952817
1,1.0,0.99951917
1,1.0,0.9992042
0,0.0,0.00059480406
0,0.0,0.0006467326
1,1.0,0.99952126
0,0.0,0.00054408587
1,1.0,0.9994988
0,0.0,0.0007073892
1,1.0,0.99951965
1,1.0,0.9994942
0,0.0,0.00065740687
1,1.0,0.99954975
1,1.0,0.999506
1,1.0,0.9995188
0,0.0,0.00065741973
1,1.0,0.9995634
0,0.0,0.00074242265
0,0.0,0.00013443705
0,0.0,0.0005439988
1,1.0,0.9995349
1,1.0,0.9995602
1,1.0,0.9995271
0,0.0,0.00023065909
1,1.0,0.9995367
0,0.0,0.00024026736
1,1.0,0.99951875
0,0.0,0.00038940337
1,1.0,0.99952614
1,1.0,0.99952686
1,1.0,0.9995508
0,0.0,0.00013442436
0,0.0,0.0006866156
0,0.0,0.0034560051
0,0.0,0.0017488293
1,1.0,0.9995277
1,1.0,0.99954927
0,0.0,0.0022242079
0,0.0,0.00043317844
0,0.0,0.0007442517
0,0.0,0.00050352607
1,1.0,0.9995258
1,1.0,0.99953425
1,1.0,0.99952596
0,0.0,0.00068734196
0,0.0,0.00029801697
1,1.0,0.99952316
1,1.0,0.9995389
1,1.0,0.9995347
1,1.0,0.9995344
1,1.0,0.9995521
1,1.0,0.9995371
1,1.0,0.99952704
0,0.0,0.0007668166
0,0.0,0.00077359314
0,0.0,0.00087408983
1,1.0,0.99951965
0,0.0,0.00041695667
0,0.0,0.0006049829
1,1.0,0.99950475
1,1.0,0.99952805
0,0.0,0.0010293591
0,0.0,0.0006400623
0,0.0,0.00064671435
0,0.0,0.00087607227
1,1.0,0.99953425
0,0.0,0.0006546446
0,0.0,0.000657394
0,0.0,0.000951819
1,1.0,0.99953824
1,1.0,0.9995258
0,0.0,0.00069912296
1,1.0,0.99457836
1,1.0,0.9995255
0,0.0,0.0006400358
1,1.0,0.9995381
0,0.0,0.0006337591
0,0.0,0.00041861087
1,1.0,0.99950624
0,0.0,0.00059897354
1,1.0,0.99952626
1,1.0,0.99955195
1,1.0,0.99950683
1,1.0,0.99954945
0,0.0,0.000353873
0,0.0,0.0022598105
0,0.0,0.00054883823
1,1.0,0.9995406
0,0.0,0.00059798016
1,1.0,0.99954474
1,1.0,0.99952954
0,0.0,0.00065858674
1,1.0,0.99952
1,1.0,0.9995378
0,0.0,0.0008992519
1,1.0,0.99951774
0,0.0,0.00057068135
1,1.0,0.9989641
0,0.0,0.0006467452
0,0.0,0.0008892183
1,1.0,0.9995498
0,0.0,0.00049596204
1,1.0,0.99953556
1,1.0,0.9995493
0,0.0,0.0005740402
1,1.0,0.9995056
0,0.0,0.0003422055
1,1.0,0.9995498
0,0.0,0.000646719
0,0.0,0.0006506055
1,1.0,0.9995059
1,1.0,0.9995194
0,0.0,0.00013447706
1,1.0,0.99952525
1,1.0,0.99950445
0,0.0,0.00056298106
0,0.0,0.0007469161
0,0.0,0.000739258
1,1.0,0.99953675
0,0.0,0.000649325
0,0.0,0.0009041999
0,0.0,0.0136978105
0,0.0,0.00031086677
1,1.0,0.9995347
0,0.0,0.0008741094
0,0.0,0.0006354193
0,0.0,0.00029884322
0,0.0,0.0006494899
0,0.0,0.00065886165
0,0.0,0.0022623546
1,1.0,0.99955374
0,0.0,0.0028711287
0,0.0,0.00059875037
0,0.0,0.00054968684
1,1.0,0.99953425
1,1.0,0.9995267
0,0.0,0.000133735
1,1.0,0.9995082
0,0.0,0.00023068898
0,0.0,0.000589204
0,0.0,0.00063376845
1,1.0,0.9995259
0,0.0,0.0003732953
0,0.0,0.00090034894
0,0.0,0.00023049112
1,1.0,0.9995243
0,0.0,0.00057315396
1,1.0,0.9995498
0,0.0,0.0004212621
0,0.0,0.00033522837
0,0.0,0.0007546268
0,0.0,0.0030594291
0,0.0,0.00013441053
1,1.0,0.9986238
0,0.0,0.0010317217
1,1.0,0.99940014
0,0.0,0.0009057969
1,1.0,0.99953747
1,1.0,0.99955225
0,0.0,0.0002530239
0,0.0,0.00059490366
1,1.0,0.9995282
1,1.0,0.99952626
1,1.0,0.99952614
0,0.0,0.00059815485
0,0.0,0.00041709543
0,0.0,0.00065888645
0,0.0,0.00044171332
1,1.0,0.99953514
1,1.0,0.9994945
0,0.0,0.00064011477
1,1.0,0.9995258
0,0.0,0.00033570535
0,0.0,0.00046535654
0,0.0,0.000767931
1,1.0,0.9995371
0,0.0,0.0004445263
1,1.0,0.99953645
1,1.0,0.9995273
1,1.0,0.99953604
0,0.0,0.0007035929
1,1.0,0.99954987
0,0.0,0.0009617392
0,0.0,0.0008402801
0,0.0,0.00017902935
1,1.0,0.99949765
1,1.0,0.9995262
0,0.0,0.0016280711
1,1.0,0.9995431
0,0.0,0.00060498866
1,1.0,0.9995192
1,1.0,0.99953765
0,0.0,0.005198951
0,0.0,0.0002993077
1,1.0,0.9995251
1,1.0,0.9995273
1,1.0,0.9993805
0,0.0,0.00072553277
0,0.0,0.0004173939
0,0.0,0.0005754884
0,0.0,0.00062228163
0,0.0,0.0006574271
0,0.0,0.00064930244
1,1.0,0.99950683
0,0.0,0.00036052617
0,0.0,0.00029717485
1,1.0,0.999542
1,1.0,0.99937487
1,1.0,0.9995034
0,0.0,0.00036048147
0,0.0,0.000641164
0,0.0,0.00064011937
1,1.0,0.99951917
1,1.0,0.99949664
1,1.0,0.9995517
0,0.0,0.00013384638
0,0.0,0.0006258398
1,1.0,0.9995369
1,1.0,0.9995048
0,0.0,0.0005475536
1,1.0,0.99952096
0,0.0,0.0006354817
1,1.0,0.9995478
0,0.0,0.00061228673
1,1.0,0.99950683
1,1.0,0.99952084
1,1.0,0.9995329
0,0.0,0.0003013234
1,1.0,0.99952435
1,1.0,0.9995194
1,1.0,0.999521
1,1.0,0.99952054
0,0.0,0.00038470316
1,1.0,0.9995259
1,1.0,0.9995265
1,1.0,0.99953544
1,1.0,0.9995284
1,1.0,0.99952245
1,1.0,0.99952424
1,1.0,0.99950534
0,0.0,0.0008363539
1,1.0,0.99951935
0,0.0,0.00073886535
0,0.0,0.00059488806
1,1.0,0.9995351
1,1.0,0.9995283
0,0.0,0.00090135785
0,0.0,0.0005732837
0,0.0,0.00048766835
0,0.0,0.00017297798
0,0.0,0.000133823
0,0.0,0.0011806502
1,1.0,0.99955106
0,0.0,0.00035383494
1,1.0,0.99950564
1,1.0,0.9995202
1,1.0,0.99953693
1,1.0,0.99952763
1,1.0,0.99952435
1,1.0,0.99952686
1,1.0,0.99378484
0,0.0,0.0006574409
1,1.0,0.9995259
0,0.0,0.0010166822
0,0.0,0.0009145544
1,1.0,0.99952596
1,1.0,0.99949574
0,0.0,0.00041068034
1,1.0,0.9995057
0,0.0,0.00070829346
1,1.0,0.9995259
0,0.0,0.00024036402
0,0.0,0.0004532583
0,0.0,0.00059747766
1,1.0,0.9995257
0,0.0,0.00043302344
0,0.0,0.00042048417
1,1.0,0.99955004
1,1.0,0.99953496
1,1.0,0.99950695
0,0.0,0.0006464122
0,0.0,0.0005737349
1,1.0,0.9995308
0,0.0,0.0006369703
1,1.0,0.99952626
1,1.0,0.9995362
1,1.0,0.9995255
1,1.0,0.99950516
0,0.0,0.0005473663
1,1.0,0.99950826
0,0.0,0.0008660239
0,0.0,0.0007573774
0,0.0,0.0004173442
1,1.0,0.99926144
0,0.0,0.0006174825
1,1.0,0.9993795
0,0.0,0.0006493108
1,1.0,0.99953735
0,0.0,0.00038056925
1,1.0,0.9995526
1,1.0,0.9995492
0,0.0,0.00029926634
1,1.0,0.99949825
0,0.0,0.0006337165
1,1.0,0.9994956
0,0.0,0.00023067885
0,0.0,0.0006323909
0,0.0,0.00063235994
1,1.0,0.9995077
1,1.0,0.99952185
0,0.0,0.00075420085
1,1.0,0.9995346
0,0.0,0.00036048816
1,1.0,0.99954206
1,1.0,0.9995465
0,0.0,0.00041740504
1,1.0,0.9995522
1,1.0,0.99950933
1,1.0,0.9995344
0,0.0,0.0003735639
1,1.0,0.9995263
1,1.0,0.99953896
1,1.0,0.9995274
1,1.0,0.99949497
1,1.0,0.99952155
0,0.0,0.0006323611
1,1.0,0.9995383
1,1.0,0.9995515
0,0.0,0.0006187259
0,0.0,0.0006494875
0,0.0,0.00025316747
0,0.0,0.0006478523
0,0.0,0.0006323572
1,1.0,0.9995324
0,0.0,0.00064675574
0,0.0,0.00044143441
1,1.0,0.99955124
1,1.0,0.9995413
1,1.0,0.99950635
1,1.0,0.9994998
1,1.0,0.99952835
0,0.0,0.0005735444
1,1.0,0.99952745
1,1.0,0.99952793
1,1.0,0.9995375
0,0.0,0.0016257105
0,0.0,0.00048361876
1,1.0,0.9995259
0,0.0,0.001562641
1,1.0,0.9995363
0,0.0,0.0011519649
0,0.0,0.003758448
0,0.0,0.0004168601
0,0.0,0.0007536742
1,1.0,0.9995274
1,1.0,0.9995361
0,0.0,0.00033847522
1,1.0,0.99953526
1,1.0,0.999495
0,0.0,0.00041107475
0,0.0,0.0005748691
1,1.0,0.99953455
1,1.0,0.9995075
0,0.0,0.000756668
0,0.0,0.00060823536
1,1.0,0.9995358
1,1.0,0.9995359
0,0.0,0.00061464886
0,0.0,0.000657405
0,0.0,0.0007644166
0,0.0,0.0018574393
0,0.0,0.0006366805
0,0.0,0.00064953516
0,0.0,0.00045605132
0,0.0,0.000419933
1,1.0,0.99952143
0,0.0,0.00025469347
1,1.0,0.99952674
0,0.0,0.000506557
1,1.0,0.9995376
1,1.0,0.99954647
0,0.0,0.0005706718
1,1.0,0.99949676
0,0.0,0.0003051481
1,1.0,0.9995258
1,1.0,0.9995265
0,0.0,0.00073790696
0,0.0,0.00076442136
1,1.0,0.9995365
1,1.0,0.9995374
0,0.0,0.0006467767
0,0.0,0.00055777474
0,0.0,0.00038609526
1,1.0,0.9995065
0,0.0,0.0006958814
0,0.0,0.00041771767
1,1.0,0.99882466
1,1.0,0.99952906
1,1.0,0.99955434
0,0.0,0.00073890516
0,0.0,0.00076715025
0,0.0,0.00038865177
1,1.0,0.9995079
1,1.0,0.9995359
0,0.0,0.00042808187
0,0.0,0.00054701924
0,0.0,0.0022595462
0,0.0,0.0015558366
1,1.0,0.9995697
0,0.0,0.00059398776
0,0.0,0.00033131277
1,1.0,0.999211
1,1.0,0.99952626
0,0.0,0.00023069426
0,0.0,0.0009357116
1,1.0,0.9995276
1,1.0,0.9995194
0,0.0,0.00057188823
0,0.0,0.0021635483
1,1.0,0.99955124
0,0.0,0.00069910195
0,0.0,0.00048785785
1,1.0,0.99953675
1,1.0,0.99951875
0,0.0,0.00038957733
0,0.0,0.0006355856
0,0.0,0.00079849205
0,0.0,0.0007494529
0,0.0,0.00040299812
1,1.0,0.9994946
0,0.0,0.0006354847
1,1.0,0.99951917
0,0.0,0.00058345526
1,1.0,0.99953914
0,0.0,0.00033492583
0,0.0,0.00042236567
0,0.0,0.004322951
0,0.0,0.00042750768
1,1.0,0.9995255
1,1.0,0.9995116
0,0.0,0.00041705125
1,1.0,0.9995496
0,0.0,0.0006397702
1,1.0,0.9995078
0,0.0,0.00043242757
0,0.0,0.0006494583
1,1.0,0.99950486
0,0.0,0.00064007175
0,0.0,0.00055584876
0,0.0,0.002172523
0,0.0,0.00040548795
0,0.0,0.0006401123
1,1.0,0.9995367
0,0.0,0.0007879186
0,0.0,0.00044350393
0,0.0,0.00064631825
0,0.0,0.00075990305
1,1.0,0.9995367
1,1.0,0.99952006
0,0.0,0.0009003266
1,1.0,0.99771553
1,1.0,0.9995239
1,1.0,0.99953634
1,1.0,0.99952775
0,0.0,0.00035275612
1,1.0,0.99953586
1,1.0,0.99952066
0,0.0,0.0007275521
0,0.0,0.0006337651
0,0.0,0.0005747141
0,0.0,0.00059738295
0,0.0,0.00085591775
1,1.0,0.999497
1,1.0,0.9995491
1,1.0,0.9986668
1,1.0,0.99608827
1,1.0,0.9995491
0,0.0,0.0006886211
1,1.0,0.99953234
0,0.0,0.0016800448
0,0.0,0.00057333265
1,1.0,0.99949884
0,0.0,0.00070842105
0,0.0,0.0007566528
1,1.0,0.9995359
0,0.0,0.00064935844
0,0.0,0.00025501347
0,0.0,0.00059300667
0,0.0,0.000646321
1,1.0,0.999549
1,1.0,0.9995357
0,0.0,0.00031090237
0,0.0,0.0009106881
1,1.0,0.99950475
1,1.0,0.9995362
1,1.0,0.9995271
1,1.0,0.9995519
0,0.0,0.0005744978
0,0.0,0.00042778187
1,1.0,0.99952203
0,0.0,0.0006467949
0,0.0,0.00013446066
1,1.0,0.99952924
0,0.0,0.0005989704
1,1.0,0.9995501
1,1.0,0.99953455
0,0.0,0.00042024453
0,0.0,0.00048814504
1,1.0,0.9995515
0,0.0,0.00035701934
1,1.0,0.99953866
1,1.0,0.99953836
1,1.0,0.9995367
0,0.0,0.00057399966
0,0.0,0.00065889873
0,0.0,0.0006122847
1,1.0,0.99686074
1,1.0,0.99949694
0,0.0,0.000748361
0,0.0,0.00013447873
1,1.0,0.9995376
1,1.0,0.9995894
1,1.0,0.999551
1,1.0,0.99950665
1,1.0,0.99952865
0,0.0,0.0006505471
0,0.0,0.00085448683
1,1.0,0.9994968
1,1.0,0.99954915
1,1.0,0.99950516
1,1.0,0.9995497
0,0.0,0.00041879862
1,1.0,0.99953455
1,1.0,0.9995209
0,0.0,0.00013416428
1,1.0,0.9995239
1,1.0,0.99955225
0,0.0,0.00058583636
1,1.0,0.9983114
0,0.0,0.00063977874
0,0.0,0.00037986645
1,1.0,0.9995251
1,1.0,0.9995502
0,0.0,0.00042750483
0,0.0,0.0006467755
0,0.0,0.0001341529
1,1.0,0.9995284
1,1.0,0.99952555
1,1.0,0.999545
0,0.0,0.00060094
1,1.0,0.9995362
0,0.0,0.0058052014
0,0.0,0.0016347107
0,0.0,0.00064934883
0,0.0,0.0006574447
1,1.0,0.99952453
0,0.0,0.0007159479
1,1.0,0.9995074
1,1.0,0.9995366
1,1.0,0.9995384
0,0.0,0.0006813198
0,0.0,0.00023069228
0,0.0,0.0006330449
1,1.0,0.9994947
0,0.0,0.0005743239
1,1.0,0.9995344
0,0.0,0.00059739995
0,0.0,0.0004173255
1,1.0,0.99952537
0,0.0,0.0007188155
0,0.0,0.0006183759
1,1.0,0.99949545
1,1.0,0.99900585
0,0.0,0.00096155365
1,1.0,0.99952614
1,1.0,0.99954945
0,0.0,0.0007071112
1,1.0,0.99952745
1,1.0,0.9995248
0,0.0,0.0022580263
0,0.0,0.0006798539
1,1.0,0.9995548
1,1.0,0.99950826
0,0.0,0.00048730636
0,0.0,0.0002402701
0,0.0,0.0005706604
0,0.0,0.00041672343
1,1.0,0.99950504
0,0.0,0.0005622649
1,1.0,0.99949664
1,1.0,0.9994969
1,1.0,0.9995491
1,1.0,0.9994951
1,1.0,0.99954236
0,0.0,0.000910652
1,1.0,0.9995236
0,0.0,0.00076793396
0,0.0,0.00069409044
0,0.0,0.0006283746
1,1.0,0.99950427
1,1.0,0.9995048
0,0.0,0.0006323699
1,1.0,0.9995374
1,1.0,0.9995284
0,0.0,0.00063696114
0,0.0,0.0005040154
1,1.0,0.99949425
0,0.0,0.0021724096
1,1.0,0.9995282
1,1.0,0.99952525
0,0.0,0.00067631324
1,1.0,0.99952763
1,1.0,0.9995276
0,0.0,0.0005990158
0,0.0,0.0043455926
1,1.0,0.99950504
1,1.0,0.9994943
1,1.0,0.99952465
0,0.0,0.0008202743
0,0.0,0.00090125954
0,0.0,0.00034130074
1,1.0,0.9992995
0,0.0,0.00061861466
1,1.0,0.99953663
1,1.0,0.9994944
1,1.0,0.99950606
0,0.0,0.0005577867
1,1.0,0.99950516
0,0.0,0.00033846265
1,1.0,0.9994349
0,0.0,0.0005946687
0,0.0,0.00023047968
0,0.0,0.00036113703
0,0.0,0.00033989313
1,1.0,0.99952394
0,0.0,0.0007035781
1,1.0,0.9995354
1,1.0,0.9995538
1,1.0,0.999497
0,0.0,0.00064931146
0,0.0,0.00065744127
0,0.0,0.00057461084
0,0.0,0.0006351087
1,1.0,0.9995311
0,0.0,0.0001342576
0,0.0,0.00067865243
0,0.0,0.0005300498
0,0.0,0.000962108
0,0.0,0.00059744326
1,1.0,0.9995344
1,1.0,0.99953747
0,0.0,0.0004987117
1,1.0,0.99952626
1,1.0,0.9995278
0,0.0,0.00052725244
1,1.0,0.999526
1,1.0,0.9995383
0,0.0,0.00091220817
1,1.0,0.9986436
0,0.0,0.0007590642
0,0.0,0.00035741218
1,1.0,0.9961774
1,1.0,0.99954927
0,0.0,0.00043749178
0,0.0,0.0006588736
0,0.0,0.00057393464
1,1.0,0.99955124
1,1.0,0.999529
0,0.0,0.00375886
1,1.0,0.9968464
0,0.0,0.0006467068
0,0.0,0.005221736
1,1.0,0.9995495
0,0.0,0.00062219525
1,1.0,0.99953526
0,0.0,0.0006370252
1,1.0,0.99949497
0,0.0,0.000310833
1,1.0,0.99952626
0,0.0,0.0007082307
1,1.0,0.99953824
0,0.0,0.0007589051
0,0.0,0.00081594073
1,1.0,0.9995525
0,0.0,0.0004190173
0,0.0,0.00089195155
0,0.0,0.0003052462
1,1.0,0.99953574
1,1.0,0.999551
1,1.0,0.99951047
0,0.0,0.00044305203
0,0.0,0.00044750283
0,0.0,0.0005619333
0,0.0,0.00064109504
1,1.0,0.99951863
1,1.0,0.999526
1,1.0,0.9995449
1,1.0,0.9995291
1,1.0,0.99952346
0,0.0,0.00063377083
1,1.0,0.9995518
1,1.0,0.9995362
0,0.0,0.00065884285
0,0.0,0.00059385184
1,1.0,0.9995496
1,1.0,0.9995198
0,0.0,0.00065055734
1,1.0,0.9995243
1,1.0,0.99952555
1,1.0,0.9995376
0,0.0,0.000481089
0,0.0,0.0007634916
1,1.0,0.9995296
0,0.0,0.00090036
0,0.0,0.00055642845
0,0.0,0.0005765167
1,1.0,0.99952537
1,1.0,0.99952596
1,1.0,0.99925387
0,0.0,0.00044292826
1,1.0,0.99952567
1,1.0,0.9995216
1,1.0,0.99955106
1,1.0,0.99953496
0,0.0,0.0018581466
0,0.0,0.0006354853
0,0.0,0.00060501695
0,0.0,0.00023065315
0,0.0,0.000709373
0,0.0,0.0015579929
1,1.0,0.9995066
0,0.0,0.00022915532
0,0.0,0.00036258492
0,0.0,0.0013917588
0,0.0,0.00043748223
0,0.0,0.0003886681
1,1.0,0.99952626
1,1.0,0.9995194
0,0.0,0.0004810659
0,0.0,0.0004223339
1,1.0,0.99954915
0,0.0,0.00063739356
1,1.0,0.9995494
1,1.0,0.99952024
1,1.0,0.99952555
0,0.0,0.00048760563
1,1.0,0.9994948
1,1.0,0.9995364
0,0.0,0.00043055625
0,0.0,0.0009092349
0,0.0,0.00064676773
0,0.0,0.002168454
1,1.0,0.999536
1,1.0,0.9995458
1,1.0,0.99952483
0,0.0,0.00029801895
1,1.0,0.9995261
0,0.0,0.00037082788
1,1.0,0.9994989
0,0.0,0.00069597294
1,1.0,0.99952006
0,0.0,0.00043302056
1,1.0,0.9994967
0,0.0,0.0004434889
1,1.0,0.99952596
1,1.0,0.9995423
0,0.0,0.000636436
0,0.0,0.00063692057
0,0.0,0.00064631883
0,0.0,0.00033993283
1,1.0,0.99955034
1,1.0,0.99952745
1,1.0,0.9995647
1,1.0,0.99952435
0,0.0,0.00061247114
1,1.0,0.9989468
0,0.0,0.00044970773
0,0.0,0.0006463204
0,0.0,0.00091217604
1,1.0,0.99953663
1,1.0,0.99951965
1,1.0,0.99953806
0,0.0,0.0003352776
0,0.0,0.0005879328
1,1.0,0.99950475
1,1.0,0.99949515
1,1.0,0.9994965
1,1.0,0.999505
0,0.0,0.0006337651
1,1.0,0.99953574
0,0.0,0.00065741537
0,0.0,0.0007072406
1,1.0,0.99949694
1,1.0,0.9994942
0,0.0,0.00064632687
1,1.0,0.99952346
0,0.0,0.0006024311
0,0.0,0.00012274912
1,1.0,0.9995073
0,0.0,0.00081565854
1,1.0,0.9995231
1,1.0,0.9985992
1,1.0,0.99952495
0,0.0,0.0006026694
1,1.0,0.9995501
0,0.0,0.00076563767
1,1.0,0.9995519
1,1.0,0.999506
1,1.0,0.9995054
1,1.0,0.9995369
1,1.0,0.99951744
1,1.0,0.99952495
0,0.0,0.00034177594
0,0.0,0.00061226106
0,0.0,0.00078779313
1,1.0,0.99953556
0,0.0,0.000743772
0,0.0,0.0006401068
0,0.0,0.0005677132
0,0.0,0.00034403882
0,0.0,0.000649322
0,0.0,0.00090434507
0,0.0,0.00043302443
0,0.0,0.00041046602
0,0.0,0.00068732625
1,1.0,0.9995519
1,1.0,0.9995359
1,1.0,0.99952066
0,0.0,0.002161905
0,0.0,0.00032944503
0,0.0,0.0006957395
1,1.0,0.99497366
1,1.0,0.99952626
0,0.0,0.00042052424
0,0.0,0.0003612125
0,0.0,0.00027742801
1,1.0,0.9995259
0,0.0,0.0006573758
0,0.0,0.00063735043
0,0.0,0.00024205324
1,1.0,0.999536
1,1.0,0.99953365
1,1.0,0.9995088
0,0.0,0.0007736728
0,0.0,0.0076059843
1,1.0,0.99951994
1,1.0,0.9995256
1,1.0,0.99954236
1,1.0,0.9994951
0,0.0,0.0003011542
1,1.0,0.9995218
0,0.0,0.0001341391
0,0.0,0.00054654886
1,1.0,0.9995051
1,1.0,0.9994959
0,0.0,0.001339835
0,0.0,0.00055529113
0,0.0,0.00063549075
0,0.0,0.00087454176
0,0.0,0.00057527417
1,1.0,0.9995373
1,1.0,0.999522
1,1.0,0.9995362
1,1.0,0.9995359
1,1.0,0.9995359
1,1.0,0.9995145
1,1.0,0.99952215
0,0.0,0.0006463306
0,0.0,0.00064791465
0,0.0,0.0005476632
1,1.0,0.9995496
1,1.0,0.9995362
0,0.0,0.00068700145
0,0.0,0.00054246665
0,0.0,0.0006025896
0,0.0,0.0006467227
0,0.0,0.0006369257
0,0.0,0.00013413718
0,0.0,0.00033591632
0,0.0,0.00061815494
1,1.0,0.99953556
0,0.0,0.0021631697
1,1.0,0.99953055
0,0.0,0.00033731505
0,0.0,0.00071737566
0,0.0,0.00069913093
0,0.0,0.0006049858
1,1.0,0.99953574
0,0.0,0.0006373729
0,0.0,0.0005989878
1,1.0,0.99938905
0,0.0,0.0003455418
1,1.0,0.9995257
1,1.0,0.99953556
0,0.0,0.000618279
1,1.0,0.99954927
0,0.0,0.00090932887
1,1.0,0.99952525
1,1.0,0.9995052
1,1.0,0.99949455
1,1.0,0.9995247
1,1.0,0.99953026
1,1.0,0.99954957
1,1.0,0.9995358
0,0.0,0.0008587528
1,1.0,0.9974959
1,1.0,0.9995059
0,0.0,0.00032464042
0,0.0,0.0006375731
1,1.0,0.9995295
1,1.0,0.999536
1,1.0,0.99950266
0,0.0,0.00060506305
1,1.0,0.9995247
0,0.0,0.00083612604
1,1.0,0.99955875
0,0.0,0.0007406949
1,1.0,0.99873203
0,0.0,0.00059363485
1,1.0,0.999537
0,0.0,0.00070644636
1,1.0,0.9995344
0,0.0,0.0003344227
0,0.0,0.0009630224
0,0.0,0.00041929676
1,1.0,0.9995366
1,1.0,0.99952734
1,1.0,0.99955153
0,0.0,0.00013417682
0,0.0,0.00068628485
0,0.0,0.0007032054
1,1.0,0.99953485
1,1.0,0.9995496
0,0.0,0.000641116
1,1.0,0.9995223
0,0.0,0.00022915358
1,1.0,0.9995351
1,1.0,0.9995202
1,1.0,0.9995356
1,1.0,0.99950546
0,0.0,0.0006369354
1,1.0,0.9995493
1,1.0,0.9995047
1,1.0,0.99953604
1,1.0,0.9995258
0,0.0,0.0006057226
1,1.0,0.99950516
1,1.0,0.9995177
1,1.0,0.9995345
0,0.0,0.0006467421
1,1.0,0.99949723
1,1.0,0.99954504
0,0.0,0.00063549046
0,0.0,0.0005471112
0,0.0,0.0006411163
0,0.0,0.00013417183
0,0.0,0.0005942941
1,1.0,0.9995284
1,1.0,0.99949753
0,0.0,0.0006958453
0,0.0,0.00071070227
1,1.0,0.9995102
0,0.0,0.00050378055
0,0.0,0.00045455026
0,0.0,0.0002417587
0,0.0,0.00064014806
1,1.0,0.99950224
1,1.0,0.99952793
0,0.0,0.0006373729
1,1.0,0.99952847
1,1.0,0.99891114
0,0.0,0.000716888
0,0.0,0.0003841494
0,0.0,0.004311047
0,0.0,0.00078213005
1,1.0,0.999522
0,0.0,0.0007832335
0,0.0,0.0002471014
0,0.0,0.0005743447
0,0.0,0.00059458415
1,1.0,0.99951935
0,0.0,0.00033569866
1,1.0,0.9995054
0,0.0,0.00028351657
0,0.0,0.000610065
0,0.0,0.00035120553
0,0.0,0.0007735312
1,1.0,0.9995361
1,1.0,0.99953395
0,0.0,0.00038094824
0,0.0,0.00070831
0,0.0,0.0017494739
1,1.0,0.9995354
1,1.0,0.99954957
1,1.0,0.9995356
0,0.0,0.00064003945
0,0.0,0.00034256274
0,0.0,0.0007736901
1,1.0,0.9995247
0,0.0,0.00058968377
1,1.0,0.9993273
0,0.0,0.00070832786
1,1.0,0.9995256
1,1.0,0.99953955
0,0.0,0.00063548714
0,0.0,0.00049743726
0,0.0,0.00045324533
0,0.0,0.00062584283
1,1.0,0.9995359
1,1.0,0.9995354
1,1.0,0.9995054
1,1.0,0.99952847
1,1.0,0.9995369
0,0.0,0.00048713107
0,0.0,0.0010192848
1,1.0,0.9995067
1,1.0,0.9995368
1,1.0,0.9995366
1,1.0,0.9994948
1,1.0,0.9995244
1,1.0,0.99949855
0,0.0,0.0006583696
1,1.0,0.999506
0,0.0,0.0004220781
1,1.0,0.99952537
1,1.0,0.9995257
0,0.0,0.0008667545
1,1.0,0.9968478
1,1.0,0.9995263
0,0.0,0.00033987776
1,1.0,0.9995522
0,0.0,0.00073509046
1,1.0,0.9995359
0,0.0,0.00023068216
0,0.0,0.0028602039
0,0.0,0.0002306503
1,1.0,0.9995343
1,1.0,0.99952465
1,1.0,0.9995383
0,0.0,0.0006400623
0,0.0,0.0007171648
0,0.0,0.0006122657
1,1.0,0.99955046
0,0.0,0.0006478641
1,1.0,0.99952465
0,0.0,0.00034232085
1,1.0,0.99950606
1,1.0,0.99915105
0,0.0,0.0003218748
0,0.0,0.0003858671
1,1.0,0.99952257
0,0.0,0.0003930619
0,0.0,0.00041850194
0,0.0,0.000763464
0,0.0,0.00083646114
1,1.0,0.99953455
1,1.0,0.99954253
1,1.0,0.9995057
0,0.0,0.00065886544
0,0.0,0.00032283302
1,1.0,0.9994954
0,0.0,0.00065744284
1,1.0,0.99955136
0,0.0,0.0006588573
0,0.0,0.0004876407
0,0.0,0.000574993
0,0.0,0.0003339604
1,1.0,0.9995194
0,0.0,0.0002414574
0,0.0,0.00065746007
1,1.0,0.9995264
0,0.0,0.00060722197
1,1.0,0.9995264
1,1.0,0.9995277
0,0.0,0.0004257902
0,0.0,0.0006505605
0,0.0,0.00042018385
0,0.0,0.0007505
0,0.0,0.00060909474
1,1.0,0.9995505
1,1.0,0.9994947
0,0.0,0.0006323924
1,1.0,0.999524
0,0.0,0.00059741136
1,1.0,0.99952674
1,1.0,0.9995266
1,1.0,0.99949443
1,1.0,0.99950725
1,1.0,0.99952066
1,1.0,0.9995352
0,0.0,0.000612308
1,1.0,0.9995193
0,0.0,0.00013406159
0,0.0,0.0006463262
0,0.0,0.0005743417
1,1.0,0.9995047
1,1.0,0.99952245
1,1.0,0.9995259
0,0.0,0.0042109345
0,0.0,0.00044173354
0,0.0,0.00035716046
0,0.0,0.0008892225
1,1.0,0.9995274
0,0.0,0.0015629609
0,0.0,0.00033281586
1,1.0,0.9995274
1,1.0,0.9995256
1,1.0,0.999526
1,1.0,0.99953634
0,0.0,0.00076381076
0,0.0,0.00036808156
0,0.0,0.0007298622
1,1.0,0.99949664
0,0.0,0.00013415776
0,0.0,0.000678811
1,1.0,0.9995518
0,0.0,0.00065053964
0,0.0,0.00076687214
0,0.0,0.00041950087
0,0.0,0.00040301486
1,1.0,0.99952424
1,1.0,0.9991319
1,1.0,0.9994872
0,0.0,0.00058016274
1,1.0,0.99946743
0,0.0,0.00025730187
0,0.0,0.00022201358
1,1.0,0.9994901
1,1.0,0.9994709
1,1.0,0.999486
0,0.0,0.00021909834
0,0.0,0.00020609835
1,1.0,0.99950796
1,1.0,0.9968607
1,1.0,0.99948734
0,0.0,0.00021284694
0,0.0,0.00031403746
0,0.0,0.00030560262
1,1.0,0.9994665
0,0.0,0.00042263756
1,1.0,0.9995079
0,0.0,0.0003089139
0,0.0,0.00035499822
0,0.0,0.00031157798
0,0.0,0.00022731045
0,0.0,0.00032023573
0,0.0,0.00039532842
0,0.0,0.000359098
0,0.0,0.00042533258
0,0.0,0.00020694568
0,0.0,0.00032884444
1,1.0,0.9994875
0,0.0,0.00037893563
1,1.0,0.99946827
0,0.0,0.00042075885
0,0.0,0.00015383514
1,1.0,0.9994683
1,1.0,0.9995067
1,1.0,0.99952304
0,0.0,0.00033376942
1,1.0,0.9994658
0,0.0,0.00043117744
0,0.0,0.000346969
1,1.0,0.9995072
1,1.0,0.9994896
0,0.0,0.00035513245
0,0.0,0.0003122736
1,1.0,0.999509
0,0.0,0.00028679633
0,0.0,0.00035939834
1,1.0,0.9995149
1,1.0,0.999468
1,1.0,0.99948746
1,1.0,0.9994943
0,0.0,0.00023186699
1,1.0,0.99947083
0,0.0,0.0003610374
0,0.0,0.00014251839
1,1.0,0.9995554
0,0.0,0.00031217266
0,0.0,0.0003804606
0,0.0,0.00032188094
1,1.0,0.9995029
1,1.0,0.9994682
1,1.0,0.9994864
1,1.0,0.99949056
1,1.0,0.99946946
1,1.0,0.9994921
1,1.0,0.9995295
0,0.0,0.0002572626
1,1.0,0.99950725
0,0.0,0.00042889905
1,1.0,0.9995096
0,0.0,0.00036168232
0,0.0,0.00034164859
1,1.0,0.99948245
1,1.0,0.99946934
1,1.0,0.9995067
1,1.0,0.99948967
0,0.0,0.000228825
0,0.0,0.00020689773
1,1.0,0.99952453
1,1.0,0.9995056
1,1.0,0.99946743
1,1.0,0.99947155
1,1.0,0.9987881
1,1.0,0.99948895
1,1.0,0.9995044
0,0.0,0.00022254065
1,1.0,0.9995444
0,0.0,0.00015400804
1,1.0,0.9994658
0,0.0,0.00034336693
1,1.0,0.99950993
1,1.0,0.99946946
0,0.0,0.00024051282
0,0.0,0.00025280158
1,1.0,0.99946576
0,0.0,0.00014313246
1,1.0,0.9988349
0,0.0,4.7885424e-05
0,0.0,0.00035859577
0,0.0,0.00020691923
0,0.0,0.0004290935
1,1.0,0.9995059
1,1.0,0.99949324
1,1.0,0.99949116
0,0.0,0.00021879355
1,1.0,0.99952304
1,1.0,0.9994935
1,1.0,0.99716926
1,1.0,0.9994893
0,0.0,0.00031386383
0,0.0,0.00021836256
0,0.0,0.00023136502
0,0.0,0.00021341024
0,0.0,0.00032926982
0,0.0,0.0002991947
0,0.0,0.00040597917
0,0.0,0.0003783729
0,0.0,0.00035795194
1,1.0,0.9994899
1,1.0,0.999469
1,1.0,0.9994952
1,1.0,0.9994658
0,0.0,0.00041789954
1,1.0,0.99952114
1,1.0,0.9995083
0,0.0,0.00035499534
1,1.0,0.9995065
0,0.0,0.00034469768
0,0.0,0.00042791155
0,0.0,0.0004811429
1,1.0,0.9994678
1,1.0,0.99952465
1,1.0,0.9995095
0,0.0,0.00034912257
1,1.0,0.999494
1,1.0,0.99950904
0,0.0,0.00031262718
0,0.0,0.0003165667
0,0.0,0.000337795
1,1.0,0.9995071
1,1.0,0.9994705
1,1.0,0.9995069
0,0.0,0.00043468206
0,0.0,0.00031658207
1,1.0,0.9995091
0,0.0,0.00039684845
1,1.0,0.9994882
0,0.0,0.00050171243
1,1.0,0.9995063
1,1.0,0.9994923
1,1.0,0.99949235
0,0.0,0.00020693778
1,1.0,0.9988398
1,1.0,0.99952036
1,1.0,0.99950516
1,1.0,0.9994871
0,0.0,0.00038520942
1,1.0,0.99946773
0,0.0,0.00027706427
0,0.0,0.00014315745
1,1.0,0.9994681
0,0.0,0.0002866963
0,0.0,8.0358834e-05
0,0.0,0.00029431636
1,1.0,0.9995052
1,1.0,0.99696267
0,0.0,0.00032991273
0,0.0,0.00017170212
0,0.0,0.00014224632
0,0.0,0.00031202243
1,1.0,0.999545
1,1.0,0.99947655
0,0.0,0.00032568074
0,0.0,0.0002038753
1,1.0,0.9995068
0,0.0,0.00022157266
0,0.0,0.00031657092
1,1.0,0.9995228
0,0.0,0.00014297898
0,0.0,0.00014238145
0,0.0,0.00043145643
1,1.0,0.99948955
1,1.0,0.9994873
1,1.0,0.99950683
1,1.0,0.99952275
0,0.0,0.00018480307
1,1.0,0.9994858
0,0.0,0.0003413281
1,1.0,0.9995071
0,0.0,0.0002525826
0,0.0,0.00030044903
0,0.0,0.00021837799
0,0.0,0.00014280895
0,0.0,0.00015387461
1,1.0,0.9994687
1,1.0,0.99950993
0,0.0,0.00032278374
1,1.0,0.9995069
0,0.0,0.0005679335
1,1.0,0.9994658
0,0.0,0.00042910842
0,0.0,0.00032232804
1,1.0,0.9995128
0,0.0,0.0003566613
1,1.0,0.9995103
0,0.0,0.00035550812
0,0.0,0.00023180993
1,1.0,0.99948984
1,1.0,0.9994895
0,0.0,0.0013147542
0,0.0,0.00023007176
0,0.0,0.0005589738
0,0.0,0.00046572465
1,1.0,0.9995285
1,1.0,0.99951255
0,0.0,0.00043965006
1,1.0,0.99946725
0,0.0,0.0004207506
0,0.0,0.00032022534
1,1.0,0.99947137
1,1.0,0.9995209
1,1.0,0.99950653
1,1.0,0.9995066
0,0.0,0.0003777438
1,1.0,0.99927914
1,1.0,0.9995045
0,0.0,0.0003628515
1,1.0,0.9995214
1,1.0,0.99949056
1,1.0,0.9994653
1,1.0,0.99949044
1,1.0,0.9994675
0,0.0,0.0002486029
1,1.0,0.99947035
0,0.0,0.00023887446
0,0.0,0.00031600942
0,0.0,0.0003051685
0,0.0,0.00018580932
0,0.0,0.0003313633
0,0.0,0.0014572408
0,0.0,0.0003580813
1,1.0,0.9995206
1,1.0,0.99950993
1,1.0,0.99950445
0,0.0,0.00030427807
0,0.0,0.00024918857
0,0.0,0.00035604517
1,1.0,0.99948996
1,1.0,0.9995239
0,0.0,0.00014234496
1,1.0,0.999511
1,1.0,0.99950737
0,0.0,0.0002488296
1,1.0,0.99950755
1,1.0,0.9994888
0,0.0,0.00029564011
1,1.0,0.9994912
1,1.0,0.9995166
1,1.0,0.99949175
0,0.0,0.00029147117
0,0.0,0.00029845373
1,1.0,0.9994669
0,0.0,0.00035861033
0,0.0,0.00033550736
0,0.0,0.00032742164
1,1.0,0.99952203
0,0.0,0.00031821642
1,1.0,0.9995065
1,1.0,0.9994883
1,1.0,0.9994959
1,1.0,0.99948674
0,0.0,0.0003306728
1,1.0,0.9995221
0,0.0,0.0001643689
0,0.0,0.00030682288
1,1.0,0.9994872
1,1.0,0.99946785
1,1.0,0.9994684
1,1.0,0.99948984
0,0.0,0.0003097981
0,0.0,0.0003610314
1,1.0,0.9995271
0,0.0,0.00040041844
0,0.0,0.00043630876
1,1.0,0.9994862
0,0.0,0.00032091053
1,1.0,0.9994653
1,1.0,0.9994865
0,0.0,0.00015381987
0,0.0,0.00031656367
1,1.0,0.9994908
1,1.0,0.9995207
0,0.0,0.00024150252
0,0.0,0.00019779171
1,1.0,0.9994841
0,0.0,0.00043606845
1,1.0,0.99948674
1,1.0,0.99952626
1,1.0,0.99950904
0,0.0,0.000317932
0,0.0,0.00031157504
1,1.0,0.99623215
0,0.0,0.00034904803
1,1.0,0.9994793
0,0.0,0.00036171023
0,0.0,4.7907488e-05
1,1.0,0.9994657
1,1.0,0.9995101
0,0.0,0.000358977
1,1.0,0.99950564
0,0.0,0.00014310557
0,0.0,0.000431485
0,0.0,0.00034470425
1,1.0,0.9994673
0,0.0,0.00031656306
0,0.0,0.00035910483
1,1.0,0.9995214
0,0.0,0.00015390747
0,0.0,0.00024920903
0,0.0,0.0001536516
0,0.0,0.0003160227
0,0.0,0.00020500981
0,0.0,0.0003374458
1,1.0,0.9994653
1,1.0,0.9991917
0,0.0,0.00032278066
0,0.0,0.00019640592
1,1.0,0.9995059
0,0.0,0.0002843878
0,0.0,0.0003592553
0,0.0,0.00031157
0,0.0,0.00035930055
1,1.0,0.9994693
1,1.0,0.9994942
1,1.0,0.9994915
0,0.0,8.035515e-05
1,1.0,0.99952734
1,1.0,0.99952185
0,0.0,0.00043965154
1,1.0,0.99875754
0,0.0,0.00032520294
0,0.0,0.00043148192
1,1.0,0.99949217
0,0.0,0.00034164384
1,1.0,0.999489
1,1.0,0.9994918
1,1.0,0.9995078
1,1.0,0.9995066
1,1.0,0.9994689
1,1.0,0.9994872
1,1.0,0.9995066
0,0.0,0.0003148778
1,1.0,0.9994871
0,0.0,0.0002861308
1,1.0,0.99950576
1,1.0,0.9995094
0,0.0,0.00034128837
0,0.0,0.00024838257
0,0.0,0.00020149366
0,0.0,0.00014097446
0,0.0,0.0010280076
1,1.0,0.99953544
0,0.0,0.00021695903
0,0.0,0.00024150575
0,0.0,0.0002069518
0,0.0,0.0002478758
1,1.0,0.9995199
0,0.0,0.00038940186
1,1.0,0.9994682
0,0.0,0.00024034479
0,0.0,0.00031156553
1,1.0,0.99949
1,1.0,0.9994696
0,0.0,0.00032280284
0,0.0,0.00022006854
0,0.0,0.00015383895
0,0.0,0.00031227747
1,1.0,0.99952054
1,1.0,0.99948925
1,1.0,0.9995081
0,0.0,0.00031405542
0,0.0,0.00032730866
0,0.0,0.00034282508
0,0.0,0.0003580757
1,1.0,0.9994696
1,1.0,0.9995101
0,0.0,0.00028516373
0,0.0,0.00036083956
1,1.0,0.99946576
0,0.0,8.035768e-05
1,1.0,0.99947226
1,1.0,0.99949104
1,1.0,0.9995125
1,1.0,0.9995103
1,1.0,0.9994878
0,0.0,0.0004643693
1,1.0,0.9995057
1,1.0,0.9995202
0,0.0,0.00022027994
0,0.0,0.00041186003
1,1.0,0.9995063
1,1.0,0.99948996
0,0.0,0.00017128517
0,0.0,0.0003585804
1,1.0,0.9995152
1,1.0,0.99950814
0,0.0,0.00042531575
1,1.0,0.9994859
0,0.0,0.00023240547
0,0.0,0.00032620033
0,0.0,0.00038144973
0,0.0,0.00034531555
0,0.0,0.00034467815
1,1.0,0.99879116
1,1.0,0.9995068
0,0.0,0.00022202902
1,1.0,0.9995067
0,0.0,0.0003459898
0,0.0,0.00022000013
0,0.0,0.0003374133
1,1.0,0.9995089
1,1.0,0.9995064
1,1.0,0.99711186
0,0.0,0.00038873983
1,1.0,0.9994696
0,0.0,0.00039720305
0,0.0,0.00032008337
1,1.0,0.9995089
0,0.0,0.0003346354
1,1.0,0.99948716
1,1.0,0.9994652
1,1.0,0.99951077
0,0.0,0.0001424692
0,0.0,0.00030956665
1,1.0,0.9995231
0,0.0,0.0003491111
0,0.0,0.00017690365
0,0.0,0.00035607643
1,1.0,0.99947083
1,1.0,0.9994724
1,1.0,0.99950725
1,1.0,0.99948734
0,0.0,0.00030301008
0,0.0,0.00032594946
0,0.0,0.00030517345
1,1.0,0.9994884
1,1.0,0.99952215
1,1.0,0.9994905
1,1.0,0.9995062
0,0.0,0.00030576228
1,1.0,0.9994708
0,0.0,0.0003227893
0,0.0,0.000185588
0,0.0,0.00032278622
0,0.0,0.0003184243
1,1.0,0.9995089
1,1.0,0.9994665
1,1.0,0.99948573
1,1.0,0.99948984
1,1.0,0.9994862
1,1.0,0.9994684
0,0.0,0.00028008356
0,0.0,0.00024220352
1,1.0,0.99948955
0,0.0,4.7914342e-05
0,0.0,0.0004314846
1,1.0,0.9994893
0,0.0,0.0003585944
0,0.0,0.00031656973
0,0.0,0.00031158247
0,0.0,0.00033894167
1,1.0,0.9994862
0,0.0,4.7939116e-05
0,0.0,0.00023250542
1,1.0,0.99950534
1,1.0,0.9994876
1,1.0,0.99952275
1,1.0,0.9995069
1,1.0,0.9995079
1,1.0,0.99948615
1,1.0,0.99951476
0,0.0,0.00039724185
0,0.0,0.00035859252
1,1.0,0.9995218
0,0.0,0.00030465832
1,1.0,0.9994759
1,1.0,0.9994886
1,1.0,0.99948853
0,0.0,0.00033459777
1,1.0,0.9993318
0,0.0,0.0003617087
0,0.0,0.00014286902
1,1.0,0.9994825
0,0.0,0.00021491805
1,1.0,0.99950683
1,1.0,0.99949414
1,1.0,0.99888414
1,1.0,0.99946934
0,0.0,0.00018449726
1,1.0,0.99949235
0,0.0,0.00024144542
0,0.0,0.00014252722
0,0.0,0.00022068628
1,1.0,0.99948245
0,0.0,0.00032078265
0,0.0,0.00024833425
0,0.0,0.0003378116
0,0.0,0.00021941317
1,1.0,0.9995057
1,1.0,0.99950814
0,0.0,0.00031005635
1,1.0,0.99952066
1,1.0,0.99950546
0,0.0,0.0003174195
1,1.0,0.9994673
1,1.0,0.9994873
0,0.0,0.0003585944
1,1.0,0.9995207
0,0.0,0.00035807688
0,0.0,0.00014308374
0,0.0,0.0001421346
1,1.0,0.9988396
0,0.0,0.00014228348
0,0.0,0.00036102327
0,0.0,0.00030721573
0,0.0,0.00024394097
1,1.0,0.9994899
0,0.0,0.0002810669
1,1.0,0.9994934
1,1.0,0.99948674
0,0.0,0.0004140849
1,1.0,0.99946564
0,0.0,0.00014250589
1,1.0,0.99946886
1,1.0,0.99950504
0,0.0,0.00031403117
0,0.0,0.0003375903
1,1.0,0.9994729
0,0.0,0.00021284106
1,1.0,0.9995067
1,1.0,0.99948716
1,1.0,0.9995051
0,0.0,0.0003372887
0,0.0,0.0003560423
0,0.0,0.00023109141
0,0.0,0.00033744032
1,1.0,0.99949574
0,0.0,0.00014281712
0,0.0,0.00014193902
1,1.0,0.9994728
0,0.0,0.00031403566
1,1.0,0.9994927
0,0.0,0.00035859185
1,1.0,0.9995211
0,0.0,0.0003046592
1,1.0,0.99950564
1,1.0,0.99951077
0,0.0,0.00028533806
0,0.0,0.00025934906
1,1.0,0.99949336
0,0.0,0.000334772
0,0.0,0.00025285315
1,1.0,0.99948984
0,0.0,0.00023824397
1,1.0,0.99947053
0,0.0,0.00025062723
1,1.0,0.9989498
0,0.0,0.0003029893
1,1.0,0.99948466
0,0.0,0.00020545245
0,0.0,0.0003579806
0,0.0,0.00031403746
1,1.0,0.999491
0,0.0,0.00025024163
1,1.0,0.9994673
1,1.0,0.9994895
0,0.0,0.00025084813
0,0.0,8.035576e-05
1,1.0,0.99952096
1,1.0,0.99950933
1,1.0,0.99948996
1,1.0,0.999467
0,0.0,0.00031985217
0,0.0,0.00020512694
0,0.0,8.039861e-05
0,0.0,0.00030518568
1,1.0,0.9994875
0,0.0,0.0004358023
1,1.0,0.9994702
1,1.0,0.9995109
1,1.0,0.99952453
0,0.0,0.00032021283
1,1.0,0.99948895
0,0.0,0.00031657063
0,0.0,0.00034598022
1,1.0,0.99948907
1,1.0,0.9995211
1,1.0,0.99946797
0,0.0,0.00023125674
1,1.0,0.99774075
1,1.0,0.99950767
1,1.0,0.99948967
0,0.0,0.00041397932
1,1.0,0.99948984
0,0.0,0.00033215308
1,1.0,0.9995056
0,0.0,0.00055930775
0,0.0,0.00023817402
0,0.0,0.00031158066
0,0.0,0.00031602843
0,0.0,0.00035900826
1,1.0,0.9994674
1,1.0,0.9994914
0,0.0,8.036274e-05
0,0.0,0.00019662909
1,1.0,0.99639076
1,1.0,0.99953395
1,1.0,0.99950993
1,1.0,0.9995099
1,1.0,0.9995052
1,1.0,0.9995064
0,0.0,0.00036171128
1,1.0,0.99950683
1,1.0,0.9995286
1,1.0,0.9995087
1,1.0,0.9995069
1,1.0,0.99950594
0,0.0,0.00036169286
1,1.0,0.9974264
0,0.0,0.000695087
0,0.0,0.00028535083
0,0.0,0.00014273706
0,0.0,0.0009606394
1,1.0,0.99950683
1,1.0,0.9994694
0,0.0,0.0003580745
1,1.0,0.9994883
0,0.0,0.00021878102
0,0.0,0.00016250137
1,1.0,0.9995347
1,1.0,0.9994871
1,1.0,0.999541
0,0.0,8.036029e-05
1,1.0,0.9994942
0,0.0,0.00031395783
0,0.0,0.00031547062
0,0.0,0.00022324453
1,1.0,0.9995084
1,1.0,0.9994679
0,0.0,0.00035914572
1,1.0,0.99948573
1,1.0,0.9994926
0,0.0,0.00031157918
0,0.0,0.0003347883
0,0.0,0.0006465758
0,0.0,0.000314596
1,1.0,0.99952155
0,0.0,0.00031228224
0,0.0,0.00028548363
1,1.0,0.9995206
1,1.0,0.99948764
1,1.0,0.99948937
1,1.0,0.999493
0,0.0,0.0002224293
1,1.0,0.9994864
0,0.0,0.0003558991
0,0.0,0.00025980244
0,0.0,0.0004850992
0,0.0,0.0003580697
1,1.0,0.99952054
0,0.0,0.00043963853
1,1.0,0.99950814
1,1.0,0.9994894
1,1.0,0.9994908
0,0.0,0.0003856213
0,0.0,0.00021945083
0,0.0,0.00024112841
0,0.0,0.00034474782
1,1.0,0.9995074
0,0.0,0.00014259425
1,1.0,0.99949044
1,1.0,0.99948967
1,1.0,0.9994706
0,0.0,0.00045537186
1,1.0,0.99952376
1,1.0,0.9994674
0,0.0,0.00030518684
1,1.0,0.9994877
0,0.0,0.00031340815
1,1.0,0.99953437
0,0.0,0.00021705359
0,0.0,0.00046570358
1,1.0,0.999492
0,0.0,0.00019914724
1,1.0,0.99683607
0,0.0,0.00043895302
0,0.0,0.0003202119
0,0.0,0.00020656618
1,1.0,0.9993478
0,0.0,0.0003782086
0,0.0,0.00035911507
0,0.0,0.0004314556
1,1.0,0.9994902
1,1.0,0.9994685
1,1.0,0.99949074
0,0.0,0.00036169664
1,1.0,0.9994673
1,1.0,0.9995411
0,0.0,0.00024913868
0,0.0,0.00035808302
0,0.0,0.00028354226
0,0.0,0.0002507441
1,1.0,0.99687546
0,0.0,0.00035538952
1,1.0,0.9995056
0,0.0,0.00029999707
0,0.0,0.00023015776
0,0.0,0.00014312277
1,1.0,0.9995232
1,1.0,0.9994909
0,0.0,0.00028061034
1,1.0,0.9995071
1,1.0,0.99949384
1,1.0,0.9994868
1,1.0,0.9994907
1,1.0,0.9994675
1,1.0,0.9994698
0,0.0,0.00035500128
1,1.0,0.99952567
1,1.0,0.99950737
1,1.0,0.9994888
0,0.0,0.00032722225
0,0.0,0.00020140338
0,0.0,0.00025060956
0,0.0,0.00031255416
1,1.0,0.99946743
1,1.0,0.99950784
0,0.0,0.00031324712
1,1.0,0.9994673
0,0.0,0.0002069597
0,0.0,0.0002370277
0,0.0,0.00035863084
1,1.0,0.99949306
1,1.0,0.99934006
0,0.0,8.03632e-05
1,1.0,0.99949324
1,1.0,0.999507
1,1.0,0.9995065
0,0.0,0.0009616998
1,1.0,0.99950945
0,0.0,0.0002179877
0,0.0,0.00021106952
1,1.0,0.9994687
1,1.0,0.9994658
1,1.0,0.9995055
1,1.0,0.9994672
0,0.0,0.0003561988
1,1.0,0.99950546
1,1.0,0.9995047
1,1.0,0.99950767
1,1.0,0.9994655
0,0.0,0.0003548671
0,0.0,0.00030467776
0,0.0,0.00072976935
0,0.0,0.00038197194
0,0.0,0.0003754243
1,1.0,0.9995317
1,1.0,0.9994716
0,0.0,0.00043603
1,1.0,0.9995104
0,0.0,0.00014330768
0,0.0,0.0003592474
1,1.0,0.99946797
0,0.0,0.0002110816
0,0.0,0.0004314723
1,1.0,0.9994661
1,1.0,0.9994859
0,0.0,0.00032022322
0,0.0,0.0003017057
1,1.0,0.9995078
1,1.0,0.9995089
0,0.0,0.00045529028
1,1.0,0.99948794
1,1.0,0.9995084
1,1.0,0.99949104
1,1.0,0.99948967
1,1.0,0.99952126
1,1.0,0.9995128
1,1.0,0.9994899
0,0.0,0.0003228016
0,0.0,0.00036169044
1,1.0,0.9994891
0,0.0,0.00015211801
0,0.0,0.00043537168
1,1.0,0.9995065
0,0.0,0.00018558658
0,0.0,0.000320211
0,0.0,0.00031937318
0,0.0,0.00035913184
1,1.0,0.99952304
0,0.0,0.00020693937
0,0.0,4.788812e-05
0,0.0,0.00026373094
1,1.0,0.9995014
0,0.0,0.00032852477
1,1.0,0.99952215
0,0.0,0.00028464792
0,0.0,0.00056584575
1,1.0,0.99950606
1,1.0,0.99954
0,0.0,0.00037893167
1,1.0,0.99951184
0,0.0,0.00029353792
0,0.0,0.00035928082
0,0.0,0.00020691312
1,1.0,0.9994896
1,1.0,0.999509
0,0.0,0.00033383787
0,0.0,0.00024815748
0,0.0,0.0011972049
0,0.0,0.00019047562
0,0.0,0.0003975332
1,1.0,0.9994942
0,0.0,0.0002866996
1,1.0,0.9994864
1,1.0,0.9994734
0,0.0,0.0002492722
1,1.0,0.9995071
1,1.0,0.9995223
1,1.0,0.99948955
1,1.0,0.9994686
1,1.0,0.99949
1,1.0,0.9995064
0,0.0,0.00014447172
0,0.0,0.00031656065
1,1.0,0.9995115
1,1.0,0.9995052
0,0.0,0.0003160236
1,1.0,0.9994895
0,0.0,0.0002532457
1,1.0,0.999491
0,0.0,0.00035911886
0,0.0,0.00034058144
0,0.0,0.00035858995
0,0.0,0.00022848447
0,0.0,0.00034035617
0,0.0,0.00021802408
0,0.0,0.00035028748
0,0.0,0.00031657817
1,1.0,0.99896675
0,0.0,0.00022691568
1,1.0,0.999521
1,1.0,0.9995056
0,0.0,0.0005588005
0,0.0,0.00027277909
1,1.0,0.99948305
0,0.0,0.00023954408
0,0.0,0.00035925975
0,0.0,0.000315879
0,0.0,0.00028436608
0,0.0,0.00028392125
1,1.0,0.9995222
0,0.0,0.00029500606
1,1.0,0.99952316
0,0.0,0.00035551388
1,1.0,0.9995204
0,0.0,0.00030466123
1,1.0,0.9995051
1,1.0,0.9994871
1,1.0,0.9994881
1,1.0,0.9994878
0,0.0,0.0004294845
0,0.0,0.00014303272
0,0.0,0.00015597387
0,0.0,0.0002203444
1,1.0,0.9995215
1,1.0,0.99946547
0,0.0,0.00024816103
1,1.0,0.99949
0,0.0,8.035469e-05
1,1.0,0.99948955
1,1.0,0.9995074
0,0.0,0.00032816542
1,1.0,0.99947083
0,0.0,0.00038844603
0,0.0,0.0002170155
0,0.0,0.00023957675
1,1.0,0.9990008
1,1.0,0.999521
0,0.0,0.00035859834
1,1.0,0.99949116
1,1.0,0.9994986
0,0.0,0.00033478765
0,0.0,0.00021797814
0,0.0,0.00033757547
1,1.0,0.99946725
1,1.0,0.9995151
0,0.0,0.00035912672
1,1.0,0.9994673
0,0.0,0.00021232075
0,0.0,0.00015408265
1,1.0,0.99948615
0,0.0,0.00033337888
0,0.0,0.00040042188
0,0.0,0.0003113004
1,1.0,0.99950874
0,0.0,0.00025475296
0,0.0,0.00035793777
0,0.0,0.0003134219
1,1.0,0.9994685
0,0.0,0.00010748487
0,0.0,0.00035925442
0,0.0,0.00035599904
0,0.0,0.000311918
1,1.0,0.9994685
0,0.0,0.00031657759
0,0.0,0.00047162463
0,0.0,0.00022358705
1,1.0,0.99948955
1,1.0,0.9994708
0,0.0,0.00031156852
0,0.0,0.0015212869
0,0.0,0.00021491191
0,0.0,0.0003562165
0,0.0,0.00025055892
1,1.0,0.9994961
1,1.0,0.9995419
1,1.0,0.9994696
1,1.0,0.9995264
1,1.0,0.99946994
0,0.0,0.00027697053
0,0.0,0.00021043392
0,0.0,0.00033742216
1,1.0,0.99828595
1,1.0,0.9994592
0,0.0,0.00042356498
1,1.0,0.99947166
1,1.0,0.99951017
0,0.0,4.7880723e-05
1,1.0,0.99950856
1,1.0,0.9994909
0,0.0,0.0002532102
1,1.0,0.9994871
1,1.0,0.99946696
1,1.0,0.99950683
1,1.0,0.9995088
1,1.0,0.9994673
0,0.0,0.00035928117
0,0.0,0.00025049347
0,0.0,0.00035794804
1,1.0,0.9994872
0,0.0,0.00028534702
0,0.0,0.0003265301
1,1.0,0.99950564
0,0.0,0.00015371389
0,0.0,0.00035500043
1,1.0,0.9994924
1,1.0,0.99950784
0,0.0,8.035867e-05
0,0.0,0.0003404566
1,1.0,0.99948937
1,1.0,0.99950796
0,0.0,0.00034468935
0,0.0,0.00019938662
1,1.0,0.99950945
1,1.0,0.999541
1,1.0,0.9995112
0,0.0,0.0005584466
1,1.0,0.99946964
0,0.0,0.00033739064
1,1.0,0.9994883
0,0.0,0.00029135004
0,0.0,0.00048453073
0,0.0,0.00035620088
1,1.0,0.9995216
0,0.0,0.00030062522
1,1.0,0.9995212
1,1.0,0.99952084
0,0.0,0.00033698752
0,0.0,0.00021108301
0,0.0,0.00023632501
0,0.0,0.0005581662
1,1.0,0.99950683
0,0.0,0.0003446775
1,1.0,0.99953496
1,1.0,0.99946797
1,1.0,0.9994737
0,0.0,0.00035685208
1,1.0,0.9995056
0,0.0,0.0005585597
1,1.0,0.9994903
0,0.0,0.0003160257
0,0.0,0.00036171923
1,1.0,0.9994864
0,0.0,0.0001999048
1,1.0,0.999486
1,1.0,0.9995065
1,1.0,0.9995091
0,0.0,0.00035808404
1,1.0,0.9995209
1,1.0,0.9994663
0,0.0,0.00033212142
0,0.0,0.00028935142
1,1.0,0.9974263
0,0.0,0.00024866028
1,1.0,0.9995108
1,1.0,0.9995225
0,0.0,0.0003384804
1,1.0,0.9994884
1,1.0,0.99950874
1,1.0,0.9995206
1,1.0,0.99950546
0,0.0,0.0002843601
0,0.0,0.00022153166
0,0.0,0.00035705967
1,1.0,0.9994658
0,0.0,0.00015392553
0,0.0,0.00022705983
1,1.0,0.9994897
0,0.0,0.00032912137
0,0.0,0.0002460111
1,1.0,0.99952126
0,0.0,8.0356454e-05
1,1.0,0.99950963
1,1.0,0.9994867
0,0.0,0.0004004026
1,1.0,0.99946845
0,0.0,0.00031339857
1,1.0,0.99948716
0,0.0,0.00014259084
1,1.0,0.9995227
1,1.0,0.99946874
0,0.0,0.00034918202
1,1.0,0.9995213
1,1.0,0.9994886
0,0.0,0.00038872389
0,0.0,0.0001430326
1,1.0,0.9995231
0,0.0,0.00034913857
0,0.0,0.00033757288
1,1.0,0.99948907
0,0.0,0.00043122453
1,1.0,0.99946797
1,1.0,0.99950826
1,1.0,0.9995056
0,0.0,0.00022012707
1,1.0,0.9994933
0,0.0,0.00033749358
1,1.0,0.99950796
1,1.0,0.99951696
0,0.0,0.00037541447
1,1.0,0.99950576
0,0.0,0.00014290703
1,1.0,0.99946845
1,1.0,0.9994939
1,1.0,0.9995213
1,1.0,0.99950933
0,0.0,0.00032022138
0,0.0,0.00035898777
1,1.0,0.9995205
0,0.0,0.00026322223
0,0.0,0.00042950132
0,0.0,0.0003616963
1,1.0,0.9995103
1,1.0,0.9994886
0,0.0,0.00035909662
0,0.0,0.0002462035
0,0.0,0.00035792412
0,0.0,0.0004210678
1,1.0,0.99950653
1,1.0,0.9994894
0,0.0,0.00017155176
1,1.0,0.9994655
0,0.0,0.00041223122
1,1.0,0.9994652
1,1.0,0.9992754
1,1.0,0.99950534
1,1.0,0.9994699
0,0.0,0.00024618566
1,1.0,0.99950725
1,1.0,0.9995184
0,0.0,0.00014217444
0,0.0,0.00014299482
1,1.0,0.99946684
1,1.0,0.9994901
1,1.0,0.9995094
0,0.0,0.0013791536
1,1.0,0.9995079
1,1.0,0.99948853
0,0.0,4.789159e-05
1,1.0,0.9995069
0,0.0,0.00022781122
0,0.0,0.0013446542
1,1.0,0.99952
0,0.0,0.00035913597
0,0.0,0.00031643544
0,0.0,8.024641e-05
1,1.0,0.9995303
1,1.0,0.9994925
1,1.0,0.99948716
0,0.0,0.00032022077
1,1.0,0.99952316
1,1.0,0.9995116
1,1.0,0.9995086
1,1.0,0.99946994
1,1.0,0.9995081
0,0.0,0.00038872572
0,0.0,0.00032207614
0,0.0,0.0001519223
0,0.0,8.036251e-05
1,1.0,0.9994906
0,0.0,0.00053118094
0,0.0,0.0002403654
0,0.0,0.00015361894
0,0.0,0.00023125806
1,1.0,0.9995096
0,0.0,0.00036168646
1,1.0,0.9995207
0,0.0,0.00014282652
1,1.0,0.99952346
0,0.0,0.00035808113
1,1.0,0.99950993
1,1.0,0.9995073
1,1.0,0.99949
1,1.0,0.99949193
1,1.0,0.9994676
0,0.0,0.0003561883
1,1.0,0.99948776
1,1.0,0.99947804
1,1.0,0.99948657
1,1.0,0.9994876
0,0.0,0.0003403338
0,0.0,0.0002914187
1,1.0,0.99948627
1,1.0,0.99948764
1,1.0,0.9994675
1,1.0,0.9994886
0,0.0,0.00032752127
1,1.0,0.999492
0,0.0,4.8007187e-05
1,1.0,0.99952406
0,0.0,0.00033460002
1,1.0,0.99951166
0,0.0,0.0003920928
1,1.0,0.9994954
1,1.0,0.99950653
0,0.0,0.00031723076
1,1.0,0.9995067
0,0.0,0.0002964838
0,0.0,0.00034439255
1,1.0,0.99949706
0,0.0,0.000205097
0,0.0,0.00015401906
1,1.0,0.99688274
0,0.0,0.0003579359
1,1.0,0.9995058
1,1.0,0.99946576
0,0.0,0.0003559242
0,0.0,0.00035858384
0,0.0,0.00036156632
0,0.0,0.0010986985
1,1.0,0.99948615
1,1.0,0.99910533
0,0.0,0.00031404584
1,1.0,0.9994668
1,1.0,0.9995092
0,0.0,0.0004235573
0,0.0,0.00014261084
0,0.0,0.00032280223
0,0.0,0.0003238299
0,0.0,0.00022007272
1,1.0,0.9994658
1,1.0,0.99946845
0,0.0,0.0002548346
1,1.0,0.99948674
1,1.0,0.99948674
1,1.0,0.99950814
1,1.0,0.9978848
0,0.0,0.00024558598
0,0.0,0.0003046624
0,0.0,0.00035912584
1,1.0,0.99949116
0,0.0,0.000153991
0,0.0,0.00020699836
1,1.0,0.99950695
0,0.0,0.00014270388
0,0.0,0.00031964976
1,1.0,0.9994709
0,0.0,0.0004124679
1,1.0,0.99950826
1,1.0,0.99948853
1,1.0,0.9994948
1,1.0,0.9994907
1,1.0,0.9994662
0,0.0,0.00014278214
1,1.0,0.99946725
1,1.0,0.9994903
0,0.0,0.00039521724
0,0.0,0.00020195317
0,0.0,0.0002593382
1,1.0,0.9995093
0,0.0,0.00031945537
1,1.0,0.9994653
1,1.0,0.9994706
1,1.0,0.9994736
1,1.0,0.9995055
0,0.0,0.00031158543
1,1.0,0.99948835
1,1.0,0.99949473
1,1.0,0.9994814
0,0.0,0.00028532743
0,0.0,0.00036170697
0,0.0,0.00014258242
0,0.0,0.0003376413
1,1.0,0.9994665
1,1.0,0.9995069
1,1.0,0.99949
1,1.0,0.99948686
0,0.0,0.00017159215
0,0.0,0.00033819815
1,1.0,0.9994658
1,1.0,0.9994866
0,0.0,0.00043896076
1,1.0,0.9994872
0,0.0,0.0003115863
1,1.0,0.9994688
1,1.0,0.9994871
0,0.0,0.00051060534
0,0.0,0.00035771416
1,1.0,0.9995229
0,0.0,0.00038871015
1,1.0,0.99948967
1,1.0,0.9994709
0,0.0,8.035017e-05
0,0.0,0.00021944623
0,0.0,0.00025942846
1,1.0,0.9994693
0,0.0,0.0004659724
0,0.0,4.7881178e-05
1,1.0,0.9995209
1,1.0,0.99949294
0,0.0,0.00038912025
0,0.0,0.00031340096
1,1.0,0.99874693
1,1.0,0.99950683
1,1.0,0.9995086
1,1.0,0.99949235
1,1.0,0.9995105
1,1.0,0.99924076
0,0.0,0.0005583394
1,1.0,0.9994962
1,1.0,0.99951035
1,1.0,0.9994714
0,0.0,0.0002491843
0,0.0,0.00035673642
1,1.0,0.99950826
0,0.0,0.00030775982
0,0.0,0.00023871781
1,1.0,0.9994903
1,1.0,0.9994905
0,0.0,0.00014232364
1,1.0,0.99946684
0,0.0,0.00048115163
1,1.0,0.9994868
0,0.0,0.0002459185
0,0.0,0.00033742635
0,0.0,0.00022035492
1,1.0,0.9994664
0,0.0,0.0002853386
1,1.0,0.9994663
0,0.0,0.00024871243
1,1.0,0.9994909
0,0.0,0.00024951022
1,1.0,0.99953914
0,0.0,0.00031658963
0,0.0,0.00036038063
0,0.0,0.00015367006
0,0.0,0.00035794938
0,0.0,0.00018480819
1,1.0,0.999531
0,0.0,0.00020656342
0,0.0,0.0003589804
1,1.0,0.9995067
1,1.0,0.99946576
1,1.0,0.9995204
0,0.0,0.00014250982
0,0.0,0.0009935631
0,0.0,0.00031199743
0,0.0,0.00032279544
0,0.0,0.00035501635
1,1.0,0.9994673
0,0.0,0.00024932905
0,0.0,0.00034615226
1,1.0,0.99949217
0,0.0,0.00029633174
0,0.0,0.00019559487
0,0.0,0.00035686654
1,1.0,0.9994708
1,1.0,0.9995071
0,0.0,0.00022787291
0,0.0,0.00031214353
1,1.0,0.9994934
1,1.0,0.9994931
0,0.0,0.00042922542
0,0.0,0.00020267327
1,1.0,0.9994909
0,0.0,0.00031160205
1,1.0,0.9994892
1,1.0,0.99952894
0,0.0,0.00014256214
0,0.0,0.00014229405
0,0.0,0.0002943346
1,1.0,0.99950486
1,1.0,0.9995058
1,1.0,0.9995072
0,0.0,0.0003585934
1,1.0,0.99952114
0,0.0,0.00033720973
1,1.0,0.9994874
1,1.0,0.99948853
0,0.0,0.00032744536
0,0.0,0.00024620752
1,1.0,0.9995069
0,0.0,0.00057634903
1,1.0,0.9995049
1,1.0,0.99950564
1,1.0,0.9995209
0,0.0,0.0001716437
0,0.0,0.0001716301
0,0.0,0.00022142947
0,0.0,0.00033461882
1,1.0,0.99950564
0,0.0,0.00037777316
1,1.0,0.9994868
1,1.0,0.9994878
1,1.0,0.9967336
1,1.0,0.99951
0,0.0,0.0003616906
1,1.0,0.99950784
1,1.0,0.9994874
1,1.0,0.9995093
1,1.0,0.9995212
0,0.0,0.0003346386
0,0.0,0.00066132715
1,1.0,0.9994885
1,1.0,0.9987455
0,0.0,4.7796053e-05
1,1.0,0.99948746
1,1.0,0.9995108
0,0.0,0.00030375808
0,0.0,0.000355502
0,0.0,8.024565e-05
0,0.0,0.0003133929
0,0.0,8.035914e-05
1,1.0,0.9993986
1,1.0,0.9993259
1,1.0,0.9995004
1,1.0,0.9994921
1,1.0,0.9995066
1,1.0,0.9995052
1,1.0,0.9995337
0,0.0,0.00038982884
0,0.0,4.791343e-05
1,1.0,0.9994996
0,0.0,0.0002066048
1,1.0,0.99946785
0,0.0,0.00031604228
0,0.0,0.00033000612
0,0.0,0.00035618473
1,1.0,0.9995052
1,1.0,0.99952215
0,0.0,0.00028532225
0,0.0,0.0003570871
0,0.0,0.00031403117
0,0.0,0.00035111496
0,0.0,0.00034596387
1,1.0,0.999466
0,0.0,0.00043470217
1,1.0,0.99946934
1,1.0,0.99952257
1,1.0,0.999521
1,1.0,0.9994867
1,1.0,0.9995207
0,0.0,0.00031630485
1,1.0,0.9994664
0,0.0,0.00015388269
1,1.0,0.99948907
0,0.0,0.00025019894
1,1.0,0.99950725
0,0.0,0.00036167802
1,1.0,0.9995021
0,0.0,0.00023950022
1,1.0,0.99948597
0,0.0,0.00034912076
1,1.0,0.9995004
0,0.0,0.00042920662
1,1.0,0.9994875
0,0.0,0.00030467226
0,0.0,0.00013021955
1,1.0,0.99948686
1,1.0,0.99950695
0,0.0,0.00024037182
0,0.0,8.011972e-05
0,0.0,0.00014223628
1,1.0,0.999492
0,0.0,0.00034914422
1,1.0,0.9995051
1,1.0,0.9994664
1,1.0,0.9995209
0,0.0,0.00028350682
0,0.0,0.00024194916
1,1.0,0.99950516
0,0.0,0.00039717523
1,1.0,0.9994653
1,1.0,0.9994688
0,0.0,8.035867e-05
1,1.0,0.99949354
0,0.0,0.00035127698
0,0.0,0.0007541948
0,0.0,0.00028134813
0,0.0,0.00031603265
1,1.0,0.9994873
0,0.0,4.779742e-05
1,1.0,0.99949
1,1.0,0.9995056
1,1.0,0.999487
0,0.0,0.00039753888
0,0.0,8.035385e-05
1,1.0,0.99950624
1,1.0,0.9995244
1,1.0,0.99946886
1,1.0,0.99952275
0,0.0,0.00020511932
1,1.0,0.9994903
0,0.0,0.00030375837
0,0.0,0.00023880637
0,0.0,0.00028693365
1,1.0,0.9994902
1,1.0,0.9994658
0,0.0,8.03599e-05
1,1.0,0.9994862
1,1.0,0.9994907
1,1.0,0.9995229
1,1.0,0.9995238
1,1.0,0.99949515
1,1.0,0.99950725
0,0.0,0.00035590978
1,1.0,0.9994901
1,1.0,0.99950683
1,1.0,0.99948704
0,0.0,0.00032022962
1,1.0,0.9994872
1,1.0,0.9995229
1,1.0,0.99950564
1,1.0,0.9995065
1,1.0,0.999487
1,1.0,0.9994895
0,0.0,0.00020499967
0,0.0,0.00035912535
0,0.0,0.00032861216
1,1.0,0.9994696
0,0.0,0.00048105922
0,0.0,4.789506e-05
0,0.0,0.0003968388
1,1.0,0.9994916
0,0.0,0.0002843753
0,0.0,0.00031407873
1,1.0,0.9994953
0,0.0,0.0008803679
0,0.0,0.00023696898
1,1.0,0.9995064
1,1.0,0.9994667
0,0.0,0.0002462124
0,0.0,0.00016087545
1,1.0,0.99950546
1,1.0,0.99946743
1,1.0,0.9994953
1,1.0,0.9995064
1,1.0,0.9995071
0,0.0,0.0002843913
1,1.0,0.99948263
1,1.0,0.99948967
0,0.0,0.00031403685
1,1.0,0.9994899
1,1.0,0.9994859
1,1.0,0.999486
1,1.0,0.99888736
0,0.0,0.00021774985
1,1.0,0.9995079
0,0.0,0.0003154998
0,0.0,0.00029244344
1,1.0,0.99949074
1,1.0,0.999487
0,0.0,0.00046595643
1,1.0,0.99951345
0,0.0,0.00035859869
1,1.0,0.9995214
0,0.0,0.0003164719
1,1.0,0.9995059
0,0.0,0.00015604768
0,0.0,0.0001717601
1,1.0,0.9995207
0,0.0,0.0002716921
0,0.0,4.7761514e-05
0,0.0,0.00028438994
1,1.0,0.9992407
0,0.0,0.0003375948
1,1.0,0.99947035
0,0.0,0.0003223293
0,0.0,0.0011699542
1,1.0,0.99946636
1,1.0,0.9994902
1,1.0,0.99946874
1,1.0,0.9995026
0,0.0,0.0005588069
0,0.0,0.0003046557
1,1.0,0.9994899
0,0.0,0.00015418642
1,1.0,0.99950683
1,1.0,0.9995084
1,1.0,0.9995214
1,1.0,0.9995093
0,0.0,0.00035795674
0,0.0,0.00030520136
0,0.0,0.00034162708
1,1.0,0.99951434
0,0.0,0.0002236764
1,1.0,0.9994653
1,1.0,0.999521
0,0.0,0.00021838548
0,0.0,0.00030890977
0,0.0,0.0001886312
1,1.0,0.9995007
0,0.0,0.00025032446
0,0.0,0.0003615589
1,1.0,0.99951345
1,1.0,0.9995099
0,0.0,0.00024790608
1,1.0,0.999487
1,1.0,0.9995055
1,1.0,0.9994905
0,0.0,0.00022145142
1,1.0,0.99950606
1,1.0,0.9995302
0,0.0,0.00028437312
1,1.0,0.99948573
0,0.0,0.00033098191
0,0.0,0.00032359816
0,0.0,8.035952e-05
0,0.0,0.000231061
0,0.0,0.0003777674
1,1.0,0.99949056
1,1.0,0.99950695
1,1.0,0.99946845
1,1.0,0.99949455
1,1.0,0.99950546
1,1.0,0.9994927
1,1.0,0.99950624
1,1.0,0.99950564
0,0.0,0.0010537901
1,1.0,0.9994932
1,1.0,0.9995245
0,0.0,0.00020696955
0,0.0,0.00045531505
0,0.0,0.00035858413
1,1.0,0.9994899
0,0.0,0.00030778183
0,0.0,0.00014204488
0,0.0,4.7866888e-05
1,1.0,0.9982091
0,0.0,0.00035859185
0,0.0,0.000142056
1,1.0,0.99950784
0,0.0,0.00024118864
0,0.0,0.00043614808
0,0.0,4.8005444e-05
0,0.0,4.7869125e-05
1,1.0,0.9994692
0,0.0,0.00034598185
0,0.0,0.00033646778
1,1.0,0.9995205
1,1.0,0.99950683
0,0.0,0.00014264972
0,0.0,0.00014089156
0,0.0,0.0003140279
1,1.0,0.99950594
1,1.0,0.9994698
1,1.0,0.99948865
0,0.0,0.0003127527
1,1.0,0.9995238
0,0.0,0.00017160426
1,1.0,0.99950904
1,1.0,0.9994875
1,1.0,0.9995075
0,0.0,0.00032022077
0,0.0,0.00031086558
0,0.0,0.00042418324
0,0.0,0.000310361
1,1.0,0.9993356
1,1.0,0.99946845
1,1.0,0.99952173
0,0.0,0.00035909252
0,0.0,0.00042923586
1,1.0,0.9994902
1,1.0,0.9994664
0,0.0,0.00016839405
1,1.0,0.99949354
1,1.0,0.99952203
1,1.0,0.9994714
1,1.0,0.99952084
1,1.0,0.9995089
0,0.0,0.00021948722
0,0.0,0.00023177038
0,0.0,4.7907306e-05
0,0.0,0.00040007813
0,0.0,0.00040008366
0,0.0,0.00015374964
1,1.0,0.99949145
0,0.0,0.00025062246
1,1.0,0.9995022
0,0.0,0.0002489924
1,1.0,0.99952453
0,0.0,0.00035912194
1,1.0,0.999467
1,1.0,0.9994873
0,0.0,0.0032144042
0,0.0,0.00022652722
0,0.0,4.78023e-05
1,1.0,0.99948895
1,1.0,0.9994863
0,0.0,0.00022849646
1,1.0,0.9994658
0,0.0,0.0002511736
1,1.0,0.9994896
0,0.0,0.00027594838
1,1.0,0.9995068
1,1.0,0.99948716
0,0.0,0.0003151667
1,1.0,0.99949074
0,0.0,0.0002486048
0,0.0,0.00033114414
0,0.0,0.0003202064
1,1.0,0.9995062
1,1.0,0.9994667
0,0.0,0.0003370961
1,1.0,0.9994901
1,1.0,0.99949074
0,0.0,0.00029120923
1,1.0,0.9994679
0,0.0,0.0003884566
0,0.0,0.0002069449
1,1.0,0.99952084
1,1.0,0.99950665
0,0.0,0.00036248312
1,1.0,0.9995278
0,0.0,0.00014198315
1,1.0,0.9995069
0,0.0,0.00030060863
0,0.0,0.00031102687
0,0.0,0.00048513224
1,1.0,0.99950683
1,1.0,0.99950796
1,1.0,0.99953055
0,0.0,0.00021285303
0,0.0,0.00029810792
0,0.0,0.00031646888
0,0.0,0.00038149537
1,1.0,0.99948734
1,1.0,0.999508
1,1.0,0.9995208
0,0.0,0.00025311703
1,1.0,0.99950653
0,0.0,0.00034466074
1,1.0,0.9994659
0,0.0,0.00035823684
0,0.0,4.7875972e-05
1,1.0,0.99947023
1,1.0,0.99948764
0,0.0,0.00035805808
1,1.0,0.9995195
0,0.0,0.0003227893
1,1.0,0.99952096
1,1.0,0.99946845
0,0.0,0.0003550321
1,1.0,0.9994884
1,1.0,0.99952424
0,0.0,0.00033912912
1,1.0,0.9994907
0,0.0,0.00031438284
0,0.0,0.0003579342
0,0.0,0.00032334003
1,1.0,0.9994805
1,1.0,0.9994887
0,0.0,0.0002490905
0,0.0,0.0002069449
1,1.0,0.999467
1,1.0,0.9995239
1,1.0,0.9994926
0,0.0,0.00043577072
1,1.0,0.99948853
1,1.0,0.9994907
0,0.0,0.00033761183
0,0.0,0.00031603113
1,1.0,0.99946713
0,0.0,0.00030465718
0,0.0,0.0003304579
0,0.0,0.0001978785
1,1.0,0.9994671
1,1.0,0.9995211
0,0.0,0.00031657878
1,1.0,0.9987576
0,0.0,0.00024116106
0,0.0,0.00033758898
1,1.0,0.99883115
1,1.0,0.9994886
1,1.0,0.99951196
1,1.0,0.999521
0,0.0,0.00029408076
0,0.0,0.0001422474
0,0.0,0.00024848914
0,0.0,0.00035418625
0,0.0,0.0004118347
1,1.0,0.9995001
1,1.0,0.9994899
0,0.0,0.00014214881
1,1.0,0.999522
0,0.0,0.00023102092
0,0.0,0.00014215628
1,1.0,0.999521
0,0.0,0.00024369851
0,0.0,0.00024598645
1,1.0,0.99949926
0,0.0,0.00035910742
0,0.0,0.00034565892
0,0.0,0.00037544215
1,1.0,0.9995081
1,1.0,0.9994694
1,1.0,0.9994666
1,1.0,0.99946827
1,1.0,0.9995049
0,0.0,0.00024568156
1,1.0,0.99951935
0,0.0,0.00023136723
1,1.0,0.999524
1,1.0,0.99948967
0,0.0,0.00015375845
0,0.0,0.00032882215
1,1.0,0.9994889
1,1.0,0.99949193
1,1.0,0.9995099
0,0.0,0.0003202354
1,1.0,0.9995292
1,1.0,0.99950904
0,0.0,0.0004552393
0,0.0,0.00017152836
1,1.0,0.9994874
0,0.0,0.00021105362
1,1.0,0.9995067
0,0.0,0.00028843727
0,0.0,0.00035860945
0,0.0,0.00055913394
1,1.0,0.9994709
0,0.0,0.00014261545
0,0.0,0.00031157
1,1.0,0.9994719
1,1.0,0.99948937
0,0.0,0.0002106676
0,0.0,0.00042355288
0,0.0,0.00031687348
0,0.0,0.0003586004
1,1.0,0.9995079
1,1.0,0.9994877
0,0.0,0.00031181367
1,1.0,0.9995073
1,1.0,0.99946874
1,1.0,0.99948645
0,0.0,0.00035546286
1,1.0,0.99948716
1,1.0,0.9995208
1,1.0,0.99946797
1,1.0,0.99946797
0,0.0,0.0011028291
0,0.0,0.00035522116
1,1.0,0.99950004
0,0.0,0.00031603265
1,1.0,0.99947083
0,0.0,0.00034599012
0,0.0,0.00034213898
0,0.0,0.00020693916
0,0.0,0.00028630244
1,1.0,0.9995143
1,1.0,0.99950737
0,0.0,0.0013451762
1,1.0,0.99948907
1,1.0,0.9994921
1,1.0,0.99946934
1,1.0,0.9994905
1,1.0,0.999645
1,1.0,0.99946725
0,0.0,0.0002889974
0,0.0,0.00013422302
1,1.0,0.9995121
1,1.0,0.99949217
1,1.0,0.9994901
1,1.0,0.99946636
0,0.0,0.000435017
1,1.0,0.9995053
1,1.0,0.9994914
0,0.0,0.00030520427
1,1.0,0.9994902
1,1.0,0.99950504
1,1.0,0.9995064
0,0.0,0.00024882035
0,0.0,0.00029392267
0,0.0,0.000153991
0,0.0,0.00035619628
0,0.0,0.00015383337
1,1.0,0.9995063
1,1.0,0.99948716
1,1.0,0.9995087
1,1.0,0.99948597
1,1.0,0.99952084
0,0.0,0.00028617473
0,0.0,0.0004235543
0,0.0,0.0003294733
1,1.0,0.9994861
1,1.0,0.9995092
1,1.0,0.999492
0,0.0,0.00024594544
0,0.0,0.0003075586
1,1.0,0.9994944
0,0.0,0.00039753964
0,0.0,0.0002491299
0,0.0,0.000312106
0,0.0,0.0013113176
1,1.0,0.99950534
1,1.0,0.99948573
1,1.0,0.9994888
1,1.0,0.999488
1,1.0,0.9995214
1,1.0,0.99950683
0,0.0,4.790091e-05
0,0.0,0.00080786535
0,0.0,0.00035891024
0,0.0,0.00031657936
1,1.0,0.9995059
1,1.0,0.99950665
1,1.0,0.9994664
0,0.0,0.00014284055
1,1.0,0.9995082
1,1.0,0.9995059
0,0.0,0.00028437775
1,1.0,0.9994924
1,1.0,0.99946946
1,1.0,0.99950546
0,0.0,0.00035142622
0,0.0,0.00030466152
0,0.0,0.0002761663
1,1.0,0.9994865
1,1.0,0.9994906
0,0.0,0.00043144842
1,1.0,0.9994685
0,0.0,0.00015390219
1,1.0,0.9995072
1,1.0,0.9994925
0,0.0,0.0003924185
1,1.0,0.9994661
0,0.0,0.00035263775
1,1.0,0.9994862
1,1.0,0.9994675
1,1.0,0.99952406
1,1.0,0.9994659
0,0.0,0.00035551065
1,1.0,0.9994915
1,1.0,0.9994672
1,1.0,0.999513
0,0.0,0.00034469197
0,0.0,0.00031156852
0,0.0,0.00024917338
0,0.0,0.0001427933
1,1.0,0.99950904
0,0.0,0.00014313655
0,0.0,0.00034162708
1,1.0,0.99946576
0,0.0,0.00030288936
1,1.0,0.9994678
1,1.0,0.99949
1,1.0,0.9995247
0,0.0,0.0003346383
0,0.0,0.0003142309
0,0.0,0.00020696718
1,1.0,0.9995059
0,0.0,0.00014397525
0,0.0,0.00034602077
1,1.0,0.99948764
0,0.0,0.00046540002
0,0.0,0.00033740708
0,0.0,0.00035620222
0,0.0,0.00021496147
1,1.0,0.99950695
1,1.0,0.9994659
1,1.0,0.99949056
0,0.0,0.00029452128
1,1.0,0.9994871
0,0.0,0.0003160209
1,1.0,0.99947155
0,0.0,0.00014249582
0,0.0,0.000423586
1,1.0,0.9994695
0,0.0,0.00035500008
0,0.0,0.0005586732
1,1.0,0.99950856
0,0.0,0.00096200494
0,0.0,0.00029450725
1,1.0,0.99946755
0,0.0,0.00042913522
0,0.0,0.0004207488
0,0.0,0.00015381796
1,1.0,0.99948734
0,0.0,0.0003624184
1,1.0,0.9994674
1,1.0,0.9994862
1,1.0,0.9994898
1,1.0,0.99742377
1,1.0,0.9995068
0,0.0,4.7791542e-05
0,0.0,0.00032023055
0,0.0,0.00033367175
1,1.0,0.9994861
1,1.0,0.9994659
1,1.0,0.9994938
0,0.0,0.00028253382
1,1.0,0.99949175
1,1.0,0.99946946
1,1.0,0.9994688
1,1.0,0.99949074
1,1.0,0.99949217
0,0.0,0.00022797177
1,1.0,0.99952096
1,1.0,0.99930555
0,0.0,0.00017138154
1,1.0,0.9994861
1,1.0,0.99933434
1,1.0,0.99949014
0,0.0,8.0418235e-05
1,1.0,0.9995077
1,1.0,0.9994728
0,0.0,0.00021492339
0,0.0,4.777609e-05
1,1.0,0.9994944
1,1.0,0.999528
1,1.0,0.9994977
1,1.0,0.9992657
0,0.0,0.00024920568
1,1.0,0.9989386
1,1.0,0.9994652
0,0.0,4.7778645e-05
0,0.0,0.00020695495
0,0.0,0.00030734928
0,0.0,0.0004659653
1,1.0,0.999508
1,1.0,0.9994824
0,0.0,0.00023282286
0,0.0,0.00023024336
0,0.0,0.00015358876
1,1.0,0.99930745
1,1.0,0.99951005
0,0.0,0.00050935167
1,1.0,0.99950784
0,0.0,0.0003592762
1,1.0,0.99946797
0,0.0,0.0002485991
1,1.0,0.9994875
0,0.0,8.035492e-05
0,0.0,0.00014298703
1,1.0,0.99948674
0,0.0,0.00023871372
1,1.0,0.9994804
1,1.0,0.99952155
0,0.0,0.00019464994
1,1.0,0.9994659
0,0.0,0.00025258114
0,0.0,0.0004312017
0,0.0,0.00024847873
0,0.0,0.00028668702
0,0.0,0.00015406031
0,0.0,0.00024903085
1,1.0,0.999228
0,0.0,0.00023181103
0,0.0,0.00035780523
1,1.0,0.9994709
0,0.0,0.00048463588
1,1.0,0.9994697
0,0.0,0.00022570796
0,0.0,0.0001428633
1,1.0,0.999491
0,0.0,0.00023257328
0,0.0,0.00023106278
1,1.0,0.99950206
0,0.0,0.00025518032
1,1.0,0.9994885
1,1.0,0.99951375
0,0.0,0.0002487314
1,1.0,0.9995093
0,0.0,0.00031657092
0,0.0,0.00035819432
1,1.0,0.99950886
0,0.0,0.00035929077
0,0.0,0.00058715756
0,0.0,0.00014288905
1,1.0,0.9994887
0,0.0,0.00015545185
1,1.0,0.99946976
1,1.0,0.99952304
0,0.0,0.00015386463
0,0.0,0.00031935368
1,1.0,0.9995021
0,0.0,0.0003160272
1,1.0,0.9994882
0,0.0,0.00014245154
0,0.0,0.00023114563
1,1.0,0.99949265
0,0.0,0.00023520779
1,1.0,0.99952126
1,1.0,0.9994658
1,1.0,0.9994918
0,0.0,0.00018502207
1,1.0,0.9995051
0,0.0,0.00035619645
1,1.0,0.9994901
0,0.0,0.00022883395
1,1.0,0.9995278
1,1.0,0.9994898
0,0.0,0.00023881183
0,0.0,0.00035502313
1,1.0,0.9995061
1,1.0,0.9995069
0,0.0,0.0004998361
1,1.0,0.9994702
0,0.0,0.0003140512
0,0.0,8.036274e-05
0,0.0,0.00025042254
1,1.0,0.99948573
0,0.0,0.00042357953
0,0.0,4.7890313e-05
1,1.0,0.99951494
0,0.0,0.0002051289
0,0.0,0.00033968262
1,1.0,0.99948955
0,0.0,0.00035796678
1,1.0,0.99949354
0,0.0,0.00021035028
0,0.0,0.00035911682
1,1.0,0.9994715
1,1.0,0.99948806
1,1.0,0.99949133
1,1.0,0.9994698
0,0.0,0.00024834278
0,0.0,0.00035926644
0,0.0,0.00033598923
1,1.0,0.9994698
0,0.0,0.00032020305
0,0.0,0.00031404942
1,1.0,0.99948734
1,1.0,0.9994893
0,0.0,0.00029143758
1,1.0,0.99878234
1,1.0,0.9994943
1,1.0,0.9995213
1,1.0,0.99946535
1,1.0,0.9994899
1,1.0,0.9994866
0,0.0,0.0003122748
1,1.0,0.99948806
0,0.0,0.00031657878
1,1.0,0.9994867
1,1.0,0.9995184
0,0.0,0.00030466414
1,1.0,0.99949336
1,1.0,0.99949086
1,1.0,0.9995213
0,0.0,0.00030891213
0,0.0,0.0002746452
1,1.0,0.9995095
1,1.0,0.9994908
1,1.0,0.99952126
0,0.0,0.00024127492
1,1.0,0.9995216
0,0.0,0.00028556146
0,0.0,0.00033438284
1,1.0,0.99948657
0,0.0,0.00015553487
0,0.0,0.00031393327
1,1.0,0.9994684
1,1.0,0.99950653
1,1.0,0.9992103
0,0.0,0.00030467022
0,0.0,0.0007285248
0,0.0,0.00024933118
0,0.0,0.00021932805
0,0.0,0.0002049977
1,1.0,0.9995077
1,1.0,0.9995207
1,1.0,0.9994945
1,1.0,0.9995209
1,1.0,0.9994883
0,0.0,0.00015258913
0,0.0,0.0004810668
0,0.0,0.00028359983
1,1.0,0.999529
0,0.0,0.0002934226
0,0.0,0.00022467201
1,1.0,0.99946696
1,1.0,0.99946904
0,0.0,0.00031657334
1,1.0,0.99950236
1,1.0,0.99947137
1,1.0,0.999487
1,1.0,0.9995058
1,1.0,0.9994859
1,1.0,0.9994672
0,0.0,0.00022151732
0,0.0,0.00031433816
1,1.0,0.9994659
0,0.0,0.000504068
0,0.0,0.0003591257
1,1.0,0.9994674
0,0.0,0.00032450457
1,1.0,0.9995088
1,1.0,0.999521
0,0.0,8.0360594e-05
0,0.0,0.0002744243
1,1.0,0.99947995
0,0.0,0.0003122572
0,0.0,0.00013413244
0,0.0,0.00014212592
0,0.0,0.00030529915
0,0.0,0.00034051912
1,1.0,0.9994911
1,1.0,0.9994876
1,1.0,0.9994861
1,1.0,0.99948996
1,1.0,0.99946696
1,1.0,0.9978833
1,1.0,0.9994906
0,0.0,0.00035860552
1,1.0,0.99950683
1,1.0,0.99946576
1,1.0,0.9994718
1,1.0,0.9994659
1,1.0,0.9994685
0,0.0,0.00014218378
0,0.0,0.00035806082
1,1.0,0.9995089
1,1.0,0.9994899
1,1.0,0.9994728
0,0.0,0.0002069441
1,1.0,0.9995076
0,0.0,0.000154105
1,1.0,0.9994893
1,1.0,0.99946725
0,0.0,0.00021837048
0,0.0,0.001480592
1,1.0,0.9994653
1,1.0,0.99951005
1,1.0,0.9995069
0,0.0,0.0002491444
1,1.0,0.99949145
0,0.0,0.00031508948
0,0.0,0.00017162127
1,1.0,0.99948984
0,0.0,0.0004116818
0,0.0,0.0002477948
1,1.0,0.9980782
0,0.0,0.00014229568
0,0.0,0.0002630642
0,0.0,4.8000915e-05
1,1.0,0.9994928
0,0.0,0.0002069516
0,0.0,0.0002837475
1,1.0,0.99922013
1,1.0,0.99946564
1,1.0,0.9995014
0,0.0,0.00023004763
0,0.0,0.00031657275
0,0.0,0.00042077247
1,1.0,0.9994891
1,1.0,0.99948466
1,1.0,0.9991541
0,0.0,0.00024907812
0,0.0,0.00035928751
1,1.0,0.9994924
0,0.0,0.0002844035
1,1.0,0.9994705
0,0.0,0.0003769558
1,1.0,0.9994904
1,1.0,0.9994652
0,0.0,0.00036102673
1,1.0,0.9995213
1,1.0,0.99947846
1,1.0,0.9994893
0,0.0,0.00036102757
1,1.0,0.9995391
0,0.0,0.0003274435
0,0.0,4.798819e-05
0,0.0,0.00028435848
1,1.0,0.999506
1,1.0,0.999535
1,1.0,0.9994906
0,0.0,8.0356454e-05
1,1.0,0.9995083
0,0.0,0.00020510699
1,1.0,0.99948925
0,0.0,0.00028586548
1,1.0,0.9994866
1,1.0,0.9994904
1,1.0,0.99952275
0,0.0,4.798384e-05
0,0.0,0.0003152301
0,0.0,0.00070871244
0,0.0,0.0003546329
1,1.0,0.9994886
1,1.0,0.9995207
0,0.0,0.0004982136
0,0.0,0.00024410059
0,0.0,0.00033073276
0,0.0,0.00026278544
1,1.0,0.9994862
1,1.0,0.9995051
1,1.0,0.99948645
0,0.0,0.00033476783
0,0.0,0.00019937693
1,1.0,0.999488
1,1.0,0.99951077
1,1.0,0.99950576
1,1.0,0.9995054
1,1.0,0.99952674
1,1.0,0.99950886
1,1.0,0.99949056
0,0.0,0.00037894287
0,0.0,0.00040040546
0,0.0,0.0004308467
1,1.0,0.99949026
0,0.0,0.00014198803
0,0.0,0.0003115697
1,1.0,0.9994673
1,1.0,0.999489
0,0.0,0.0004845379
0,0.0,0.00035499703
0,0.0,0.0003592512
0,0.0,0.00043148934
1,1.0,0.9995051
0,0.0,0.00035706718
0,0.0,0.00036102088
0,0.0,0.00029588628
1,1.0,0.99950993
1,1.0,0.99948627
0,0.0,0.00034161875
1,1.0,0.9975448
1,1.0,0.99948585
0,0.0,0.00035500195
1,1.0,0.9995049
0,0.0,0.0003160263
0,0.0,0.00014234537
1,1.0,0.99946904
0,0.0,0.00030517956
1,1.0,0.9994868
1,1.0,0.9995267
1,1.0,0.99946976
1,1.0,0.99952096
0,0.0,0.00023112117
0,0.0,0.00055899384
0,0.0,0.0003029945
1,1.0,0.999513
0,0.0,0.0003020934
1,1.0,0.9995184
1,1.0,0.999503
0,0.0,0.00036148413
1,1.0,0.9994908
1,1.0,0.9995098
0,0.0,0.00023764254
1,1.0,0.99948275
0,0.0,0.00029435733
1,1.0,0.9989213
0,0.0,0.00035926644
0,0.0,0.00041669162
1,1.0,0.99952143
0,0.0,0.00027615763
1,1.0,0.99950635
1,1.0,0.9995208
0,0.0,0.00015371433
1,1.0,0.99946827
0,0.0,0.00024918097
1,1.0,0.9995214
0,0.0,0.00035924997
0,0.0,0.00035860843
1,1.0,0.9994686
1,1.0,0.99949
0,0.0,4.8001966e-05
1,1.0,0.99948823
1,1.0,0.99946696
0,0.0,0.00028585782
0,0.0,0.0003208848
0,0.0,0.00032176464
1,1.0,0.99950796
0,0.0,0.00035859935
0,0.0,0.00042498077
0,0.0,0.0057813437
0,0.0,0.00020502116
1,1.0,0.99950576
0,0.0,0.000430859
0,0.0,0.00031655733
0,0.0,0.00019639301
0,0.0,0.00035808404
0,0.0,0.0003616844
0,0.0,0.0005595082
1,1.0,0.9995265
0,0.0,0.0006465289
0,0.0,0.000305243
0,0.0,0.00028558218
1,1.0,0.99950516
1,1.0,0.99948734
0,0.0,4.7747355e-05
1,1.0,0.99947137
0,0.0,8.036596e-05
0,0.0,0.00015587398
0,0.0,0.0003160251
1,1.0,0.9994891
0,0.0,0.00027938775
0,0.0,0.00042355488
0,0.0,8.030282e-05
1,1.0,0.99948716
0,0.0,0.00015360868
1,1.0,0.9995214
0,0.0,0.0001429058
0,0.0,0.0002215304
0,0.0,0.00020054336
0,0.0,0.0005970548
0,0.0,4.7979134e-05
1,1.0,0.9991427
0,0.0,0.00048521944
1,1.0,0.99934536
0,0.0,0.00042532547
1,1.0,0.99950886
1,1.0,0.9995246
0,0.0,0.00023125387
0,0.0,0.00024931048
1,1.0,0.99949217
1,1.0,0.9994896
1,1.0,0.9994866
0,0.0,0.00033680315
0,0.0,0.00014201348
0,0.0,0.00036169423
0,0.0,0.00025059353
1,1.0,0.9994987
1,1.0,0.9994656
0,0.0,0.00032278744
1,1.0,0.9994862
0,0.0,0.00022143115
0,0.0,0.00016510309
0,0.0,0.00039683122
1,1.0,0.99950886
0,0.0,0.00025324206
1,1.0,0.99950796
1,1.0,0.9994882
1,1.0,0.9995075
0,0.0,0.00034062497
1,1.0,0.9995215
0,0.0,0.00024173796
0,0.0,0.00034168168
0,0.0,0.00031712282
1,1.0,0.99946916
1,1.0,0.9994894
0,0.0,0.00034208773
1,1.0,0.9995099
0,0.0,0.0003115783
1,1.0,0.99948984
1,1.0,0.9995112
0,0.0,0.0011930566
0,0.0,0.0001966004
1,1.0,0.9994882
1,1.0,0.9994881
1,1.0,0.9991551
0,0.0,0.0003286488
0,0.0,0.00014207646
0,0.0,0.00015401156
0,0.0,0.00030780557
0,0.0,0.00036102656
0,0.0,0.00035858518
1,1.0,0.9994697
0,0.0,0.00022694879
0,0.0,0.00019786265
1,1.0,0.99951476
1,1.0,0.99930686
1,1.0,0.99947584
0,0.0,0.00022695703
0,0.0,0.00035554502
0,0.0,0.0003227896
1,1.0,0.9994897
1,1.0,0.999468
1,1.0,0.9995239
0,0.0,4.7785572e-05
0,0.0,0.00030889918
1,1.0,0.9995081
1,1.0,0.9994674
0,0.0,0.00028350655
1,1.0,0.999492
0,0.0,0.00031343327
1,1.0,0.9995125
0,0.0,0.00031404436
1,1.0,0.9994699
1,1.0,0.9994918
1,1.0,0.9994956
0,0.0,0.00020140455
1,1.0,0.99948716
1,1.0,0.99949
1,1.0,0.9994921
1,1.0,0.9994915
0,0.0,0.00028961885
1,1.0,0.9994864
1,1.0,0.9994871
1,1.0,0.99950665
1,1.0,0.99948984
1,1.0,0.9994939
1,1.0,0.99948704
1,1.0,0.99947786
0,0.0,0.0004552688
1,1.0,0.99948996
0,0.0,0.0003285185
0,0.0,0.0002491905
1,1.0,0.99950624
1,1.0,0.99949324
0,0.0,0.00042075364
0,0.0,0.00015364472
0,0.0,0.00026015643
0,0.0,0.00015486199
0,0.0,4.777755e-05
0,0.0,0.0003735999
1,1.0,0.99952304
0,0.0,0.00023107512
1,1.0,0.9994684
1,1.0,0.99949104
1,1.0,0.9995082
1,1.0,0.9994885
1,1.0,0.99948716
1,1.0,0.9994903
1,1.0,0.99710584
0,0.0,0.00036103412
1,1.0,0.99948645
0,0.0,0.0004805184
0,0.0,0.00035076603
1,1.0,0.99948645
1,1.0,0.999467
0,0.0,0.00014117087
1,1.0,0.9994684
0,0.0,0.0003446905
1,1.0,0.9994864
0,0.0,0.00020521242
0,0.0,0.000254837
0,0.0,0.0003046856
1,1.0,0.9994913
0,0.0,0.00024559628
0,0.0,0.00014273815
1,1.0,0.99952173
1,1.0,0.99950606
1,1.0,0.9994699
0,0.0,0.0003591704
0,0.0,0.00015367901
1,1.0,0.9995043
0,0.0,0.00035605062
1,1.0,0.9994868
1,1.0,0.99950767
1,1.0,0.9994886
1,1.0,0.9994678
0,0.0,0.0002857159
1,1.0,0.99947137
0,0.0,0.00034503933
0,0.0,0.00037566788
0,0.0,0.00014205276
1,1.0,0.9992173
0,0.0,0.00017145411
1,1.0,0.9991982
0,0.0,0.00035859167
1,1.0,0.9995087
0,0.0,0.0002892389
1,1.0,0.9995272
1,1.0,0.9995206
0,0.0,0.00019990384
1,1.0,0.9994699
0,0.0,0.00031601093
1,1.0,0.9994669
0,0.0,8.036274e-05
0,0.0,0.0003202324
0,0.0,0.00032021588
1,1.0,0.9994708
1,1.0,0.9994932
0,0.0,0.00020048126
1,1.0,0.99950564
0,0.0,0.00023105837
1,1.0,0.9995149
1,1.0,0.9995207
0,0.0,0.00014206792
1,1.0,0.9995269
1,1.0,0.9994728
1,1.0,0.99950534
0,0.0,0.00028657579
1,1.0,0.99948686
1,1.0,0.9995108
1,1.0,0.99949104
1,1.0,0.9994661
1,1.0,0.99949276
0,0.0,0.0003202116
1,1.0,0.99951
1,1.0,0.9995235
0,0.0,0.00017164812
0,0.0,0.0003580767
0,0.0,0.00023136016
0,0.0,0.00035793247
0,0.0,0.00032022138
1,1.0,0.99949497
0,0.0,0.0003592709
0,0.0,0.00025053503
1,1.0,0.99952596
1,1.0,0.999515
1,1.0,0.99946916
1,1.0,0.99947166
1,1.0,0.9994894
0,0.0,0.0001537709
1,1.0,0.9994911
1,1.0,0.9994889
1,1.0,0.999509
0,0.0,0.00033508075
0,0.0,0.00027240612
1,1.0,0.99948645
0,0.0,0.0003807115
1,1.0,0.9995078
0,0.0,0.00027259788
0,0.0,0.0010463672
0,0.0,0.00014187163
0,0.0,0.00038874947
1,1.0,0.99949104
1,1.0,0.99950755
0,0.0,0.00022780536
1,1.0,0.9995064
1,1.0,0.9994662
0,0.0,0.00014109549
0,0.0,0.00015383176
1,1.0,0.9995055
1,1.0,0.99947983
0,0.0,0.00037541983
0,0.0,0.00046126783
1,1.0,0.9995071
1,1.0,0.9995069
0,0.0,0.00034037093
0,0.0,0.00036103188
0,0.0,0.00039724584
0,0.0,0.00046677847
0,0.0,0.0003560603
0,0.0,0.0003580704
0,0.0,0.000260525
0,0.0,0.00014262291
1,1.0,0.9994926
0,0.0,0.00023255177
1,1.0,0.9994874
0,0.0,0.00039149149
1,1.0,0.99950945
1,1.0,0.99951327
0,0.0,0.00034174416
1,1.0,0.99946815
0,0.0,0.00021038497
1,1.0,0.99948627
1,1.0,0.9994899
0,0.0,0.00031966195
0,0.0,0.00039724866
1,1.0,0.9995006
1,1.0,0.9995088
0,0.0,0.00035928548
0,0.0,0.00028389797
0,0.0,0.00023949497
1,1.0,0.99946934
0,0.0,0.0003373945
0,0.0,0.00014215506
1,1.0,0.9982553
1,1.0,0.99949396
1,1.0,0.99952734
0,0.0,0.00032759432
0,0.0,0.0003340155
0,0.0,0.00023697033
1,1.0,0.999471
1,1.0,0.99950683
0,0.0,0.00024376498
0,0.0,0.000285288
0,0.0,0.0005589406
0,0.0,0.00032374656
1,1.0,0.9995457
0,0.0,0.00024911278
0,0.0,0.00019967448
1,1.0,0.99916196
1,1.0,0.99948686
0,0.0,8.0367645e-05
0,0.0,0.00022397068
1,1.0,0.99949133
1,1.0,0.9994901
0,0.0,0.00041276382
0,0.0,0.00043510328
1,1.0,0.9995233
0,0.0,0.00034160327
0,0.0,0.00026019884
1,1.0,0.99950093
1,1.0,0.99948925
0,0.0,0.00024567006
0,0.0,0.000313421
0,0.0,0.00032598022
0,0.0,0.00033119466
0,0.0,0.0002403324
1,1.0,0.9994657
0,0.0,0.00031657997
1,1.0,0.9994897
0,0.0,0.00030899871
1,1.0,0.99951106
0,0.0,0.00020270418
0,0.0,0.0001431225
0,0.0,0.0009840154
0,0.0,0.00024816243
1,1.0,0.9994978
1,1.0,0.99944615
0,0.0,0.0001419562
1,1.0,0.9995212
0,0.0,0.00032266777
1,1.0,0.99947083
0,0.0,0.000250563
0,0.0,0.00035806457
1,1.0,0.99946743
0,0.0,0.00035500753
0,0.0,0.00028288772
0,0.0,0.00043657006
0,0.0,0.00014262264
0,0.0,0.00032278313
1,1.0,0.99950784
0,0.0,0.00033704922
0,0.0,0.00020693778
0,0.0,0.00035911647
0,0.0,0.0005448124
1,1.0,0.99950784
1,1.0,0.99949086
0,0.0,0.00042352203
1,1.0,0.9968878
1,1.0,0.9994866
1,1.0,0.99950784
1,1.0,0.9994915
0,0.0,0.00027242536
1,1.0,0.99950683
1,1.0,0.99949163
0,0.0,0.00032311448
0,0.0,0.0003160257
0,0.0,0.00015393595
0,0.0,0.0003046563
0,0.0,0.00021919697
1,1.0,0.99946845
1,1.0,0.9995205
1,1.0,0.9972787
1,1.0,0.9973972
1,1.0,0.9995205
0,0.0,0.00031067422
1,1.0,0.99949485
0,0.0,0.00034361615
0,0.0,0.000153627
1,1.0,0.9994706
0,0.0,0.0003446297
0,0.0,0.00037541697
1,1.0,0.9995069
0,0.0,0.00035860654
0,0.0,0.00023293079
0,0.0,0.00024911112
0,0.0,0.00035910655
1,1.0,0.99952024
1,1.0,0.9995066
0,0.0,0.00020502742
0,0.0,0.000429507
1,1.0,0.99946725
1,1.0,0.99950725
1,1.0,0.9994907
1,1.0,0.9995241
0,0.0,0.00015378383
0,0.0,0.00024363812
1,1.0,0.9994934
0,0.0,0.00035928562
0,0.0,4.7996335e-05
1,1.0,0.9994909
0,0.0,0.00030518218
1,1.0,0.9995218
1,1.0,0.9995055
0,0.0,0.0001426734
0,0.0,0.0002604346
1,1.0,0.9995236
0,0.0,0.00022560963
1,1.0,0.9995104
1,1.0,0.99951005
1,1.0,0.9995083
0,0.0,0.00015372106
0,0.0,0.00036170165
0,0.0,0.00031404226
1,1.0,0.9974711
1,1.0,0.9994684
0,0.0,0.0003207796
0,0.0,4.8002563e-05
1,1.0,0.99950945
1,1.0,0.99949914
1,1.0,0.999523
1,1.0,0.9994697
1,1.0,0.9994927
0,0.0,0.00035858384
0,0.0,0.00029652368
1,1.0,0.99946827
1,1.0,0.99952054
1,1.0,0.9994678
1,1.0,0.99952126
0,0.0,0.00014256896
1,1.0,0.9995055
1,1.0,0.9994919
0,0.0,4.7894606e-05
1,1.0,0.9994887
1,1.0,0.9995246
0,0.0,0.00034753262
1,1.0,0.9971285
0,0.0,0.00032267423
0,0.0,0.0002953243
1,1.0,0.9994881
1,1.0,0.9995219
0,0.0,0.00024811082
0,0.0,0.0003592805
0,0.0,4.7890768e-05
1,1.0,0.9994924
1,1.0,0.9994887
1,1.0,0.9995097
0,0.0,0.0003453495
1,1.0,0.99950725
0,0.0,0.0016202688
0,0.0,0.0003365228
0,0.0,0.00035861955
0,0.0,0.0003610608
1,1.0,0.99948746
0,0.0,0.0003242522
1,1.0,0.9994705
1,1.0,0.99950814
1,1.0,0.99951017
0,0.0,0.00031272645
0,0.0,8.0367034e-05
0,0.0,0.0003054197
1,1.0,0.99946576
0,0.0,0.00030269596
1,1.0,0.9995054
0,0.0,0.0003046589
0,0.0,0.00014204733
1,1.0,0.99948573
0,0.0,0.0003150195
0,0.0,0.00017159297
1,1.0,0.99946666
1,1.0,0.9990212
0,0.0,0.00024170983
1,1.0,0.99948937
1,1.0,0.9995209
0,0.0,0.00031433997
1,1.0,0.99948823
1,1.0,0.9994877
0,0.0,0.0005586332
0,0.0,0.00031706173
1,1.0,0.99952793
1,1.0,0.99947137
0,0.0,0.0002598545
0,0.0,0.00020511482
0,0.0,0.00034174547
0,0.0,0.00014192777
1,1.0,0.9994677
0,0.0,0.00031569868
1,1.0,0.999468
1,1.0,0.9994683
1,1.0,0.9995204
1,1.0,0.99946624
1,1.0,0.9995153
0,0.0,0.00042947938
1,1.0,0.9994885
0,0.0,0.00039683198
0,0.0,0.00033758095
0,0.0,0.0003118119
1,1.0,0.9994668
1,1.0,0.9994674
0,0.0,0.00032021955
1,1.0,0.9995088
1,1.0,0.99949235
0,0.0,0.00035604773
0,0.0,0.00026312715
1,1.0,0.9994653
0,0.0,0.00043655088
1,1.0,0.99949217
1,1.0,0.9994883
0,0.0,0.0002266495
1,1.0,0.99948853
1,1.0,0.9994885
0,0.0,0.00030519615
0,0.0,0.0009705011
1,1.0,0.9994677
1,1.0,0.9994654
1,1.0,0.99949676
0,0.0,0.00034549698
0,0.0,0.00042076327
0,0.0,0.00023016083
1,1.0,0.99925655
0,0.0,0.00017162994
1,1.0,0.99950826
1,1.0,0.9994654
1,1.0,0.9994689
0,0.0,0.0002838947
1,1.0,0.9994678
0,0.0,0.00022780427
1,1.0,0.9993637
0,0.0,0.000249066
0,0.0,8.029922e-05
0,0.0,0.00023880135
0,0.0,0.00022852085
1,1.0,0.99948674
0,0.0,0.00031729636
1,1.0,0.9995066
1,1.0,0.9995285
1,1.0,0.99946845
0,0.0,0.00035859577
0,0.0,0.0003610376
0,0.0,0.00015381111
0,0.0,0.00031645506
1,1.0,0.99949324
0,0.0,4.7926682e-05
0,0.0,0.00035279494
0,0.0,0.0003190092
0,0.0,0.0002260224
0,0.0,0.00030468852
1,1.0,0.99950534
1,1.0,0.9995089
0,0.0,0.00027711238
1,1.0,0.99948686
1,1.0,0.9994888
0,0.0,0.00026675116
1,1.0,0.9994865
1,1.0,0.99951
0,0.0,0.0004291109
1,1.0,0.99879956
0,0.0,0.00037626197
0,0.0,0.0002749801
1,1.0,0.99818045
1,1.0,0.99952066
0,0.0,0.00025255294
0,0.0,0.00036168992
0,0.0,0.00015370407
1,1.0,0.9995233
1,1.0,0.9994903
0,0.0,0.0010466778
1,1.0,0.9985018
0,0.0,0.00035924418
0,0.0,0.0013130052
1,1.0,0.999521
0,0.0,0.00030777798
1,1.0,0.9995064
0,0.0,0.0003560756
1,1.0,0.9994661
0,0.0,0.00020500942
1,1.0,0.9994896
0,0.0,0.00034469
1,1.0,0.9995099
0,0.0,0.0003289391
0,0.0,0.00040152427
1,1.0,0.9995249
0,0.0,0.00014240183
0,0.0,0.00022180306
0,0.0,0.00021040565
1,1.0,0.99950707
1,1.0,0.9995229
1,1.0,0.9994741
0,0.0,0.00020694548
0,0.0,0.0002527105
0,0.0,0.00033987372
0,0.0,0.0003555054
1,1.0,0.99948907
1,1.0,0.99948657
1,1.0,0.9995117
1,1.0,0.99949044
1,1.0,0.9994952
0,0.0,0.000316029
1,1.0,0.999524
1,1.0,0.9995073
0,0.0,0.00036167767
0,0.0,0.00024912014
1,1.0,0.99952114
1,1.0,0.99949056
0,0.0,0.00035858585
1,1.0,0.99948716
1,1.0,0.99948865
1,1.0,0.99950904
0,0.0,0.00027148417
0,0.0,0.0003952263
1,1.0,0.99949116
0,0.0,0.00042354362
0,0.0,0.00043963979
0,0.0,0.00029732677
1,1.0,0.99948573
1,1.0,0.99948925
1,1.0,0.99906534
0,0.0,0.00020696736
1,1.0,0.9994889
1,1.0,0.9994928
1,1.0,0.999523
1,1.0,0.9995012
0,0.0,0.00046691482
0,0.0,0.00031657636
0,0.0,0.00031158037
0,0.0,8.035454e-05
0,0.0,0.00034597362
0,0.0,0.00032409056
1,1.0,0.99946946
0,0.0,0.00018480765
0,0.0,0.00027993726
0,0.0,0.00035780983
0,0.0,0.0002525785
0,0.0,0.00023700827
1,1.0,0.99948955
1,1.0,0.99949
0,0.0,0.00027147174
0,0.0,0.00014312031
1,1.0,0.99952054
0,0.0,0.00035620425
1,1.0,0.9995209
1,1.0,0.9994911
1,1.0,0.99948597
0,0.0,0.00025999994
1,1.0,0.99946594
1,1.0,0.9995079
0,0.0,0.00024787392
0,0.0,0.00042915603
0,0.0,0.0003592877
0,0.0,0.00043590597
1,1.0,0.9995069
1,1.0,0.9995202
1,1.0,0.99948776
0,0.0,0.0001993868
1,1.0,0.99948657
0,0.0,0.00028300236
1,1.0,0.9994706
0,0.0,0.00033740752
1,1.0,0.99949086
0,0.0,0.00024568295
1,1.0,0.99946815
0,0.0,0.00020695732
1,1.0,0.9994893
1,1.0,0.99951524
0,0.0,0.000254409
0,0.0,0.00035604739
0,0.0,0.0003590997
0,0.0,0.00022844372
1,1.0,0.9995221
1,1.0,0.99949116
1,1.0,0.9995405
1,1.0,0.99948716
0,0.0,0.00046640486
1,1.0,0.9989463
0,0.0,0.00025522048
0,0.0,0.00035910672
0,0.0,0.0004291078
1,1.0,0.99950826
1,1.0,0.9994903
1,1.0,0.9995097
0,0.0,0.00022160118
0,0.0,0.00015557685
1,1.0,0.9994673
1,1.0,0.9994663
1,1.0,0.9994679
1,1.0,0.9994676
0,0.0,0.0003160257
1,1.0,0.9995066
0,0.0,0.0003610412
0,0.0,0.0003149462
1,1.0,0.9994684
1,1.0,0.9994652
0,0.0,0.0003591062
1,1.0,0.9994883
0,0.0,0.00030108762
0,0.0,7.219297e-05
1,1.0,0.9994703
0,0.0,0.0003374625
1,1.0,0.9994948
1,1.0,0.99874437
1,1.0,0.9994879
0,0.0,0.00029113903
1,1.0,0.9995218
0,0.0,0.00039752107
1,1.0,0.9995266
1,1.0,0.99946874
1,1.0,0.999468
1,1.0,0.99950814
1,1.0,0.9994824
1,1.0,0.9994972
0,0.0,0.00022992966
0,0.0,0.00031402698
0,0.0,0.00033113308
1,1.0,0.9995064
0,0.0,0.00032896356
0,0.0,0.0003227887
0,0.0,0.00034218252
0,0.0,0.0002135234
0,0.0,0.0003585951
0,0.0,0.00042497372
0,0.0,0.00024565693
0,0.0,0.00014110733
0,0.0,0.00033477743
1,1.0,0.9995266
1,1.0,0.99950683
1,1.0,0.9994859
0,0.0,0.00043484019
0,0.0,0.00021703474
0,0.0,0.00028423758
1,1.0,0.99770355
1,1.0,0.99948967
0,0.0,0.00014273815
0,0.0,0.00023876199
0,0.0,0.0001931603
1,1.0,0.9994892
0,0.0,0.00036103034
0,0.0,0.00035619526
0,0.0,0.00020655773
1,1.0,0.99950737
1,1.0,0.99949664
1,1.0,0.9994721
0,0.0,0.0003415551
0,0.0,0.0012660773
1,1.0,0.9994907
1,1.0,0.99948883
1,1.0,0.99950916
1,1.0,0.99946624
0,0.0,0.0002016253
1,1.0,0.99949306
0,0.0,4.788602e-05
0,0.0,0.00028459172
1,1.0,0.9994677
1,1.0,0.9994672
0,0.0,0.00035093492
0,0.0,0.00043895512
0,0.0,0.00031657965
0,0.0,0.00043115614
0,0.0,0.00015384408
1,1.0,0.9995086
1,1.0,0.99949336
1,1.0,0.99950725
1,1.0,0.9995069
1,1.0,0.9995069
1,1.0,0.9994865
1,1.0,0.9994936
0,0.0,0.0003591185
0,0.0,0.00035794204
0,0.0,0.00044530266
1,1.0,0.99952114
1,1.0,0.9995077
0,0.0,0.00033465427
0,0.0,0.00030070377
0,0.0,0.00029112876
0,0.0,0.00035925274
0,0.0,0.0003560406
0,0.0,4.7885333e-05
0,0.0,0.00020256893
0,0.0,0.00017155356
1,1.0,0.9995064
0,0.0,0.00043504394
1,1.0,0.9994953
0,0.0,0.00020396886
0,0.0,0.00030947282
0,0.0,0.00034162396
0,0.0,0.0003115712
1,1.0,0.9995066
0,0.0,0.00035620257
0,0.0,0.00030518248
1,1.0,0.9993343
0,0.0,0.00021504432
1,1.0,0.99948615
1,1.0,0.9995064
0,0.0,0.00017157644
1,1.0,0.9995207
0,0.0,0.00042915318
1,1.0,0.9994883
1,1.0,0.99946785
1,1.0,0.99946564
1,1.0,0.99948764
1,1.0,0.9994949
1,1.0,0.9995211
1,1.0,0.9995067
0,0.0,0.0005918657
1,1.0,0.99283785
1,1.0,0.99946856
0,0.0,0.00021912507
0,0.0,0.00035632637
1,1.0,0.99949384
1,1.0,0.9995069
1,1.0,0.9994751
0,0.0,0.00031160263
1,1.0,0.99948764
0,0.0,0.00045490853
1,1.0,0.9995332
0,0.0,0.0003340123
1,1.0,0.9988743
0,0.0,0.00024863065
1,1.0,0.9995012
0,0.0,0.0003249321
1,1.0,0.9995054
0,0.0,0.00020195682
0,0.0,0.00024192518
0,0.0,0.0001424764
1,1.0,0.99950767
1,1.0,0.9994882
1,1.0,0.99952364
0,0.0,4.7898946e-05
0,0.0,0.0003193056
0,0.0,0.00034042186
1,1.0,0.9995059
1,1.0,0.99952114
0,0.0,0.0003555176
1,1.0,0.9994938
0,0.0,0.00018481453
1,1.0,0.99950624
1,1.0,0.999491
1,1.0,0.9995021
1,1.0,0.99946815
0,0.0,0.00035603723
1,1.0,0.9995208
1,1.0,0.99946725
1,1.0,0.99950266
1,1.0,0.99948907
0,0.0,0.00030461157
1,1.0,0.99946773
1,1.0,0.9994895
1,1.0,0.99950546
0,0.0,0.00035926214
1,1.0,0.9994687
1,1.0,0.9995192
0,0.0,0.00031658358
0,0.0,0.00028536905
0,0.0,0.0003555127
0,0.0,4.7897254e-05
0,0.0,0.00024895466
1,1.0,0.9994895
1,1.0,0.99946904
0,0.0,0.0003374326
0,0.0,0.0003161149
1,1.0,0.9994738
0,0.0,0.00026320195
0,0.0,0.00025728715
0,0.0,0.00020631423
0,0.0,0.00032279978
1,1.0,0.99947464
1,1.0,0.9994918
0,0.0,0.00035619832
1,1.0,0.99948955
1,1.0,0.99850863
0,0.0,0.0003182462
0,0.0,0.00023180949
0,0.0,0.000957986
0,0.0,0.00026286588
1,1.0,0.9994933
0,0.0,0.0004056424
0,0.0,0.00021777001
0,0.0,0.0003414973
0,0.0,0.00024945693
1,1.0,0.99948996
0,0.0,0.00022144466
1,1.0,0.999468
0,0.0,0.00020271887
0,0.0,0.00030632134
0,0.0,0.0002619662
0,0.0,0.00040040145
1,1.0,0.99950755
1,1.0,0.9995047
0,0.0,0.00029191587
0,0.0,0.00034470472
0,0.0,0.00035473282
1,1.0,0.9995066
1,1.0,0.9995211
1,1.0,0.99950695
0,0.0,0.00035499976
0,0.0,0.00021951654
0,0.0,0.000332098
1,1.0,0.99948764
0,0.0,0.0001557379
1,1.0,0.9992237
0,0.0,0.00034468144
1,1.0,0.9994888
1,1.0,0.999512
0,0.0,0.00031657697
0,0.0,0.0002761913
0,0.0,0.00025482365
0,0.0,0.00030890154
1,1.0,0.9995069
1,1.0,0.99950665
1,1.0,0.999468
1,1.0,0.9994896
1,1.0,0.99950856
0,0.0,0.00025985873
0,0.0,0.00048106862
1,1.0,0.9994696
1,1.0,0.9995085
1,1.0,0.9995077
1,1.0,0.99946594
1,1.0,0.9994872
1,1.0,0.99947023
0,0.0,0.00036155406
1,1.0,0.99946874
0,0.0,0.00014307188
1,1.0,0.9994885
1,1.0,0.9994862
0,0.0,0.00034402436
1,1.0,0.9985062
1,1.0,0.99948955
0,0.0,0.00022851388
1,1.0,0.9995269
0,0.0,0.00032680607
1,1.0,0.99950683
0,0.0,8.036381e-05
0,0.0,0.00080695277
0,0.0,8.035362e-05
1,1.0,0.99950516
1,1.0,0.99948967
1,1.0,0.99951
0,0.0,0.00035501295
0,0.0,0.00032407825
0,0.0,0.00031403027
1,1.0,0.99952227
0,0.0,0.0003579352
1,1.0,0.9994875
0,0.0,0.00021938597
1,1.0,0.9994688
1,1.0,0.99883497
0,0.0,0.00021773032
0,0.0,0.00028909853
1,1.0,0.99949414
0,0.0,0.00024725386
0,0.0,0.00014233464
0,0.0,0.00037775838
0,0.0,0.00045533894
1,1.0,0.9995055
1,1.0,0.99950725
1,1.0,0.9994684
0,0.0,0.0003616913
0,0.0,0.00026170205
1,1.0,0.9994666
0,0.0,0.00036105377
1,1.0,0.9995234
0,0.0,0.0003616913
0,0.0,0.00026029214
0,0.0,0.00015400305
0,0.0,0.00022008237
1,1.0,0.9994901
0,0.0,0.00020609699
0,0.0,0.00036104568
1,1.0,0.9994869
0,0.0,0.00030736485
1,1.0,0.99948704
1,1.0,0.99948865
0,0.0,0.0002460179
0,0.0,0.00035860468
0,0.0,0.00014267517
0,0.0,0.00032841926
0,0.0,0.00033914045
1,1.0,0.9995223
1,1.0,0.99946576
0,0.0,0.00032023023
1,1.0,0.9994868
0,0.0,0.00030466355
1,1.0,0.9994902
1,1.0,0.99949
1,1.0,0.9994655
1,1.0,0.99947023
1,1.0,0.99949163
1,1.0,0.99950635
0,0.0,0.0003140518
1,1.0,0.9994899
0,0.0,4.785941e-05
0,0.0,0.00035911816
0,0.0,0.00015395782
1,1.0,0.9994672
1,1.0,0.99949396
1,1.0,0.9994892
0,0.0,0.0010898291
0,0.0,0.00025060526
0,0.0,0.00022559782
0,0.0,0.00041668862
1,1.0,0.999491
0,0.0,0.00038077016
0,0.0,0.00021842086
1,1.0,0.99949104
1,1.0,0.999486
1,1.0,0.99948937
1,1.0,0.99950737
0,0.0,0.00039242563
0,0.0,0.00029460384
0,0.0,0.00032886822
1,1.0,0.999468
0,0.0,4.7892412e-05
0,0.0,0.00033243405
1,1.0,0.99952394
0,0.0,0.00035858894
0,0.0,0.00037894395
0,0.0,0.00014253307
0,0.0,0.00024034319
1,1.0,0.99948704
1,1.0,0.9996422
1,1.0,0.99965715
0,0.0,0.0003539353
1,1.0,0.9996457
0,0.0,0.00025384445
0,0.0,0.00024000747
1,1.0,0.9996553
1,1.0,0.99964297
1,1.0,0.9996586
0,0.0,0.00019984037
0,0.0,0.00014895476
1,1.0,0.99966055
1,1.0,0.9964488
1,1.0,0.9996575
0,0.0,0.00020567942
0,0.0,0.00028616545
0,0.0,0.00021630818
1,1.0,0.999638
0,0.0,0.00032570746
1,1.0,0.99966216
0,0.0,0.00029089872
0,0.0,0.00031184842
0,0.0,0.0002906157
0,0.0,0.00023108083
0,0.0,0.00029900853
0,0.0,0.00035715025
0,0.0,0.0003029873
0,0.0,0.00042645674
0,0.0,0.00025374044
0,0.0,0.00027624663
1,1.0,0.9996574
0,0.0,0.00039020675
1,1.0,0.99964523
0,0.0,0.0004177044
0,0.0,0.000251471
1,1.0,0.99964494
1,1.0,0.9996611
1,1.0,0.9996697
0,0.0,0.00057024177
1,1.0,0.9996387
0,0.0,0.00040538996
0,0.0,0.00059136975
1,1.0,0.99966276
1,1.0,0.9996525
0,0.0,0.00031196917
0,0.0,0.00029679606
1,1.0,0.9996612
0,0.0,0.00036416927
0,0.0,0.00030284058
1,1.0,0.9996558
1,1.0,0.99964535
1,1.0,0.99965703
1,1.0,0.99964917
0,0.0,0.00021032238
1,1.0,0.99963427
0,0.0,0.0003096626
0,0.0,0.00015252731
1,1.0,0.99967325
0,0.0,0.000253063
0,0.0,0.00030529973
0,0.0,0.00023869779
1,1.0,0.9996459
1,1.0,0.9996366
1,1.0,0.99965835
1,1.0,0.9996545
1,1.0,0.9996354
1,1.0,0.999652
1,1.0,0.9996394
0,0.0,0.0002537985
1,1.0,0.9996627
0,0.0,0.00043226432
1,1.0,0.99965876
0,0.0,0.00030819172
0,0.0,0.00033598923
1,1.0,0.999632
1,1.0,0.99964416
1,1.0,0.9996632
1,1.0,0.9996567
0,0.0,0.0002227559
0,0.0,0.0002536599
1,1.0,0.9996687
1,1.0,0.9996622
1,1.0,0.999646
1,1.0,0.9996426
1,1.0,0.9989532
1,1.0,0.9996569
1,1.0,0.99963933
0,0.0,0.00022868038
1,1.0,0.99964786
0,0.0,0.00025159068
1,1.0,0.99963856
0,0.0,0.000585454
1,1.0,0.9996603
1,1.0,0.99963546
0,0.0,0.00021449264
0,0.0,0.00024815794
1,1.0,0.9996386
0,0.0,0.00015345424
1,1.0,0.9992217
0,0.0,0.00012894956
0,0.0,0.00030545812
0,0.0,0.00025371116
0,0.0,0.00042843906
1,1.0,0.999662
1,1.0,0.9996522
1,1.0,0.99965376
0,0.0,0.00023368353
1,1.0,0.9996698
1,1.0,0.99964976
1,1.0,0.9971051
1,1.0,0.99965316
0,0.0,0.00025543373
0,0.0,0.00021715253
0,0.0,0.00022811964
0,0.0,0.00020478398
0,0.0,0.0002621853
0,0.0,0.000376876
0,0.0,0.0003482027
0,0.0,0.0003911263
0,0.0,0.0003069174
1,1.0,0.9996528
1,1.0,0.9996446
1,1.0,0.9996511
1,1.0,0.9996386
0,0.0,0.00032728747
1,1.0,0.99967146
1,1.0,0.9996599
0,0.0,0.0003118499
1,1.0,0.99966335
0,0.0,0.00033025636
0,0.0,0.0003907916
0,0.0,0.0004495577
1,1.0,0.99964535
1,1.0,0.9996682
1,1.0,0.99966073
0,0.0,0.0003317733
1,1.0,0.99964947
1,1.0,0.9996612
0,0.0,0.0002455134
0,0.0,0.0002960381
0,0.0,0.00029242842
1,1.0,0.9996629
1,1.0,0.99964565
1,1.0,0.9996631
0,0.0,0.00087079377
0,0.0,0.00029605025
1,1.0,0.99964035
0,0.0,0.0003806859
1,1.0,0.99965686
0,0.0,0.0010309352
1,1.0,0.9996613
1,1.0,0.99965084
1,1.0,0.99965084
0,0.0,0.0002537385
1,1.0,0.9986361
1,1.0,0.99967164
1,1.0,0.99964666
1,1.0,0.9996578
0,0.0,0.00034617618
1,1.0,0.9996454
0,0.0,0.00023286548
0,0.0,0.00015321972
1,1.0,0.9996452
0,0.0,0.0002691166
0,0.0,0.000105215535
0,0.0,0.00037303404
1,1.0,0.99966246
1,1.0,0.9976445
0,0.0,0.00025441506
0,0.0,0.00020394842
0,0.0,0.00015226733
0,0.0,0.00029103272
1,1.0,0.9996473
1,1.0,0.9996382
0,0.0,0.00026294007
0,0.0,0.00020795641
1,1.0,0.99966305
0,0.0,0.00022269643
0,0.0,0.0002960429
1,1.0,0.9996701
0,0.0,0.00015304916
0,0.0,0.00015245912
0,0.0,0.00040565865
1,1.0,0.9996578
1,1.0,0.9996571
1,1.0,0.99966305
1,1.0,0.99966997
0,0.0,0.00014769954
1,1.0,0.99965876
0,0.0,0.0002666034
1,1.0,0.9996628
0,0.0,0.00021784185
0,0.0,0.00026483965
0,0.0,0.00021714963
0,0.0,0.00015281161
0,0.0,0.00025126847
1,1.0,0.9996361
1,1.0,0.9996604
0,0.0,0.00029438036
1,1.0,0.99966305
0,0.0,0.0005986779
1,1.0,0.9996386
0,0.0,0.00042839337
0,0.0,0.0002642356
1,1.0,0.9996578
0,0.0,0.0006100554
1,1.0,0.99966
0,0.0,0.0003105744
0,0.0,0.00021034124
1,1.0,0.999653
1,1.0,0.9996553
0,0.0,0.0011349493
0,0.0,0.00022236418
0,0.0,0.00081258453
0,0.0,0.0007668765
1,1.0,0.9996407
1,1.0,0.999658
0,0.0,0.0002884169
1,1.0,0.99964577
0,0.0,0.00041769663
0,0.0,0.00029899768
1,1.0,0.99964255
1,1.0,0.9996713
1,1.0,0.9996633
1,1.0,0.9996633
0,0.0,0.00039201448
1,1.0,0.99967146
1,1.0,0.9996394
0,0.0,0.0002917158
1,1.0,0.99967134
1,1.0,0.99965334
1,1.0,0.99963903
1,1.0,0.99965256
1,1.0,0.9996456
0,0.0,0.00029183517
1,1.0,0.99963474
0,0.0,0.00022911886
0,0.0,0.00029704202
0,0.0,0.00028500933
0,0.0,0.00014678316
0,0.0,0.00029102774
0,0.0,0.001468796
0,0.0,0.0003146908
1,1.0,0.99967176
1,1.0,0.9996604
1,1.0,0.9996443
0,0.0,0.00028801736
0,0.0,0.00029246966
0,0.0,0.0003002712
1,1.0,0.99965274
1,1.0,0.9996694
0,0.0,0.000152387
1,1.0,0.9996402
1,1.0,0.9996626
0,0.0,0.00029200132
1,1.0,0.99966246
1,1.0,0.99965715
0,0.0,0.0003769294
1,1.0,0.99965155
1,1.0,0.9996524
1,1.0,0.9996505
0,0.0,0.00027899139
0,0.0,0.00025038244
1,1.0,0.9996378
0,0.0,0.00030547444
0,0.0,0.00023955687
0,0.0,0.00026450705
1,1.0,0.99967045
0,0.0,0.00027208016
1,1.0,0.99966186
1,1.0,0.99965674
1,1.0,0.99964744
1,1.0,0.999658
0,0.0,0.00025416995
1,1.0,0.99967074
0,0.0,0.00017230025
0,0.0,0.00028839408
1,1.0,0.9996571
1,1.0,0.9996468
1,1.0,0.9996451
1,1.0,0.9996528
0,0.0,0.00026019264
0,0.0,0.00030965847
1,1.0,0.99964017
0,0.0,0.00038270102
0,0.0,0.000873947
1,1.0,0.99965847
0,0.0,0.0005500482
1,1.0,0.99963903
1,1.0,0.99965817
0,0.0,0.000251165
0,0.0,0.0002960296
1,1.0,0.9996559
1,1.0,0.9996502
0,0.0,0.00020989848
0,0.0,0.00021036812
1,1.0,0.99963295
0,0.0,0.00087343634
1,1.0,0.99965763
1,1.0,0.9996407
1,1.0,0.99965876
0,0.0,0.00024010979
0,0.0,0.00029061848
1,1.0,0.9949107
0,0.0,0.00033168698
1,1.0,0.99963576
0,0.0,0.00030820994
0,0.0,0.00012901585
1,1.0,0.9996387
1,1.0,0.99963844
0,0.0,0.000302935
1,1.0,0.99966204
0,0.0,0.00015317896
0,0.0,0.0004056022
0,0.0,0.0003302853
1,1.0,0.9996458
0,0.0,0.0002960316
0,0.0,0.00030299163
1,1.0,0.9996709
0,0.0,0.00025125028
0,0.0,0.00029239967
0,0.0,0.0002508419
0,0.0,0.00029705363
0,0.0,0.00019227242
0,0.0,0.00032178214
1,1.0,0.9996391
1,1.0,0.9996574
0,0.0,0.00029438036
0,0.0,0.00021282806
1,1.0,0.999641
0,0.0,0.0002696146
0,0.0,0.0003031049
0,0.0,0.0002906132
0,0.0,0.0003028105
1,1.0,0.99964505
1,1.0,0.9996491
1,1.0,0.9996515
0,0.0,0.000105211126
1,1.0,0.99966586
1,1.0,0.9996706
0,0.0,0.00028841224
1,1.0,0.9987031
0,0.0,0.00025927363
0,0.0,0.00040559852
1,1.0,0.9996512
0,0.0,0.00033598012
1,1.0,0.9996562
1,1.0,0.99965113
1,1.0,0.9996622
1,1.0,0.99966156
1,1.0,0.99963593
1,1.0,0.9996571
1,1.0,0.9996611
0,0.0,0.00025013927
1,1.0,0.99965733
0,0.0,0.0003709897
1,1.0,0.9996623
1,1.0,0.99966085
0,0.0,0.00026207507
0,0.0,0.00024375011
0,0.0,0.00017870327
0,0.0,0.00015056324
0,0.0,0.0009967763
1,1.0,0.9996581
0,0.0,0.00021928726
0,0.0,0.00020988488
0,0.0,0.0002537547
0,0.0,0.00021241937
1,1.0,0.9996488
0,0.0,0.0004075216
1,1.0,0.999645
0,0.0,0.00021439735
0,0.0,0.00029061016
1,1.0,0.9996548
1,1.0,0.9996464
0,0.0,0.00029439104
0,0.0,0.00022044464
0,0.0,0.00025122007
0,0.0,0.0002967502
1,1.0,0.99967176
1,1.0,0.9996573
1,1.0,0.99966204
0,0.0,0.00028618725
0,0.0,0.00026670154
0,0.0,0.0002571915
0,0.0,0.0003146977
1,1.0,0.9996354
1,1.0,0.9996346
0,0.0,0.00035590623
0,0.0,0.0003095888
1,1.0,0.9996386
0,0.0,0.00010521413
1,1.0,0.99964184
1,1.0,0.99965405
1,1.0,0.99965805
1,1.0,0.9996601
1,1.0,0.9996578
0,0.0,0.0013467228
1,1.0,0.9996618
1,1.0,0.9996716
0,0.0,0.0002231092
0,0.0,0.0003637413
1,1.0,0.99966156
1,1.0,0.99962276
0,0.0,0.00020400014
0,0.0,0.00031339828
1,1.0,0.9996555
1,1.0,0.99966013
0,0.0,0.00042649824
1,1.0,0.99965864
0,0.0,0.00022441486
0,0.0,0.0005584985
0,0.0,0.0041908734
0,0.0,0.000243535
0,0.0,0.00033025918
1,1.0,0.9992064
1,1.0,0.9996631
0,0.0,0.00024230746
1,1.0,0.999661
0,0.0,0.0003374625
0,0.0,0.00022040558
0,0.0,0.00032177416
1,1.0,0.9996613
1,1.0,0.9996634
1,1.0,0.9964062
0,0.0,0.0003791472
1,1.0,0.99963546
0,0.0,0.00038697853
0,0.0,0.00028806351
1,1.0,0.99966127
0,0.0,0.00032725127
1,1.0,0.99965715
1,1.0,0.99963903
1,1.0,0.9996596
0,0.0,0.00015255115
0,0.0,0.00025985227
1,1.0,0.9996695
0,0.0,0.00033173565
0,0.0,0.0002072478
0,0.0,0.00030028034
1,1.0,0.9996342
1,1.0,0.9996417
1,1.0,0.9996627
1,1.0,0.99965703
0,0.0,0.0002471902
0,0.0,0.00026660442
0,0.0,0.00028501777
1,1.0,0.9996585
1,1.0,0.99967045
1,1.0,0.99965346
1,1.0,0.9996617
0,0.0,0.00028551082
1,1.0,0.9996465
0,0.0,0.00029438542
0,0.0,0.00014696032
0,0.0,0.0002943815
0,0.0,0.0005458124
1,1.0,0.9996612
1,1.0,0.999638
1,1.0,0.9996588
1,1.0,0.99965274
1,1.0,0.9996584
1,1.0,0.99964494
0,0.0,0.00036257211
0,0.0,0.00024400216
1,1.0,0.9996526
0,0.0,0.00012903663
0,0.0,0.00040558825
1,1.0,0.99965316
0,0.0,0.00030545812
0,0.0,0.0002960381
0,0.0,0.00029062346
0,0.0,0.00058143766
1,1.0,0.9996584
0,0.0,0.000129111
0,0.0,0.00022452723
1,1.0,0.99966234
1,1.0,0.9996573
1,1.0,0.9996698
1,1.0,0.99966305
1,1.0,0.9996371
1,1.0,0.99965847
1,1.0,0.9996559
0,0.0,0.00038703313
0,0.0,0.00031341473
1,1.0,0.99967057
0,0.0,0.00028597697
1,1.0,0.99963886
1,1.0,0.9996565
1,1.0,0.9996566
0,0.0,0.00032721946
1,1.0,0.9997135
0,0.0,0.00030820965
0,0.0,0.00015289978
1,1.0,0.9996212
0,0.0,0.00020700072
1,1.0,0.99966305
1,1.0,0.99965024
1,1.0,0.99928766
1,1.0,0.9996356
0,0.0,0.00018036204
1,1.0,0.99965173
0,0.0,0.00021192817
0,0.0,0.00015258258
0,0.0,0.000210714
1,1.0,0.99963206
0,0.0,0.00023348421
0,0.0,0.00024368364
0,0.0,0.00032799153
0,0.0,0.00020048794
1,1.0,0.9996621
1,1.0,0.9996599
0,0.0,0.00026603998
1,1.0,0.9996502
1,1.0,0.99966216
0,0.0,0.0005444016
1,1.0,0.99963737
1,1.0,0.9996572
0,0.0,0.00030546103
1,1.0,0.9996502
0,0.0,0.000314692
0,0.0,0.00015311805
0,0.0,0.00015216834
1,1.0,0.99865
0,0.0,0.00015228867
0,0.0,0.00030965108
0,0.0,0.00037705715
0,0.0,0.00023997773
1,1.0,0.9996534
0,0.0,0.00037168726
1,1.0,0.9996499
1,1.0,0.99961555
0,0.0,0.00028637314
1,1.0,0.99963874
0,0.0,0.00015139363
1,1.0,0.99964654
1,1.0,0.9996625
0,0.0,0.00028616135
0,0.0,0.00032774959
1,1.0,0.99964136
0,0.0,0.00020566491
1,1.0,0.9996632
1,1.0,0.99965715
1,1.0,0.9996624
0,0.0,0.00032169782
0,0.0,0.00029996675
0,0.0,0.00022648922
0,0.0,0.0003218073
1,1.0,0.9996514
0,0.0,0.00015286132
0,0.0,0.00015197636
1,1.0,0.99963266
0,0.0,0.0002861682
1,1.0,0.99965024
0,0.0,0.00030545812
1,1.0,0.9996715
0,0.0,0.00028597724
1,1.0,0.9996623
1,1.0,0.9996332
0,0.0,0.00026766828
0,0.0,0.00025033875
1,1.0,0.9996498
0,0.0,0.00032738296
0,0.0,0.0002481662
1,1.0,0.9996532
0,0.0,0.00020876499
1,1.0,0.99963456
0,0.0,0.0002458683
1,1.0,0.9990656
0,0.0,0.00024717866
1,1.0,0.9996184
0,0.0,0.00014941451
0,0.0,0.00061218895
0,0.0,0.00028616108
1,1.0,0.9996531
0,0.0,0.00024029713
1,1.0,0.99964577
1,1.0,0.99965525
0,0.0,0.00026091133
0,0.0,0.000105211824
1,1.0,0.99967146
1,1.0,0.99965864
1,1.0,0.9996528
1,1.0,0.99964595
0,0.0,0.0002368226
0,0.0,0.00019240263
0,0.0,0.00010526331
0,0.0,0.0002850229
1,1.0,0.99965906
0,0.0,0.00087295956
1,1.0,0.9996456
1,1.0,0.99963355
1,1.0,0.9996685
0,0.0,0.00029899398
1,1.0,0.99965584
0,0.0,0.00029604486
0,0.0,0.00033747475
1,1.0,0.9996556
1,1.0,0.9996715
1,1.0,0.9996468
0,0.0,0.00017338914
1,1.0,0.9975746
1,1.0,0.9996624
1,1.0,0.9996527
0,0.0,0.00028630134
1,1.0,0.9996551
0,0.0,0.00025122127
1,1.0,0.9996623
0,0.0,0.0008130209
0,0.0,0.00020875224
0,0.0,0.00029062375
0,0.0,0.0002970593
0,0.0,0.00061379094
1,1.0,0.9996373
1,1.0,0.9996539
0,0.0,0.00010522026
0,0.0,0.00021249572
1,1.0,0.99584687
1,1.0,0.9996599
1,1.0,0.9996604
1,1.0,0.9996604
1,1.0,0.9996627
1,1.0,0.9996634
0,0.0,0.0003082176
1,1.0,0.99966305
1,1.0,0.99966466
1,1.0,0.9996594
1,1.0,0.99966305
1,1.0,0.99966204
0,0.0,0.00030820083
1,1.0,0.9973173
0,0.0,0.0010685036
0,0.0,0.0002677063
0,0.0,0.00015288142
0,0.0,0.0014797118
1,1.0,0.99966305
1,1.0,0.9996441
0,0.0,0.00031468
1,1.0,0.99965626
0,0.0,0.00023367083
0,0.0,0.00014683451
1,1.0,0.99965906
1,1.0,0.9996577
1,1.0,0.9996522
0,0.0,0.00010521735
1,1.0,0.9996491
0,0.0,0.00026054986
0,0.0,0.00025389023
0,0.0,0.00024377242
1,1.0,0.9996598
1,1.0,0.9996468
0,0.0,0.00030300545
1,1.0,0.9996588
1,1.0,0.9996549
0,0.0,0.00029061682
0,0.0,0.00032742604
0,0.0,0.0009784037
0,0.0,0.0002866526
1,1.0,0.9996712
0,0.0,0.00029672447
0,0.0,0.0003740878
1,1.0,0.99967176
1,1.0,0.99965674
1,1.0,0.9996554
1,1.0,0.9996502
0,0.0,0.00024278663
1,1.0,0.9996582
0,0.0,0.00030021623
0,0.0,0.0002458083
0,0.0,0.0004423671
0,0.0,0.0003146836
1,1.0,0.9996715
0,0.0,0.0002883817
1,1.0,0.9996619
1,1.0,0.99965584
1,1.0,0.9996544
0,0.0,0.0003464844
0,0.0,0.00022140476
0,0.0,0.00024421533
0,0.0,0.00026243716
1,1.0,0.99966073
0,0.0,0.00015271241
1,1.0,0.9996524
1,1.0,0.9996553
1,1.0,0.9996436
0,0.0,0.00038376855
1,1.0,0.9996467
1,1.0,0.9996457
0,0.0,0.0002850259
1,1.0,0.9996575
0,0.0,0.0002944772
1,1.0,0.99965924
0,0.0,0.0002193406
0,0.0,0.0007668443
1,1.0,0.9996552
0,0.0,0.00021375543
1,1.0,0.9963682
0,0.0,0.00028921268
0,0.0,0.00029898685
0,0.0,0.00014859089
1,1.0,0.99953085
0,0.0,0.0003199809
0,0.0,0.000303002
0,0.0,0.00040562364
1,1.0,0.99965286
1,1.0,0.99963635
1,1.0,0.9996559
0,0.0,0.00030820142
1,1.0,0.99963737
1,1.0,0.9996518
0,0.0,0.0002923933
0,0.0,0.00030505474
0,0.0,0.00026757922
0,0.0,0.00024140535
1,1.0,0.99765074
0,0.0,0.00031053738
1,1.0,0.9996623
0,0.0,0.00024572745
0,0.0,0.00022245412
0,0.0,0.0001532729
1,1.0,0.99966955
1,1.0,0.999652
0,0.0,0.0003641486
1,1.0,0.9996605
1,1.0,0.99964976
1,1.0,0.99961555
1,1.0,0.999652
1,1.0,0.9996459
1,1.0,0.9996438
0,0.0,0.00031184635
1,1.0,0.999642
1,1.0,0.9996602
1,1.0,0.999656
0,0.0,0.00025072834
0,0.0,0.00021580468
0,0.0,0.00024585842
0,0.0,0.00025064062
1,1.0,0.99963725
1,1.0,0.9996622
0,0.0,0.00033767152
1,1.0,0.99963737
0,0.0,0.0002537617
0,0.0,0.00020464501
0,0.0,0.00030548492
1,1.0,0.9996513
1,1.0,0.99968606
0,0.0,0.00010522076
1,1.0,0.9996496
1,1.0,0.99966294
1,1.0,0.9996635
0,0.0,0.0014812909
1,1.0,0.99966073
0,0.0,0.00017078221
0,0.0,0.00020084325
1,1.0,0.999645
1,1.0,0.99963856
1,1.0,0.9996621
1,1.0,0.9996458
0,0.0,0.00029999594
1,1.0,0.9996618
1,1.0,0.9996624
1,1.0,0.9996624
1,1.0,0.99963886
0,0.0,0.0003117973
0,0.0,0.00028598923
0,0.0,0.0012593848
0,0.0,0.004196278
0,0.0,0.00039620543
1,1.0,0.9996619
1,1.0,0.9996423
0,0.0,0.0008733797
1,1.0,0.9996599
0,0.0,0.0001533429
0,0.0,0.0006105612
1,1.0,0.9996368
0,0.0,0.00020079938
0,0.0,0.00040564782
1,1.0,0.9996384
1,1.0,0.9996589
0,0.0,0.0002989931
0,0.0,0.00020566746
1,1.0,0.99966013
1,1.0,0.9996594
0,0.0,0.0003837419
1,1.0,0.99965835
1,1.0,0.99963707
1,1.0,0.9996517
1,1.0,0.99965304
1,1.0,0.99967146
1,1.0,0.99962777
1,1.0,0.99965215
0,0.0,0.00029439272
0,0.0,0.00030819586
1,1.0,0.9996565
0,0.0,0.0002468572
0,0.0,0.0008721036
1,1.0,0.9996615
0,0.0,0.00014695569
0,0.0,0.00029899282
0,0.0,0.0005475604
0,0.0,0.0003025944
1,1.0,0.9996698
0,0.0,0.0002537339
0,0.0,0.00012895754
0,0.0,0.0002526782
1,1.0,0.99964577
0,0.0,0.00056197314
1,1.0,0.9996705
0,0.0,0.0003698089
0,0.0,0.0006276285
1,1.0,0.99966156
1,1.0,0.9997779
0,0.0,0.00039021918
1,1.0,0.99965864
0,0.0,0.0003667509
0,0.0,0.00030273607
0,0.0,0.00025370414
1,1.0,0.9996552
1,1.0,0.9996612
0,0.0,0.0002532918
0,0.0,0.00021516143
0,0.0,0.0018323149
0,0.0,0.00017686367
0,0.0,0.0003871658
1,1.0,0.99965024
0,0.0,0.00026914768
1,1.0,0.9996586
1,1.0,0.99964327
0,0.0,0.00029266212
1,1.0,0.9996628
1,1.0,0.99967057
1,1.0,0.9996533
1,1.0,0.99963623
1,1.0,0.9996528
1,1.0,0.9996634
0,0.0,0.00015502449
0,0.0,0.00029603415
1,1.0,0.9996351
1,1.0,0.9996626
0,0.0,0.00029705535
1,1.0,0.99965525
0,0.0,0.00025018962
1,1.0,0.99965525
0,0.0,0.00030299852
0,0.0,0.0003224639
0,0.0,0.00031340815
0,0.0,0.00022004188
0,0.0,0.00032225891
0,0.0,0.00017080583
0,0.0,0.0005997702
0,0.0,0.00029605054
1,1.0,0.99929285
0,0.0,0.00022522728
1,1.0,0.9996714
1,1.0,0.99966174
0,0.0,0.0008123581
0,0.0,0.00035624672
1,1.0,0.99963117
0,0.0,0.00021230214
0,0.0,0.0003027248
0,0.0,0.00054191134
0,0.0,0.00026961046
0,0.0,0.0002672075
1,1.0,0.9996704
0,0.0,0.0002459234
1,1.0,0.99966997
0,0.0,0.00031058092
1,1.0,0.9996717
0,0.0,0.00028598023
1,1.0,0.99966264
1,1.0,0.9996578
1,1.0,0.99965644
1,1.0,0.9996141
0,0.0,0.00043270015
0,0.0,0.00015310125
0,0.0,0.0002564975
0,0.0,0.00022314792
1,1.0,0.999671
1,1.0,0.99963886
0,0.0,0.00021514604
1,1.0,0.99965686
0,0.0,0.00010521052
1,1.0,0.9996553
1,1.0,0.99963826
0,0.0,0.00026833592
1,1.0,0.99964297
0,0.0,0.00037897812
0,0.0,0.00021932658
0,0.0,0.0002123266
1,1.0,0.9990056
1,1.0,0.9996714
0,0.0,0.0003054584
1,1.0,0.9996512
1,1.0,0.99964464
0,0.0,0.00032740668
0,0.0,0.00017078401
0,0.0,0.00032772086
1,1.0,0.99964577
1,1.0,0.9996556
0,0.0,0.00030300836
1,1.0,0.99964577
0,0.0,0.00019903618
0,0.0,0.00025164583
1,1.0,0.99965906
0,0.0,0.00025365409
0,0.0,0.0003827052
0,0.0,0.00025342274
1,1.0,0.99966145
0,0.0,0.00024456182
0,0.0,0.00030690336
0,0.0,0.00029451118
1,1.0,0.99963635
0,0.0,0.000113402195
0,0.0,0.00030271962
0,0.0,0.00029992842
0,0.0,0.0002508857
1,1.0,0.9996365
0,0.0,0.0002960494
0,0.0,0.0013743312
0,0.0,0.00024625586
1,1.0,0.99965525
1,1.0,0.9996431
0,0.0,0.00029061627
0,0.0,0.0018807238
0,0.0,0.00020698257
0,0.0,0.0003000028
0,0.0,0.00022036921
1,1.0,0.9996474
1,1.0,0.99965096
1,1.0,0.99964637
1,1.0,0.99964064
1,1.0,0.9996439
0,0.0,0.00036095292
0,0.0,0.00021477915
0,0.0,0.0003217843
1,1.0,0.9983703
1,1.0,0.999588
0,0.0,0.0004297945
1,1.0,0.99963355
1,1.0,0.9996584
0,0.0,0.0001289353
1,1.0,0.9996594
1,1.0,0.999654
0,0.0,0.00025016314
1,1.0,0.99965715
1,1.0,0.99963754
1,1.0,0.99966305
1,1.0,0.9996596
1,1.0,0.99964577
0,0.0,0.0003027248
0,0.0,0.00022034021
0,0.0,0.00030691185
1,1.0,0.9996571
0,0.0,0.00026783088
0,0.0,0.00026289295
1,1.0,0.9996625
0,0.0,0.00025091704
0,0.0,0.0003118496
1,1.0,0.99965423
1,1.0,0.9996603
0,0.0,0.00010521544
0,0.0,0.00032232804
1,1.0,0.99965274
1,1.0,0.99966216
0,0.0,0.000330257
0,0.0,0.00021530568
1,1.0,0.9996608
1,1.0,0.999652
1,1.0,0.99965715
0,0.0,0.0008118957
1,1.0,0.99963534
0,0.0,0.00032174226
1,1.0,0.9996583
0,0.0,0.00035857956
0,0.0,0.00044215817
0,0.0,0.00030000365
1,1.0,0.9996709
0,0.0,0.00024960612
1,1.0,0.99967116
1,1.0,0.99967134
0,0.0,0.0005802485
0,0.0,0.00020082082
0,0.0,0.00021116936
0,0.0,0.00081152946
1,1.0,0.9996631
0,0.0,0.00033023872
1,1.0,0.9996584
1,1.0,0.9996461
1,1.0,0.99963176
0,0.0,0.00030055386
1,1.0,0.9996623
0,0.0,0.0008120439
1,1.0,0.99965256
0,0.0,0.0002970593
0,0.0,0.00030820965
1,1.0,0.9996159
0,0.0,0.00021438958
1,1.0,0.9996585
1,1.0,0.99966335
1,1.0,0.99966115
0,0.0,0.000314695
1,1.0,0.99967134
1,1.0,0.99963814
0,0.0,0.0005678615
0,0.0,0.0003651726
1,1.0,0.9972902
0,0.0,0.00029173502
1,1.0,0.99965954
1,1.0,0.9996704
0,0.0,0.0002419921
1,1.0,0.99965626
1,1.0,0.9996614
1,1.0,0.9996717
1,1.0,0.9996622
0,0.0,0.00026962385
0,0.0,0.00022273786
0,0.0,0.00031047701
1,1.0,0.9996386
0,0.0,0.00025134324
0,0.0,0.00022536992
1,1.0,0.9996533
0,0.0,0.00026594638
0,0.0,0.00021488444
1,1.0,0.99967104
0,0.0,0.000105212726
1,1.0,0.9996373
1,1.0,0.9996576
0,0.0,0.00038268373
1,1.0,0.9996448
0,0.0,0.00029448955
1,1.0,0.99965715
0,0.0,0.00015260908
1,1.0,0.99966997
1,1.0,0.99964464
0,0.0,0.0003318024
1,1.0,0.9996713
1,1.0,0.9996565
0,0.0,0.000379151
0,0.0,0.00015311746
1,1.0,0.9996696
0,0.0,0.00033175843
0,0.0,0.00032772523
1,1.0,0.9996566
0,0.0,0.00040533431
1,1.0,0.99964553
1,1.0,0.9996593
1,1.0,0.9996624
0,0.0,0.00022049405
1,1.0,0.9996499
0,0.0,0.0002357961
1,1.0,0.9996372
1,1.0,0.9996515
0,0.0,0.0003962022
1,1.0,0.99966174
0,0.0,0.00015294981
1,1.0,0.9996364
1,1.0,0.9996503
1,1.0,0.99967104
1,1.0,0.99966085
0,0.0,0.00029899852
0,0.0,0.00030296907
1,1.0,0.99967176
0,0.0,0.00024858868
0,0.0,0.00043261205
0,0.0,0.0003082032
1,1.0,0.99963146
1,1.0,0.99965656
0,0.0,0.00030299334
0,0.0,0.00021764918
0,0.0,0.00031463982
0,0.0,0.0002876861
1,1.0,0.99966127
1,1.0,0.9996533
0,0.0,0.00020376882
1,1.0,0.9996388
0,0.0,0.00028508707
1,1.0,0.99963903
1,1.0,0.9996702
1,1.0,0.99966204
1,1.0,0.99964374
0,0.0,0.00021765167
1,1.0,0.9996607
1,1.0,0.99965245
0,0.0,0.00015217719
0,0.0,0.00015302595
1,1.0,0.9996377
1,1.0,0.99965316
1,1.0,0.9996608
0,0.0,0.0011562713
1,1.0,0.99966216
1,1.0,0.99965656
0,0.0,0.00012896826
1,1.0,0.99966305
0,0.0,0.00022097644
0,0.0,0.0011548876
1,1.0,0.99965096
0,0.0,0.0006139901
0,0.0,0.00028864824
0,0.0,0.00010508028
1,1.0,0.9996353
1,1.0,0.99965507
1,1.0,0.9996577
0,0.0,0.00029899026
1,1.0,0.9996699
1,1.0,0.99965876
1,1.0,0.9996595
1,1.0,0.99963504
1,1.0,0.999662
0,0.0,0.00037913222
0,0.0,0.00027918402
0,0.0,0.0002465347
0,0.0,0.00010521995
1,1.0,0.9996548
0,0.0,0.000646342
0,0.0,0.00021445299
0,0.0,0.00025078264
0,0.0,0.00017337856
1,1.0,0.9996586
0,0.0,0.0003081932
1,1.0,0.9996502
0,0.0,0.00015289031
1,1.0,0.9996693
0,0.0,0.000314695
1,1.0,0.9996603
1,1.0,0.9996627
1,1.0,0.9996549
1,1.0,0.99965096
1,1.0,0.99963707
0,0.0,0.0003003897
1,1.0,0.9996141
1,1.0,0.999627
1,1.0,0.99965864
1,1.0,0.99965733
0,0.0,0.0003222205
0,0.0,0.00027882252
1,1.0,0.9996584
1,1.0,0.9996568
1,1.0,0.9996465
1,1.0,0.9996565
0,0.0,0.00027864848
1,1.0,0.99965423
0,0.0,0.00012931602
1,1.0,0.99966896
0,0.0,0.00032718794
1,1.0,0.9996567
0,0.0,0.00037319228
1,1.0,0.9996509
1,1.0,0.99966335
0,0.0,0.00024125581
1,1.0,0.9996612
0,0.0,0.00022830829
0,0.0,0.00058731256
1,1.0,0.9996514
0,0.0,0.00019240007
0,0.0,0.0002515091
1,1.0,0.9964032
0,0.0,0.0003069063
1,1.0,0.9996624
1,1.0,0.9996386
0,0.0,0.00030023314
0,0.0,0.00031340338
0,0.0,0.00030816058
0,0.0,0.001049962
1,1.0,0.999659
1,1.0,0.99962085
0,0.0,0.00028617308
1,1.0,0.9996377
1,1.0,0.999661
0,0.0,0.00042982117
0,0.0,0.00015268913
0,0.0,0.00029439133
0,0.0,0.00023147116
0,0.0,0.00022046588
1,1.0,0.99963856
1,1.0,0.9996364
0,0.0,0.00025706404
1,1.0,0.9996576
1,1.0,0.9996575
1,1.0,0.9996619
1,1.0,0.99687546
0,0.0,0.0002391543
0,0.0,0.00028597887
0,0.0,0.0003030147
1,1.0,0.99965644
0,0.0,0.0002518969
0,0.0,0.00025381157
1,1.0,0.999663
0,0.0,0.0001527749
0,0.0,0.00029156732
1,1.0,0.99964297
0,0.0,0.00035008998
1,1.0,0.9996403
1,1.0,0.99965656
1,1.0,0.9996509
1,1.0,0.9996532
1,1.0,0.99963826
0,0.0,0.00015280214
1,1.0,0.99964577
1,1.0,0.9996524
0,0.0,0.00038314075
0,0.0,0.00020674194
0,0.0,0.0002453709
1,1.0,0.9996588
0,0.0,0.00024122957
1,1.0,0.9996391
1,1.0,0.99964416
1,1.0,0.9996426
1,1.0,0.9996622
0,0.0,0.00029062567
1,1.0,0.9996562
1,1.0,0.9996497
1,1.0,0.9996333
0,0.0,0.00026768894
0,0.0,0.00030820552
0,0.0,0.00015266612
0,0.0,0.0003220129
1,1.0,0.999638
1,1.0,0.99966305
1,1.0,0.9996548
1,1.0,0.9996574
0,0.0,0.0002037154
0,0.0,0.00024272226
1,1.0,0.9996386
1,1.0,0.9996576
0,0.0,0.00028921405
1,1.0,0.9996571
0,0.0,0.0002906243
1,1.0,0.9996361
1,1.0,0.99965775
0,0.0,0.00040643202
0,0.0,0.00030900314
1,1.0,0.99967
0,0.0,0.00037912605
1,1.0,0.9996526
1,1.0,0.99964297
0,0.0,0.0001052051
0,0.0,0.00022141934
0,0.0,0.0003108413
1,1.0,0.99964416
0,0.0,0.0009412034
0,0.0,0.00012893676
1,1.0,0.99967146
1,1.0,0.999653
0,0.0,0.0004073781
0,0.0,0.00029450163
1,1.0,0.9992485
1,1.0,0.99966305
1,1.0,0.99966156
1,1.0,0.9996508
1,1.0,0.9996598
1,1.0,0.99969876
0,0.0,0.00081175606
1,1.0,0.9996496
1,1.0,0.9996579
1,1.0,0.9996426
0,0.0,0.00029239492
0,0.0,0.00030051434
1,1.0,0.9996368
0,0.0,0.00029302033
0,0.0,0.00021669627
1,1.0,0.999657
1,1.0,0.999655
0,0.0,0.00015243178
1,1.0,0.9996377
0,0.0,0.00044954658
1,1.0,0.99965745
0,0.0,0.00021477629
0,0.0,0.000321803
0,0.0,0.00022315707
1,1.0,0.99963814
0,0.0,0.00026771423
1,1.0,0.9996382
0,0.0,0.0002918474
1,1.0,0.99965423
0,0.0,0.000292747
1,1.0,0.9996546
0,0.0,0.00029605505
0,0.0,0.00031582091
0,0.0,0.000250851
0,0.0,0.0003069107
0,0.0,0.00014770222
1,1.0,0.99966264
0,0.0,0.0001485906
0,0.0,0.00030295292
1,1.0,0.99966115
1,1.0,0.9996386
1,1.0,0.9996717
0,0.0,0.00015255944
0,0.0,0.00039319566
0,0.0,0.00025398587
0,0.0,0.0002943964
0,0.0,0.00031184932
1,1.0,0.99964577
0,0.0,0.0002926423
0,0.0,0.0005900678
1,1.0,0.9996081
0,0.0,0.00027824813
0,0.0,0.0002142353
0,0.0,0.0006070473
1,1.0,0.99964297
1,1.0,0.9996628
0,0.0,0.0002210091
0,0.0,0.00029112402
1,1.0,0.99965
1,1.0,0.99964994
0,0.0,0.00043227174
0,0.0,0.00018044322
1,1.0,0.9996517
0,0.0,0.00029063123
1,1.0,0.9996531
1,1.0,0.9996644
0,0.0,0.00015258258
0,0.0,0.00015232323
0,0.0,0.0002463909
1,1.0,0.99966246
1,1.0,0.999662
1,1.0,0.9996386
0,0.0,0.00030546045
1,1.0,0.999671
0,0.0,0.00024639844
1,1.0,0.99965745
1,1.0,0.99965656
0,0.0,0.00026644737
0,0.0,0.00021764732
1,1.0,0.99966305
0,0.0,0.00117278
1,1.0,0.99966246
1,1.0,0.99966216
1,1.0,0.99967134
0,0.0,0.00020377814
0,0.0,0.00020376183
0,0.0,0.00022146854
0,0.0,0.0003272204
1,1.0,0.9996626
0,0.0,0.0003920326
1,1.0,0.99962664
1,1.0,0.9996576
1,1.0,0.9966771
1,1.0,0.99966025
0,0.0,0.00030819673
1,1.0,0.9996622
1,1.0,0.9996576
1,1.0,0.99965894
1,1.0,0.9996713
0,0.0,0.00032723817
0,0.0,0.0006337672
1,1.0,0.9996585
1,1.0,0.9985766
0,0.0,0.00012868043
1,1.0,0.99965894
1,1.0,0.9996596
0,0.0,0.00028900403
0,0.0,0.00031057352
0,0.0,0.00010507938
0,0.0,0.0002944845
0,0.0,0.00010521594
1,1.0,0.99973065
1,1.0,0.9995066
1,1.0,0.9996464
1,1.0,0.9996509
1,1.0,0.9996633
1,1.0,0.9996624
1,1.0,0.99965996
0,0.0,0.00035367318
0,0.0,0.00012903368
1,1.0,0.9996465
0,0.0,0.00021150729
1,1.0,0.999646
0,0.0,0.00029707007
0,0.0,0.00025597445
0,0.0,0.00030000566
1,1.0,0.99966276
1,1.0,0.99967045
0,0.0,0.00026770323
0,0.0,0.00031048767
0,0.0,0.00028616682
0,0.0,0.0006011288
0,0.0,0.00033741992
1,1.0,0.9996385
0,0.0,0.0008708493
1,1.0,0.99964416
1,1.0,0.99964553
1,1.0,0.9996714
1,1.0,0.9996575
1,1.0,0.9996502
0,0.0,0.00025655984
1,1.0,0.9996381
0,0.0,0.00025131565
1,1.0,0.9996556
0,0.0,0.00024029119
1,1.0,0.9996627
0,0.0,0.00030818617
1,1.0,0.9996442
0,0.0,0.00024638762
1,1.0,0.99965864
0,0.0,0.000331754
1,1.0,0.99964803
0,0.0,0.00043241683
1,1.0,0.9996569
0,0.0,0.0002859909
0,0.0,0.00020332904
1,1.0,0.99965817
1,1.0,0.99966294
0,0.0,0.0002144354
0,0.0,0.000104927785
0,0.0,0.00015222016
1,1.0,0.9996519
0,0.0,0.00033178218
1,1.0,0.9996625
1,1.0,0.9996381
1,1.0,0.99967146
0,0.0,0.00026767846
0,0.0,0.00024372594
1,1.0,0.9996624
0,0.0,0.0004087466
1,1.0,0.9996391
1,1.0,0.99963605
0,0.0,0.00010521544
1,1.0,0.9996494
0,0.0,0.0007183984
0,0.0,0.0011623008
0,0.0,0.00036412725
0,0.0,0.00029706498
1,1.0,0.9996576
0,0.0,0.00012868471
1,1.0,0.9996528
1,1.0,0.9996623
1,1.0,0.9996578
0,0.0,0.00038716506
0,0.0,0.00010520962
1,1.0,0.99966156
1,1.0,0.9996686
1,1.0,0.99963605
1,1.0,0.99966985
0,0.0,0.00019239125
1,1.0,0.9996551
0,0.0,0.00028900043
0,0.0,0.00021671527
0,0.0,0.00037646096
1,1.0,0.99965477
1,1.0,0.9996386
0,0.0,0.00010521694
1,1.0,0.99965835
1,1.0,0.99965274
1,1.0,0.99966973
1,1.0,0.99966896
1,1.0,0.9996481
1,1.0,0.9996627
0,0.0,0.0003002151
1,1.0,0.99965286
1,1.0,0.99966305
1,1.0,0.9996573
0,0.0,0.00029899995
1,1.0,0.99965715
1,1.0,0.99966973
1,1.0,0.99966234
1,1.0,0.9996614
1,1.0,0.9996582
1,1.0,0.9996533
0,0.0,0.00019226508
0,0.0,0.0003030011
0,0.0,0.00022608813
1,1.0,0.9996355
0,0.0,0.0004495697
0,0.0,0.00012897859
0,0.0,0.00038068646
1,1.0,0.9996536
0,0.0,0.00026963002
0,0.0,0.00028621015
1,1.0,0.999651
0,0.0,0.0020579551
0,0.0,0.000204574
1,1.0,0.9996616
1,1.0,0.99963784
0,0.0,0.00021764587
0,0.0,0.00016268491
1,1.0,0.99966216
1,1.0,0.99964565
1,1.0,0.9996533
1,1.0,0.9996635
1,1.0,0.9996613
0,0.0,0.0002696485
1,1.0,0.99963176
1,1.0,0.99965507
0,0.0,0.00028616982
1,1.0,0.999655
1,1.0,0.9996587
1,1.0,0.9996586
1,1.0,0.9992535
0,0.0,0.00017100529
1,1.0,0.99966
0,0.0,0.0002493364
0,0.0,0.00032271055
1,1.0,0.99965537
1,1.0,0.99965745
0,0.0,0.00044133997
1,1.0,0.99965715
0,0.0,0.00030545637
1,1.0,0.9996708
0,0.0,0.0002959512
1,1.0,0.99966186
0,0.0,0.00025688446
0,0.0,0.00020401806
1,1.0,0.9996718
0,0.0,0.00023060344
0,0.0,0.00012857666
0,0.0,0.00026965825
1,1.0,0.99969876
0,0.0,0.0003219564
1,1.0,0.9996348
0,0.0,0.00023178983
0,0.0,0.0013269561
1,1.0,0.9996382
1,1.0,0.9996525
1,1.0,0.9996447
1,1.0,0.99964184
0,0.0,0.0008123666
0,0.0,0.00028597176
1,1.0,0.9996528
0,0.0,0.00014609488
1,1.0,0.999663
1,1.0,0.999637
1,1.0,0.9996711
1,1.0,0.99966097
0,0.0,0.00030691127
0,0.0,0.00028503974
0,0.0,0.00033595174
1,1.0,0.99965626
0,0.0,0.00024635895
1,1.0,0.999639
1,1.0,0.99967146
0,0.0,0.0002171689
0,0.0,0.00029089957
0,0.0,0.00018307554
1,1.0,0.99964654
0,0.0,0.00024038971
0,0.0,0.0003081544
1,1.0,0.9996571
1,1.0,0.9996603
0,0.0,0.00024148916
1,1.0,0.9996579
1,1.0,0.99966264
1,1.0,0.9996555
0,0.0,0.00022146326
1,1.0,0.99966186
1,1.0,0.9996353
0,0.0,0.00026963183
1,1.0,0.9996588
0,0.0,0.00026370052
0,0.0,0.00027161415
0,0.0,0.000105216444
0,0.0,0.00022643653
0,0.0,0.00039201
1,1.0,0.9996544
1,1.0,0.999663
1,1.0,0.99963635
1,1.0,0.9996493
1,1.0,0.9996622
1,1.0,0.99965554
1,1.0,0.9996617
1,1.0,0.9996622
0,0.0,0.001036179
1,1.0,0.9996498
1,1.0,0.9996687
0,0.0,0.00025374623
0,0.0,0.00038397097
0,0.0,0.00030545113
1,1.0,0.9996528
0,0.0,0.00029306754
0,0.0,0.00015209944
0,0.0,0.00012889376
1,1.0,0.99891645
0,0.0,0.00030545637
0,0.0,0.0001520603
1,1.0,0.9996623
0,0.0,0.00024418393
0,0.0,0.0008736152
0,0.0,0.00012931084
0,0.0,0.0001289004
1,1.0,0.9996449
0,0.0,0.0003374561
0,0.0,0.0002462561
1,1.0,0.9996717
1,1.0,0.99966305
0,0.0,0.00015273369
0,0.0,0.00015049118
0,0.0,0.0002861578
1,1.0,0.99966145
1,1.0,0.9996438
1,1.0,0.9996579
0,0.0,0.00024923348
1,1.0,0.99966896
0,0.0,0.00020373153
1,1.0,0.99966115
1,1.0,0.9996569
1,1.0,0.99966246
0,0.0,0.00029900225
0,0.0,0.0002386218
0,0.0,0.00039853094
0,0.0,0.00026761187
1,1.0,0.99951214
1,1.0,0.9996364
1,1.0,0.99967057
0,0.0,0.00030299017
0,0.0,0.0004323165
1,1.0,0.999652
1,1.0,0.99963814
0,0.0,0.00019528014
1,1.0,0.99961764
1,1.0,0.9996706
1,1.0,0.9996445
1,1.0,0.99967134
1,1.0,0.99965966
0,0.0,0.00022143919
0,0.0,0.00021033402
0,0.0,0.00012901536
0,0.0,0.0003825227
0,0.0,0.00038252326
0,0.0,0.00025102377
1,1.0,0.9996537
0,0.0,0.00024585446
1,1.0,0.9996442
0,0.0,0.00029217565
1,1.0,0.99966806
0,0.0,0.0003029945
1,1.0,0.99964595
1,1.0,0.9996571
0,0.0,0.008888422
0,0.0,0.00025518032
0,0.0,0.00012869945
1,1.0,0.99965715
1,1.0,0.9996587
0,0.0,0.00022002363
1,1.0,0.99963856
0,0.0,0.00032250877
1,1.0,0.99965537
0,0.0,0.00036517487
1,1.0,0.9996631
1,1.0,0.9996577
0,0.0,0.00024409663
1,1.0,0.9996533
0,0.0,0.0002490444
0,0.0,0.0005688193
0,0.0,0.00029898513
1,1.0,0.9996619
1,1.0,0.9996462
0,0.0,0.00024335278
1,1.0,0.9996529
1,1.0,0.99965245
0,0.0,0.0002792085
1,1.0,0.9996368
0,0.0,0.00037899852
0,0.0,0.00025374332
1,1.0,0.99967134
1,1.0,0.99966127
0,0.0,0.0003084795
1,1.0,0.99964166
0,0.0,0.0001519813
1,1.0,0.99966305
0,0.0,0.0003496492
0,0.0,0.00026226658
0,0.0,0.0004423382
1,1.0,0.9996631
1,1.0,0.9996604
1,1.0,0.99963784
0,0.0,0.00020568728
0,0.0,0.00038851847
0,0.0,0.00029594527
0,0.0,0.004191347
1,1.0,0.9996572
1,1.0,0.999662
1,1.0,0.99967134
0,0.0,0.00025011424
1,1.0,0.9996634
0,0.0,0.0003302469
1,1.0,0.9996386
0,0.0,0.00031481983
0,0.0,0.00012892102
1,1.0,0.9996348
1,1.0,0.9996568
0,0.0,0.00031467938
1,1.0,0.9996493
0,0.0,0.0002943812
1,1.0,0.9996714
1,1.0,0.9996463
0,0.0,0.00031185913
1,1.0,0.9996567
1,1.0,0.9996685
0,0.0,0.00024352664
1,1.0,0.99965435
0,0.0,0.00024267784
0,0.0,0.000306899
0,0.0,0.00023825896
1,1.0,0.99962384
1,1.0,0.999658
0,0.0,0.0002923894
0,0.0,0.00025374864
1,1.0,0.9996376
1,1.0,0.9996692
1,1.0,0.9996504
0,0.0,0.0008729005
1,1.0,0.9996566
1,1.0,0.9996522
0,0.0,0.0003277546
0,0.0,0.00029706385
1,1.0,0.9996375
0,0.0,0.00028597395
0,0.0,0.00024028981
0,0.0,0.00021047084
1,1.0,0.9996376
1,1.0,0.9996715
0,0.0,0.00029604486
1,1.0,0.99862736
0,0.0,0.00024420556
0,0.0,0.00032199416
1,1.0,0.9986424
1,1.0,0.9996615
1,1.0,0.99963224
1,1.0,0.9996716
0,0.0,0.00029180286
0,0.0,0.0001522682
0,0.0,0.00029167163
0,0.0,0.00031562045
0,0.0,0.00028474943
1,1.0,0.9996431
1,1.0,0.9996529
0,0.0,0.00015246856
1,1.0,0.9996704
0,0.0,0.00022644516
0,0.0,0.00015217139
1,1.0,0.9996714
0,0.0,0.00024238162
0,0.0,0.00021486681
1,1.0,0.9996457
0,0.0,0.0003029945
0,0.0,0.0005890816
0,0.0,0.0003962249
1,1.0,0.999662
1,1.0,0.9996441
1,1.0,0.99963796
1,1.0,0.999645
1,1.0,0.9996622
0,0.0,0.0002452128
1,1.0,0.9996492
0,0.0,0.00017329758
1,1.0,0.99966896
1,1.0,0.9996557
0,0.0,0.00025100127
0,0.0,0.00025326238
1,1.0,0.9996587
1,1.0,0.9996523
1,1.0,0.99963176
0,0.0,0.00029900795
1,1.0,0.9996644
1,1.0,0.9996356
0,0.0,0.00038368662
0,0.0,0.00020364062
1,1.0,0.9996571
0,0.0,0.00020078252
1,1.0,0.99966323
0,0.0,0.00037680563
0,0.0,0.00030547153
0,0.0,0.0008127936
1,1.0,0.9996429
0,0.0,0.00015262043
0,0.0,0.00029061348
1,1.0,0.9996422
1,1.0,0.9996532
0,0.0,0.00020942632
0,0.0,0.0004298478
0,0.0,0.00024226448
0,0.0,0.00030546103
1,1.0,0.9996371
1,1.0,0.99965775
0,0.0,0.00029708733
1,1.0,0.9996627
1,1.0,0.9996362
1,1.0,0.99961597
0,0.0,0.0003121456
1,1.0,0.999615
1,1.0,0.99967134
1,1.0,0.99963677
1,1.0,0.9996455
0,0.0,0.0014362911
0,0.0,0.0006044472
1,1.0,0.9996461
0,0.0,0.00029706612
1,1.0,0.99963427
0,0.0,0.00033745417
0,0.0,0.000257495
0,0.0,0.00025373898
0,0.0,0.00027063908
1,1.0,0.99963063
1,1.0,0.99966264
0,0.0,0.0013478275
1,1.0,0.99965614
1,1.0,0.9996507
1,1.0,0.9996356
1,1.0,0.999655
1,1.0,0.99950397
1,1.0,0.9996458
0,0.0,0.00037556476
0,0.0,0.0002111277
1,1.0,0.99962807
1,1.0,0.9996506
1,1.0,0.99965537
1,1.0,0.9996382
0,0.0,0.00087145856
1,1.0,0.999638
1,1.0,0.99965155
0,0.0,0.0002850452
1,1.0,0.9996527
1,1.0,0.99966264
1,1.0,0.9996634
0,0.0,0.00029197877
0,0.0,0.0002244153
0,0.0,0.00025187724
0,0.0,0.00029999707
0,0.0,0.00025114947
1,1.0,0.99966145
1,1.0,0.9996577
1,1.0,0.99966145
1,1.0,0.9996586
1,1.0,0.9996716
0,0.0,0.00032477817
0,0.0,0.0004298015
0,0.0,0.0002627511
1,1.0,0.9996585
1,1.0,0.9996609
1,1.0,0.9996512
0,0.0,0.00021484162
0,0.0,0.00021100654
1,1.0,0.99965125
0,0.0,0.00038717795
0,0.0,0.00029233727
0,0.0,0.0005355995
0,0.0,0.0014046417
1,1.0,0.9996625
1,1.0,0.9996588
1,1.0,0.9996566
1,1.0,0.99965674
1,1.0,0.99967116
1,1.0,0.99966305
0,0.0,0.00012899605
0,0.0,0.0012207167
0,0.0,0.0003029188
0,0.0,0.00029605307
1,1.0,0.99966186
1,1.0,0.9996632
1,1.0,0.999638
0,0.0,0.00015286362
1,1.0,0.99965984
1,1.0,0.99966216
0,0.0,0.00026967653
1,1.0,0.9996548
1,1.0,0.9996442
1,1.0,0.99966246
0,0.0,0.00059820793
0,0.0,0.00028597997
0,0.0,0.00023414519
1,1.0,0.9996586
1,1.0,0.99965495
0,0.0,0.00040563874
1,1.0,0.99963635
0,0.0,0.00025134516
1,1.0,0.99966276
1,1.0,0.9996503
0,0.0,0.00037336117
1,1.0,0.9996383
0,0.0,0.00060356787
1,1.0,0.99965847
1,1.0,0.9996457
1,1.0,0.9996689
1,1.0,0.99963856
0,0.0,0.00031057827
1,1.0,0.9996517
1,1.0,0.99964595
1,1.0,0.99965537
0,0.0,0.0003303023
0,0.0,0.00029061513
0,0.0,0.00029245767
0,0.0,0.00015289965
1,1.0,0.9996611
0,0.0,0.0001532574
0,0.0,0.0002655967
1,1.0,0.9996386
0,0.0,0.00024721026
1,1.0,0.99964535
1,1.0,0.9996528
1,1.0,0.9996684
0,0.0,0.00032725066
0,0.0,0.00024927125
0,0.0,0.00025371913
1,1.0,0.99966204
0,0.0,0.00015450182
0,0.0,0.0003374741
1,1.0,0.9996573
0,0.0,0.00031240165
0,0.0,0.00032174963
0,0.0,0.00030000537
0,0.0,0.00020713103
1,1.0,0.999663
1,1.0,0.9996386
1,1.0,0.99965245
0,0.0,0.00024644376
1,1.0,0.99966264
0,0.0,0.00029705447
1,1.0,0.9996423
0,0.0,0.00015260326
0,0.0,0.0004298138
1,1.0,0.99963546
0,0.0,0.0003118541
0,0.0,0.000812192
1,1.0,0.9996594
0,0.0,0.0012361113
0,0.0,0.00024643648
1,1.0,0.99964595
0,0.0,0.00042835966
0,0.0,0.0004177185
0,0.0,0.00025111114
1,1.0,0.99965703
0,0.0,0.000315335
1,1.0,0.9996458
1,1.0,0.9996584
1,1.0,0.9996528
1,1.0,0.99748415
1,1.0,0.9996632
0,0.0,0.00012866696
0,0.0,0.00029900623
0,0.0,0.00024788998
1,1.0,0.99962825
1,1.0,0.9996386
1,1.0,0.9996494
0,0.0,0.00027205626
1,1.0,0.9996548
1,1.0,0.9996355
1,1.0,0.9996361
1,1.0,0.9996543
1,1.0,0.99960816
0,0.0,0.000251786
1,1.0,0.9996714
1,1.0,0.99970603
0,0.0,0.00020421132
1,1.0,0.99965847
1,1.0,0.99950916
1,1.0,0.9996529
0,0.0,0.00010528701
1,1.0,0.99966043
1,1.0,0.9996433
0,0.0,0.00020698553
0,0.0,0.00012862045
1,1.0,0.9996491
1,1.0,0.999665
1,1.0,0.9996504
1,1.0,0.99966764
0,0.0,0.0002925561
1,1.0,0.99897414
1,1.0,0.9996391
0,0.0,0.00012862806
0,0.0,0.00025375374
0,0.0,0.00037585007
0,0.0,0.00076724344
1,1.0,0.99966204
1,1.0,0.999632
0,0.0,0.00017210175
0,0.0,0.00021239324
0,0.0,0.0002507238
1,1.0,0.99967915
1,1.0,0.9996313
0,0.0,0.0003230935
1,1.0,0.9996622
0,0.0,0.00030273607
1,1.0,0.9996367
0,0.0,0.00029177452
1,1.0,0.999657
0,0.0,0.00010521092
0,0.0,0.00015310169
1,1.0,0.99965805
0,0.0,0.0002166754
1,1.0,0.99962384
1,1.0,0.9996712
0,0.0,0.0004090834
1,1.0,0.9996386
0,0.0,0.00021783021
0,0.0,0.0004053664
0,0.0,0.00029167358
0,0.0,0.00026912458
0,0.0,0.00025171973
0,0.0,0.00029227647
1,1.0,0.9996572
0,0.0,0.0002103256
0,0.0,0.00031451715
1,1.0,0.99964297
0,0.0,0.0004421763
1,1.0,0.9996353
0,0.0,0.00022737373
0,0.0,0.00015290709
1,1.0,0.99965584
0,0.0,0.00017231882
0,0.0,0.00022650177
1,1.0,0.9996449
0,0.0,0.00020265781
1,1.0,0.99965656
1,1.0,0.999655
0,0.0,0.00029192114
1,1.0,0.9996609
0,0.0,0.0002960446
0,0.0,0.00031480181
1,1.0,0.99966127
0,0.0,0.00030279811
0,0.0,0.0009139808
0,0.0,0.00015297199
1,1.0,0.9996586
0,0.0,0.00014457933
1,1.0,0.9996464
1,1.0,0.9996698
0,0.0,0.00025125267
0,0.0,0.00023400618
1,1.0,0.9996442
0,0.0,0.00029705986
1,1.0,0.99965644
0,0.0,0.00015244792
0,0.0,0.00022816403
1,1.0,0.9996516
0,0.0,0.00020696128
1,1.0,0.9996711
1,1.0,0.9996386
1,1.0,0.9996523
0,0.0,0.00014745412
1,1.0,0.99966264
0,0.0,0.0002999982
1,1.0,0.99965256
0,0.0,0.00022272299
1,1.0,0.9996417
1,1.0,0.99965584
0,0.0,0.00022905397
0,0.0,0.0003118618
1,1.0,0.9996619
1,1.0,0.99966097
0,0.0,0.00034962603
1,1.0,0.9996349
0,0.0,0.00028617473
0,0.0,0.00010522026
0,0.0,0.00025254427
1,1.0,0.9996588
0,0.0,0.00042975397
0,0.0,0.0001289642
1,1.0,0.9996558
0,0.0,0.00014967761
0,0.0,0.00024915577
1,1.0,0.99965256
0,0.0,0.00030692475
1,1.0,0.99965405
0,0.0,0.00021462071
0,0.0,0.00030300545
1,1.0,0.9996428
1,1.0,0.99965644
1,1.0,0.9996562
1,1.0,0.9996438
0,0.0,0.00024370641
0,0.0,0.00030272195
0,0.0,0.00024748215
1,1.0,0.99964386
0,0.0,0.000298984
0,0.0,0.00028618073
1,1.0,0.9996573
1,1.0,0.99965596
0,0.0,0.00027898978
1,1.0,0.9992038
1,1.0,0.9996494
1,1.0,0.9996713
1,1.0,0.9996391
1,1.0,0.999655
1,1.0,0.99965805
0,0.0,0.00029674452
1,1.0,0.9996582
0,0.0,0.0002960494
1,1.0,0.99965805
1,1.0,0.99965245
0,0.0,0.00028598052
1,1.0,0.99964976
1,1.0,0.9996518
1,1.0,0.99967104
0,0.0,0.00029091342
0,0.0,0.00034634012
1,1.0,0.9996608
1,1.0,0.9996524
1,1.0,0.9996709
0,0.0,0.00024408779
1,1.0,0.9996707
0,0.0,0.00026996492
0,0.0,0.00025143262
1,1.0,0.999659
0,0.0,0.00025552773
0,0.0,0.00028999243
1,1.0,0.9996364
1,1.0,0.9996634
1,1.0,0.99966204
0,0.0,0.00028598242
0,0.0,0.0012575012
0,0.0,0.00029262726
0,0.0,0.00023240813
0,0.0,0.00019229608
1,1.0,0.9996603
1,1.0,0.99967164
1,1.0,0.9996491
1,1.0,0.9996713
1,1.0,0.99965626
0,0.0,0.00014022851
0,0.0,0.00044952214
0,0.0,0.00026755218
1,1.0,0.9996399
0,0.0,0.00038782568
0,0.0,0.00024754682
1,1.0,0.99964607
1,1.0,0.9996444
0,0.0,0.00029604402
1,1.0,0.99964434
1,1.0,0.9996425
1,1.0,0.9996574
1,1.0,0.99966204
1,1.0,0.99965864
1,1.0,0.9996374
0,0.0,0.000222754
0,0.0,0.00025591685
1,1.0,0.99963856
0,0.0,0.00034204716
0,0.0,0.0003029997
1,1.0,0.99964577
0,0.0,0.0002664941
1,1.0,0.99965966
1,1.0,0.9996714
0,0.0,0.000105217645
0,0.0,0.00037280703
1,1.0,0.99962455
0,0.0,0.00029673154
0,0.0,0.004341551
0,0.0,0.00015222278
0,0.0,0.0002866094
0,0.0,0.00032237722
1,1.0,0.9996096
1,1.0,0.99965733
1,1.0,0.999659
1,1.0,0.99965274
1,1.0,0.9996462
1,1.0,0.9968788
1,1.0,0.9996555
0,0.0,0.00030546804
1,1.0,0.99966305
1,1.0,0.9996386
1,1.0,0.9996422
1,1.0,0.9996385
1,1.0,0.99963635
0,0.0,0.00015228736
0,0.0,0.0003146836
1,1.0,0.9996612
1,1.0,0.9996555
1,1.0,0.99964327
0,0.0,0.0002537489
1,1.0,0.99966025
0,0.0,0.00025185946
1,1.0,0.99965316
1,1.0,0.99964577
0,0.0,0.0002171604
0,0.0,0.00153646
1,1.0,0.9996391
1,1.0,0.99966025
1,1.0,0.99966305
0,0.0,0.00029220682
1,1.0,0.99965554
0,0.0,0.00024837547
0,0.0,0.0002037521
1,1.0,0.99965274
0,0.0,0.00028465196
0,0.0,0.00021233855
1,1.0,0.99916303
0,0.0,0.00015232323
0,0.0,0.00024859104
0,0.0,0.00012929726
1,1.0,0.9996503
0,0.0,0.00025375784
0,0.0,0.00026737875
1,1.0,0.99937475
1,1.0,0.9996388
1,1.0,0.99964577
0,0.0,0.00022234021
0,0.0,0.0002960443
0,0.0,0.00041766735
1,1.0,0.9996561
1,1.0,0.99963325
1,1.0,0.9996476
0,0.0,0.00029234088
0,0.0,0.0003027202
1,1.0,0.99965084
0,0.0,0.00026966416
1,1.0,0.9996346
0,0.0,0.00032398893
1,1.0,0.99965364
1,1.0,0.9996391
0,0.0,0.00030965343
1,1.0,0.9996711
1,1.0,0.9996264
1,1.0,0.9996528
0,0.0,0.0003096564
1,1.0,0.9996545
0,0.0,0.0002624339
0,0.0,0.00012925893
0,0.0,0.00026960482
1,1.0,0.99966186
1,1.0,0.99965847
1,1.0,0.99965453
0,0.0,0.000105212726
1,1.0,0.9996596
0,0.0,0.00014967319
1,1.0,0.99965286
0,0.0,0.00037041155
1,1.0,0.99965805
1,1.0,0.999657
1,1.0,0.9996701
0,0.0,0.00012924575
0,0.0,0.00024173566
0,0.0,0.0011031585
0,0.0,0.00060326845
1,1.0,0.9996565
1,1.0,0.9996718
0,0.0,0.0010261129
0,0.0,0.00024017757
0,0.0,0.00024814278
0,0.0,0.00024874375
1,1.0,0.99965847
1,1.0,0.9996625
1,1.0,0.9996582
0,0.0,0.00032739545
0,0.0,0.00021530774
1,1.0,0.99962485
1,1.0,0.9996596
1,1.0,0.9996622
1,1.0,0.9996625
1,1.0,0.9996401
1,1.0,0.99965894
1,1.0,0.9996545
0,0.0,0.00039017256
0,0.0,0.00038271307
0,0.0,0.00040522323
1,1.0,0.9996527
0,0.0,0.00015198448
0,0.0,0.0002906107
1,1.0,0.9996458
1,1.0,0.9996562
0,0.0,0.00044220727
0,0.0,0.0003118511
0,0.0,0.0003027098
0,0.0,0.0004056014
1,1.0,0.9996626
0,0.0,0.0003104767
0,0.0,0.00030964814
0,0.0,0.00030774839
1,1.0,0.9996604
1,1.0,0.999659
0,0.0,0.0003359516
1,1.0,0.9985285
1,1.0,0.9996587
0,0.0,0.00031184693
1,1.0,0.99964106
0,0.0,0.00029705986
0,0.0,0.00015242
1,1.0,0.99964434
0,0.0,0.00028501908
1,1.0,0.9996579
1,1.0,0.9996431
1,1.0,0.9996438
1,1.0,0.9996716
0,0.0,0.00022805872
0,0.0,0.0008126105
0,0.0,0.00024717866
1,1.0,0.9996575
0,0.0,0.00021554316
1,1.0,0.99965245
1,1.0,0.9996421
0,0.0,0.00030811684
1,1.0,0.99965173
1,1.0,0.9996588
0,0.0,0.00023508024
1,1.0,0.9996322
0,0.0,0.00022339443
1,1.0,0.99890566
0,0.0,0.00030272425
0,0.0,0.00042543618
1,1.0,0.99967116
0,0.0,0.00023412066
1,1.0,0.9996635
1,1.0,0.99967134
0,0.0,0.00025099266
1,1.0,0.99964505
0,0.0,0.00032874284
1,1.0,0.99967104
0,0.0,0.00030271732
0,0.0,0.0003134207
1,1.0,0.99964476
1,1.0,0.99965227
0,0.0,0.00012930023
1,1.0,0.99965626
1,1.0,0.99964625
0,0.0,0.00027478902
0,0.0,0.00024108657
0,0.0,0.00024281186
1,1.0,0.99966216
0,0.0,0.00030546423
0,0.0,0.00042631672
0,0.0,0.004320337
0,0.0,0.000192286
1,1.0,0.999662
0,0.0,0.00040522034
0,0.0,0.00029602766
0,0.0,0.00021281384
0,0.0,0.0003146914
0,0.0,0.0003081897
0,0.0,0.00081328244
1,1.0,0.9996667
0,0.0,0.0009514944
0,0.0,0.00028647578
0,0.0,0.00026997933
1,1.0,0.99966246
1,1.0,0.9996576
0,0.0,0.00012853401
1,1.0,0.99964255
0,0.0,0.00010522407
0,0.0,0.00025618
0,0.0,0.0002970593
1,1.0,0.999657
0,0.0,0.00035845462
0,0.0,0.0004298011
0,0.0,0.00010514825
1,1.0,0.9996572
0,0.0,0.00025073456
1,1.0,0.999671
0,0.0,0.00015302536
0,0.0,0.00022274572
0,0.0,0.00021713637
0,0.0,0.00092864275
0,0.0,0.00012923157
1,1.0,0.9991568
0,0.0,0.00044236265
1,1.0,0.9995155
0,0.0,0.00042649437
1,1.0,0.9996613
1,1.0,0.9996682
0,0.0,0.00017339345
0,0.0,0.000292591
1,1.0,0.99965525
1,1.0,0.9996572
1,1.0,0.9996581
0,0.0,0.00027726198
0,0.0,0.00015202434
0,0.0,0.00030819935
0,0.0,0.0002458329
1,1.0,0.9996479
1,1.0,0.9996388
0,0.0,0.00029438458
1,1.0,0.99965847
0,0.0,0.00022146368
0,0.0,0.00016283189
0,0.0,0.00038067283
1,1.0,0.99965924
0,0.0,0.00025022397
1,1.0,0.99966043
1,1.0,0.9996595
1,1.0,0.99966043
0,0.0,0.00032250816
1,1.0,0.9996708
0,0.0,0.00024350018
0,0.0,0.00025071015
0,0.0,0.00057401886
1,1.0,0.99963576
1,1.0,0.9996553
0,0.0,0.0005865266
1,1.0,0.9996345
0,0.0,0.00029060987
1,1.0,0.99965274
1,1.0,0.9996301
0,0.0,0.0013491606
0,0.0,0.00021246048
1,1.0,0.9996584
1,1.0,0.9996586
1,1.0,0.9996672
0,0.0,0.00026132207
0,0.0,0.00015215977
0,0.0,0.0002518549
0,0.0,0.00029307033
0,0.0,0.00030965995
0,0.0,0.00030545346
1,1.0,0.99964386
0,0.0,0.00022524361
0,0.0,0.00021043792
1,1.0,0.99965584
1,1.0,0.999495
1,1.0,0.9996295
0,0.0,0.00022519166
0,0.0,0.00031060373
0,0.0,0.00029438655
1,1.0,0.9996528
1,1.0,0.99963677
1,1.0,0.99966896
0,0.0,0.00012864891
0,0.0,0.0002909212
1,1.0,0.999662
1,1.0,0.99964577
0,0.0,0.0002701539
1,1.0,0.9996521
0,0.0,0.00029450865
1,1.0,0.9996312
0,0.0,0.00028617037
1,1.0,0.999646
1,1.0,0.99965227
1,1.0,0.99965125
0,0.0,0.00021579914
1,1.0,0.99965715
1,1.0,0.99965286
1,1.0,0.99965125
1,1.0,0.9996517
0,0.0,0.00037171505
1,1.0,0.9996583
1,1.0,0.9996577
1,1.0,0.999661
1,1.0,0.99966043
1,1.0,0.9996505
1,1.0,0.9996572
1,1.0,0.9996272
0,0.0,0.000384026
1,1.0,0.99965334
0,0.0,0.00025819318
0,0.0,0.00029244763
1,1.0,0.9996618
1,1.0,0.9996187
0,0.0,0.00041769323
0,0.0,0.00025106154
0,0.0,0.00024558176
0,0.0,0.00024973945
0,0.0,0.00012862499
0,0.0,0.00029682883
1,1.0,0.99966985
0,0.0,0.00022803135
1,1.0,0.9996463
1,1.0,0.99965173
1,1.0,0.99966186
1,1.0,0.99965656
1,1.0,0.9996572
1,1.0,0.9996546
1,1.0,0.99623525
0,0.0,0.00030966173
1,1.0,0.9996584
0,0.0,0.00044921137
0,0.0,0.00031932475
1,1.0,0.9996582
1,1.0,0.9996376
0,0.0,0.0001507046
1,1.0,0.9996449
0,0.0,0.00033026014
1,1.0,0.99965876
0,0.0,0.00014958873
0,0.0,0.0002446563
0,0.0,0.00028600014
1,1.0,0.99962544
0,0.0,0.00023918394
0,0.0,0.00015277797
1,1.0,0.99967074
1,1.0,0.9996615
1,1.0,0.99964386
0,0.0,0.00030261403
0,0.0,0.00025089455
1,1.0,0.99963933
0,0.0,0.00030027865
1,1.0,0.9996584
1,1.0,0.9996602
1,1.0,0.9996562
1,1.0,0.9996454
0,0.0,0.00027109048
1,1.0,0.99964255
0,0.0,0.0002392241
0,0.0,0.00039568832
0,0.0,0.00015207565
1,1.0,0.9995961
0,0.0,0.00020355075
1,1.0,0.99952364
0,0.0,0.00030545695
1,1.0,0.99966145
0,0.0,0.00037602565
1,1.0,0.99963945
1,1.0,0.9996713
0,0.0,0.0002143994
1,1.0,0.9996351
0,0.0,0.00029704458
1,1.0,0.9996378
0,0.0,0.00010522026
0,0.0,0.00029900452
0,0.0,0.0002989897
1,1.0,0.999643
1,1.0,0.9996499
0,0.0,0.00021706476
1,1.0,0.99966234
0,0.0,0.00022644257
1,1.0,0.9996558
1,1.0,0.9996502
0,0.0,0.00015206898
1,1.0,0.99964285
1,1.0,0.9996437
1,1.0,0.99966216
0,0.0,0.00037246526
1,1.0,0.99965787
1,1.0,0.99965954
1,1.0,0.99965405
1,1.0,0.9996383
1,1.0,0.99965
0,0.0,0.00029899197
1,1.0,0.99966025
1,1.0,0.9996696
0,0.0,0.00020378435
0,0.0,0.0003146902
0,0.0,0.00017328866
0,0.0,0.00030689253
0,0.0,0.00029899084
1,1.0,0.99965125
0,0.0,0.00030273056
0,0.0,0.00024581977
1,1.0,0.9996419
1,1.0,0.9996262
1,1.0,0.99964434
1,1.0,0.99963367
1,1.0,0.99965584
0,0.0,0.0002510276
1,1.0,0.9996541
1,1.0,0.99965626
1,1.0,0.9996612
0,0.0,0.0005723228
0,0.0,0.00022941154
1,1.0,0.9996592
0,0.0,0.00033922755
1,1.0,0.9996604
0,0.0,0.0002735784
0,0.0,0.0010073158
0,0.0,0.00015195593
0,0.0,0.00037915932
1,1.0,0.99965405
1,1.0,0.9996603
0,0.0,0.00022096864
1,1.0,0.99966186
1,1.0,0.99963826
0,0.0,0.0001506474
0,0.0,0.0002511607
1,1.0,0.99966234
1,1.0,0.99962467
0,0.0,0.00039621507
0,0.0,0.00031018053
1,1.0,0.99966127
1,1.0,0.9996631
0,0.0,0.00032455192
0,0.0,0.000309649
0,0.0,0.0003870333
0,0.0,0.0007684826
0,0.0,0.0003003508
0,0.0,0.0003147046
0,0.0,0.0002526536
0,0.0,0.00015267543
1,1.0,0.99965054
0,0.0,0.00017231406
1,1.0,0.9996578
0,0.0,0.00026785335
1,1.0,0.9996587
1,1.0,0.99962986
0,0.0,0.00026546052
1,1.0,0.9996366
0,0.0,0.00021472837
1,1.0,0.99965835
1,1.0,0.999655
0,0.0,0.00024224508
0,0.0,0.0003870228
1,1.0,0.99964625
1,1.0,0.9996614
0,0.0,0.00030272797
0,0.0,0.00026720855
0,0.0,0.00024636625
1,1.0,0.99964416
0,0.0,0.00032174226
0,0.0,0.00015222786
1,1.0,0.99921805
1,1.0,0.9996169
1,1.0,0.9996659
0,0.0,0.0002636178
0,0.0,0.0002457898
0,0.0,0.00020457205
1,1.0,0.9996431
1,1.0,0.99966305
0,0.0,0.00024244681
0,0.0,0.00026770835
0,0.0,0.00081254076
0,0.0,0.0005546339
1,1.0,0.99964565
0,0.0,0.0002923537
0,0.0,0.00020487323
1,1.0,0.99964935
1,1.0,0.9996581
0,0.0,0.00010522608
0,0.0,0.0002467113
1,1.0,0.99965495
1,1.0,0.99965286
0,0.0,0.00028546786
0,0.0,0.0008716139
1,1.0,0.99966985
0,0.0,0.0003359261
0,0.0,0.00024551034
1,1.0,0.9996469
1,1.0,0.99965286
0,0.0,0.00024528176
0,0.0,0.00029453533
0,0.0,0.00024447442
0,0.0,0.00025345027
0,0.0,0.00021442967
1,1.0,0.9996386
0,0.0,0.0002960497
1,1.0,0.99965304
0,0.0,0.00026841066
1,1.0,0.9996593
0,0.0,0.00020848593
0,0.0,0.00015345847
0,0.0,0.0014262248
0,0.0,0.00021513147
1,1.0,0.99964696
1,1.0,0.9997402
0,0.0,0.00015202565
1,1.0,0.9996713
0,0.0,0.00029427823
1,1.0,0.9996429
0,0.0,0.00022035869
0,0.0,0.0003146827
1,1.0,0.9996457
0,0.0,0.00031185467
0,0.0,0.00026736912
0,0.0,0.0008744347
0,0.0,0.00015050927
0,0.0,0.00029438263
1,1.0,0.9996622
0,0.0,0.00024506834
0,0.0,0.00025373558
0,0.0,0.00030299192
0,0.0,0.0003321958
1,1.0,0.99966216
1,1.0,0.9996533
0,0.0,0.00042982548
1,1.0,0.99944246
1,1.0,0.9996576
1,1.0,0.9996604
1,1.0,0.9996537
0,0.0,0.00035695214
1,1.0,0.99966305
1,1.0,0.9996524
0,0.0,0.00027704635
0,0.0,0.0002970596
0,0.0,0.00025143885
0,0.0,0.0002859707
0,0.0,0.00023415592
1,1.0,0.9996364
1,1.0,0.99967146
1,1.0,0.9980617
1,1.0,0.99749976
1,1.0,0.99967164
0,0.0,0.0002648659
1,1.0,0.9996514
0,0.0,0.0005860499
0,0.0,0.00025083544
1,1.0,0.9996346
0,0.0,0.00033023272
0,0.0,0.00039620258
1,1.0,0.99966305
0,0.0,0.00030547503
0,0.0,0.00017216084
0,0.0,0.00029218622
0,0.0,0.00030299393
1,1.0,0.9996716
1,1.0,0.99966335
0,0.0,0.00019229755
0,0.0,0.00043262917
1,1.0,0.99964577
1,1.0,0.9996627
1,1.0,0.9996543
1,1.0,0.999669
0,0.0,0.00025146356
0,0.0,0.00024238139
1,1.0,0.99964976
0,0.0,0.00030273636
0,0.0,0.00012928345
1,1.0,0.99965966
0,0.0,0.00028502045
1,1.0,0.9996708
1,1.0,0.9996626
0,0.0,0.00015274154
0,0.0,0.0002452659
1,1.0,0.9996695
0,0.0,0.00022731544
1,1.0,0.99965996
1,1.0,0.99966025
1,1.0,0.99965936
0,0.0,0.00025098547
0,0.0,0.00030820613
0,0.0,0.00028617255
1,1.0,0.9970195
1,1.0,0.9996365
0,0.0,0.000247868
0,0.0,0.00012930219
1,1.0,0.9996582
1,1.0,0.9995699
1,1.0,0.9996698
1,1.0,0.9996473
1,1.0,0.9996543
0,0.0,0.00031340486
0,0.0,0.00027849202
1,1.0,0.9996366
1,1.0,0.99967176
1,1.0,0.9996454
1,1.0,0.9996709
0,0.0,0.00015258607
1,1.0,0.9996618
1,1.0,0.9996508
0,0.0,0.00012897735
1,1.0,0.99962395
1,1.0,0.9996684
0,0.0,0.00026441878
1,1.0,0.9986744
0,0.0,0.00029427878
0,0.0,0.00036980095
1,1.0,0.9996564
1,1.0,0.9996707
0,0.0,0.00021508244
0,0.0,0.0003027346
0,0.0,0.00012896555
1,1.0,0.99965286
1,1.0,0.9996578
1,1.0,0.9996352
0,0.0,0.00024592175
1,1.0,0.9996627
0,0.0,0.0032526148
0,0.0,0.0005746062
0,0.0,0.0003054698
0,0.0,0.0003096688
1,1.0,0.9996573
0,0.0,0.0002684498
1,1.0,0.99964345
1,1.0,0.99965996
1,1.0,0.99966013
0,0.0,0.00024990566
0,0.0,0.00010522537
0,0.0,0.00021225597
1,1.0,0.9996386
0,0.0,0.00025543128
1,1.0,0.99966216
0,0.0,0.00028597887
0,0.0,0.00015207348
1,1.0,0.9996588
0,0.0,0.00025897572
0,0.0,0.00020371735
1,1.0,0.99963784
1,1.0,0.9989729
0,0.0,0.00024347092
1,1.0,0.99965537
1,1.0,0.9996713
0,0.0,0.00025590957
1,1.0,0.9996568
1,1.0,0.9996568
0,0.0,0.00081214024
0,0.0,0.00027315257
1,1.0,0.9996656
1,1.0,0.99964255
0,0.0,0.00024576305
0,0.0,0.00014967646
0,0.0,0.000265458
0,0.0,0.00015202259
1,1.0,0.9996455
0,0.0,0.0002272814
1,1.0,0.99963677
1,1.0,0.9996365
1,1.0,0.9996715
1,1.0,0.99963826
1,1.0,0.9996554
0,0.0,0.00043264628
1,1.0,0.9996244
0,0.0,0.00038066992
0,0.0,0.0003277302
0,0.0,0.00029708902
1,1.0,0.9996462
1,1.0,0.9996458
0,0.0,0.0002990011
1,1.0,0.9996613
1,1.0,0.9996553
0,0.0,0.00030027347
0,0.0,0.00024874255
1,1.0,0.99963903
0,0.0,0.0008744002
1,1.0,0.9996547
1,1.0,0.9996563
0,0.0,0.0002548805
1,1.0,0.9996566
1,1.0,0.9996567
0,0.0,0.0002850324
0,0.0,0.0014940632
1,1.0,0.9996457
1,1.0,0.999639
1,1.0,0.9996479
0,0.0,0.00022234551
0,0.0,0.000417616
0,0.0,0.00022243588
1,1.0,0.99961066
0,0.0,0.00020376183
1,1.0,0.99965936
1,1.0,0.9996389
1,1.0,0.99964654
0,0.0,0.00026793586
1,1.0,0.9996461
0,0.0,0.00022097812
1,1.0,0.999343
0,0.0,0.0002923275
0,0.0,0.00010514373
0,0.0,0.000229002
0,0.0,0.00022006518
1,1.0,0.99965763
0,0.0,0.00024581695
1,1.0,0.9996611
1,1.0,0.9996407
1,1.0,0.9996364
0,0.0,0.00030545928
0,0.0,0.0003096638
0,0.0,0.00025121027
0,0.0,0.00029593424
1,1.0,0.9996576
0,0.0,0.00012907357
0,0.0,0.00033828584
0,0.0,0.00021987851
0,0.0,0.000251007
0,0.0,0.00028599333
1,1.0,0.9996621
1,1.0,0.99966127
0,0.0,0.00023287948
1,1.0,0.99965805
1,1.0,0.9996568
0,0.0,0.00025612584
1,1.0,0.99965817
1,1.0,0.9996603
0,0.0,0.00042842093
1,1.0,0.9985941
0,0.0,0.00039451863
0,0.0,0.00036205974
1,1.0,0.998527
1,1.0,0.9996718
0,0.0,0.00021781088
0,0.0,0.00030819848
0,0.0,0.00025096248
1,1.0,0.9996694
1,1.0,0.9996551
0,0.0,0.0010079695
1,1.0,0.9986589
0,0.0,0.00030270923
0,0.0,0.001702693
1,1.0,0.99967146
0,0.0,0.00029300497
1,1.0,0.99966174
0,0.0,0.00030029178
1,1.0,0.99963826
0,0.0,0.00019228195
1,1.0,0.99965703
0,0.0,0.00033024186
1,1.0,0.9996604
0,0.0,0.00026582874
0,0.0,0.00041478378
1,1.0,0.9996684
0,0.0,0.00015244733
0,0.0,0.00023975153
0,0.0,0.00021467885
1,1.0,0.9996608
1,1.0,0.9996698
1,1.0,0.9996403
0,0.0,0.0002536993
0,0.0,0.00024749935
0,0.0,0.0002615464
0,0.0,0.0003105744
1,1.0,0.99965304
1,1.0,0.99965847
1,1.0,0.99963206
1,1.0,0.99965614
1,1.0,0.99964803
0,0.0,0.0002970596
1,1.0,0.9996691
1,1.0,0.99966276
0,0.0,0.00030818617
0,0.0,0.00029233252
1,1.0,0.9996712
1,1.0,0.9996524
0,0.0,0.00031340995
1,1.0,0.99965715
1,1.0,0.999656
1,1.0,0.99966115
0,0.0,0.00023063621
0,0.0,0.00038310842
1,1.0,0.9996551
0,0.0,0.0004298261
0,0.0,0.000288407
0,0.0,0.00021351181
1,1.0,0.9996588
1,1.0,0.9996577
1,1.0,0.99933976
0,0.0,0.00025370583
1,1.0,0.999658
1,1.0,0.99965036
1,1.0,0.9996698
1,1.0,0.9996451
0,0.0,0.00076869025
0,0.0,0.00029605054
0,0.0,0.0002906232
0,0.0,0.00010521042
0,0.0,0.00033746604
0,0.0,0.0005551798
1,1.0,0.9996441
0,0.0,0.00014770433
0,0.0,0.00033122784
0,0.0,0.00071492646
0,0.0,0.00021783811
0,0.0,0.00020461924
1,1.0,0.99965525
1,1.0,0.9996529
0,0.0,0.00023061289
0,0.0,0.0001534516
1,1.0,0.9996715
0,0.0,0.00030000595
1,1.0,0.99967146
1,1.0,0.9996529
1,1.0,0.999659
0,0.0,0.00024572606
1,1.0,0.99963856
1,1.0,0.99966043
0,0.0,0.00021242525
0,0.0,0.0004324861
0,0.0,0.00030273173
0,0.0,0.0008731567
1,1.0,0.99966305
1,1.0,0.9996486
1,1.0,0.9996567
0,0.0,0.00021530774
1,1.0,0.99965864
0,0.0,0.00037374077
1,1.0,0.99963456
0,0.0,0.00032177137
1,1.0,0.9996518
0,0.0,0.00023926742
1,1.0,0.99963665
0,0.0,0.0002537518
1,1.0,0.99965763
1,1.0,0.9996555
0,0.0,0.00035005776
0,0.0,0.0003002586
0,0.0,0.00030299567
0,0.0,0.00022001608
1,1.0,0.99967045
1,1.0,0.999654
1,1.0,0.99965245
1,1.0,0.99965715
0,0.0,0.00031309787
1,1.0,0.9990713
0,0.0,0.00024684612
0,0.0,0.0003029997
0,0.0,0.0004284081
1,1.0,0.9996597
1,1.0,0.99965346
1,1.0,0.9996606
0,0.0,0.00022288616
0,0.0,0.00025563838
1,1.0,0.99964577
1,1.0,0.99963814
1,1.0,0.9996368
1,1.0,0.99964553
0,0.0,0.00029705703
1,1.0,0.9996633
0,0.0,0.00030965405
0,0.0,0.0002544532
1,1.0,0.99963635
1,1.0,0.9996391
0,0.0,0.00030299881
1,1.0,0.99962425
0,0.0,0.00022229827
0,0.0,0.00018948928
1,1.0,0.9996433
0,0.0,0.00025169094
1,1.0,0.99964863
1,1.0,0.9985934
1,1.0,0.9996566
0,0.0,0.00027926205
1,1.0,0.99967074
0,0.0,0.00038715787
1,1.0,0.9996432
1,1.0,0.99964464
1,1.0,0.9996452
1,1.0,0.9996619
1,1.0,0.999632
1,1.0,0.99964595
0,0.0,0.0002210169
0,0.0,0.00028616164
0,0.0,0.00026828938
1,1.0,0.9996635
0,0.0,0.0002694732
0,0.0,0.00029438094
0,0.0,0.00025945564
0,0.0,0.00020485623
0,0.0,0.0003054622
0,0.0,0.00042642077
0,0.0,0.00023924508
0,0.0,0.00015067327
0,0.0,0.00032737295
1,1.0,0.9996432
1,1.0,0.9996631
1,1.0,0.9996303
0,0.0,0.0008711153
0,0.0,0.00021933537
0,0.0,0.00035447962
1,1.0,0.99857014
1,1.0,0.9996578
0,0.0,0.00015277097
0,0.0,0.00022906707
0,0.0,0.00018140669
1,1.0,0.99965763
0,0.0,0.00030964223
0,0.0,0.0002999882
0,0.0,0.00014858195
1,1.0,0.9996604
1,1.0,0.99964976
1,1.0,0.99964356
0,0.0,0.00022998183
0,0.0,0.0033197333
1,1.0,0.9996517
1,1.0,0.9996587
1,1.0,0.9996355
1,1.0,0.9996382
0,0.0,0.00021725752
1,1.0,0.99964976
0,0.0,0.00012895127
0,0.0,0.00027188048
1,1.0,0.9996456
1,1.0,0.9996374
0,0.0,0.0007177709
0,0.0,0.00028922482
0,0.0,0.00029605054
0,0.0,0.00040544372
0,0.0,0.00025127278
1,1.0,0.9996615
1,1.0,0.9996501
1,1.0,0.9996627
1,1.0,0.9996631
1,1.0,0.99966305
1,1.0,0.99961585
1,1.0,0.9996498
0,0.0,0.00030299794
0,0.0,0.00030691302
0,0.0,0.0002931687
1,1.0,0.99967146
1,1.0,0.9996602
0,0.0,0.00032725438
0,0.0,0.00024956898
0,0.0,0.00027929636
0,0.0,0.00030271444
0,0.0,0.00030026087
0,0.0,0.00012894931
0,0.0,0.00020577651
0,0.0,0.0002036688
1,1.0,0.9996635
0,0.0,0.000871503
1,1.0,0.9996533
0,0.0,0.00020808357
0,0.0,0.0003865558
0,0.0,0.00033597738
0,0.0,0.00029061182
1,1.0,0.9996633
0,0.0,0.0002999982
0,0.0,0.00028502208
1,1.0,0.9996838
0,0.0,0.00020712313
1,1.0,0.9996584
1,1.0,0.9996634
0,0.0,0.00020369695
1,1.0,0.9996713
0,0.0,0.00043256217
1,1.0,0.9996563
1,1.0,0.9996455
1,1.0,0.99963874
1,1.0,0.9996568
1,1.0,0.99965227
1,1.0,0.99967146
1,1.0,0.9996632
0,0.0,0.0004047497
1,1.0,0.9984844
1,1.0,0.99964494
0,0.0,0.00019983522
0,0.0,0.0003001181
1,1.0,0.9996517
1,1.0,0.99966305
1,1.0,0.99963033
0,0.0,0.0002906373
1,1.0,0.9996568
0,0.0,0.0003839356
1,1.0,0.9996603
0,0.0,0.00023825896
1,1.0,0.99893564
0,0.0,0.00029183683
1,1.0,0.99964565
0,0.0,0.0002630775
1,1.0,0.99966246
0,0.0,0.00020674372
0,0.0,0.00024369804
0,0.0,0.00015262305
1,1.0,0.99966234
1,1.0,0.9996573
1,1.0,0.9996694
0,0.0,0.00012899016
0,0.0,0.00026682974
0,0.0,0.00032228444
1,1.0,0.99966234
1,1.0,0.99967146
0,0.0,0.00031058537
1,1.0,0.99964947
0,0.0,0.00014770475
1,1.0,0.99966204
1,1.0,0.99965227
1,1.0,0.9996442
1,1.0,0.99964505
0,0.0,0.0003002666
1,1.0,0.9996714
1,1.0,0.99964577
1,1.0,0.99964374
1,1.0,0.9996581
0,0.0,0.000225748
1,1.0,0.9996454
1,1.0,0.9996117
1,1.0,0.9996622
0,0.0,0.0003027199
1,1.0,0.9996361
1,1.0,0.99964917
0,0.0,0.00029605336
0,0.0,0.00026769456
0,0.0,0.00031058182
0,0.0,0.0001289851
0,0.0,0.0002922177
1,1.0,0.99965626
1,1.0,0.99963593
0,0.0,0.0003217947
0,0.0,0.0002466283
1,1.0,0.9996406
0,0.0,0.00024849296
0,0.0,0.00025385706
0,0.0,0.00014876583
0,0.0,0.00029439328
1,1.0,0.99963087
1,1.0,0.9996534
0,0.0,0.00029999594
1,1.0,0.9996557
1,1.0,0.9990379
0,0.0,0.00024068875
0,0.0,0.00021029674
0,0.0,0.0014757913
0,0.0,0.00020791739
1,1.0,0.99964994
0,0.0,0.0003481575
0,0.0,0.00017101753
0,0.0,0.00026637065
0,0.0,0.00029274306
1,1.0,0.9996528
0,0.0,0.00022146219
1,1.0,0.99964565
0,0.0,0.00018048487
0,0.0,0.00022178274
0,0.0,0.00034156913
0,0.0,0.00038268394
1,1.0,0.9996607
1,1.0,0.9996624
0,0.0,0.00039459558
0,0.0,0.00033027335
0,0.0,0.0006034307
1,1.0,0.99966145
1,1.0,0.9996715
1,1.0,0.99966115
0,0.0,0.00031184516
0,0.0,0.00020055217
0,0.0,0.0002559735
1,1.0,0.9996568
0,0.0,0.000256076
1,1.0,0.9996559
0,0.0,0.00033025257
1,1.0,0.9996574
1,1.0,0.9996562
0,0.0,0.00029604684
0,0.0,0.00023222715
0,0.0,0.00024465303
0,0.0,0.00029090288
1,1.0,0.999663
1,1.0,0.9996614
1,1.0,0.9996452
1,1.0,0.99965566
1,1.0,0.9996595
0,0.0,0.00024586054
0,0.0,0.0004496235
1,1.0,0.999644
1,1.0,0.9996596
1,1.0,0.99966234
1,1.0,0.9996385
1,1.0,0.99965715
1,1.0,0.9996349
0,0.0,0.00030815147
1,1.0,0.9996447
0,0.0,0.00015309763
1,1.0,0.9996573
1,1.0,0.99965876
0,0.0,0.00032537105
1,1.0,0.99866104
1,1.0,0.99965525
0,0.0,0.0002200589
1,1.0,0.9996429
0,0.0,0.0002639528
1,1.0,0.9996631
0,0.0,0.00010522146
0,0.0,0.000914101
0,0.0,0.00010520922
1,1.0,0.99966264
1,1.0,0.99962395
1,1.0,0.9996602
0,0.0,0.0003118508
0,0.0,0.0002708017
0,0.0,0.00028616653
1,1.0,0.99967015
0,0.0,0.0003068975
1,1.0,0.9996571
0,0.0,0.00020047055
1,1.0,0.9996445
1,1.0,0.9992313
0,0.0,0.0002015711
0,0.0,0.00036230436
1,1.0,0.9996498
0,0.0,0.00024300384
0,0.0,0.00015236363
0,0.0,0.0003920289
0,0.0,0.00038385493
1,1.0,0.9996622
1,1.0,0.9996385
1,1.0,0.9996449
0,0.0,0.00030819437
0,0.0,0.00031959705
1,1.0,0.9996379
0,0.0,0.0003096629
1,1.0,0.9996695
0,0.0,0.00030819527
0,0.0,0.00024566115
0,0.0,0.00025138038
0,0.0,0.00022047177
1,1.0,0.9996529
0,0.0,0.00014895362
0,0.0,0.0003096688
1,1.0,0.9996578
0,0.0,0.0002874306
1,1.0,0.9996591
1,1.0,0.9996573
0,0.0,0.00021486804
0,0.0,0.00031341502
0,0.0,0.0001527197
0,0.0,0.00027294067
0,0.0,0.00030634587
1,1.0,0.9996706
1,1.0,0.9996386
0,0.0,0.0002990011
1,1.0,0.99965763
0,0.0,0.00028598052
1,1.0,0.9996561
1,1.0,0.99965715
1,1.0,0.9996388
1,1.0,0.9996435
1,1.0,0.999651
1,1.0,0.99966145
0,0.0,0.00028618073
1,1.0,0.99965286
0,0.0,0.00012887114
0,0.0,0.0003029974
0,0.0,0.00025141102
1,1.0,0.9996458
1,1.0,0.9996489
1,1.0,0.9996582
0,0.0,0.0017620281
0,0.0,0.00024586523
0,0.0,0.00022723307
0,0.0,0.00042544716
1,1.0,0.99965405
0,0.0,0.0003392667
0,0.0,0.00021719064
1,1.0,0.99965405
1,1.0,0.9996586
1,1.0,0.9996577
1,1.0,0.99966264
0,0.0,0.0003733825
0,0.0,0.00037089686
0,0.0,0.00025741008
1,1.0,0.99963677
0,0.0,0.00012897047
0,0.0,0.0003238361
1,1.0,0.99966896
0,0.0,0.00031340576
0,0.0,0.00039021956
0,0.0,0.00015263991
0,0.0,0.00021442845
1,1.0,0.99965733
1,1.0,0.999727
1,1.0,0.9997615
0,0.0,0.0001836021
1,1.0,0.999757
0,0.0,0.0001764409
0,0.0,0.00016649651
1,1.0,0.99976414
1,1.0,0.9997602
1,1.0,0.9997602
0,0.0,0.00015728787
0,0.0,0.00015579954
1,1.0,0.999771
1,1.0,0.9980927
1,1.0,0.99976146
0,0.0,0.00015090618
0,0.0,0.0002453288
0,0.0,0.000381678
1,1.0,0.99976
0,0.0,0.000267206
1,1.0,0.99977
0,0.0,0.0002425349
0,0.0,0.0002603028
0,0.0,0.00023584331
0,0.0,0.00014870726
0,0.0,0.00024496883
0,0.0,0.0002711091
0,0.0,0.00027415494
0,0.0,0.00032122582
0,0.0,0.00015051129
0,0.0,0.00035704504
1,1.0,0.9997617
0,0.0,0.00027177215
1,1.0,0.99975765
0,0.0,0.0003216441
0,0.0,9.760151e-05
1,1.0,0.9997578
1,1.0,0.9997699
1,1.0,0.9997746
0,0.0,0.00036833854
1,1.0,0.9997593
0,0.0,0.0003155503
0,0.0,0.00037789997
1,1.0,0.9997692
1,1.0,0.99976486
0,0.0,0.00026042617
0,0.0,0.00024191503
1,1.0,0.99977106
0,0.0,0.0005227619
0,0.0,0.00027486135
1,1.0,0.9997771
1,1.0,0.9997575
1,1.0,0.9997617
1,1.0,0.9997691
0,0.0,0.00017534135
1,1.0,0.99976385
0,0.0,0.000273628
0,0.0,9.4699375e-05
1,1.0,0.9997889
0,0.0,0.00030462377
0,0.0,0.00026883476
0,0.0,0.00037567184
1,1.0,0.9997759
1,1.0,0.99976146
1,1.0,0.9997605
1,1.0,0.99976474
1,1.0,0.9997626
1,1.0,0.9997666
1,1.0,0.99979264
0,0.0,0.00017643518
1,1.0,0.9997693
0,0.0,0.00032171278
1,1.0,0.9997727
0,0.0,0.00027614075
0,0.0,0.00025683743
1,1.0,0.99977165
1,1.0,0.9997588
1,1.0,0.9997687
1,1.0,0.9997633
0,0.0,0.00014074356
0,0.0,0.00015042936
1,1.0,0.999776
1,1.0,0.9997687
1,1.0,0.9997569
1,1.0,0.99976075
1,1.0,0.9994474
1,1.0,0.9997628
1,1.0,0.99977916
0,0.0,0.00014276593
1,1.0,0.99979675
0,0.0,9.765039e-05
1,1.0,0.9997594
0,0.0,0.00037573007
1,1.0,0.9997721
1,1.0,0.9997626
0,0.0,0.00018655456
0,0.0,0.00017400444
1,1.0,0.9997593
0,0.0,9.5009804e-05
1,1.0,0.999465
0,0.0,5.2132713e-05
0,0.0,0.00027280068
0,0.0,0.00015050395
0,0.0,0.00032520172
1,1.0,0.999769
1,1.0,0.99976736
1,1.0,0.9997654
0,0.0,0.00016286496
1,1.0,0.9997745
1,1.0,0.9997683
1,1.0,0.9981325
1,1.0,0.9997644
0,0.0,0.00032145408
0,0.0,0.00013861232
0,0.0,0.00017557121
0,0.0,0.00015297272
0,0.0,0.0003757911
0,0.0,0.00055873755
0,0.0,0.0003575108
0,0.0,0.00027019487
0,0.0,0.000270309
1,1.0,0.9997649
1,1.0,0.9997584
1,1.0,0.9997691
1,1.0,0.9997593
0,0.0,0.00025385682
1,1.0,0.99977237
1,1.0,0.9997715
0,0.0,0.0002603013
1,1.0,0.9997685
0,0.0,0.00026744226
0,0.0,0.00027631377
0,0.0,0.000374634
1,1.0,0.99975735
1,1.0,0.99977624
1,1.0,0.9997716
0,0.0,0.00027061612
1,1.0,0.99976873
1,1.0,0.9997711
0,0.0,0.00031706595
0,0.0,0.00024681998
0,0.0,0.00023537943
1,1.0,0.99976915
1,1.0,0.9997589
1,1.0,0.99976885
0,0.0,0.00064048456
0,0.0,0.00024683343
1,1.0,0.9997825
0,0.0,0.0002790361
1,1.0,0.9997623
0,0.0,0.00043919202
1,1.0,0.9997695
1,1.0,0.9997671
1,1.0,0.9997672
0,0.0,0.00015052191
1,1.0,0.99948466
1,1.0,0.9997718
1,1.0,0.99977714
1,1.0,0.99976116
0,0.0,0.00029295808
1,1.0,0.9997573
0,0.0,0.00024245467
0,0.0,9.497067e-05
1,1.0,0.9997576
0,0.0,0.00021765105
0,0.0,5.9472473e-05
0,0.0,0.00052613794
1,1.0,0.9997683
1,1.0,0.99929744
0,0.0,0.00034801604
0,0.0,0.000129245
0,0.0,9.459359e-05
0,0.0,0.00023612997
1,1.0,0.9997972
1,1.0,0.99976546
0,0.0,0.00032047578
0,0.0,0.00014659906
1,1.0,0.99976885
0,0.0,0.00013890554
0,0.0,0.00024682118
1,1.0,0.9997742
0,0.0,9.488576e-05
0,0.0,9.46629e-05
0,0.0,0.0003157131
1,1.0,0.9997628
1,1.0,0.9997616
1,1.0,0.99976885
1,1.0,0.9997742
0,0.0,0.0001397004
1,1.0,0.99976
0,0.0,0.00029063702
1,1.0,0.99976915
0,0.0,0.00020496878
0,0.0,0.00025765807
0,0.0,0.0001386196
0,0.0,9.479234e-05
0,0.0,9.758913e-05
1,1.0,0.99976194
1,1.0,0.9997721
0,0.0,0.00025467866
1,1.0,0.9997689
0,0.0,0.00051168544
1,1.0,0.9997593
0,0.0,0.00032520172
0,0.0,0.00032049013
1,1.0,0.99977493
0,0.0,0.00038961222
1,1.0,0.9997724
0,0.0,0.0002622613
0,0.0,0.00017534671
1,1.0,0.9997648
1,1.0,0.9997637
0,0.0,0.0013778335
0,0.0,0.00014307517
0,0.0,0.0006187653
0,0.0,0.00050449796
1,1.0,0.9997916
1,1.0,0.99977475
0,0.0,0.00033815863
1,1.0,0.9997569
0,0.0,0.00032163673
0,0.0,0.0002449588
1,1.0,0.9997606
1,1.0,0.9997723
1,1.0,0.99976856
1,1.0,0.9997686
0,0.0,0.00026853455
1,1.0,0.9997727
1,1.0,0.9997792
0,0.0,0.00035964476
1,1.0,0.9997726
1,1.0,0.99976516
1,1.0,0.99975884
1,1.0,0.99976534
1,1.0,0.99975705
0,0.0,0.00018870622
1,1.0,0.99976337
0,0.0,0.00015111468
0,0.0,0.0002447921
0,0.0,0.00023476956
0,0.0,0.00014289994
0,0.0,0.00040821137
0,0.0,0.001258099
0,0.0,0.0002635143
1,1.0,0.9997719
1,1.0,0.9997721
1,1.0,0.99977744
0,0.0,0.00023176418
0,0.0,0.00018898225
0,0.0,0.0002708523
1,1.0,0.999765
1,1.0,0.99977523
0,0.0,9.463907e-05
1,1.0,0.99978393
1,1.0,0.99976945
0,0.0,0.00018862149
1,1.0,0.9997696
1,1.0,0.99976254
0,0.0,0.0005494401
1,1.0,0.99976623
1,1.0,0.99977976
1,1.0,0.99976695
0,0.0,0.0003142282
0,0.0,0.0002664949
1,1.0,0.99976027
0,0.0,0.0002728142
0,0.0,0.00039199225
0,0.0,0.0003318331
1,1.0,0.9997735
0,0.0,0.00030843186
1,1.0,0.99976945
1,1.0,0.9997624
1,1.0,0.99977076
1,1.0,0.9997609
0,0.0,0.00037012613
1,1.0,0.99977344
0,0.0,0.00013055376
0,0.0,0.00023524705
1,1.0,0.9997616
1,1.0,0.9997568
1,1.0,0.9997578
1,1.0,0.99976486
0,0.0,0.00030576639
0,0.0,0.00027362016
1,1.0,0.9997912
0,0.0,0.00028252357
0,0.0,0.00064368814
1,1.0,0.9997604
0,0.0,0.000357586
1,1.0,0.99975884
1,1.0,0.9997607
0,0.0,9.7574244e-05
0,0.0,0.0002468134
1,1.0,0.9997643
1,1.0,0.99978286
0,0.0,0.00019034509
0,0.0,0.00012171204
1,1.0,0.9997723
0,0.0,0.0006431696
1,1.0,0.99976104
1,1.0,0.99979055
1,1.0,0.99977237
0,0.0,0.00035071417
0,0.0,0.00023584242
1,1.0,0.99849206
0,0.0,0.00027064112
1,1.0,0.999768
0,0.0,0.00027616764
0,0.0,5.2159412e-05
1,1.0,0.99975926
1,1.0,0.9997839
0,0.0,0.00027398224
1,1.0,0.9997688
0,0.0,9.4940435e-05
0,0.0,0.00031581006
0,0.0,0.0002674127
1,1.0,0.9997569
0,0.0,0.00024681693
0,0.0,0.00027416617
1,1.0,0.9997728
0,0.0,9.7580945e-05
0,0.0,0.0001889583
0,0.0,9.7501696e-05
0,0.0,0.00024480352
0,0.0,0.00013886011
0,0.0,0.00026354243
1,1.0,0.99975884
1,1.0,0.9997341
0,0.0,0.0002546789
0,0.0,0.00012188775
1,1.0,0.99978006
0,0.0,0.00021261856
0,0.0,0.0002743144
0,0.0,0.00023583927
0,0.0,0.00027469837
1,1.0,0.99975836
1,1.0,0.99976903
1,1.0,0.9997664
0,0.0,5.9469978e-05
1,1.0,0.999779
1,1.0,0.9997733
0,0.0,0.00033815976
1,1.0,0.9993714
0,0.0,0.00034081918
0,0.0,0.00031580916
1,1.0,0.99976695
0,0.0,0.0002567894
1,1.0,0.99976313
1,1.0,0.99976677
1,1.0,0.99976987
1,1.0,0.9997696
1,1.0,0.9997621
1,1.0,0.9997615
1,1.0,0.9997698
0,0.0,0.00033234784
1,1.0,0.99976134
0,0.0,0.00051797065
1,1.0,0.9997688
1,1.0,0.9997715
0,0.0,0.00029902335
0,0.0,0.00016971682
0,0.0,0.00013793766
0,0.0,9.3144874e-05
0,0.0,0.0012507103
1,1.0,0.9997871
0,0.0,0.00013439795
0,0.0,0.00019036922
0,0.0,0.00015052909
0,0.0,0.00020179474
1,1.0,0.9997831
0,0.0,0.0002740141
1,1.0,0.99975777
0,0.0,0.00018648057
0,0.0,0.00023583657
1,1.0,0.99976426
1,1.0,0.99975806
0,0.0,0.00025469396
0,0.0,0.00013854705
0,0.0,9.758225e-05
0,0.0,0.00024197271
1,1.0,0.99977183
1,1.0,0.9997628
1,1.0,0.9997701
0,0.0,0.00024534727
0,0.0,0.000351885
0,0.0,0.0003032919
0,0.0,0.00026351228
1,1.0,0.99976265
1,1.0,0.9997857
0,0.0,0.00052296004
0,0.0,0.00027338235
1,1.0,0.9997593
0,0.0,5.9471622e-05
1,1.0,0.99976146
1,1.0,0.9997652
1,1.0,0.99977463
1,1.0,0.9997724
1,1.0,0.9997617
0,0.0,0.000532432
1,1.0,0.9997689
1,1.0,0.99977165
0,0.0,0.00013665337
0,0.0,0.0002568678
1,1.0,0.99976945
1,1.0,0.9997805
0,0.0,0.00012897735
0,0.0,0.00026548427
1,1.0,0.99977744
1,1.0,0.99977124
0,0.0,0.00032122582
1,1.0,0.99976015
0,0.0,0.00015145367
0,0.0,0.00036190203
0,0.0,0.00044630744
0,0.0,0.00046241356
0,0.0,0.00026740783
1,1.0,0.9994295
1,1.0,0.9997688
0,0.0,0.00016830914
1,1.0,0.9997699
0,0.0,0.0002597794
0,0.0,0.00013847335
0,0.0,0.00026357482
1,1.0,0.999771
1,1.0,0.99976844
1,1.0,0.9982542
0,0.0,0.0002690894
1,1.0,0.99976265
0,0.0,0.00027437147
0,0.0,0.0003228158
1,1.0,0.999771
0,0.0,0.00025341162
1,1.0,0.99976146
1,1.0,0.9997588
1,1.0,0.9997729
0,0.0,9.468691e-05
0,0.0,0.00030423427
1,1.0,0.9997747
0,0.0,0.00027067083
0,0.0,0.000127304
0,0.0,0.00027087683
1,1.0,0.9997638
1,1.0,0.99976164
1,1.0,0.99976933
1,1.0,0.99976164
0,0.0,0.00027387228
0,0.0,0.0003439147
0,0.0,0.00023477314
1,1.0,0.99976176
1,1.0,0.99977356
1,1.0,0.99976504
1,1.0,0.9997693
0,0.0,0.00023518899
1,1.0,0.9997588
0,0.0,0.00025468812
0,0.0,0.00014219586
0,0.0,0.00025468253
0,0.0,0.00035620597
1,1.0,0.99977106
1,1.0,0.99976
1,1.0,0.9997599
1,1.0,0.9997649
1,1.0,0.9997604
1,1.0,0.9997579
0,0.0,0.00051691267
0,0.0,0.00019568551
1,1.0,0.99976474
0,0.0,5.216772e-05
0,0.0,0.00031580735
1,1.0,0.9997644
0,0.0,0.00027279885
0,0.0,0.0002468207
0,0.0,0.0002358505
0,0.0,0.00037568976
1,1.0,0.9997604
0,0.0,5.219768e-05
0,0.0,0.0001514716
1,1.0,0.99976844
1,1.0,0.99976176
1,1.0,0.99977434
1,1.0,0.9997689
1,1.0,0.999783
1,1.0,0.9997603
1,1.0,0.99977696
0,0.0,0.00027439842
0,0.0,0.00026549186
1,1.0,0.99977326
0,0.0,0.00023273099
1,1.0,0.99976486
1,1.0,0.9997627
1,1.0,0.99976265
0,0.0,0.00025340146
1,1.0,0.99982786
0,0.0,0.00027616843
0,0.0,9.484967e-05
1,1.0,0.99977636
0,0.0,0.00015344561
1,1.0,0.99976885
1,1.0,0.99976856
1,1.0,0.9996504
1,1.0,0.9997625
0,0.0,0.0001332086
1,1.0,0.9997669
0,0.0,0.00018855513
0,0.0,9.4708936e-05
0,0.0,0.00016463493
1,1.0,0.99977165
0,0.0,0.00038070715
0,0.0,0.00016971989
0,0.0,0.00025554214
0,0.0,0.00015528592
1,1.0,0.99976885
1,1.0,0.99977136
0,0.0,0.00030623403
1,1.0,0.9997828
1,1.0,0.9997686
0,0.0,0.0003547528
1,1.0,0.9997607
1,1.0,0.9997615
0,0.0,0.00027279573
1,1.0,0.99978286
0,0.0,0.00026350952
0,0.0,9.4929026e-05
0,0.0,9.4550676e-05
1,1.0,0.99946994
0,0.0,9.458692e-05
0,0.0,0.000273616
0,0.0,0.00056699023
0,0.0,0.00017019926
1,1.0,0.9997647
0,0.0,0.0005046286
1,1.0,0.9997682
1,1.0,0.99978065
0,0.0,0.00024234767
1,1.0,0.9997592
0,0.0,0.00011033927
1,1.0,0.9997575
1,1.0,0.9997682
0,0.0,0.00024532317
0,0.0,0.0002553767
1,1.0,0.99976206
0,0.0,0.00015090014
1,1.0,0.99976873
1,1.0,0.99976146
1,1.0,0.99976826
0,0.0,0.0002635153
0,0.0,0.00027120733
0,0.0,0.00014734505
0,0.0,0.00026355046
1,1.0,0.99976933
0,0.0,9.482841e-05
0,0.0,9.447937e-05
1,1.0,0.9997655
0,0.0,0.00024533045
1,1.0,0.99976766
0,0.0,0.00027279757
1,1.0,0.99977237
0,0.0,0.00023273342
1,1.0,0.99976873
1,1.0,0.99978656
0,0.0,0.00021633663
0,0.0,0.00018252076
1,1.0,0.9997682
0,0.0,0.00025355443
0,0.0,0.00017404924
1,1.0,0.99976474
0,0.0,0.00019055372
1,1.0,0.99976355
0,0.0,0.00017119275
1,1.0,0.99953353
0,0.0,0.00027384903
1,1.0,0.9997786
0,0.0,0.00015373043
0,0.0,0.00039047134
0,0.0,0.00024532646
1,1.0,0.9997655
0,0.0,0.00017559316
1,1.0,0.9997569
1,1.0,0.9997637
0,0.0,0.00020211787
0,0.0,5.9470374e-05
1,1.0,0.99977225
1,1.0,0.9997726
1,1.0,0.9997649
1,1.0,0.99975663
0,0.0,0.00035588775
0,0.0,0.00013894806
0,0.0,5.949936e-05
0,0.0,0.00023478523
1,1.0,0.999761
0,0.0,0.00064266345
1,1.0,0.9997587
1,1.0,0.9997867
1,1.0,0.99977607
0,0.0,0.00024494922
1,1.0,0.99976313
0,0.0,0.000246824
0,0.0,0.0002597705
1,1.0,0.99976337
1,1.0,0.99977237
1,1.0,0.9997569
0,0.0,0.00015159194
1,1.0,0.9986613
1,1.0,0.9997697
1,1.0,0.9997648
0,0.0,0.00024229429
1,1.0,0.999764
0,0.0,0.00037472686
1,1.0,0.9997687
0,0.0,0.0006190157
0,0.0,0.00019043185
0,0.0,0.00023585028
0,0.0,0.0002448098
0,0.0,0.00039140598
1,1.0,0.99976075
1,1.0,0.9997655
0,0.0,5.947514e-05
0,0.0,0.000118391625
1,1.0,0.9982179
1,1.0,0.9997855
1,1.0,0.999772
1,1.0,0.999772
1,1.0,0.9997682
1,1.0,0.99976844
0,0.0,0.00027616843
1,1.0,0.99976885
1,1.0,0.9997803
1,1.0,0.9997719
1,1.0,0.9997689
1,1.0,0.999769
0,0.0,0.00027615076
1,1.0,0.998358
0,0.0,0.0011907808
0,0.0,0.00021632282
0,0.0,9.481856e-05
0,0.0,0.0014100315
1,1.0,0.99976885
1,1.0,0.99975884
0,0.0,0.00026351228
1,1.0,0.99976254
0,0.0,0.00016286249
0,0.0,0.00011315117
1,1.0,0.9997863
1,1.0,0.9997613
1,1.0,0.99979305
0,0.0,5.9473496e-05
1,1.0,0.99976903
0,0.0,0.00032966747
0,0.0,0.00034551875
0,0.0,0.00016899646
1,1.0,0.99977154
1,1.0,0.9997569
0,0.0,0.0002742028
1,1.0,0.9997599
1,1.0,0.99976593
0,0.0,0.00023584421
0,0.0,0.0002534957
0,0.0,0.0010124024
0,0.0,0.00024572486
1,1.0,0.9997728
0,0.0,0.00024202045
0,0.0,0.0005021199
1,1.0,0.9997719
1,1.0,0.99976194
1,1.0,0.9997636
1,1.0,0.9997679
0,0.0,0.0001685346
1,1.0,0.99976057
0,0.0,0.00027064938
0,0.0,0.00026837864
0,0.0,0.00038886716
0,0.0,0.00026350425
1,1.0,0.99977195
0,0.0,0.00033814702
1,1.0,0.9997702
1,1.0,0.99976355
1,1.0,0.9997649
0,0.0,0.00029315948
0,0.0,0.0001367317
0,0.0,0.00016111585
0,0.0,0.00030457962
1,1.0,0.9997705
0,0.0,9.475556e-05
1,1.0,0.9997654
1,1.0,0.99976385
1,1.0,0.9997598
0,0.0,0.00035310522
1,1.0,0.9997862
1,1.0,0.99975693
0,0.0,0.00023478568
1,1.0,0.9997617
0,0.0,0.00024630563
1,1.0,0.999786
0,0.0,0.0001344741
0,0.0,0.00050448166
1,1.0,0.9997654
0,0.0,0.0001541379
1,1.0,0.99808794
0,0.0,0.0003360227
0,0.0,0.00024494572
0,0.0,0.00015738315
1,1.0,0.9997475
0,0.0,0.00029509017
0,0.0,0.00027417453
0,0.0,0.0003157062
1,1.0,0.9997651
1,1.0,0.9997617
1,1.0,0.9997643
0,0.0,0.0002761529
1,1.0,0.9997606
1,1.0,0.9997933
0,0.0,0.000189052
0,0.0,0.0002700205
0,0.0,0.00030522756
0,0.0,0.0001756995
1,1.0,0.99923414
0,0.0,0.00026208785
1,1.0,0.9997687
0,0.0,0.000270588
0,0.0,0.00014312168
0,0.0,9.497465e-05
1,1.0,0.9997747
1,1.0,0.9997658
0,0.0,0.0005257403
1,1.0,0.99977046
1,1.0,0.99976856
1,1.0,0.99978065
1,1.0,0.9997657
1,1.0,0.99975693
1,1.0,0.99975926
0,0.0,0.00026030577
1,1.0,0.9997897
1,1.0,0.9997707
1,1.0,0.99976295
0,0.0,0.00034785148
0,0.0,0.00012342272
0,0.0,0.00017121591
0,0.0,0.000323808
1,1.0,0.99976075
1,1.0,0.99976987
0,0.0,0.0002898072
1,1.0,0.9997607
0,0.0,0.00015052965
0,0.0,0.00018742874
0,0.0,0.00027282775
1,1.0,0.9997675
1,1.0,0.9997889
0,0.0,5.9475424e-05
1,1.0,0.99976826
1,1.0,0.99976903
1,1.0,0.99976844
0,0.0,0.0014118577
1,1.0,0.9997716
0,0.0,0.00014794579
0,0.0,0.00015058565
1,1.0,0.99975806
1,1.0,0.9997593
1,1.0,0.9997687
1,1.0,0.99975675
0,0.0,0.0002714138
1,1.0,0.9997688
1,1.0,0.999768
1,1.0,0.9997697
1,1.0,0.9997591
0,0.0,0.00026012663
0,0.0,0.00023274429
0,0.0,0.0010881813
0,0.0,0.0004467476
0,0.0,0.00026212208
1,1.0,0.99978334
1,1.0,0.9997609
0,0.0,0.0006431317
1,1.0,0.99977255
0,0.0,9.4988514e-05
0,0.0,0.0003878205
1,1.0,0.9997612
0,0.0,0.00015059284
0,0.0,0.00031572155
1,1.0,0.9997596
1,1.0,0.99976003
0,0.0,0.00024495577
0,0.0,0.000372908
1,1.0,0.999771
1,1.0,0.9997721
0,0.0,0.00035308974
1,1.0,0.9997615
1,1.0,0.9997835
1,1.0,0.9997661
1,1.0,0.9997647
1,1.0,0.9997725
1,1.0,0.99978864
1,1.0,0.99976516
0,0.0,0.00025469225
0,0.0,0.00027615076
1,1.0,0.9997631
0,0.0,9.591958e-05
0,0.0,0.0006418182
1,1.0,0.99976957
0,0.0,0.00014219627
0,0.0,0.00024494945
0,0.0,0.00035634285
0,0.0,0.00027460803
1,1.0,0.9997745
0,0.0,0.00015050525
0,0.0,5.2135943e-05
0,0.0,0.00027276896
1,1.0,0.99977505
0,0.0,0.0003642649
1,1.0,0.99977356
0,0.0,0.0005325929
0,0.0,0.0006211607
1,1.0,0.9997693
1,1.0,0.9998563
0,0.0,0.0002717706
1,1.0,0.999774
0,0.0,0.0005619255
0,0.0,0.0002747513
0,0.0,0.00015050209
1,1.0,0.99976385
1,1.0,0.99977106
0,0.0,0.00036710943
0,0.0,0.00019896864
0,0.0,0.0026066136
0,0.0,0.0001326739
0,0.0,0.00027477852
1,1.0,0.99976856
0,0.0,0.00021762968
1,1.0,0.99976045
1,1.0,0.99976164
0,0.0,0.0001893244
1,1.0,0.9997692
1,1.0,0.9997737
1,1.0,0.9997645
1,1.0,0.9997618
1,1.0,0.999765
1,1.0,0.99976844
0,0.0,9.639437e-05
0,0.0,0.00024681506
1,1.0,0.9997862
1,1.0,0.9997683
0,0.0,0.00024480515
1,1.0,0.9997637
0,0.0,0.00017241562
1,1.0,0.99976474
0,0.0,0.0002741816
0,0.0,0.0002657933
0,0.0,0.00026549213
0,0.0,0.00014264809
0,0.0,0.00026560455
0,0.0,0.000147939
0,0.0,0.0003846274
0,0.0,0.00024683107
1,1.0,0.9994996
0,0.0,0.00015098132
1,1.0,0.99977237
1,1.0,0.99976885
0,0.0,0.000618635
0,0.0,0.00047193267
1,1.0,0.9997724
0,0.0,0.00018319795
0,0.0,0.00027472482
0,0.0,0.00035349207
0,0.0,0.00021257921
0,0.0,0.00030576432
1,1.0,0.9997736
0,0.0,0.0002626414
1,1.0,0.9997745
0,0.0,0.00026226506
1,1.0,0.9997718
0,0.0,0.00023273165
1,1.0,0.9997682
1,1.0,0.9997612
1,1.0,0.9997624
1,1.0,0.99978167
0,0.0,0.00032233604
0,0.0,9.491237e-05
0,0.0,9.928073e-05
0,0.0,0.00013672335
1,1.0,0.9997729
1,1.0,0.999759
0,0.0,0.00019898874
1,1.0,0.9997634
0,0.0,5.946964e-05
1,1.0,0.9997637
1,1.0,0.9997824
0,0.0,0.00034022785
1,1.0,0.9997602
0,0.0,0.00026870408
0,0.0,0.00013445898
0,0.0,0.00018319795
1,1.0,0.99953496
1,1.0,0.99977237
0,0.0,0.00027280432
1,1.0,0.9997663
1,1.0,0.99977344
0,0.0,0.00025353342
0,0.0,0.00014794437
0,0.0,0.00025540157
1,1.0,0.9997568
1,1.0,0.9997773
0,0.0,0.00027418736
1,1.0,0.9997569
0,0.0,0.00015480662
0,0.0,9.760625e-05
1,1.0,0.9997601
0,0.0,0.0003652636
0,0.0,0.00028252762
0,0.0,0.00028456404
1,1.0,0.99977076
0,0.0,0.00017996658
0,0.0,0.00027029766
0,0.0,0.0002463021
1,1.0,0.99976176
0,0.0,6.790422e-05
0,0.0,0.00027472168
0,0.0,0.00027116132
0,0.0,0.00031655765
1,1.0,0.9997617
0,0.0,0.00024683084
0,0.0,0.00053608144
0,0.0,0.00017092851
1,1.0,0.9997638
1,1.0,0.9997601
0,0.0,0.00023583791
0,0.0,0.0011572045
0,0.0,0.00015344443
0,0.0,0.00027142442
0,0.0,0.00019713314
1,1.0,0.9997709
1,1.0,0.9997941
1,1.0,0.99975806
1,1.0,0.9997906
1,1.0,0.99975926
0,0.0,0.00053875684
0,0.0,0.0001265548
0,0.0,0.00026357055
1,1.0,0.99906355
1,1.0,0.99976534
0,0.0,0.00031586306
1,1.0,0.99976456
1,1.0,0.9997733
0,0.0,5.2126998e-05
1,1.0,0.99977183
1,1.0,0.99976516
0,0.0,0.0001723849
1,1.0,0.99976146
1,1.0,0.9997604
1,1.0,0.99976885
1,1.0,0.9997719
1,1.0,0.9997569
0,0.0,0.00027475104
0,0.0,0.00019709271
0,0.0,0.000270309
1,1.0,0.9997615
0,0.0,0.00021631292
0,0.0,0.00032487325
1,1.0,0.9997686
0,0.0,9.7532575e-05
0,0.0,0.00026030553
1,1.0,0.99976605
1,1.0,0.99977094
0,0.0,5.947236e-05
0,0.0,0.0002656889
1,1.0,0.9997646
1,1.0,0.99977
0,0.0,0.00026745273
0,0.0,0.000120593395
1,1.0,0.99977154
1,1.0,0.9997932
1,1.0,0.99977446
0,0.0,0.0006183698
1,1.0,0.9997627
0,0.0,0.00026357308
1,1.0,0.99976176
0,0.0,0.00053415087
0,0.0,0.00038803913
0,0.0,0.00027141016
1,1.0,0.999773
0,0.0,0.00026384235
1,1.0,0.99977255
1,1.0,0.99977225
0,0.0,0.0003728369
0,0.0,0.00015060115
0,0.0,0.00018351631
0,0.0,0.00061815936
1,1.0,0.99976885
0,0.0,0.00026743792
1,1.0,0.9997867
1,1.0,0.9997572
1,1.0,0.99976635
0,0.0,0.0002718434
1,1.0,0.9997687
0,0.0,0.00061845465
1,1.0,0.9997653
0,0.0,0.00024480888
0,0.0,0.0002761663
1,1.0,0.99978036
0,0.0,0.00012203999
1,1.0,0.99976027
1,1.0,0.9997685
1,1.0,0.9997711
0,0.0,0.00026351956
1,1.0,0.9997723
1,1.0,0.9997598
0,0.0,0.00036641507
0,0.0,0.000555688
1,1.0,0.9986104
0,0.0,0.00018852728
1,1.0,0.99977297
1,1.0,0.99977386
0,0.0,0.0003935639
1,1.0,0.99976265
1,1.0,0.9997709
1,1.0,0.99977195
1,1.0,0.9997686
0,0.0,0.00021256383
0,0.0,0.00013893216
0,0.0,0.000266729
1,1.0,0.9997593
0,0.0,9.758978e-05
0,0.0,0.00015107838
1,1.0,0.9997646
0,0.0,0.00034298172
0,0.0,0.00019440307
1,1.0,0.99977267
0,0.0,5.947083e-05
1,1.0,0.99978405
1,1.0,0.999761
0,0.0,0.0002825136
1,1.0,0.99975795
0,0.0,0.00024629015
1,1.0,0.99976146
0,0.0,9.4731164e-05
1,1.0,0.99977416
1,1.0,0.99975824
0,0.0,0.0002706832
1,1.0,0.9997726
1,1.0,0.9997627
0,0.0,0.00026907606
0,0.0,9.492405e-05
1,1.0,0.99977463
0,0.0,0.0002706734
0,0.0,0.00025539132
1,1.0,0.99976295
0,0.0,0.00031566076
1,1.0,0.9997574
1,1.0,0.99977165
1,1.0,0.9997686
0,0.0,0.00013854916
1,1.0,0.99976814
0,0.0,0.0003970503
1,1.0,0.999783
1,1.0,0.99978024
0,0.0,0.0002621121
1,1.0,0.99976903
0,0.0,9.4865674e-05
1,1.0,0.9997617
1,1.0,0.9997684
1,1.0,0.9997727
1,1.0,0.9997714
0,0.0,0.0002449588
0,0.0,0.0002739851
1,1.0,0.99977183
0,0.0,0.00027418238
0,0.0,0.00032232158
0,0.0,0.00027615525
1,1.0,0.9997861
1,1.0,0.9997627
0,0.0,0.00027415808
0,0.0,0.00019147185
0,0.0,0.0002633066
0,0.0,0.00024595857
1,1.0,0.99976975
1,1.0,0.99976444
0,0.0,0.00012909005
1,1.0,0.9997591
0,0.0,0.00024176053
1,1.0,0.99975884
1,1.0,0.9997733
1,1.0,0.9997686
1,1.0,0.99975926
0,0.0,0.00019147694
1,1.0,0.99977046
1,1.0,0.99978054
0,0.0,9.456311e-05
0,0.0,9.490205e-05
1,1.0,0.99976027
1,1.0,0.9997649
1,1.0,0.9997715
0,0.0,0.0014459182
1,1.0,0.9997699
1,1.0,0.99976265
0,0.0,5.214022e-05
1,1.0,0.9997689
0,0.0,0.00014073604
0,0.0,0.0013979686
1,1.0,0.9997821
0,0.0,0.00039150417
0,0.0,0.00024811272
0,0.0,5.9396356e-05
1,1.0,0.9997946
1,1.0,0.99976575
1,1.0,0.9997613
0,0.0,0.00024495248
1,1.0,0.9997745
1,1.0,0.9997738
1,1.0,0.99977183
1,1.0,0.999763
1,1.0,0.9997701
0,0.0,0.00026907708
0,0.0,0.00030596703
0,0.0,9.587313e-05
0,0.0,5.947497e-05
1,1.0,0.9997647
0,0.0,0.00041284194
0,0.0,0.00018649445
0,0.0,9.749751e-05
0,0.0,0.00015158804
1,1.0,0.9997728
0,0.0,0.00027614683
1,1.0,0.99978286
0,0.0,9.484098e-05
1,1.0,0.999775
0,0.0,0.0002635178
1,1.0,0.9997721
1,1.0,0.99976933
1,1.0,0.9997642
1,1.0,0.9997669
1,1.0,0.9997609
0,0.0,0.00027099514
1,1.0,0.9997816
1,1.0,0.999771
1,1.0,0.99976057
1,1.0,0.9997617
0,0.0,0.00026563063
0,0.0,0.00031409104
1,1.0,0.99976045
1,1.0,0.99976194
1,1.0,0.99975675
1,1.0,0.9997627
0,0.0,0.0002209164
1,1.0,0.9997658
0,0.0,5.2280175e-05
1,1.0,0.9997755
0,0.0,0.00025343528
1,1.0,0.99977493
0,0.0,0.00027855445
1,1.0,0.9997693
1,1.0,0.9997685
0,0.0,0.00033475665
1,1.0,0.99976987
0,0.0,0.00030916434
0,0.0,0.00037587428
1,1.0,0.9997701
0,0.0,0.0001389119
0,0.0,9.763977e-05
1,1.0,0.9981467
0,0.0,0.00027029638
1,1.0,0.9997688
1,1.0,0.9997593
0,0.0,0.0002706747
0,0.0,0.00026548808
0,0.0,0.0002759644
0,0.0,0.001209574
1,1.0,0.9997601
1,1.0,0.9997653
0,0.0,0.00024533184
1,1.0,0.9997602
1,1.0,0.9997713
0,0.0,0.00031586306
0,0.0,9.474688e-05
0,0.0,0.00025469396
0,0.0,0.0003962587
0,0.0,0.00013853621
1,1.0,0.9997593
1,1.0,0.9997617
0,0.0,0.00020300476
1,1.0,0.99976104
1,1.0,0.9997611
1,1.0,0.9997702
1,1.0,0.99869686
0,0.0,0.00016828442
0,0.0,0.00023273453
0,0.0,0.00027417348
1,1.0,0.9997643
0,0.0,9.766836e-05
0,0.0,0.00015055118
1,1.0,0.999769
0,0.0,9.4779054e-05
0,0.0,0.00025141463
1,1.0,0.9997602
0,0.0,0.0003345783
1,1.0,0.9997818
1,1.0,0.99976265
1,1.0,0.99976885
1,1.0,0.9997652
1,1.0,0.9997597
0,0.0,9.480328e-05
1,1.0,0.9997569
1,1.0,0.99976534
0,0.0,0.00027467194
0,0.0,0.00014424114
0,0.0,0.00026811447
1,1.0,0.99977255
0,0.0,0.00036088773
1,1.0,0.99975884
1,1.0,0.99975955
1,1.0,0.999762
1,1.0,0.9997687
0,0.0,0.00023585028
1,1.0,0.99976265
1,1.0,0.99976915
1,1.0,0.99977034
0,0.0,0.00021630198
0,0.0,0.00027615763
0,0.0,9.474815e-05
0,0.0,0.00026369875
1,1.0,0.9997599
1,1.0,0.9997689
1,1.0,0.99976426
1,1.0,0.99976116
0,0.0,0.00012907012
0,0.0,0.0004152924
1,1.0,0.9997593
1,1.0,0.999761
0,0.0,0.0003360291
1,1.0,0.9997615
0,0.0,0.00023585117
1,1.0,0.999762
1,1.0,0.9997613
0,0.0,0.00032388177
0,0.0,0.0002692806
1,1.0,0.99977434
0,0.0,0.00026906398
1,1.0,0.9997648
1,1.0,0.9997602
0,0.0,5.946663e-05
0,0.0,0.00013671265
0,0.0,0.00042561587
1,1.0,0.9997588
0,0.0,0.0006930781
0,0.0,5.2127594e-05
1,1.0,0.99977225
1,1.0,0.9997669
0,0.0,0.00027361754
0,0.0,0.0002462749
1,1.0,0.9993913
1,1.0,0.99976885
1,1.0,0.9997707
1,1.0,0.99976724
1,1.0,0.9997727
1,1.0,0.99978745
0,0.0,0.0006182896
1,1.0,0.9997702
1,1.0,0.9997736
1,1.0,0.9997607
0,0.0,0.00018891614
0,0.0,0.000271669
1,1.0,0.99978334
0,0.0,0.00023819988
0,0.0,0.00018060555
1,1.0,0.9997636
1,1.0,0.99976456
0,0.0,9.464367e-05
1,1.0,0.9997602
0,0.0,0.00037463647
1,1.0,0.9997611
0,0.0,0.00019427187
0,0.0,0.000263557
0,0.0,0.00013672466
1,1.0,0.99975985
0,0.0,0.00021630013
1,1.0,0.9997598
0,0.0,0.00018859381
1,1.0,0.99976504
0,0.0,0.00018891433
1,1.0,0.9997909
0,0.0,0.00024684024
0,0.0,0.0002468586
0,0.0,9.751295e-05
0,0.0,0.00027030797
0,0.0,0.0001397004
1,1.0,0.9997826
0,0.0,0.00015738225
0,0.0,0.00027398276
1,1.0,0.99976987
1,1.0,0.9997593
1,1.0,0.9997718
0,0.0,9.470966e-05
0,0.0,0.00037956383
0,0.0,0.00032150248
0,0.0,0.00025469274
0,0.0,0.00026031944
1,1.0,0.99975693
0,0.0,0.00018914414
0,0.0,0.00037730113
1,1.0,0.9997858
0,0.0,0.00031494352
0,0.0,0.00011954761
0,0.0,0.00038535392
1,1.0,0.99976015
1,1.0,0.99976915
0,0.0,0.00014071981
0,0.0,0.00023623175
1,1.0,0.9997682
1,1.0,0.999768
0,0.0,0.00032213633
0,0.0,0.00013819992
1,1.0,0.999766
0,0.0,0.0002358613
1,1.0,0.9997643
1,1.0,0.9997806
0,0.0,9.4724295e-05
0,0.0,9.461623e-05
0,0.0,0.0002604803
1,1.0,0.9997681
1,1.0,0.999769
1,1.0,0.999782
0,0.0,0.00027279626
1,1.0,0.9997726
0,0.0,0.00039588546
1,1.0,0.9997615
1,1.0,0.99976265
0,0.0,0.00033484955
0,0.0,0.00019148516
1,1.0,0.9997689
0,0.0,0.00048282216
1,1.0,0.99976814
1,1.0,0.99976873
1,1.0,0.9997723
0,0.0,0.00012913943
0,0.0,0.00012910595
0,0.0,0.00013990994
0,0.0,0.00025341887
1,1.0,0.99976856
0,0.0,0.0002685617
1,1.0,0.99977684
1,1.0,0.99976176
1,1.0,0.99808216
1,1.0,0.99977213
0,0.0,0.00027614998
1,1.0,0.99976987
1,1.0,0.9997615
1,1.0,0.9997725
1,1.0,0.9997725
0,0.0,0.00025340292
0,0.0,0.0006264491
1,1.0,0.99976176
1,1.0,0.99937993
0,0.0,5.202455e-05
1,1.0,0.999761
1,1.0,0.99977297
0,0.0,0.00022975258
0,0.0,0.00026225706
0,0.0,5.9395847e-05
0,0.0,0.0002462775
0,0.0,5.9472644e-05
1,1.0,0.99983865
1,1.0,0.9997398
1,1.0,0.99977416
1,1.0,0.999767
1,1.0,0.99976856
1,1.0,0.9997684
1,1.0,0.9997853
0,0.0,0.00029880193
0,0.0,5.2166575e-05
1,1.0,0.99977356
0,0.0,0.00012756369
1,1.0,0.9997571
0,0.0,0.000244821
0,0.0,0.00034960287
0,0.0,0.0002713879
1,1.0,0.99976826
1,1.0,0.99977356
0,0.0,0.00021629146
0,0.0,0.00026675954
0,0.0,0.00024532483
0,0.0,0.00038515803
0,0.0,0.0002598126
1,1.0,0.9997595
0,0.0,0.0006405173
1,1.0,0.9997588
1,1.0,0.9997862
1,1.0,0.99977237
1,1.0,0.99976104
1,1.0,0.99978286
0,0.0,0.00034883633
1,1.0,0.99975985
0,0.0,9.759769e-05
1,1.0,0.9997633
0,0.0,0.00017551598
1,1.0,0.99976933
0,0.0,0.0002761347
1,1.0,0.99977595
0,0.0,0.00015633482
1,1.0,0.99976015
0,0.0,0.00027063445
1,1.0,0.9997735
0,0.0,0.0003222672
1,1.0,0.9997618
0,0.0,0.00023274319
0,0.0,7.748682e-05
1,1.0,0.9997609
1,1.0,0.999769
0,0.0,0.00018649871
0,0.0,5.931049e-05
0,0.0,9.4578e-05
1,1.0,0.9997666
0,0.0,0.0002706076
1,1.0,0.99976826
1,1.0,0.99975985
1,1.0,0.99977225
0,0.0,0.0003051851
0,0.0,0.00019532238
1,1.0,0.9997683
0,0.0,0.00028410373
1,1.0,0.99975884
1,1.0,0.999762
0,0.0,5.947236e-05
1,1.0,0.99976844
0,0.0,0.0003668698
0,0.0,0.0011664878
0,0.0,0.0005104766
0,0.0,0.0002448145
1,1.0,0.99976146
0,0.0,5.2026237e-05
1,1.0,0.999765
1,1.0,0.9997686
1,1.0,0.9997611
0,0.0,0.00027478297
0,0.0,5.9469126e-05
1,1.0,0.9997694
1,1.0,0.9997759
1,1.0,0.99976206
1,1.0,0.9997743
0,0.0,0.00013893309
1,1.0,0.9997644
0,0.0,0.00022975191
0,0.0,0.00018065805
0,0.0,0.00051127543
1,1.0,0.9997644
1,1.0,0.9997593
0,0.0,5.9473212e-05
1,1.0,0.99976045
1,1.0,0.9997654
1,1.0,0.99977446
1,1.0,0.99977535
1,1.0,0.99977
1,1.0,0.9997693
0,0.0,0.0002706659
1,1.0,0.999765
1,1.0,0.99976885
1,1.0,0.9997614
0,0.0,0.000244963
1,1.0,0.9997615
1,1.0,0.99977446
1,1.0,0.9997687
1,1.0,0.9997696
1,1.0,0.999761
1,1.0,0.99976444
0,0.0,0.00013885654
0,0.0,0.00027418972
0,0.0,0.00043896225
1,1.0,0.99976265
0,0.0,0.00037465058
0,0.0,5.2144398e-05
0,0.0,0.0002790302
1,1.0,0.99976575
0,0.0,0.000212578
0,0.0,0.00024537393
1,1.0,0.9997692
0,0.0,0.0009828818
0,0.0,0.00018742283
1,1.0,0.9997695
1,1.0,0.99976015
0,0.0,0.00019145176
0,0.0,0.00012036937
1,1.0,0.9997686
1,1.0,0.99975705
1,1.0,0.9997683
1,1.0,0.9997684
1,1.0,0.9997701
0,0.0,0.00021259401
1,1.0,0.9997719
1,1.0,0.9997639
0,0.0,0.0002453274
1,1.0,0.9997641
1,1.0,0.9997601
1,1.0,0.9997602
1,1.0,0.9994691
0,0.0,0.00014716377
1,1.0,0.9997711
0,0.0,0.00032751847
0,0.0,0.00031950776
1,1.0,0.99976456
1,1.0,0.9997612
0,0.0,0.00041476695
1,1.0,0.99977565
0,0.0,0.00027280016
1,1.0,0.9997729
0,0.0,0.0002467193
1,1.0,0.99976903
0,0.0,9.929674e-05
0,0.0,0.00012928691
1,1.0,0.99977195
0,0.0,0.00022811115
0,0.0,5.198274e-05
0,0.0,0.00021259178
1,1.0,0.99978745
0,0.0,0.00026371033
1,1.0,0.9997633
0,0.0,0.00038583108
0,0.0,0.0018763498
1,1.0,0.9997598
1,1.0,0.9997652
1,1.0,0.99975824
1,1.0,0.99977696
0,0.0,0.00061864033
0,0.0,0.00023272766
1,1.0,0.9997649
0,0.0,0.00011279427
1,1.0,0.9997689
1,1.0,0.9997836
1,1.0,0.9997727
1,1.0,0.99977136
0,0.0,0.00027031725
0,0.0,0.00023480068
0,0.0,0.00025684672
1,1.0,0.99977654
0,0.0,0.00017096635
1,1.0,0.9997589
1,1.0,0.9997723
0,0.0,0.00013861153
0,0.0,0.00024252148
0,0.0,0.00013145791
1,1.0,0.9997743
0,0.0,0.0001756774
0,0.0,0.00027596127
1,1.0,0.99977565
1,1.0,0.999772
0,0.0,0.00017041816
1,1.0,0.9997611
1,1.0,0.9997685
1,1.0,0.9997643
0,0.0,0.00013991902
1,1.0,0.99976915
1,1.0,0.99979454
0,0.0,0.0002125786
1,1.0,0.9997599
0,0.0,0.00036820336
0,0.0,0.00032035756
0,0.0,5.9472928e-05
0,0.0,0.00014735166
0,0.0,0.00026855557
1,1.0,0.99976474
1,1.0,0.999769
1,1.0,0.9997617
1,1.0,0.9997692
1,1.0,0.9997686
1,1.0,0.9997657
1,1.0,0.99976933
1,1.0,0.99976873
0,0.0,0.0012438063
1,1.0,0.9997681
1,1.0,0.9997759
0,0.0,0.00015046823
0,0.0,0.00035296383
0,0.0,0.0002727931
1,1.0,0.9997649
0,0.0,0.00023822192
0,0.0,9.4527415e-05
0,0.0,5.21103e-05
1,1.0,0.9994851
0,0.0,0.000272796
0,0.0,9.450235e-05
1,1.0,0.9997699
0,0.0,0.00016112845
0,0.0,0.00064332073
0,0.0,5.2278032e-05
0,0.0,5.211298e-05
1,1.0,0.9997584
0,0.0,0.0002597913
0,0.0,0.00040975196
1,1.0,0.99977183
1,1.0,0.99976885
0,0.0,9.477508e-05
0,0.0,9.310802e-05
0,0.0,0.00024532038
1,1.0,0.9997693
1,1.0,0.9997592
1,1.0,0.9997621
0,0.0,0.0003074736
1,1.0,0.99977535
0,0.0,0.00012908613
1,1.0,0.9997711
1,1.0,0.9997618
1,1.0,0.99976957
0,0.0,0.0002449588
0,0.0,0.00035806236
0,0.0,0.0006430943
0,0.0,0.00031929585
1,1.0,0.99974203
1,1.0,0.99976164
1,1.0,0.9997732
0,0.0,0.00027414763
0,0.0,0.00032225615
1,1.0,0.9997654
1,1.0,0.99975985
0,0.0,0.00012455475
1,1.0,0.99978405
1,1.0,0.9997734
1,1.0,0.9997599
1,1.0,0.99977225
1,1.0,0.99977195
0,0.0,0.00013672831
0,0.0,0.00017524525
0,0.0,5.2159212e-05
0,0.0,0.00028209187
0,0.0,0.0002820967
0,0.0,9.754671e-05
1,1.0,0.99976563
0,0.0,0.00017120484
1,1.0,0.999776
0,0.0,0.0001886375
1,1.0,0.99977624
0,0.0,0.00027418867
1,1.0,0.99975663
1,1.0,0.9997616
0,0.0,0.003366702
0,0.0,0.00022455206
0,0.0,5.203214e-05
1,1.0,0.99976265
1,1.0,0.9997603
0,0.0,0.00014263408
1,1.0,0.9997594
0,0.0,0.00047361973
1,1.0,0.9997638
0,0.0,0.00051275105
1,1.0,0.9997688
1,1.0,0.9997613
0,0.0,0.00033528972
1,1.0,0.9997653
0,0.0,0.00016552869
0,0.0,0.00036949472
0,0.0,0.000244945
1,1.0,0.9997692
1,1.0,0.99975634
0,0.0,0.00040986485
1,1.0,0.999765
1,1.0,0.9997656
0,0.0,0.00031389465
1,1.0,0.9997612
0,0.0,0.00026871482
0,0.0,0.00015052062
1,1.0,0.99977225
1,1.0,0.9997698
0,0.0,0.00027712403
1,1.0,0.9997909
0,0.0,9.4482704e-05
1,1.0,0.9997689
0,0.0,0.0006234962
0,0.0,0.0003325298
0,0.0,0.00038887735
1,1.0,0.99976885
1,1.0,0.99977106
1,1.0,0.9997937
0,0.0,0.00015090618
0,0.0,0.0005156939
0,0.0,0.0002467165
0,0.0,0.00044634595
1,1.0,0.9997616
1,1.0,0.9997701
1,1.0,0.99977225
0,0.0,0.00017229022
1,1.0,0.9997685
0,0.0,0.0002674234
1,1.0,0.9997594
0,0.0,0.0002636525
0,0.0,5.212123e-05
1,1.0,0.9997633
1,1.0,0.99976194
0,0.0,0.00026349822
1,1.0,0.9997826
0,0.0,0.00025468424
1,1.0,0.9997723
1,1.0,0.99975735
0,0.0,0.00026032788
1,1.0,0.99976254
1,1.0,0.9997758
0,0.0,0.0004214913
1,1.0,0.99976486
0,0.0,0.0003348939
0,0.0,0.0002702992
0,0.0,0.00038500052
1,1.0,0.999774
1,1.0,0.9997621
0,0.0,0.0001890008
0,0.0,0.00015053038
1,1.0,0.9997604
1,1.0,0.99977535
1,1.0,0.9997675
0,0.0,0.0006426176
1,1.0,0.99976265
1,1.0,0.99976563
0,0.0,0.00025543422
0,0.0,0.0002448131
1,1.0,0.9997605
0,0.0,0.00023272987
0,0.0,0.00038345554
0,0.0,0.00012173328
1,1.0,0.99976045
1,1.0,0.99977237
0,0.0,0.00024683107
1,1.0,0.9993735
0,0.0,0.00016113122
0,0.0,0.00026367413
1,1.0,0.9994719
1,1.0,0.99976194
1,1.0,0.9997878
1,1.0,0.99977225
0,0.0,0.0006439695
0,0.0,9.459503e-05
0,0.0,0.00018854346
0,0.0,0.00025692704
0,0.0,0.00024160916
1,1.0,0.999775
1,1.0,0.99976486
0,0.0,9.461028e-05
1,1.0,0.9997735
0,0.0,0.00014733592
0,0.0,9.4558425e-05
1,1.0,0.99977237
0,0.0,0.00016283826
0,0.0,0.00019436117
1,1.0,0.9997735
0,0.0,0.00027416722
0,0.0,0.00037749307
0,0.0,0.00026213858
1,1.0,0.99977016
1,1.0,0.99975884
1,1.0,0.99976003
1,1.0,0.99975777
1,1.0,0.99976826
0,0.0,0.00015930105
1,1.0,0.99978256
0,0.0,0.00015192853
1,1.0,0.9997755
1,1.0,0.9997637
0,0.0,9.753769e-05
0,0.0,0.00037053708
1,1.0,0.999762
1,1.0,0.99976635
1,1.0,0.9997857
0,0.0,0.00024496557
1,1.0,0.9997808
1,1.0,0.9997844
0,0.0,0.00035303834
0,0.0,0.00012900049
1,1.0,0.9997617
0,0.0,0.00015059455
1,1.0,0.9997687
0,0.0,0.00049678073
0,0.0,0.00027280953
0,0.0,0.0006188856
1,1.0,0.99976027
0,0.0,9.47346e-05
0,0.0,0.00023583905
1,1.0,0.9997611
1,1.0,0.99976444
0,0.0,0.00012968869
0,0.0,0.00031587147
0,0.0,0.0003482095
0,0.0,0.00027280275
1,1.0,0.999783
1,1.0,0.99976164
0,0.0,0.00024074614
1,1.0,0.99976933
1,1.0,0.99976194
1,1.0,0.99978036
0,0.0,0.0002605695
1,1.0,0.999781
1,1.0,0.9997722
1,1.0,0.9997613
1,1.0,0.9997574
0,0.0,0.0008890743
0,0.0,0.0003841066
1,1.0,0.9997739
0,0.0,0.00024481543
1,1.0,0.9997638
0,0.0,0.0002598446
0,0.0,0.0003036828
0,0.0,0.00015052319
0,0.0,0.00021409096
1,1.0,0.9997894
1,1.0,0.9997694
0,0.0,0.004674218
1,1.0,0.9997632
1,1.0,0.99976707
1,1.0,0.9997625
1,1.0,0.9997645
1,1.0,0.999716
1,1.0,0.9997568
0,0.0,0.0005159496
0,0.0,7.832122e-05
1,1.0,0.99978817
1,1.0,0.9997672
1,1.0,0.99976414
1,1.0,0.9997598
0,0.0,0.0006411414
1,1.0,0.99978024
1,1.0,0.99976635
0,0.0,0.00023480583
1,1.0,0.99976516
1,1.0,0.99976814
1,1.0,0.99976844
0,0.0,0.00018871631
0,0.0,0.0003095873
0,0.0,9.762646e-05
0,0.0,0.00027140472
0,0.0,9.7571734e-05
1,1.0,0.9997695
1,1.0,0.99976134
1,1.0,0.99977076
1,1.0,0.9997602
1,1.0,0.99977213
0,0.0,0.00025464853
0,0.0,0.00031585977
0,0.0,0.00035948213
1,1.0,0.99976027
1,1.0,0.99977136
1,1.0,0.9997668
0,0.0,0.00019424889
0,0.0,0.00042782244
1,1.0,0.99976844
0,0.0,0.00027478454
0,0.0,0.00018877117
0,0.0,0.00035035427
0,0.0,0.0012243919
1,1.0,0.99976844
1,1.0,0.9997599
1,1.0,0.9997628
1,1.0,0.9997622
1,1.0,0.9997727
1,1.0,0.99976885
0,0.0,5.2151456e-05
0,0.0,0.0013828834
0,0.0,0.0002739279
0,0.0,0.000246832
1,1.0,0.99976903
1,1.0,0.9997687
1,1.0,0.9997599
0,0.0,9.48342e-05
1,1.0,0.9997714
1,1.0,0.9997689
0,0.0,0.00021256623
1,1.0,0.9997658
1,1.0,0.99975884
1,1.0,0.9997685
0,0.0,0.00038187794
0,0.0,0.0002327321
0,0.0,0.00023823715
1,1.0,0.9997605
1,1.0,0.9997646
0,0.0,0.000315702
1,1.0,0.99976176
0,0.0,9.760551e-05
1,1.0,0.9997693
1,1.0,0.9997675
0,0.0,0.00027897197
1,1.0,0.9997596
0,0.0,0.00038645027
1,1.0,0.9997604
1,1.0,0.999757
1,1.0,0.9997755
1,1.0,0.9997594
0,0.0,0.0002622638
1,1.0,0.99976635
1,1.0,0.99975675
1,1.0,0.9997763
0,0.0,0.00026740402
0,0.0,0.00023583815
0,0.0,0.00018892568
0,0.0,9.4837815e-05
1,1.0,0.9997712
0,0.0,9.496478e-05
0,0.0,0.00029256532
1,1.0,0.9997593
0,0.0,0.00027397202
1,1.0,0.99975735
1,1.0,0.999765
1,1.0,0.9997762
0,0.0,0.00025340632
0,0.0,0.00033123948
0,0.0,0.00015040913
1,1.0,0.999769
0,0.0,9.618942e-05
0,0.0,0.00025986368
1,1.0,0.99976176
0,0.0,0.00027932884
0,0.0,0.00026364194
0,0.0,0.00027141068
0,0.0,0.00015348145
1,1.0,0.999769
1,1.0,0.9997594
1,1.0,0.99976546
0,0.0,0.00026046738
1,1.0,0.99976313
0,0.0,0.00024480282
1,1.0,0.99976087
0,0.0,9.470568e-05
0,0.0,0.00031588261
1,1.0,0.9997626
0,0.0,0.00026030553
0,0.0,0.0006185401
1,1.0,0.99977183
0,0.0,0.0014492184
0,0.0,0.00026045623
1,1.0,0.999757
0,0.0,0.0003252076
0,0.0,0.00032164625
0,0.0,9.7538716e-05
1,1.0,0.99976164
0,0.0,0.0002475145
1,1.0,0.9997569
1,1.0,0.9997604
1,1.0,0.99976486
1,1.0,0.99841434
1,1.0,0.9997688
0,0.0,5.201904e-05
0,0.0,0.0002449644
0,0.0,0.00037684137
1,1.0,0.99977577
1,1.0,0.9997593
1,1.0,0.9997686
0,0.0,0.00020802664
1,1.0,0.9997654
1,1.0,0.9997626
1,1.0,0.999762
1,1.0,0.9997649
1,1.0,0.9997858
0,0.0,0.0002314782
1,1.0,0.9997723
1,1.0,0.9998244
0,0.0,0.00012700293
1,1.0,0.9997603
1,1.0,0.99974144
1,1.0,0.99976504
0,0.0,5.951264e-05
1,1.0,0.9997709
1,1.0,0.9997613
0,0.0,0.00015344429
0,0.0,5.2000392e-05
1,1.0,0.9997691
1,1.0,0.99977976
1,1.0,0.9997709
1,1.0,0.9997712
0,0.0,0.00018918309
1,1.0,0.99964
1,1.0,0.99975884
0,0.0,5.2003466e-05
0,0.0,0.00015052622
0,0.0,0.0005676531
0,0.0,0.0005046858
1,1.0,0.9997701
1,1.0,0.9997716
0,0.0,0.0001565771
0,0.0,0.0001699907
0,0.0,9.748496e-05
1,1.0,0.99977803
1,1.0,0.99978596
0,0.0,0.00029064284
1,1.0,0.9997699
0,0.0,0.0002747411
1,1.0,0.9997613
0,0.0,0.00018855567
1,1.0,0.9997618
0,0.0,5.9469807e-05
0,0.0,9.49169e-05
1,1.0,0.99976087
0,0.0,0.00018062224
1,1.0,0.9997739
1,1.0,0.9997728
0,0.0,0.00017617074
1,1.0,0.9997594
0,0.0,0.00020496291
0,0.0,0.00031556023
0,0.0,0.00018857888
0,0.0,0.00021763735
0,0.0,9.7635675e-05
0,0.0,0.00018880396
1,1.0,0.999767
0,0.0,0.00017534387
0,0.0,0.00026319968
1,1.0,0.9997602
0,0.0,0.00038804967
1,1.0,0.9997628
0,0.0,0.0001469924
0,0.0,9.485075e-05
1,1.0,0.9997645
0,0.0,0.00015571399
0,0.0,0.00014734294
1,1.0,0.99977577
0,0.0,0.00020668065
1,1.0,0.9997626
1,1.0,0.99977696
0,0.0,0.00018873338
1,1.0,0.9997714
0,0.0,0.00024682446
0,0.0,0.00026362206
1,1.0,0.999771
0,0.0,0.00027469656
0,0.0,0.0009421747
0,0.0,9.4866584e-05
1,1.0,0.99976194
0,0.0,0.00010393267
1,1.0,0.9997582
1,1.0,0.9997745
0,0.0,9.7590986e-05
0,0.0,0.00035245912
1,1.0,0.999776
0,0.0,0.0002448105
1,1.0,0.9997625
0,0.0,9.467156e-05
0,0.0,0.00014934543
1,1.0,0.9997671
0,0.0,0.00018057058
1,1.0,0.99977267
1,1.0,0.9997593
1,1.0,0.9997663
0,0.0,0.00014037713
1,1.0,0.99976814
0,0.0,0.00027140888
1,1.0,0.9997651
0,0.0,0.00014076343
1,1.0,0.99979085
1,1.0,0.9997637
0,0.0,0.00015114683
0,0.0,0.0002603274
1,1.0,0.99976915
1,1.0,0.9997701
0,0.0,0.00029168994
1,1.0,0.9997632
0,0.0,0.0002453386
0,0.0,5.947514e-05
0,0.0,0.00020021894
1,1.0,0.9997599
0,0.0,0.000315861
0,0.0,5.2138632e-05
1,1.0,0.99977714
0,0.0,0.00015263262
0,0.0,0.00041452268
1,1.0,0.9997648
0,0.0,0.0002703312
1,1.0,0.9997668
0,0.0,0.00012653404
0,0.0,0.00027417377
1,1.0,0.9997606
1,1.0,0.99976236
1,1.0,0.99976456
1,1.0,0.9997592
0,0.0,0.00016970532
0,0.0,0.0002747353
0,0.0,0.0003898453
1,1.0,0.9997592
0,0.0,0.00024494244
0,0.0,0.00024534398
1,1.0,0.9997615
1,1.0,0.99976337
0,0.0,0.0003141797
1,1.0,0.9994214
1,1.0,0.999769
1,1.0,0.9997726
1,1.0,0.9997589
1,1.0,0.99976414
1,1.0,0.9997608
0,0.0,0.00024201283
1,1.0,0.99976164
0,0.0,0.00024683223
1,1.0,0.99976087
1,1.0,0.9997806
0,0.0,0.0002327352
1,1.0,0.99976826
1,1.0,0.9997659
1,1.0,0.9997727
0,0.0,0.0002425298
0,0.0,0.00047382383
1,1.0,0.9997716
1,1.0,0.99976563
1,1.0,0.9997727
0,0.0,0.00016118163
1,1.0,0.9997731
0,0.0,0.00021651182
0,0.0,0.00038740004
1,1.0,0.9997604
0,0.0,9.911067e-05
0,0.0,0.00024306086
1,1.0,0.99976164
1,1.0,0.99976856
1,1.0,0.99973625
0,0.0,0.00023274007
0,0.0,0.0010854917
0,0.0,0.0001890767
0,0.0,0.00013477307
0,0.0,0.00013884224
1,1.0,0.9997709
1,1.0,0.9997721
1,1.0,0.9997692
1,1.0,0.9997723
1,1.0,0.9997626
0,0.0,0.00011371655
0,0.0,0.0003746379
0,0.0,0.00030541152
1,1.0,0.99979216
0,0.0,0.00049948005
0,0.0,0.00017151298
1,1.0,0.9997566
1,1.0,0.9997585
0,0.0,0.00024682542
1,1.0,0.99977607
1,1.0,0.9997607
1,1.0,0.9997613
1,1.0,0.9997689
1,1.0,0.9997601
1,1.0,0.99976057
0,0.0,0.00013894898
0,0.0,0.00034245173
1,1.0,0.9997594
0,0.0,0.0002777567
0,0.0,0.00027418736
1,1.0,0.99975693
0,0.0,0.000318339
1,1.0,0.9997719
1,1.0,0.9997723
0,0.0,5.9473663e-05
0,0.0,0.0004740922
1,1.0,0.9997733
0,0.0,0.00024196625
0,0.0,0.00015157086
0,0.0,9.4555806e-05
0,0.0,0.00023320454
0,0.0,0.00026585994
1,1.0,0.99978477
1,1.0,0.99976176
1,1.0,0.99976003
1,1.0,0.999765
1,1.0,0.9997565
1,1.0,0.9986964
1,1.0,0.99976444
0,0.0,0.00027280927
1,1.0,0.99976885
1,1.0,0.9997593
1,1.0,0.99976104
1,1.0,0.99975944
1,1.0,0.9997617
0,0.0,9.457015e-05
0,0.0,0.0002634977
1,1.0,0.99977106
1,1.0,0.99976397
1,1.0,0.9997613
0,0.0,0.0001505318
1,1.0,0.9997709
0,0.0,9.7687174e-05
1,1.0,0.9997644
1,1.0,0.9997569
0,0.0,0.00013860982
0,0.0,0.0013313931
1,1.0,0.99975884
1,1.0,0.99977213
1,1.0,0.99976885
0,0.0,0.00018880484
1,1.0,0.9997649
0,0.0,0.00034930953
0,0.0,0.00012910053
1,1.0,0.9997649
0,0.0,0.00024152183
0,0.0,0.00020172952
1,1.0,0.9991392
0,0.0,9.461795e-05
0,0.0,0.00027417426
0,0.0,5.2272546e-05
1,1.0,0.9997677
0,0.0,0.0001505351
0,0.0,0.00030570227
1,1.0,0.9995291
1,1.0,0.99975914
1,1.0,0.99977505
0,0.0,0.00014305457
0,0.0,0.00024682612
0,0.0,0.00032164197
1,1.0,0.99976325
1,1.0,0.99977255
1,1.0,0.9997293
0,0.0,0.00018899467
0,0.0,0.00027474947
1,1.0,0.99976724
0,0.0,0.0002125928
1,1.0,0.9997635
0,0.0,0.00029090454
1,1.0,0.99976486
1,1.0,0.9997588
0,0.0,0.0002736191
1,1.0,0.9997727
1,1.0,0.99977154
1,1.0,0.99976456
0,0.0,0.00027362068
1,1.0,0.99979085
0,0.0,0.00032831155
0,0.0,5.225715e-05
0,0.0,0.00021257637
1,1.0,0.9997691
1,1.0,0.99978673
1,1.0,0.9997648
0,0.0,5.947083e-05
1,1.0,0.9997716
0,0.0,0.00015262913
1,1.0,0.9997645
0,0.0,0.0005278015
1,1.0,0.9997608
1,1.0,0.9997636
1,1.0,0.99977416
0,0.0,5.225192e-05
0,0.0,0.00034276073
0,0.0,0.0011206857
0,0.0,0.0003843401
1,1.0,0.9997627
1,1.0,0.99977195
0,0.0,0.00043601877
0,0.0,0.00017031711
0,0.0,0.00037893563
0,0.0,0.00027376314
1,1.0,0.9997604
1,1.0,0.99976826
1,1.0,0.9997606
0,0.0,0.000253532
0,0.0,0.00012060846
1,1.0,0.9997784
1,1.0,0.9997729
1,1.0,0.9997688
1,1.0,0.99976844
1,1.0,0.99979097
1,1.0,0.9997722
1,1.0,0.99976474
0,0.0,0.0002717768
0,0.0,0.0002825136
0,0.0,0.00031507987
1,1.0,0.9997652
0,0.0,9.448739e-05
0,0.0,0.0002358386
1,1.0,0.9997569
1,1.0,0.9997631
0,0.0,0.00038806035
0,0.0,0.00026030454
0,0.0,0.0002747201
0,0.0,0.0003158179
1,1.0,0.9997682
0,0.0,0.00026673154
0,0.0,0.0002736131
0,0.0,0.00022246555
1,1.0,0.999772
1,1.0,0.9997602
0,0.0,0.00025684084
1,1.0,0.9991491
1,1.0,0.9997601
0,0.0,0.0002603075
1,1.0,0.9997792
0,0.0,0.00024480655
0,0.0,9.464692e-05
1,1.0,0.99975854
0,0.0,0.00023477829
1,1.0,0.999761
1,1.0,0.99978966
1,1.0,0.9997592
1,1.0,0.9997722
0,0.0,0.00014934986
0,0.0,0.0006187801
0,0.0,0.00027385293
1,1.0,0.9997752
0,0.0,0.00035132724
1,1.0,0.9997806
1,1.0,0.99977714
0,0.0,0.00027589445
1,1.0,0.9997659
1,1.0,0.9997729
0,0.0,0.00018755585
1,1.0,0.9997718
0,0.0,0.0003223886
1,1.0,0.9995277
0,0.0,0.0002747332
0,0.0,0.0003094362
1,1.0,0.9997727
0,0.0,0.00023824805
1,1.0,0.9997684
1,1.0,0.9997722
0,0.0,9.753127e-05
1,1.0,0.99975777
0,0.0,0.00046876067
1,1.0,0.9997727
0,0.0,0.00027471513
0,0.0,0.00026550936
1,1.0,0.9997581
1,1.0,0.9997652
0,0.0,5.2273794e-05
1,1.0,0.99976254
1,1.0,0.99975646
0,0.0,0.0002124866
0,0.0,0.00037366862
0,0.0,0.00038314023
1,1.0,0.99977
0,0.0,0.00027280432
0,0.0,0.0003207368
0,0.0,0.015199309
0,0.0,0.00013886634
1,1.0,0.9997689
0,0.0,0.0003150877
0,0.0,0.00024681035
0,0.0,0.00012188659
0,0.0,0.0002635203
0,0.0,0.00027614602
0,0.0,0.00061916624
1,1.0,0.9997781
0,0.0,0.0010389334
0,0.0,0.00023313453
0,0.0,0.0002165393
1,1.0,0.99976826
1,1.0,0.99976146
0,0.0,5.196559e-05
1,1.0,0.9997607
0,0.0,5.9477235e-05
0,0.0,9.922244e-05
0,0.0,0.0002448084
1,1.0,0.99976283
0,0.0,0.00052079366
0,0.0,0.00031585645
0,0.0,5.943454e-05
1,1.0,0.99976146
0,0.0,9.749016e-05
1,1.0,0.9997728
0,0.0,9.487644e-05
0,0.0,0.00013895826
0,0.0,0.00015645634
0,0.0,0.00095094467
0,0.0,5.2246138e-05
1,1.0,0.99955595
0,0.0,0.00038887587
1,1.0,0.99974084
0,0.0,0.0003212304
1,1.0,0.99977094
1,1.0,0.99977624
0,0.0,0.0001515837
0,0.0,0.00018901072
1,1.0,0.99976546
1,1.0,0.999763
1,1.0,0.9997608
0,0.0,0.00023373324
0,0.0,9.449703e-05
0,0.0,0.00027615498
0,0.0,0.00017119503
1,1.0,0.99977255
1,1.0,0.99975914
0,0.0,0.0002546818
1,1.0,0.9997604
0,0.0,0.00013991262
0,0.0,0.00012472685
0,0.0,0.0002790228
1,1.0,0.99977213
0,0.0,0.00017237997
1,1.0,0.999771
1,1.0,0.9997612
1,1.0,0.9997707
0,0.0,0.0002657791
1,1.0,0.99977297
0,0.0,0.00019498634
0,0.0,0.0004297812
0,0.0,0.00019509047
1,1.0,0.99976236
1,1.0,0.9997637
0,0.0,0.00037816484
1,1.0,0.9997854
0,0.0,0.00023584331
1,1.0,0.9997649
1,1.0,0.99978703
0,0.0,0.0018995318
0,0.0,0.00012250099
1,1.0,0.99976164
1,1.0,0.9997616
1,1.0,0.99980515
0,0.0,0.00035151636
0,0.0,9.454788e-05
0,0.0,9.764648e-05
0,0.0,0.00023824986
0,0.0,0.00027361704
0,0.0,0.00027279183
1,1.0,0.99975914
0,0.0,0.00015097641
0,0.0,0.0001217219
1,1.0,0.999777
1,1.0,0.9997364
1,1.0,0.99976856
0,0.0,0.00015098434
0,0.0,0.00026228855
0,0.0,0.00025468328
1,1.0,0.9997648
1,1.0,0.9997613
1,1.0,0.9997754
0,0.0,5.201185e-05
0,0.0,0.00024250691
1,1.0,0.99977016
1,1.0,0.99975693
0,0.0,0.0002116382
1,1.0,0.9997665
0,0.0,0.00024627772
1,1.0,0.99978846
0,0.0,0.0002453332
1,1.0,0.99975836
1,1.0,0.99976635
1,1.0,0.9997693
0,0.0,0.00012341588
1,1.0,0.99976146
1,1.0,0.999765
1,1.0,0.9997669
1,1.0,0.99976635
0,0.0,0.0005295571
1,1.0,0.99976057
1,1.0,0.9997613
1,1.0,0.9997699
1,1.0,0.99976206
1,1.0,0.9997683
1,1.0,0.9997614
1,1.0,0.99977076
0,0.0,0.00035302073
1,1.0,0.99976474
0,0.0,0.00034538997
0,0.0,0.0001890383
1,1.0,0.9997693
1,1.0,0.9997836
0,0.0,0.00032163644
0,0.0,9.7527176e-05
0,0.0,0.00026881296
0,0.0,0.00020183614
0,0.0,5.2002175e-05
0,0.0,0.00026573677
1,1.0,0.99977446
0,0.0,0.00014932848
1,1.0,0.99975735
1,1.0,0.99976605
1,1.0,0.9997703
1,1.0,0.9997626
1,1.0,0.99976146
1,1.0,0.99976456
1,1.0,0.99835545
0,0.0,0.00027362694
1,1.0,0.99976057
0,0.0,0.00037382613
0,0.0,0.00031838997
1,1.0,0.9997606
1,1.0,0.9997604
0,0.0,9.320156e-05
1,1.0,0.9997579
0,0.0,0.00026741982
1,1.0,0.9997604
0,0.0,0.00015296337
0,0.0,0.000180045
0,0.0,0.00023275873
1,1.0,0.9997802
0,0.0,0.00016829357
0,0.0,9.479985e-05
1,1.0,0.99977314
1,1.0,0.99976933
1,1.0,0.9997592
0,0.0,0.00027464156
0,0.0,9.7518525e-05
1,1.0,0.9997791
0,0.0,0.0002708585
1,1.0,0.9997608
1,1.0,0.99977094
1,1.0,0.9997628
1,1.0,0.9997573
0,0.0,0.00021385553
1,1.0,0.9997607
0,0.0,0.0004531786
0,0.0,0.00026280447
0,0.0,9.452633e-05
1,1.0,0.99978364
0,0.0,0.00012895287
1,1.0,0.9996838
0,0.0,0.00027279652
1,1.0,0.9997708
0,0.0,0.0005193952
1,1.0,0.9997915
1,1.0,0.99977213
0,0.0,0.000122037316
1,1.0,0.99976295
0,0.0,0.00024479188
1,1.0,0.99976027
0,0.0,5.947508e-05
0,0.0,0.0002449637
0,0.0,0.0002449513
1,1.0,0.9997601
1,1.0,0.9997681
0,0.0,0.00015642012
1,1.0,0.9997687
0,0.0,0.000147331
1,1.0,0.9997771
1,1.0,0.99978286
0,0.0,9.452164e-05
1,1.0,0.9997899
1,1.0,0.9997611
1,1.0,0.99976856
0,0.0,0.0005074416
1,1.0,0.99976104
1,1.0,0.99977297
1,1.0,0.9997652
1,1.0,0.9997596
1,1.0,0.9997678
0,0.0,0.00024495015
1,1.0,0.99977213
1,1.0,0.99977493
0,0.0,0.00012914276
0,0.0,0.00026351254
0,0.0,0.00015193173
0,0.0,0.00027029664
0,0.0,0.0002449527
1,1.0,0.9997689
0,0.0,0.0002747353
0,0.0,0.00017109289
1,1.0,0.99978995
1,1.0,0.9997904
1,1.0,0.9997586
1,1.0,0.9997645
1,1.0,0.9997635
0,0.0,9.752708e-05
1,1.0,0.9997652
1,1.0,0.99976295
1,1.0,0.99977106
0,0.0,0.00036934947
0,0.0,0.00023724927
1,1.0,0.9997602
0,0.0,0.00028710222
1,1.0,0.99977094
0,0.0,0.0002138176
0,0.0,0.0012739835
0,0.0,9.446118e-05
0,0.0,0.0002690948
1,1.0,0.9997652
1,1.0,0.9997708
0,0.0,0.000140739
1,1.0,0.9997694
1,1.0,0.9997597
0,0.0,9.316912e-05
0,0.0,9.757508e-05
1,1.0,0.9997686
1,1.0,0.9997732
0,0.0,0.0002621176
0,0.0,0.00026405297
1,1.0,0.9997701
1,1.0,0.99976885
0,0.0,0.0002391183
0,0.0,0.0002736254
0,0.0,0.0002744034
0,0.0,0.0005053188
0,0.0,0.00027079188
0,0.0,0.00026350576
0,0.0,0.0001778523
0,0.0,9.4754745e-05
1,1.0,0.9997675
0,0.0,0.00015570894
1,1.0,0.9997614
0,0.0,0.00022041376
1,1.0,0.9997727
1,1.0,0.99978906
0,0.0,0.00029249923
1,1.0,0.9997614
0,0.0,0.00012655962
1,1.0,0.99976045
1,1.0,0.9997641
0,0.0,0.00038565128
0,0.0,0.00027440442
1,1.0,0.99977434
1,1.0,0.9997709
0,0.0,0.00027475707
0,0.0,0.00030579205
0,0.0,0.00015633005
1,1.0,0.9997588
0,0.0,0.00026357055
0,0.0,9.4563744e-05
1,1.0,0.99918574
1,1.0,0.9997845
1,1.0,0.999779
0,0.0,0.00034849544
0,0.0,0.0003749109
0,0.0,0.0001874298
1,1.0,0.9997602
1,1.0,0.99976885
0,0.0,0.00016285271
0,0.0,0.00021625808
0,0.0,0.0006187405
0,0.0,0.00035986735
1,1.0,0.9997982
0,0.0,0.00018879531
0,0.0,0.00014191275
1,1.0,0.9997304
1,1.0,0.9997609
0,0.0,5.947837e-05
0,0.0,0.00017112502
1,1.0,0.99976504
1,1.0,0.999765
0,0.0,0.00024196832
0,0.0,0.000641245
1,1.0,0.99977463
0,0.0,0.0002568492
0,0.0,0.00026892195
1,1.0,0.99977434
1,1.0,0.99976444
0,0.0,0.00015930105
0,0.0,0.00024628337
0,0.0,0.00043362755
0,0.0,0.00037305002
0,0.0,0.0001864852
1,1.0,0.99975926
0,0.0,0.00024683366
1,1.0,0.99976474
0,0.0,0.0002717628
1,1.0,0.9997732
0,0.0,0.00014407757
0,0.0,9.5010255e-05
0,0.0,0.0008964467
0,0.0,0.00019895061
1,1.0,0.99977213
1,1.0,0.9998367
0,0.0,9.448874e-05
1,1.0,0.99977255
0,0.0,0.00025456335
1,1.0,0.9997602
0,0.0,0.0001971258
0,0.0,0.00026349872
1,1.0,0.999757
0,0.0,0.00026031348
0,0.0,0.00030471673
0,0.0,0.0006441235
0,0.0,9.341902e-05
0,0.0,0.00025467988
1,1.0,0.9997699
0,0.0,0.00038561836
0,0.0,0.00015051472
0,0.0,0.00027418055
0,0.0,0.0003485343
1,1.0,0.9997699
1,1.0,0.99976534
0,0.0,0.0003158438
1,1.0,0.998714
1,1.0,0.999761
1,1.0,0.99977094
1,1.0,0.9997657
0,0.0,0.00049310457
1,1.0,0.99976885
1,1.0,0.9997662
0,0.0,0.0003413289
0,0.0,0.0002448077
0,0.0,9.760178e-05
0,0.0,0.0002327281
0,0.0,0.00016309807
1,1.0,0.9997617
1,1.0,0.99977195
1,1.0,0.99903184
1,1.0,0.998369
1,1.0,0.9997719
0,0.0,0.00031746007
1,1.0,0.9997688
0,0.0,0.00037536884
0,0.0,9.750263e-05
1,1.0,0.99976355
0,0.0,0.0002674257
0,0.0,0.00026211535
1,1.0,0.9997689
0,0.0,0.0002728142
0,0.0,0.00015657202
0,0.0,0.000188674
0,0.0,0.0002741753
1,1.0,0.9997717
1,1.0,0.99976856
0,0.0,0.00013888435
0,0.0,0.0003223314
1,1.0,0.9997569
1,1.0,0.99976933
1,1.0,0.9997649
1,1.0,0.9997755
0,0.0,9.760011e-05
0,0.0,0.00016272774
1,1.0,0.99976826
0,0.0,0.0002747513
0,0.0,5.226697e-05
1,1.0,0.9997632
0,0.0,0.00023477807
1,1.0,0.9997732
1,1.0,0.9997685
0,0.0,9.4779956e-05
0,0.0,0.00026930834
1,1.0,0.999775
0,0.0,0.00014685538
1,1.0,0.99977255
1,1.0,0.9997722
1,1.0,0.99977165
0,0.0,9.753499e-05
0,0.0,0.0002761579
0,0.0,0.00024533228
1,1.0,0.99891406
1,1.0,0.99976164
0,0.0,0.00037890568
0,0.0,5.227454e-05
1,1.0,0.9997729
1,1.0,0.99984
1,1.0,0.99977446
1,1.0,0.99975777
1,1.0,0.9997662
0,0.0,0.00026548427
0,0.0,0.0003150516
1,1.0,0.9997615
1,1.0,0.9997719
1,1.0,0.9997573
1,1.0,0.9997727
0,0.0,9.471544e-05
1,1.0,0.9997688
1,1.0,0.99976695
0,0.0,5.2143903e-05
1,1.0,0.9997792
1,1.0,0.9997761
0,0.0,0.0003078185
1,1.0,0.9988571
0,0.0,0.0002545677
0,0.0,0.0005733993
1,1.0,0.99976236
1,1.0,0.9997733
0,0.0,0.00019895309
0,0.0,0.00027474947
0,0.0,5.2139127e-05
1,1.0,0.9997666
1,1.0,0.99976224
1,1.0,0.9997852
0,0.0,0.0003223523
1,1.0,0.9997693
0,0.0,0.0032862406
0,0.0,0.00037047136
0,0.0,0.00027281628
0,0.0,0.00027364132
1,1.0,0.99976164
0,0.0,0.00032111863
1,1.0,0.99975973
1,1.0,0.9997713
1,1.0,0.9997723
0,0.0,0.00032392872
0,0.0,5.947803e-05
0,0.0,0.00037278252
1,1.0,0.99975926
0,0.0,0.00027192038
1,1.0,0.99976856
0,0.0,0.0002327321
0,0.0,9.451452e-05
1,1.0,0.9997599
0,0.0,0.000349961
0,0.0,0.00012909425
1,1.0,0.9997601
1,1.0,0.9995271
0,0.0,0.00019494059
1,1.0,0.9997636
1,1.0,0.9997723
0,0.0,0.00034245942
1,1.0,0.99976236
1,1.0,0.99976194
0,0.0,0.00061851
0,0.0,0.00029114707
1,1.0,0.99977946
1,1.0,0.9997607
0,0.0,0.0002684598
0,0.0,0.00015263146
0,0.0,0.00029249702
0,0.0,9.4474606e-05
1,1.0,0.99975723
0,0.0,0.00036950107
1,1.0,0.9997613
1,1.0,0.9997616
1,1.0,0.9997719
1,1.0,0.99975973
1,1.0,0.9997775
0,0.0,0.00032231637
1,1.0,0.99977887
0,0.0,0.00027902066
0,0.0,0.00025534653
0,0.0,0.00024074041
1,1.0,0.9997564
1,1.0,0.9997569
0,0.0,0.00024495414
1,1.0,0.99977094
1,1.0,0.9997656
0,0.0,0.00027085666
0,0.0,0.0002741382
1,1.0,0.99975884
0,0.0,0.00064413087
1,1.0,0.9997657
1,1.0,0.99976254
0,0.0,0.00022514527
1,1.0,0.99976265
1,1.0,0.99976254
0,0.0,0.00023479329
0,0.0,0.0014167778
1,1.0,0.9997571
1,1.0,0.99975896
1,1.0,0.9997711
0,0.0,0.0004883189
0,0.0,0.00032161895
0,0.0,0.00014315867
1,1.0,0.99978745
0,0.0,0.00012911763
1,1.0,0.99977165
1,1.0,0.99975896
1,1.0,0.9997576
0,0.0,0.00030562736
1,1.0,0.99975705
0,0.0,0.00014073202
1,1.0,0.9997911
0,0.0,0.00018895848
0,0.0,5.9432045e-05
0,0.0,0.0001511017
0,0.0,0.00014262169
1,1.0,0.999761
0,0.0,0.0003433314
1,1.0,0.9997698
1,1.0,0.9997916
1,1.0,0.99976164
0,0.0,0.00027279728
0,0.0,0.00027363087
0,0.0,9.758104e-05
0,0.0,0.00024670307
1,1.0,0.99976534
0,0.0,5.21826e-05
0,0.0,0.000292862
0,0.0,0.0003259019
0,0.0,0.00017393411
0,0.0,0.00023275161
1,1.0,0.99976856
1,1.0,0.999771
0,0.0,0.00024251547
1,1.0,0.999761
1,1.0,0.9997627
0,0.0,0.00027781498
1,1.0,0.9997607
1,1.0,0.99977213
0,0.0,0.00032521226
1,1.0,0.99937797
0,0.0,0.00026437998
0,0.0,0.00047316874
1,1.0,0.99940866
1,1.0,0.9997719
0,0.0,0.00020497112
0,0.0,0.00027615103
0,0.0,9.753462e-05
1,1.0,0.9997749
1,1.0,0.9997644
0,0.0,0.0012732132
1,1.0,0.99911124
0,0.0,0.0002747188
0,0.0,0.0011001123
1,1.0,0.99977237
0,0.0,0.00023826236
1,1.0,0.99976945
0,0.0,0.00027088355
1,1.0,0.9997597
0,0.0,0.00013885123
1,1.0,0.99976313
0,0.0,0.00026741446
1,1.0,0.999772
0,0.0,0.00035971642
0,0.0,0.00028559688
1,1.0,0.99977636
0,0.0,9.466417e-05
0,0.0,0.00016635876
0,0.0,0.00012658558
1,1.0,0.9997703
1,1.0,0.99977446
1,1.0,0.9997632
0,0.0,0.00015041888
0,0.0,0.00017325032
0,0.0,0.0002942569
0,0.0,0.00026225805
1,1.0,0.9997643
1,1.0,0.99976057
1,1.0,0.9997875
1,1.0,0.999764
1,1.0,0.9997701
0,0.0,0.00024481074
1,1.0,0.99977547
1,1.0,0.9997693
0,0.0,0.0002761376
0,0.0,0.00018878613
1,1.0,0.9997725
1,1.0,0.99976546
0,0.0,0.00026548986
1,1.0,0.99976146
1,1.0,0.9997629
1,1.0,0.9997711
0,0.0,0.00023314141
0,0.0,0.0002746819
1,1.0,0.99976486
0,0.0,0.00031585497
0,0.0,0.00033814975
0,0.0,0.00034828053
1,1.0,0.9997599
1,1.0,0.99976265
1,1.0,0.9995474
0,0.0,0.00015039952
1,1.0,0.99976224
1,1.0,0.99976766
1,1.0,0.99977446
1,1.0,0.99977505
0,0.0,0.00050542527
0,0.0,0.00024683107
0,0.0,0.00023584983
0,0.0,5.946958e-05
0,0.0,0.00025976208
0,0.0,0.00036014346
1,1.0,0.9997589
0,0.0,0.00013969987
0,0.0,0.0005818961
0,0.0,0.0005413566
0,0.0,0.00020495997
0,0.0,0.00018742142
1,1.0,0.9997638
1,1.0,0.999765
0,0.0,0.00023315097
0,0.0,9.500681e-05
1,1.0,0.99977195
0,0.0,0.00027141406
1,1.0,0.99977225
1,1.0,0.99976563
1,1.0,0.99976003
0,0.0,0.00026869355
1,1.0,0.99975944
1,1.0,0.999771
0,0.0,0.00020181303
0,0.0,0.00032193834
0,0.0,0.00027475733
0,0.0,0.00064290856
1,1.0,0.9997689
1,1.0,0.9997834
1,1.0,0.99976206
0,0.0,0.00012061249
1,1.0,0.99976057
0,0.0,0.0004906916
1,1.0,0.99976355
0,0.0,0.00026358615
1,1.0,0.9997659
0,0.0,0.00016833017
1,1.0,0.9997614
0,0.0,0.00015051731
1,1.0,0.99976265
1,1.0,0.99977744
0,0.0,0.00025647256
0,0.0,0.00027085977
0,0.0,0.00027415546
0,0.0,0.00014261979
1,1.0,0.99977356
1,1.0,0.9997653
1,1.0,0.99979264
1,1.0,0.99976146
0,0.0,0.00026611632
1,1.0,0.999528
0,0.0,0.0001782827
0,0.0,0.00027416748
0,0.0,0.0003252042
1,1.0,0.99977154
1,1.0,0.9997649
1,1.0,0.9997718
0,0.0,0.00013896913
0,0.0,9.913041e-05
1,1.0,0.9997569
1,1.0,0.9997598
1,1.0,0.99976116
1,1.0,0.9997572
0,0.0,0.00024480795
1,1.0,0.9997686
0,0.0,0.0002736314
0,0.0,0.00034074823
1,1.0,0.99976164
1,1.0,0.99975884
0,0.0,0.00027416463
1,1.0,0.9997788
0,0.0,0.0003477656
0,0.0,5.234438e-05
1,1.0,0.9997597
0,0.0,0.00040646593
1,1.0,0.99976957
1,1.0,0.9993677
1,1.0,0.9997622
0,0.0,0.0003136721
1,1.0,0.9997732
0,0.0,0.00027476987
1,1.0,0.99978954
1,1.0,0.99975824
1,1.0,0.9997576
1,1.0,0.9997702
1,1.0,0.9997716
1,1.0,0.9997721
0,0.0,0.00014411907
0,0.0,0.00024532177
0,0.0,0.00037543624
1,1.0,0.9997684
0,0.0,0.00036544053
0,0.0,0.0002546806
0,0.0,0.00030327338
0,0.0,0.00015307836
0,0.0,0.00027280147
0,0.0,0.00032076339
0,0.0,0.0001683276
0,0.0,9.318565e-05
0,0.0,0.00025355615
1,1.0,0.9997896
1,1.0,0.99976885
1,1.0,0.9997747
0,0.0,0.0006407438
0,0.0,0.00013445962
0,0.0,0.00028620852
1,1.0,0.9992142
1,1.0,0.99976283
0,0.0,9.479352e-05
0,0.0,0.00015109926
0,0.0,0.00013274097
1,1.0,0.9997626
0,0.0,0.0002736191
0,0.0,0.0002714138
0,0.0,0.0001573803
1,1.0,0.99977064
1,1.0,0.9997705
1,1.0,0.99976075
0,0.0,0.0004310936
0,0.0,0.0023276273
1,1.0,0.9997659
1,1.0,0.99976194
1,1.0,0.9997845
1,1.0,0.99975973
0,0.0,0.00012271202
1,1.0,0.9997681
0,0.0,5.213346e-05
0,0.0,0.00021280049
1,1.0,0.9997572
1,1.0,0.99976057
0,0.0,0.0003666125
0,0.0,0.00033602334
0,0.0,0.0002468346
0,0.0,0.0003153407
0,0.0,9.758262e-05
1,1.0,0.9997707
1,1.0,0.9997681
1,1.0,0.9997693
1,1.0,0.99976885
1,1.0,0.9997689
1,1.0,0.9997804
1,1.0,0.9997684
0,0.0,0.0002741829
0,0.0,0.00027030127
0,0.0,0.00024701777
1,1.0,0.99977237
1,1.0,0.99977094
0,0.0,0.0002533969
0,0.0,0.00026370556
0,0.0,0.00031362573
0,0.0,0.00027472115
0,0.0,0.0002708546
0,0.0,5.2132615e-05
0,0.0,0.00014626927
0,0.0,0.00012901622
1,1.0,0.9997684
0,0.0,0.0006411206
1,1.0,0.9997683
0,0.0,0.00014666507
0,0.0,0.00024395423
0,0.0,0.0002568188
0,0.0,0.00023583972
1,1.0,0.9997686
0,0.0,0.0002714099
0,0.0,0.00023478277
1,1.0,0.99978876
0,0.0,0.00015356211
1,1.0,0.9997604
1,1.0,0.99976844
0,0.0,0.00012907233
1,1.0,0.9997722
0,0.0,0.00032195888
1,1.0,0.99976254
1,1.0,0.99975735
1,1.0,0.9997592
1,1.0,0.99976194
1,1.0,0.99976844
1,1.0,0.99977237
1,1.0,0.99976873
0,0.0,0.00038495613
1,1.0,0.99902993
1,1.0,0.999758
0,0.0,0.00015730152
0,0.0,0.00027152558
1,1.0,0.99976796
1,1.0,0.9997689
1,1.0,0.9997677
0,0.0,0.00023586895
1,1.0,0.99976194
0,0.0,0.000352856
1,1.0,0.9997848
0,0.0,0.00037906173
1,1.0,0.99942344
0,0.0,0.00018865423
1,1.0,0.99977493
0,0.0,0.00033424993
1,1.0,0.99976844
0,0.0,0.00014424033
0,0.0,0.00019522128
0,0.0,9.469902e-05
1,1.0,0.99976975
1,1.0,0.9997621
1,1.0,0.9997751
0,0.0,5.2149124e-05
0,0.0,0.00030831076
0,0.0,0.0002656471
1,1.0,0.99976885
1,1.0,0.9997724
0,0.0,0.00026226533
1,1.0,0.9997686
0,0.0,0.0001397028
1,1.0,0.9997692
1,1.0,0.9997658
1,1.0,0.99977595
1,1.0,0.9997577
0,0.0,0.00027084764
1,1.0,0.9997722
1,1.0,0.9997569
1,1.0,0.9997765
1,1.0,0.99976236
0,0.0,0.00033652343
1,1.0,0.9997573
1,1.0,0.9997833
1,1.0,0.9997686
0,0.0,0.00027473478
1,1.0,0.99976194
1,1.0,0.9997825
0,0.0,0.00024683552
0,0.0,0.00021634737
0,0.0,0.00026226506
0,0.0,5.2147036e-05
0,0.0,0.00018883745
1,1.0,0.99976337
1,1.0,0.9997622
0,0.0,0.00026352785
0,0.0,0.00033891597
1,1.0,0.9997629
0,0.0,0.00027410267
0,0.0,0.00017642339
0,0.0,0.00015659232
0,0.0,0.00025469396
1,1.0,0.99976724
1,1.0,0.99976593
0,0.0,0.00027140914
1,1.0,0.99976367
1,1.0,0.9993967
0,0.0,0.00035774332
0,0.0,0.00017533233
0,0.0,0.0014056528
0,0.0,0.00020763566
1,1.0,0.99976814
0,0.0,0.0003569686
0,0.0,0.00014715675
0,0.0,0.00029342767
0,0.0,0.0001889664
1,1.0,0.9997649
0,0.0,0.00013991608
1,1.0,0.9997574
0,0.0,0.00013822572
0,0.0,0.00035758718
0,0.0,0.00045948656
0,0.0,0.00028250928
1,1.0,0.99977064
1,1.0,0.999768
0,0.0,0.00053704524
0,0.0,0.00026742773
0,0.0,0.00038441207
1,1.0,0.9997697
1,1.0,0.99977237
1,1.0,0.99977005
0,0.0,0.00026031048
0,0.0,0.00015535524
0,0.0,0.00036130668
1,1.0,0.99976194
0,0.0,9.919273e-05
1,1.0,0.9997668
0,0.0,0.0002674313
1,1.0,0.9997625
1,1.0,0.99977535
0,0.0,0.00024683343
0,0.0,0.00024148134
0,0.0,0.00018003488
0,0.0,0.00024251454
1,1.0,0.9997689
1,1.0,0.99976975
1,1.0,0.9997576
1,1.0,0.99976367
1,1.0,0.9997718
0,0.0,0.00026839375
0,0.0,0.0003746751
1,1.0,0.999759
1,1.0,0.9997717
1,1.0,0.99976975
1,1.0,0.99975944
1,1.0,0.9997615
1,1.0,0.99976325
0,0.0,0.000275956
1,1.0,0.99975824
0,0.0,9.4930656e-05
1,1.0,0.9997623
1,1.0,0.99976027
0,0.0,0.0003277858
1,1.0,0.99911225
1,1.0,0.9997638
0,0.0,0.00014261626
1,1.0,0.9997899
0,0.0,0.0003277802
1,1.0,0.99976885
0,0.0,5.947576e-05
0,0.0,0.0006697851
0,0.0,5.9468955e-05
1,1.0,0.9997682
1,1.0,0.9997798
1,1.0,0.99977213
0,0.0,0.0002603177
0,0.0,0.0003228121
0,0.0,0.0002453234
1,1.0,0.9997738
0,0.0,0.00027029868
1,1.0,0.99976176
0,0.0,0.00015524241
1,1.0,0.9997583
1,1.0,0.99943787
0,0.0,0.00015266816
0,0.0,0.0005333305
1,1.0,0.9997687
0,0.0,0.00016408875
0,0.0,9.463185e-05
0,0.0,0.00026854812
0,0.0,0.00035307222
1,1.0,0.9997686
1,1.0,0.9997821
1,1.0,0.9997579
0,0.0,0.00027614893
0,0.0,0.00045246034
1,1.0,0.99976003
0,0.0,0.0002736439
1,1.0,0.9997749
0,0.0,0.00027614762
0,0.0,0.00026885196
0,0.0,9.759574e-05
0,0.0,0.00013853147
1,1.0,0.999765
0,0.0,0.00015579865
0,0.0,0.00027363634
1,1.0,0.9997611
0,0.0,0.00023732011
1,1.0,0.9997606
1,1.0,0.9997624
0,0.0,0.00019436968
0,0.0,0.0002654982
0,0.0,9.477869e-05
0,0.0,0.00034822262
0,0.0,0.00023693372
1,1.0,0.9997736
1,1.0,0.9997593
0,0.0,0.00024496394
1,1.0,0.99976104
0,0.0,0.00023273674
1,1.0,0.99976385
1,1.0,0.99976337
1,1.0,0.9997591
1,1.0,0.9997596
1,1.0,0.9997667
1,1.0,0.9997695
0,0.0,0.00024534023
1,1.0,0.9997649
0,0.0,5.2101204e-05
0,0.0,0.00027418107
0,0.0,9.757918e-05
1,1.0,0.9997568
1,1.0,0.9997689
1,1.0,0.99976236
0,0.0,0.0014076488
0,0.0,0.00017118524
0,0.0,0.00014691518
0,0.0,0.0003094365
1,1.0,0.99976516
0,0.0,0.0002871192
0,0.0,0.00013862422
1,1.0,0.9997652
1,1.0,0.9997602
1,1.0,0.99976265
1,1.0,0.9997694
0,0.0,0.00027897756
0,0.0,0.00054534286
0,0.0,0.0003408608
1,1.0,0.9997613
0,0.0,5.2141215e-05
0,0.0,0.00024920332
1,1.0,0.99977547
0,0.0,0.0002654848
0,0.0,0.00027178045
0,0.0,9.4712006e-05
0,0.0,0.00018649374
1,1.0,0.99976134
1,1.0,0.99970645
1,1.0,0.9998066
0,0.0,0.00013731915
1,1.0,0.9998051
0,0.0,0.00015271445
0,0.0,0.00016548182
1,1.0,0.9998039
1,1.0,0.999804
1,1.0,0.999805
0,0.0,0.00011397721
0,0.0,0.00011826254
1,1.0,0.9998122
1,1.0,0.99778485
1,1.0,0.9998047
0,0.0,0.00010542766
0,0.0,0.00016982642
0,0.0,0.00015066177
1,1.0,0.9998095
0,0.0,0.00021595228
1,1.0,0.9998124
0,0.0,0.00017533785
0,0.0,0.00017985336
0,0.0,0.00017322772
0,0.0,0.00013867024
0,0.0,0.00017876938
0,0.0,0.00019360265
0,0.0,0.00017598353
0,0.0,0.00025488585
0,0.0,0.00033176286
0,0.0,0.00020526879
1,1.0,0.9998046
0,0.0,0.00024826752
1,1.0,0.999805
0,0.0,0.0002504906
0,0.0,0.00015693119
1,1.0,0.9998048
1,1.0,0.9998123
1,1.0,0.99981314
0,0.0,0.000268448
1,1.0,0.99980974
0,0.0,0.00027340217
0,0.0,0.000272568
1,1.0,0.9998126
1,1.0,0.99981153
0,0.0,0.0001798717
0,0.0,0.00017918494
1,1.0,0.9998121
0,0.0,0.00021324448
0,0.0,0.00017581515
1,1.0,0.99981004
1,1.0,0.999805
1,1.0,0.9998065
1,1.0,0.99981034
0,0.0,0.000111618065
1,1.0,0.9998079
0,0.0,0.00017816001
0,0.0,9.571866e-05
1,1.0,0.99982077
0,0.0,0.00018003522
0,0.0,0.0002157537
0,0.0,0.00021277045
1,1.0,0.9998019
1,1.0,0.99980897
1,1.0,0.9998049
1,1.0,0.9998057
1,1.0,0.99980843
1,1.0,0.9998115
1,1.0,0.9998006
0,0.0,0.00015270428
1,1.0,0.9998126
0,0.0,0.0002575967
1,1.0,0.9998116
0,0.0,0.000177218
0,0.0,0.00020516236
1,1.0,0.99979895
1,1.0,0.9998045
1,1.0,0.9998127
1,1.0,0.9998066
0,0.0,0.00014933675
0,0.0,0.0003315946
1,1.0,0.99981284
1,1.0,0.9998127
1,1.0,0.9998052
1,1.0,0.9998039
1,1.0,0.99895483
1,1.0,0.9998045
1,1.0,0.99980557
0,0.0,0.00013735935
1,1.0,0.99980205
0,0.0,0.00015722385
1,1.0,0.9998097
0,0.0,0.00027182265
1,1.0,0.9998118
1,1.0,0.9998085
0,0.0,0.00011387031
0,0.0,0.00014917635
1,1.0,0.99980974
0,0.0,9.557829e-05
1,1.0,0.9994909
0,0.0,5.52822e-05
0,0.0,0.00017540339
0,0.0,0.00033172837
0,0.0,0.00025535995
1,1.0,0.9998126
1,1.0,0.9998048
1,1.0,0.9998054
0,0.0,0.00016186839
1,1.0,0.99981314
1,1.0,0.9998105
1,1.0,0.99847233
1,1.0,0.99981177
0,0.0,0.00018573545
0,0.0,0.00014135729
0,0.0,0.0001710733
0,0.0,0.00010506575
0,0.0,0.00021089951
0,0.0,0.00022209637
0,0.0,0.00019118433
0,0.0,0.00024916764
0,0.0,0.00017632889
1,1.0,0.99981165
1,1.0,0.9998047
1,1.0,0.99980223
1,1.0,0.99980974
0,0.0,0.00018754457
1,1.0,0.9998138
1,1.0,0.99981195
0,0.0,0.0001798525
1,1.0,0.9998128
0,0.0,0.00020084727
0,0.0,0.00019504139
0,0.0,0.00027732595
1,1.0,0.999805
1,1.0,0.99981266
1,1.0,0.99981195
0,0.0,0.00020465319
1,1.0,0.99981046
1,1.0,0.9998121
0,0.0,0.00019008409
0,0.0,0.00017656072
0,0.0,0.00017487201
1,1.0,0.99981266
1,1.0,0.9998053
1,1.0,0.9998127
0,0.0,0.00058738363
0,0.0,0.00017656763
1,1.0,0.9997965
0,0.0,0.00025913527
1,1.0,0.99980444
0,0.0,0.000729348
1,1.0,0.9998124
1,1.0,0.99981093
1,1.0,0.99981093
0,0.0,0.00033177363
1,1.0,0.9993541
1,1.0,0.9998138
1,1.0,0.9998001
1,1.0,0.9998068
0,0.0,0.0002673334
1,1.0,0.999805
0,0.0,0.00012880588
0,0.0,9.586399e-05
1,1.0,0.9998049
0,0.0,0.00016053069
0,0.0,5.4985772e-05
0,0.0,0.00021827556
1,1.0,0.9998128
1,1.0,0.99912673
0,0.0,0.00020129204
0,0.0,0.00013983234
0,0.0,9.562406e-05
0,0.0,0.00017327296
1,1.0,0.99980164
1,1.0,0.99980193
0,0.0,0.00019379548
0,0.0,0.00010229722
1,1.0,0.9998127
0,0.0,0.00014462195
0,0.0,0.00017656005
1,1.0,0.99981326
0,0.0,9.577708e-05
0,0.0,9.560974e-05
0,0.0,0.00027354193
1,1.0,0.999807
1,1.0,0.9998066
1,1.0,0.9998127
1,1.0,0.9998132
0,0.0,0.000109402434
1,1.0,0.99980503
0,0.0,0.00014444113
1,1.0,0.9998126
0,0.0,0.000118897326
0,0.0,0.00014804612
0,0.0,0.00014136551
0,0.0,9.575746e-05
0,0.0,0.0001572207
1,1.0,0.9998088
1,1.0,0.9998118
0,0.0,0.00017524292
1,1.0,0.9998127
0,0.0,0.00043705956
1,1.0,0.99980974
0,0.0,0.000255385
0,0.0,0.00019198883
1,1.0,0.9998109
0,0.0,0.00028140342
1,1.0,0.9998117
0,0.0,0.00017907034
0,0.0,0.00011160753
1,1.0,0.9998117
1,1.0,0.999806
0,0.0,0.000737843
0,0.0,0.0001491034
0,0.0,0.0004999032
0,0.0,0.00047489683
1,1.0,0.9998016
1,1.0,0.99981093
0,0.0,0.00030406436
1,1.0,0.99980515
0,0.0,0.00025048628
0,0.0,0.00017876392
1,1.0,0.9998039
1,1.0,0.9998137
1,1.0,0.9998128
1,1.0,0.9998128
0,0.0,0.00025005775
1,1.0,0.9997517
1,1.0,0.99980557
0,0.0,0.00018795436
1,1.0,0.99981374
1,1.0,0.9998119
1,1.0,0.99980986
1,1.0,0.9998116
1,1.0,0.9998051
0,0.0,0.00042725325
1,1.0,0.99980813
0,0.0,0.00015238977
0,0.0,0.00017732973
0,0.0,0.00016929064
0,0.0,0.00010854897
0,0.0,0.00015320773
0,0.0,0.001055191
0,0.0,0.00018172438
1,1.0,0.9998139
1,1.0,0.9998118
1,1.0,0.99980104
0,0.0,0.00017124662
0,0.0,0.00042813044
0,0.0,0.00017418622
1,1.0,0.99981165
1,1.0,0.9998131
0,0.0,9.563545e-05
1,1.0,0.99979615
1,1.0,0.99981254
0,0.0,0.0004271759
1,1.0,0.9998125
1,1.0,0.9998067
0,0.0,0.00020711009
1,1.0,0.99981123
1,1.0,0.9998087
1,1.0,0.99981076
0,0.0,0.00013839707
0,0.0,0.00014057498
1,1.0,0.99980944
0,0.0,0.00017541075
0,0.0,0.00021363723
0,0.0,0.00019755047
1,1.0,0.9998134
0,0.0,0.00018591831
1,1.0,0.9998126
1,1.0,0.9998044
1,1.0,0.9998096
1,1.0,0.9998048
0,0.0,0.0002063158
1,1.0,0.9998135
0,0.0,0.000117728756
0,0.0,0.00017163617
1,1.0,0.9998066
1,1.0,0.9998056
1,1.0,0.99980485
1,1.0,0.99981165
0,0.0,0.00018655385
0,0.0,0.00017815628
1,1.0,0.9998017
0,0.0,0.00025966202
0,0.0,0.0005905122
1,1.0,0.999805
0,0.0,0.000263229
1,1.0,0.99980986
1,1.0,0.99980485
0,0.0,0.0001572111
0,0.0,0.00017655751
1,1.0,0.99980634
1,1.0,0.9998072
0,0.0,0.000117584714
0,0.0,0.00012989686
1,1.0,0.99979943
0,0.0,0.00058997335
1,1.0,0.99980676
1,1.0,0.9998021
1,1.0,0.99981153
0,0.0,0.00020017925
0,0.0,0.00017322655
1,1.0,0.99673164
0,0.0,0.00020460188
1,1.0,0.99980074
0,0.0,0.00017723134
0,0.0,5.5309094e-05
1,1.0,0.99980974
1,1.0,0.9997976
0,0.0,0.00017595333
1,1.0,0.9998126
0,0.0,9.591336e-05
0,0.0,0.00027348113
0,0.0,0.00020087388
1,1.0,0.99980515
0,0.0,0.00017655903
0,0.0,0.00017598856
1,1.0,0.99981356
0,0.0,0.0001572699
0,0.0,0.0004281186
0,0.0,0.00015710441
0,0.0,0.00017733513
0,0.0,0.00010619549
0,0.0,0.0001961645
1,1.0,0.9998099
1,1.0,0.9997101
0,0.0,0.00017524225
0,0.0,0.00013266099
1,1.0,0.99979687
0,0.0,0.0001612345
0,0.0,0.00017600668
0,0.0,0.0001732249
0,0.0,0.00017579754
1,1.0,0.9998049
1,1.0,0.9998103
1,1.0,0.99981123
0,0.0,5.498378e-05
1,1.0,0.9998118
1,1.0,0.99981344
0,0.0,0.000304069
1,1.0,0.9993279
0,0.0,0.00019740399
0,0.0,0.0002734793
1,1.0,0.9998111
0,0.0,0.00020512557
1,1.0,0.9998042
1,1.0,0.99981105
1,1.0,0.9998124
1,1.0,0.99981254
1,1.0,0.99980867
1,1.0,0.9998066
1,1.0,0.9998123
0,0.0,0.00018613061
1,1.0,0.99980664
0,0.0,0.00021602456
1,1.0,0.9998128
1,1.0,0.999812
0,0.0,0.00014115094
0,0.0,0.0001471677
0,0.0,0.00011046476
0,0.0,9.414365e-05
0,0.0,0.00065759354
1,1.0,0.99980813
0,0.0,0.0001425544
0,0.0,0.000117570475
0,0.0,0.00033179132
0,0.0,0.00011594333
1,1.0,0.9998069
0,0.0,0.0002466678
1,1.0,0.9998048
0,0.0,0.00011381776
0,0.0,0.00017322357
1,1.0,0.9998058
1,1.0,0.99980557
0,0.0,0.0001752521
0,0.0,0.00014332436
0,0.0,0.00015719522
0,0.0,0.00017914033
1,1.0,0.99981385
1,1.0,0.99980676
1,1.0,0.99981236
0,0.0,0.00016983613
0,0.0,0.00020116732
0,0.0,0.00014018799
0,0.0,0.00018172715
1,1.0,0.99980843
1,1.0,0.99979293
0,0.0,0.00020303669
0,0.0,0.00017812755
1,1.0,0.99980974
0,0.0,5.4985143e-05
1,1.0,0.9998036
1,1.0,0.9998055
1,1.0,0.99981093
1,1.0,0.9998117
1,1.0,0.9998048
0,0.0,0.0006055791
1,1.0,0.99981254
1,1.0,0.9998138
0,0.0,0.00014484332
0,0.0,0.0001840831
1,1.0,0.9998125
1,1.0,0.9997936
0,0.0,0.0001395248
0,0.0,0.00018093026
1,1.0,0.9998099
1,1.0,0.99981207
0,0.0,0.00025485645
1,1.0,0.99980503
0,0.0,0.00015017195
0,0.0,0.0002652596
0,0.0,0.0032691981
0,0.0,0.00024386076
0,0.0,0.00020084497
1,1.0,0.9994455
1,1.0,0.9998127
0,0.0,0.00016778709
1,1.0,0.9998123
0,0.0,0.00020896854
0,0.0,0.00014330482
0,0.0,0.00019618041
1,1.0,0.9998121
1,1.0,0.99981284
1,1.0,0.997082
0,0.0,0.0002601815
1,1.0,0.9998085
0,0.0,0.00026405926
0,0.0,0.00018886589
1,1.0,0.9998121
0,0.0,0.00020031785
1,1.0,0.9998066
1,1.0,0.99980986
1,1.0,0.9998116
0,0.0,9.561485e-05
0,0.0,0.00018593142
1,1.0,0.999813
0,0.0,0.00020466979
0,0.0,0.00013555787
0,0.0,0.0001741975
1,1.0,0.9998079
1,1.0,0.99980354
1,1.0,0.9998126
1,1.0,0.9998065
0,0.0,0.00013779094
0,0.0,0.00019764432
0,0.0,0.00016929241
1,1.0,0.99980724
1,1.0,0.9998134
1,1.0,0.99981195
1,1.0,0.99981254
0,0.0,0.00016942661
1,1.0,0.9998056
0,0.0,0.0001752486
0,0.0,0.000108727465
0,0.0,0.00017524525
0,0.0,0.00026284906
1,1.0,0.9998121
1,1.0,0.9998095
1,1.0,0.9998051
1,1.0,0.9998116
1,1.0,0.999805
1,1.0,0.9998048
0,0.0,0.00020744055
0,0.0,0.00019200458
1,1.0,0.99981153
0,0.0,5.5317534e-05
0,0.0,0.00027348817
1,1.0,0.99981177
0,0.0,0.00017540321
0,0.0,0.00017656056
0,0.0,0.00017323183
0,0.0,0.00027505402
1,1.0,0.999805
0,0.0,5.534761e-05
0,0.0,0.00015017741
1,1.0,0.9998127
1,1.0,0.99980456
1,1.0,0.99981314
1,1.0,0.9998127
1,1.0,0.9997968
1,1.0,0.999805
1,1.0,0.9998101
0,0.0,0.00026408923
0,0.0,0.00018093562
1,1.0,0.99981344
0,0.0,0.00017003542
1,1.0,0.99980223
1,1.0,0.9998043
1,1.0,0.9998043
0,0.0,0.00020030755
1,1.0,0.99982697
0,0.0,0.00017723236
0,0.0,9.5812444e-05
1,1.0,0.9998012
0,0.0,0.000105993764
1,1.0,0.9998127
1,1.0,0.99981076
1,1.0,0.99964285
1,1.0,0.99980855
0,0.0,0.00014277083
1,1.0,0.99981135
0,0.0,0.00011590974
0,0.0,9.575856e-05
0,0.0,0.00016067694
1,1.0,0.99979895
0,0.0,0.00020829118
0,0.0,0.00014713152
0,0.0,0.00020430499
0,0.0,0.00011010027
1,1.0,0.99981266
1,1.0,0.99981195
0,0.0,0.00018695272
1,1.0,0.9998072
1,1.0,0.99981266
0,0.0,0.00026190974
1,1.0,0.99980927
1,1.0,0.9998066
0,0.0,0.0001754049
1,1.0,0.9998072
0,0.0,0.00018172698
0,0.0,9.5872034e-05
0,0.0,9.556461e-05
1,1.0,0.99937165
0,0.0,9.559086e-05
0,0.0,0.0001781488
0,0.0,0.00021922581
0,0.0,0.00014267775
1,1.0,0.9998119
0,0.0,0.00021480086
1,1.0,0.9998106
1,1.0,0.99979746
0,0.0,0.00020158554
1,1.0,0.99980974
0,0.0,8.236833e-05
1,1.0,0.99980557
1,1.0,0.9998128
0,0.0,0.00016982334
0,0.0,0.0002042006
1,1.0,0.9998034
0,0.0,0.000105428866
1,1.0,0.9998127
1,1.0,0.9998066
1,1.0,0.9998127
0,0.0,0.00019612857
0,0.0,0.00017398536
0,0.0,0.00015129823
0,0.0,0.00019618715
1,1.0,0.9998024
0,0.0,9.577991e-05
0,0.0,9.5511146e-05
1,1.0,0.9998072
0,0.0,0.0001698274
1,1.0,0.9998107
0,0.0,0.00017540222
1,1.0,0.9998138
0,0.0,0.00017003575
1,1.0,0.9998127
1,1.0,0.9997945
0,0.0,0.00015996379
0,0.0,0.0001505371
1,1.0,0.9998106
0,0.0,0.0002003385
0,0.0,0.00014920025
1,1.0,0.9998118
0,0.0,0.00011524263
1,1.0,0.9998081
0,0.0,0.00014838969
1,1.0,0.9992774
0,0.0,0.0001377837
1,1.0,0.99979943
0,0.0,0.000118816635
0,0.0,0.00028172822
0,0.0,0.00016982577
1,1.0,0.9998119
0,0.0,0.00014508619
1,1.0,0.99980515
1,1.0,0.9998059
0,0.0,0.00019698564
0,0.0,5.4984146e-05
1,1.0,0.99981374
1,1.0,0.99981153
1,1.0,0.99981165
1,1.0,0.9998052
0,0.0,0.00020358743
0,0.0,0.000106253436
0,0.0,5.5007382e-05
0,0.0,0.00016929951
1,1.0,0.99980533
0,0.0,0.000589502
1,1.0,0.9998052
1,1.0,0.9997922
1,1.0,0.9998127
0,0.0,0.00017875744
1,1.0,0.99980617
0,0.0,0.0001765624
0,0.0,0.00020899861
1,1.0,0.99980605
1,1.0,0.9998138
1,1.0,0.9998056
0,0.0,0.00016933614
1,1.0,0.9985858
1,1.0,0.9998125
1,1.0,0.9998116
0,0.0,0.00020154439
1,1.0,0.9998059
0,0.0,0.00019885978
1,1.0,0.9998127
0,0.0,0.00050002406
0,0.0,0.00011524593
0,0.0,0.00017323167
0,0.0,0.00017733852
0,0.0,0.0002822081
1,1.0,0.99980927
1,1.0,0.99980545
0,0.0,5.4987977e-05
0,0.0,0.00013102767
1,1.0,0.99706775
1,1.0,0.99980915
1,1.0,0.9998118
1,1.0,0.9998118
1,1.0,0.99981284
1,1.0,0.99981284
0,0.0,0.00017723304
1,1.0,0.9998127
1,1.0,0.9998114
1,1.0,0.99981177
1,1.0,0.9998127
1,1.0,0.99981266
0,0.0,0.0001772239
1,1.0,0.99858373
0,0.0,0.0010083551
0,0.0,0.00015998546
0,0.0,9.564211e-05
0,0.0,0.0013233988
1,1.0,0.9998127
1,1.0,0.9998045
0,0.0,0.0001817216
1,1.0,0.9998063
0,0.0,0.0001618673
0,0.0,9.563153e-05
1,1.0,0.99980867
1,1.0,0.9998047
1,1.0,0.9998049
0,0.0,5.4986613e-05
1,1.0,0.9998103
0,0.0,0.000195651
0,0.0,0.0001907635
0,0.0,0.0001682785
1,1.0,0.9998119
1,1.0,0.9998056
0,0.0,0.00017599779
1,1.0,0.9998051
1,1.0,0.999806
0,0.0,0.00017322853
0,0.0,0.00020037289
0,0.0,0.0008225453
0,0.0,0.00016992408
1,1.0,0.9998137
0,0.0,0.0001791434
0,0.0,0.00021540897
1,1.0,0.99981385
1,1.0,0.99980646
1,1.0,0.999806
1,1.0,0.9998107
0,0.0,0.00016794683
1,1.0,0.9998049
0,0.0,0.00017415284
0,0.0,0.00012810074
0,0.0,0.000271696
0,0.0,0.00018172352
1,1.0,0.9998138
0,0.0,0.00030407647
1,1.0,0.99981236
1,1.0,0.9998041
1,1.0,0.9998057
0,0.0,0.00026743973
0,0.0,0.00014385258
0,0.0,0.00014799148
0,0.0,0.00014126404
1,1.0,0.99981225
0,0.0,9.563062e-05
1,1.0,0.99981153
1,1.0,0.999806
1,1.0,0.9998043
0,0.0,0.0004836628
1,1.0,0.9998054
1,1.0,0.9998051
0,0.0,0.00016930097
1,1.0,0.9998047
0,0.0,0.00017743137
1,1.0,0.9998087
0,0.0,0.00014258064
0,0.0,0.0004748887
1,1.0,0.9998061
0,0.0,0.00015703314
1,1.0,0.99776584
0,0.0,0.0003049428
0,0.0,0.00017875608
0,0.0,0.000117849166
1,1.0,0.9997403
0,0.0,0.00018727923
0,0.0,0.00017599377
0,0.0,0.0002735607
1,1.0,0.9998117
1,1.0,0.9998089
1,1.0,0.99980634
0,0.0,0.00017722661
1,1.0,0.99980927
1,1.0,0.9998047
0,0.0,0.00042821144
0,0.0,0.00017715026
0,0.0,0.0001362296
0,0.0,0.00014542665
1,1.0,0.9991498
0,0.0,0.00017904643
1,1.0,0.9998127
0,0.0,0.00013694516
0,0.0,0.0001492001
0,0.0,9.5768875e-05
1,1.0,0.9998131
1,1.0,0.9998114
0,0.0,0.0001983065
1,1.0,0.9998121
1,1.0,0.9998106
1,1.0,0.99979746
1,1.0,0.9998114
1,1.0,0.9998052
1,1.0,0.9998044
0,0.0,0.00017985268
1,1.0,0.99980295
1,1.0,0.999812
1,1.0,0.9998062
0,0.0,0.00020059921
0,0.0,0.0001326829
0,0.0,0.00014840285
0,0.0,0.00019160734
1,1.0,0.9998092
1,1.0,0.9998124
0,0.0,0.00017937929
1,1.0,0.99980927
0,0.0,0.00033180334
0,0.0,0.00011464112
0,0.0,0.00017542046
1,1.0,0.99981123
1,1.0,0.9997725
0,0.0,5.4988133e-05
1,1.0,0.99981046
1,1.0,0.99981266
1,1.0,0.99981284
0,0.0,0.0013248818
1,1.0,0.99981195
0,0.0,0.00015856983
0,0.0,0.000111328714
1,1.0,0.99980485
1,1.0,0.99980974
1,1.0,0.99981266
1,1.0,0.99980515
0,0.0,0.00017399117
1,1.0,0.99981254
1,1.0,0.9998127
1,1.0,0.9998125
1,1.0,0.9998098
0,0.0,0.00017982077
0,0.0,0.00017004304
0,0.0,0.0010169055
0,0.0,0.0032711641
0,0.0,0.00025387548
1,1.0,0.99981016
1,1.0,0.9998038
0,0.0,0.0005899559
1,1.0,0.99981165
0,0.0,9.595563e-05
0,0.0,0.0002772876
1,1.0,0.9998091
0,0.0,0.00011131216
0,0.0,0.00027356643
1,1.0,0.9998096
1,1.0,0.9998051
0,0.0,0.00017876222
0,0.0,0.00014998636
1,1.0,0.999812
1,1.0,0.99981177
0,0.0,0.0004835987
1,1.0,0.9998051
1,1.0,0.9997945
1,1.0,0.99981123
1,1.0,0.9998117
1,1.0,0.9998138
1,1.0,0.9997983
1,1.0,0.9998114
0,0.0,0.00017525078
0,0.0,0.00017722374
1,1.0,0.9998043
0,0.0,0.00015391364
0,0.0,0.0005886491
1,1.0,0.9998125
0,0.0,0.00010872975
0,0.0,0.00017875744
0,0.0,0.00026265194
0,0.0,0.00017572849
1,1.0,0.99981314
0,0.0,0.00033174767
0,0.0,5.5285465e-05
0,0.0,0.00013062921
1,1.0,0.99979955
0,0.0,0.0002665734
1,1.0,0.99981344
0,0.0,0.00020880182
0,0.0,0.00034768652
1,1.0,0.9998125
1,1.0,0.9998542
0,0.0,0.0002482566
1,1.0,0.9998112
0,0.0,0.00021440799
0,0.0,0.00017580207
0,0.0,0.00033172205
1,1.0,0.9998059
1,1.0,0.9998121
0,0.0,0.00020171223
0,0.0,0.00011751073
0,0.0,0.0015858632
0,0.0,0.00010498533
0,0.0,0.00026420612
1,1.0,0.9998108
0,0.0,0.00016054629
1,1.0,0.99980503
1,1.0,0.9998043
0,0.0,0.00042874695
1,1.0,0.9998126
1,1.0,0.99981344
1,1.0,0.9998118
1,1.0,0.99980885
1,1.0,0.99981165
1,1.0,0.99981284
0,0.0,9.735342e-05
0,0.0,0.00017655786
1,1.0,0.9997956
1,1.0,0.99981284
0,0.0,0.00017733614
1,1.0,0.9998059
0,0.0,0.0001509442
1,1.0,0.9998039
0,0.0,0.00017598957
0,0.0,0.00019972569
0,0.0,0.00018093389
0,0.0,0.00014779068
0,0.0,0.00019965124
0,0.0,0.00015856817
0,0.0,0.00027913958
0,0.0,0.00017656627
1,1.0,0.9995078
0,0.0,0.00014629132
1,1.0,0.99981374
1,1.0,0.99981254
0,0.0,0.0004998406
0,0.0,0.00019420705
1,1.0,0.9997985
0,0.0,0.0001187814
0,0.0,0.00017579821
0,0.0,0.0002613191
0,0.0,0.00016121913
0,0.0,0.00013628861
1,1.0,0.9998134
0,0.0,0.00013744255
1,1.0,0.99981326
0,0.0,0.00017907239
1,1.0,0.99981385
0,0.0,0.00017003478
1,1.0,0.99981284
1,1.0,0.99980474
1,1.0,0.99980634
1,1.0,0.99979645
0,0.0,0.00025782126
0,0.0,9.5900825e-05
0,0.0,0.00016066605
0,0.0,0.00014486238
1,1.0,0.99981356
1,1.0,0.9998098
0,0.0,0.00011748137
1,1.0,0.99980664
0,0.0,5.498357e-05
1,1.0,0.999806
1,1.0,0.9997952
0,0.0,0.00020189135
1,1.0,0.999804
0,0.0,0.00026007334
0,0.0,0.00014256746
0,0.0,0.00011878219
1,1.0,0.9994157
1,1.0,0.99981374
0,0.0,0.00017540388
1,1.0,0.99981105
1,1.0,0.9998082
0,0.0,0.00020035836
0,0.0,0.00015856636
0,0.0,0.00020418543
1,1.0,0.99980515
1,1.0,0.99981
0,0.0,0.0001759946
1,1.0,0.99980515
0,0.0,0.00011054053
0,0.0,0.00015712733
1,1.0,0.9998052
0,0.0,0.00021098723
0,0.0,0.00025966202
0,0.0,0.00014139435
1,1.0,0.9998122
0,0.0,0.00014702212
0,0.0,0.00017632266
0,0.0,0.00017745185
1,1.0,0.9998089
0,0.0,6.801698e-05
0,0.0,0.00017579502
0,0.0,0.00017396561
0,0.0,0.00018766263
1,1.0,0.99980897
0,0.0,0.00017656543
0,0.0,0.00060497917
0,0.0,0.00017070537
1,1.0,0.9998059
1,1.0,0.9998041
0,0.0,0.00017322357
0,0.0,0.0013004236
0,0.0,0.000105998006
0,0.0,0.00017400045
0,0.0,0.00012018415
1,1.0,0.99980956
1,1.0,0.99980414
1,1.0,0.9998055
1,1.0,0.99980205
1,1.0,0.99980444
0,0.0,0.0002074627
0,0.0,0.00013786624
0,0.0,0.0001961892
1,1.0,0.9990173
1,1.0,0.9997606
0,0.0,0.00025743362
1,1.0,0.9998076
1,1.0,0.9998114
0,0.0,5.527651e-05
1,1.0,0.99981177
1,1.0,0.9998055
0,0.0,0.00015094347
1,1.0,0.9998066
1,1.0,0.9998093
1,1.0,0.9998127
1,1.0,0.9998119
1,1.0,0.99980515
0,0.0,0.00017579872
0,0.0,0.00012016742
0,0.0,0.00017632906
1,1.0,0.9998066
0,0.0,0.00015997997
0,0.0,0.00019547778
1,1.0,0.99981284
0,0.0,0.0001572117
0,0.0,0.00017985405
1,1.0,0.9998057
1,1.0,0.99981207
0,0.0,5.498572e-05
0,0.0,0.00019968553
1,1.0,0.9998116
1,1.0,0.9998124
0,0.0,0.00020084956
0,0.0,0.00013246166
1,1.0,0.99981195
1,1.0,0.9998048
1,1.0,0.99981093
0,0.0,0.0004997127
1,1.0,0.99980843
0,0.0,0.00019615608
1,1.0,0.9998071
0,0.0,0.00020702995
0,0.0,0.00027153644
0,0.0,0.00017399713
1,1.0,0.99981356
0,0.0,0.00014021205
1,1.0,0.9998137
1,1.0,0.99981374
0,0.0,0.00027276063
0,0.0,0.00011133997
0,0.0,0.00011640439
0,0.0,0.00049961125
1,1.0,0.9998127
0,0.0,0.00020082275
1,1.0,0.9998083
1,1.0,0.99980533
1,1.0,0.99980676
0,0.0,0.00017430983
1,1.0,0.9998127
0,0.0,0.00049975363
1,1.0,0.9998116
0,0.0,0.00017733818
0,0.0,0.00017723608
1,1.0,0.99979776
0,0.0,0.00013197488
1,1.0,0.999805
1,1.0,0.9998128
1,1.0,0.9998121
0,0.0,0.00018172646
1,1.0,0.9998137
1,1.0,0.99980956
0,0.0,0.00026729872
0,0.0,0.0002048701
1,1.0,0.99851435
0,0.0,0.00042701565
1,1.0,0.99981153
1,1.0,0.9998134
0,0.0,0.00020983264
1,1.0,0.9998063
1,1.0,0.9998122
1,1.0,0.99981385
1,1.0,0.99981266
0,0.0,0.00016123327
0,0.0,0.00014467876
0,0.0,0.0001784562
1,1.0,0.99980974
0,0.0,0.0001572069
0,0.0,0.00014640782
1,1.0,0.9998118
0,0.0,0.00020180168
0,0.0,0.0001174349
1,1.0,0.9998136
0,0.0,5.4984514e-05
1,1.0,0.9997969
1,1.0,0.9998067
0,0.0,0.00025964298
1,1.0,0.9998048
0,0.0,0.00017743747
1,1.0,0.9998066
0,0.0,9.573536e-05
1,1.0,0.9998132
1,1.0,0.9998047
0,0.0,0.00020467622
1,1.0,0.9998137
1,1.0,0.9998043
0,0.0,0.00026015865
0,0.0,9.580541e-05
1,1.0,0.9998131
0,0.0,0.00020464053
0,0.0,0.0002042047
1,1.0,0.99980444
0,0.0,0.00027336043
1,1.0,0.99980503
1,1.0,0.9998117
1,1.0,0.9998128
0,0.0,0.0001433271
1,1.0,0.9998106
0,0.0,0.00021492298
1,1.0,0.99979687
1,1.0,0.99980825
0,0.0,0.0002538658
1,1.0,0.99981254
0,0.0,9.5810705e-05
1,1.0,0.9998089
1,1.0,0.9998108
1,1.0,0.9998136
1,1.0,0.999812
0,0.0,0.00017876255
0,0.0,0.00017597078
1,1.0,0.99981385
0,0.0,0.00012820045
0,0.0,0.00025787606
0,0.0,0.00017722712
1,1.0,0.99980086
1,1.0,0.9998043
0,0.0,0.00017598689
0,0.0,0.00011876091
0,0.0,0.0001816946
0,0.0,0.00020376455
1,1.0,0.9998124
1,1.0,0.9998118
0,0.0,0.00013967148
1,1.0,0.9998098
0,0.0,0.00020088423
1,1.0,0.99980986
1,1.0,0.99975336
1,1.0,0.9998126
1,1.0,0.9998044
0,0.0,0.00011877948
1,1.0,0.9998122
1,1.0,0.9998083
0,0.0,9.562232e-05
0,0.0,9.5857584e-05
1,1.0,0.9998094
1,1.0,0.9998118
1,1.0,0.99981195
0,0.0,0.00073053996
1,1.0,0.9998124
1,1.0,0.9998043
0,0.0,5.528979e-05
1,1.0,0.9998127
0,0.0,0.00014833451
0,0.0,0.000746306
1,1.0,0.9998076
0,0.0,0.0002822557
0,0.0,0.0001714963
0,0.0,5.492482e-05
1,1.0,0.9997982
1,1.0,0.9998061
1,1.0,0.99980474
0,0.0,0.00017875948
1,1.0,0.99981326
1,1.0,0.99981123
1,1.0,0.99981177
1,1.0,0.9998083
1,1.0,0.99981236
0,0.0,0.0002601708
0,0.0,0.00018176145
0,0.0,0.00015386654
0,0.0,5.4987817e-05
1,1.0,0.9998037
0,0.0,0.0002801765
0,0.0,0.00011384327
0,0.0,0.0001571119
0,0.0,0.00016933614
1,1.0,0.9998115
0,0.0,0.00017722222
1,1.0,0.9998072
0,0.0,9.576687e-05
1,1.0,0.999813
0,0.0,0.00018172715
1,1.0,0.99981177
1,1.0,0.9998126
1,1.0,0.9998058
1,1.0,0.999811
1,1.0,0.99980915
0,0.0,0.00017420581
1,1.0,0.99979645
1,1.0,0.99980456
1,1.0,0.9998051
1,1.0,0.9998046
0,0.0,0.00019962955
0,0.0,0.00013837198
1,1.0,0.999805
1,1.0,0.99980646
1,1.0,0.99980545
1,1.0,0.9998043
0,0.0,0.00030435465
1,1.0,0.99980354
0,0.0,5.5430643e-05
1,1.0,0.9998129
0,0.0,0.00020026746
1,1.0,0.99981076
0,0.0,0.00025420196
1,1.0,0.9998022
1,1.0,0.9998128
0,0.0,0.00019032747
1,1.0,0.99981236
0,0.0,0.00014182266
0,0.0,0.00027162628
1,1.0,0.9998047
0,0.0,0.00010626296
0,0.0,0.00015732223
1,1.0,0.997741
0,0.0,0.00017632401
1,1.0,0.9998128
1,1.0,0.99980974
0,0.0,0.00017416014
0,0.0,0.00018093165
0,0.0,0.0001771994
0,0.0,0.0008242539
1,1.0,0.99980515
1,1.0,0.9997517
0,0.0,0.0001698274
1,1.0,0.9998094
1,1.0,0.99981207
0,0.0,0.000257414
0,0.0,9.566162e-05
0,0.0,0.00017525177
0,0.0,0.0002156825
0,0.0,0.00014331698
1,1.0,0.99980974
1,1.0,0.9998089
0,0.0,0.0001967358
1,1.0,0.9998067
1,1.0,0.9998067
1,1.0,0.99981236
1,1.0,0.99876314
0,0.0,0.00014472459
0,0.0,0.00017003607
0,0.0,0.00017600013
1,1.0,0.9998066
0,0.0,0.00015690112
0,0.0,0.0003318666
1,1.0,0.99981266
0,0.0,9.578686e-05
0,0.0,0.00017335973
1,1.0,0.9998041
0,0.0,0.00020749812
1,1.0,0.9997988
1,1.0,0.9998043
1,1.0,0.99980426
1,1.0,0.9998119
1,1.0,0.9998096
0,0.0,9.578622e-05
1,1.0,0.9998051
1,1.0,0.99981153
0,0.0,0.00026171078
0,0.0,0.000101718644
0,0.0,0.00012794303
1,1.0,0.99981153
0,0.0,0.00020448954
1,1.0,0.9998099
1,1.0,0.9998046
1,1.0,0.9998041
1,1.0,0.9998127
0,0.0,0.00017323134
1,1.0,0.9998062
1,1.0,0.9998106
1,1.0,0.99979955
0,0.0,0.0001599641
0,0.0,0.00017722999
0,0.0,9.5667456e-05
0,0.0,0.00019630164
1,1.0,0.9998095
1,1.0,0.9998127
1,1.0,0.9998058
1,1.0,0.99980664
0,0.0,0.00013965683
0,0.0,0.00022102994
1,1.0,0.99980974
1,1.0,0.9998067
0,0.0,0.00030495125
1,1.0,0.9998066
0,0.0,0.00017323134
1,1.0,0.9998088
1,1.0,0.99980474
0,0.0,0.00021773178
0,0.0,0.00017752634
1,1.0,0.99981326
0,0.0,0.0002601522
1,1.0,0.9998116
1,1.0,0.9998041
0,0.0,5.4981105e-05
0,0.0,0.00014384188
0,0.0,0.00015419669
1,1.0,0.9998045
0,0.0,0.0006263942
0,0.0,5.5277036e-05
1,1.0,0.9998138
1,1.0,0.99980295
0,0.0,0.00024656527
0,0.0,0.00017745726
1,1.0,0.99938136
1,1.0,0.9998127
1,1.0,0.99981225
1,1.0,0.99981093
1,1.0,0.9998116
1,1.0,0.9997874
0,0.0,0.00049967406
1,1.0,0.9998037
1,1.0,0.99981123
1,1.0,0.9998039
0,0.0,0.00042802744
0,0.0,0.00017428608
1,1.0,0.9997966
0,0.0,0.00017701501
0,0.0,0.00011480336
1,1.0,0.99980676
1,1.0,0.9998038
0,0.0,9.555969e-05
1,1.0,0.9998094
0,0.0,0.0002773392
1,1.0,0.9998067
0,0.0,0.000117371754
0,0.0,0.00019620828
0,0.0,0.00014486404
1,1.0,0.99980956
0,0.0,0.00015999157
1,1.0,0.99980956
0,0.0,0.00042716245
1,1.0,0.99980557
0,0.0,0.00042810515
1,1.0,0.9998063
0,0.0,0.00017657167
0,0.0,0.00018535349
0,0.0,0.00015716284
0,0.0,0.00017632653
0,0.0,0.00010940181
1,1.0,0.9998106
0,0.0,0.00011784849
0,0.0,0.00017596508
1,1.0,0.99981236
1,1.0,0.99980974
1,1.0,0.99981385
0,0.0,9.567878e-05
0,0.0,0.0016564791
0,0.0,0.00018970657
0,0.0,0.0001752501
0,0.0,0.0001798561
1,1.0,0.99980515
0,0.0,0.0004284924
0,0.0,0.00027230667
1,1.0,0.99979216
0,0.0,0.00014668576
0,0.0,0.00013334434
0,0.0,0.00027591235
1,1.0,0.999804
1,1.0,0.99981266
0,0.0,0.00014833183
0,0.0,0.00017333361
1,1.0,0.99981064
1,1.0,0.9998106
0,0.0,0.00025777234
0,0.0,0.00011143748
1,1.0,0.99981123
0,0.0,0.00017323846
1,1.0,0.9998117
1,1.0,0.9998113
0,0.0,9.572825e-05
0,0.0,9.5627336e-05
0,0.0,0.0001379374
1,1.0,0.9998127
1,1.0,0.9998126
1,1.0,0.99979544
0,0.0,0.00017540222
1,1.0,0.99981356
0,0.0,0.0002176633
1,1.0,0.9998046
1,1.0,0.9998043
0,0.0,0.00019807009
0,0.0,0.00011876431
1,1.0,0.9998127
0,0.0,0.00077299704
1,1.0,0.9998127
1,1.0,0.99981266
1,1.0,0.99981374
0,0.0,0.00013972784
0,0.0,0.00013969054
0,0.0,0.00014391638
0,0.0,0.00020028694
1,1.0,0.99981284
0,0.0,0.00025008255
1,1.0,0.99979585
1,1.0,0.99980676
1,1.0,0.99809015
1,1.0,0.99981177
0,0.0,0.00017722357
1,1.0,0.9998124
1,1.0,0.9998047
1,1.0,0.9998116
1,1.0,0.9998137
0,0.0,0.00020029189
0,0.0,0.00042601937
1,1.0,0.99980724
1,1.0,0.99929816
0,0.0,5.5173285e-05
1,1.0,0.9998053
1,1.0,0.99981153
0,0.0,0.0001719943
0,0.0,0.00017906795
0,0.0,5.4924403e-05
0,0.0,0.00017743425
0,0.0,5.4985983e-05
1,1.0,0.9998353
1,1.0,0.9997432
1,1.0,0.9997999
1,1.0,0.99981093
1,1.0,0.9998128
1,1.0,0.9998127
1,1.0,0.99980915
0,0.0,0.00027321922
0,0.0,5.5316268e-05
1,1.0,0.9998021
0,0.0,0.00013795712
1,1.0,0.9998053
0,0.0,0.00017734528
0,0.0,0.00020345044
0,0.0,0.00017399697
1,1.0,0.9998129
1,1.0,0.9998134
0,0.0,0.00015998683
0,0.0,0.00017845823
0,0.0,0.0001698235
0,0.0,0.0002793326
0,0.0,0.0002089526
1,1.0,0.9998097
0,0.0,0.0005874416
1,1.0,0.9998045
1,1.0,0.99980515
1,1.0,0.99981374
1,1.0,0.9998067
1,1.0,0.9998072
0,0.0,0.00020080167
1,1.0,0.99980956
0,0.0,0.00015719162
1,1.0,0.99980605
0,0.0,0.00014507456
1,1.0,0.9998126
0,0.0,0.0001772158
1,1.0,0.9998009
0,0.0,0.00014929888
1,1.0,0.99980503
0,0.0,0.0002046571
1,1.0,0.99980295
0,0.0,0.00025757973
1,1.0,0.9998065
0,0.0,0.00017004143
0,0.0,0.00012165993
1,1.0,0.9998049
1,1.0,0.99981266
0,0.0,0.00011382015
0,0.0,5.4856042e-05
0,0.0,9.5652875e-05
1,1.0,0.9998114
0,0.0,0.0002046489
1,1.0,0.9998128
1,1.0,0.99980956
1,1.0,0.9998138
0,0.0,0.00013623519
0,0.0,0.00019173784
1,1.0,0.9998128
0,0.0,0.00024563656
1,1.0,0.9998099
1,1.0,0.9998087
0,0.0,5.498572e-05
1,1.0,0.9998104
0,0.0,0.0004526027
0,0.0,0.0009790816
0,0.0,0.00020449149
0,0.0,0.00017734089
1,1.0,0.9998047
0,0.0,5.517497e-05
1,1.0,0.99981165
1,1.0,0.9998127
1,1.0,0.99980474
0,0.0,0.00026421592
0,0.0,5.49831e-05
1,1.0,0.9998125
1,1.0,0.9998128
1,1.0,0.9998087
1,1.0,0.9998132
0,0.0,0.00010624736
1,1.0,0.99980384
0,0.0,0.00017199545
0,0.0,0.00011479898
0,0.0,0.00021169572
1,1.0,0.9998058
1,1.0,0.99980974
0,0.0,5.49864e-05
1,1.0,0.9998049
1,1.0,0.99981165
1,1.0,0.99981314
1,1.0,0.9998129
1,1.0,0.99980986
1,1.0,0.9998126
0,0.0,0.00017415234
1,1.0,0.9998117
1,1.0,0.9998127
1,1.0,0.9998066
0,0.0,0.00017876648
1,1.0,0.9998066
1,1.0,0.99981314
1,1.0,0.9998127
1,1.0,0.9998124
1,1.0,0.9998049
1,1.0,0.9998118
0,0.0,0.00010619306
0,0.0,0.0001759936
0,0.0,0.000220456
1,1.0,0.9998085
0,0.0,0.00027719428
0,0.0,5.5294007e-05
0,0.0,0.00025911996
1,1.0,0.99980533
0,0.0,0.00016123927
0,0.0,0.00016985183
1,1.0,0.9998022
0,0.0,0.0011179699
0,0.0,0.000114589435
1,1.0,0.99981254
1,1.0,0.99980944
0,0.0,0.00011875502
0,0.0,0.000107297776
1,1.0,0.99981266
1,1.0,0.9998051
1,1.0,0.9998054
1,1.0,0.99981284
1,1.0,0.9998125
0,0.0,0.00016124542
1,1.0,0.9997988
1,1.0,0.99980587
0,0.0,0.0001698248
1,1.0,0.99980587
1,1.0,0.99980503
1,1.0,0.99980503
1,1.0,0.9994808
0,0.0,0.0001588454
1,1.0,0.999812
0,0.0,0.00018446946
0,0.0,0.00021461703
1,1.0,0.99980396
1,1.0,0.9998067
0,0.0,0.00027495122
1,1.0,0.9998106
0,0.0,0.00017540473
1,1.0,0.9998135
0,0.0,0.00017650786
1,1.0,0.9998126
0,0.0,0.00016038197
0,0.0,0.00013987314
1,1.0,0.9998139
0,0.0,0.00017450706
0,0.0,5.5131262e-05
0,0.0,0.00016124418
1,1.0,0.9997874
0,0.0,0.0001962356
1,1.0,0.9998082
0,0.0,0.00021313938
0,0.0,0.0011110799
1,1.0,0.99980956
1,1.0,0.99981153
1,1.0,0.99980474
1,1.0,0.9998068
0,0.0,0.000499843
0,0.0,0.00017003283
1,1.0,0.99981165
0,0.0,9.86876e-05
1,1.0,0.99981266
1,1.0,0.9997944
1,1.0,0.9998136
1,1.0,0.999812
0,0.0,0.00017633023
0,0.0,0.00016930807
0,0.0,0.00020513359
1,1.0,0.9998103
0,0.0,0.00017072719
1,1.0,0.99980986
1,1.0,0.99981374
0,0.0,0.00014136065
0,0.0,0.00017534939
0,0.0,0.00013670797
1,1.0,0.99979997
0,0.0,0.00014509946
0,0.0,0.00017719618
1,1.0,0.9998106
1,1.0,0.9998118
0,0.0,0.00014595604
1,1.0,0.9998048
1,1.0,0.9998129
1,1.0,0.999804
0,0.0,0.00014392626
1,1.0,0.9998126
1,1.0,0.99979824
0,0.0,0.0001612265
1,1.0,0.9998051
0,0.0,0.00019892956
0,0.0,0.00019186731
0,0.0,5.498619e-05
0,0.0,0.00015130588
0,0.0,0.00025008805
1,1.0,0.9998056
1,1.0,0.99981266
1,1.0,0.9998089
1,1.0,0.9998104
1,1.0,0.99981266
1,1.0,0.9998063
1,1.0,0.99981254
1,1.0,0.9998127
0,0.0,0.0007003286
1,1.0,0.9998106
1,1.0,0.99981284
0,0.0,0.0003317113
0,0.0,0.00048283342
0,0.0,0.00017539937
1,1.0,0.99981165
0,0.0,0.0001770388
0,0.0,9.553091e-05
0,0.0,5.525964e-05
1,1.0,0.99943435
0,0.0,0.00017540222
0,0.0,9.5544754e-05
1,1.0,0.9998125
0,0.0,0.00014801632
0,0.0,0.0005901179
0,0.0,5.5428474e-05
0,0.0,5.526238e-05
1,1.0,0.99980485
0,0.0,0.00020897352
0,0.0,0.00022017033
1,1.0,0.99981385
1,1.0,0.9998127
0,0.0,9.5691365e-05
0,0.0,9.4093135e-05
0,0.0,0.00016982188
1,1.0,0.9998124
1,1.0,0.9998044
1,1.0,0.999807
0,0.0,0.00018955868
1,1.0,0.9998129
0,0.0,0.00013966789
1,1.0,0.99981207
1,1.0,0.9998065
1,1.0,0.99981254
0,0.0,0.00017876239
0,0.0,0.00014975399
0,0.0,0.00026385166
0,0.0,0.00018898622
1,1.0,0.99974513
1,1.0,0.9998089
1,1.0,0.99981344
0,0.0,0.00017598487
0,0.0,0.00025765167
1,1.0,0.99981135
1,1.0,0.99980956
0,0.0,0.00013422917
1,1.0,0.9997901
1,1.0,0.9998135
1,1.0,0.9998048
1,1.0,0.9998137
1,1.0,0.9998119
0,0.0,0.00014385271
0,0.0,0.00011158869
0,0.0,5.5308883e-05
0,0.0,0.00025950343
0,0.0,0.0002595096
0,0.0,0.00015718323
1,1.0,0.9998054
0,0.0,0.00014837441
1,1.0,0.9998009
0,0.0,0.00042742642
1,1.0,0.9998126
0,0.0,0.00017598689
1,1.0,0.9998052
1,1.0,0.9998066
0,0.0,0.012069275
0,0.0,0.000120121585
0,0.0,5.5180968e-05
1,1.0,0.9998067
1,1.0,0.9998051
0,0.0,0.0001477873
1,1.0,0.9998097
0,0.0,0.00017775719
1,1.0,0.999806
0,0.0,0.0002088074
1,1.0,0.9998127
1,1.0,0.9998047
0,0.0,0.00019294751
1,1.0,0.9998119
0,0.0,0.00015059311
0,0.0,0.00027218755
0,0.0,0.00017875574
1,1.0,0.9998126
1,1.0,0.9998053
0,0.0,0.0002184919
1,1.0,0.9998117
1,1.0,0.9998116
0,0.0,0.00013837172
1,1.0,0.9998091
0,0.0,0.00026007186
0,0.0,0.00033177744
1,1.0,0.9998137
1,1.0,0.9998124
0,0.0,0.00017734224
1,1.0,0.9998022
0,0.0,9.5560965e-05
1,1.0,0.9998127
0,0.0,0.00019385958
0,0.0,0.00019044238
0,0.0,0.00027173586
1,1.0,0.9998127
1,1.0,0.9998121
1,1.0,0.99979955
0,0.0,0.000105426254
0,0.0,0.00021385471
0,0.0,0.00017650668
0,0.0,0.0032693709
1,1.0,0.99980664
1,1.0,0.99981236
1,1.0,0.9998137
0,0.0,0.0001509203
1,1.0,0.99981284
0,0.0,0.00020084478
1,1.0,0.99980974
0,0.0,0.0001817514
0,0.0,5.527071e-05
1,1.0,0.99980813
1,1.0,0.99980646
0,0.0,0.00018171986
1,1.0,0.9998071
0,0.0,0.0001752471
1,1.0,0.99981374
1,1.0,0.99980545
0,0.0,0.00017986623
1,1.0,0.9998044
1,1.0,0.9998127
0,0.0,0.00021443826
1,1.0,0.9998056
0,0.0,0.00019234943
0,0.0,0.00017632115
0,0.0,0.00020613038
1,1.0,0.9998028
1,1.0,0.99980706
0,0.0,0.00042803885
0,0.0,0.00033179132
1,1.0,0.9998094
1,1.0,0.999813
1,1.0,0.99981076
0,0.0,0.00058947195
1,1.0,0.9998043
1,1.0,0.9998115
0,0.0,0.00020421931
0,0.0,0.00017734071
1,1.0,0.9998093
0,0.0,0.00017003283
0,0.0,0.00020745913
0,0.0,0.0001299142
1,1.0,0.9998094
1,1.0,0.9998138
0,0.0,0.00017656712
1,1.0,0.99932474
0,0.0,0.00014800602
0,0.0,0.00019631306
1,1.0,0.9993481
1,1.0,0.9998042
1,1.0,0.99979144
1,1.0,0.99981385
0,0.0,0.00017445981
0,0.0,9.5617856e-05
0,0.0,0.0004268962
0,0.0,0.00018205357
0,0.0,0.00020067382
1,1.0,0.9998074
1,1.0,0.9998117
0,0.0,9.5264004e-05
1,1.0,0.9998133
0,0.0,0.00015128395
0,0.0,9.560162e-05
1,1.0,0.99981374
0,0.0,0.00014674859
0,0.0,0.00011741956
1,1.0,0.9998088
0,0.0,0.00017599024
0,0.0,0.00027262775
0,0.0,0.00025388686
1,1.0,0.99981236
1,1.0,0.9998045
1,1.0,0.9998095
1,1.0,0.99980485
1,1.0,0.99981266
0,0.0,0.00015198898
1,1.0,0.99980706
0,0.0,0.00016916881
1,1.0,0.9998129
1,1.0,0.9998041
0,0.0,0.00015720061
0,0.0,0.0002059029
1,1.0,0.9998073
1,1.0,0.9998116
1,1.0,0.99980104
0,0.0,0.00017876801
1,1.0,0.99981135
1,1.0,0.99979585
0,0.0,0.00048359178
0,0.0,0.00013957576
1,1.0,0.9998066
0,0.0,0.00011131152
1,1.0,0.9998128
0,0.0,0.00021151674
0,0.0,0.00017540924
0,0.0,0.0004999612
1,1.0,0.999804
0,0.0,9.57507e-05
0,0.0,0.0001732249
1,1.0,0.9998038
1,1.0,0.99981177
0,0.0,0.0001394555
0,0.0,0.0002573983
0,0.0,0.00019841695
0,0.0,0.00017540524
1,1.0,0.9997968
1,1.0,0.9998048
0,0.0,0.00017849175
1,1.0,0.9998126
1,1.0,0.9998088
1,1.0,0.99979776
0,0.0,0.00017986794
1,1.0,0.9997971
1,1.0,0.99981374
1,1.0,0.999809
1,1.0,0.99980503
0,0.0,0.0010439771
0,0.0,0.00027534922
1,1.0,0.99980193
0,0.0,0.00017734173
1,1.0,0.9998079
0,0.0,0.00020899004
0,0.0,0.00014047688
0,0.0,0.00033177744
0,0.0,0.00016215202
1,1.0,0.99979275
1,1.0,0.9998126
0,0.0,0.0016050662
1,1.0,0.9998042
1,1.0,0.9998109
1,1.0,0.99980855
1,1.0,0.9998038
1,1.0,0.9998467
1,1.0,0.99980515
0,0.0,0.0002050149
0,0.0,0.00012349228
1,1.0,0.9997986
1,1.0,0.9998108
1,1.0,0.9998039
1,1.0,0.99980956
0,0.0,0.00058806007
1,1.0,0.99980485
1,1.0,0.99981123
0,0.0,0.00016931209
1,1.0,0.9998116
1,1.0,0.99981284
1,1.0,0.99981284
0,0.0,0.00042743905
0,0.0,0.00014002807
0,0.0,0.00015677848
0,0.0,0.00017399316
0,0.0,0.0001572432
1,1.0,0.9998124
1,1.0,0.99980474
1,1.0,0.9998122
1,1.0,0.999805
1,1.0,0.9998138
0,0.0,0.00017947305
0,0.0,0.00025741966
0,0.0,0.00020360026
1,1.0,0.999805
1,1.0,0.999812
1,1.0,0.9998111
0,0.0,0.0001174013
0,0.0,0.00017136421
1,1.0,0.99980444
0,0.0,0.00026421013
0,0.0,0.00042774717
0,0.0,0.00025986516
0,0.0,0.0008835344
1,1.0,0.9998128
1,1.0,0.9998051
1,1.0,0.9998044
1,1.0,0.99980646
1,1.0,0.9998137
1,1.0,0.9998127
0,0.0,5.5301076e-05
0,0.0,0.0011924971
0,0.0,0.000175955
0,0.0,0.00017656696
1,1.0,0.9998126
1,1.0,0.9998127
1,1.0,0.9998095
0,0.0,9.580998e-05
1,1.0,0.99981195
1,1.0,0.9998127
0,0.0,0.00016127294
1,1.0,0.9998059
1,1.0,0.99980456
1,1.0,0.9998128
0,0.0,0.00027460567
0,0.0,0.00017003542
0,0.0,0.0001297733
1,1.0,0.99980503
1,1.0,0.9998038
0,0.0,0.0002735435
1,1.0,0.9998089
0,0.0,0.0001572132
1,1.0,0.9998126
1,1.0,0.99981076
0,0.0,0.0002543472
1,1.0,0.9998096
0,0.0,0.00027996153
1,1.0,0.999805
1,1.0,0.9998051
1,1.0,0.9998129
1,1.0,0.99980974
0,0.0,0.0001790712
1,1.0,0.9998113
1,1.0,0.9998052
1,1.0,0.9998102
0,0.0,0.00020090374
0,0.0,0.0001732239
0,0.0,0.0004280056
0,0.0,9.571154e-05
1,1.0,0.99981207
0,0.0,9.5780095e-05
0,0.0,0.0001438519
1,1.0,0.99980974
0,0.0,0.0001377761
1,1.0,0.999805
1,1.0,0.99981165
1,1.0,0.9998127
0,0.0,0.00020031651
0,0.0,0.00019544049
0,0.0,0.00033161486
1,1.0,0.99981266
0,0.0,9.721259e-05
0,0.0,0.000209003
1,1.0,0.99980456
0,0.0,0.00022416958
0,0.0,0.00019618733
0,0.0,0.0001739993
0,0.0,0.000106010346
1,1.0,0.99981266
1,1.0,0.99980974
1,1.0,0.9998116
0,0.0,0.00013797237
1,1.0,0.99979955
0,0.0,0.00017733395
1,1.0,0.9998038
0,0.0,9.560764e-05
0,0.0,0.0002574479
1,1.0,0.9998085
0,0.0,0.00017985354
0,0.0,0.0004997946
1,1.0,0.99981177
0,0.0,0.0010041987
0,0.0,0.00013796987
1,1.0,0.9998052
0,0.0,0.00025541618
0,0.0,0.0002504777
0,0.0,0.00015714667
1,1.0,0.9998065
0,0.0,0.0001861647
1,1.0,0.99980515
1,1.0,0.999805
1,1.0,0.99981165
1,1.0,0.99845994
1,1.0,0.9998127
0,0.0,5.5167813e-05
0,0.0,0.0001787663
0,0.0,0.00021112649
1,1.0,0.99979675
1,1.0,0.99980974
1,1.0,0.9998104
0,0.0,0.00016204923
1,1.0,0.9998038
1,1.0,0.9998085
1,1.0,0.9998088
1,1.0,0.9998056
1,1.0,0.9997922
0,0.0,0.00011809958
1,1.0,0.99981374
1,1.0,0.9998236
0,0.0,0.00013582881
1,1.0,0.999805
1,1.0,0.9997499
1,1.0,0.9998117
0,0.0,5.5017972e-05
1,1.0,0.9998121
1,1.0,0.9998043
0,0.0,0.00010599781
0,0.0,5.514893e-05
1,1.0,0.9998103
1,1.0,0.99981153
1,1.0,0.9998042
1,1.0,0.99975073
0,0.0,0.00042841444
1,1.0,0.9993096
1,1.0,0.9998099
0,0.0,5.515203e-05
0,0.0,0.0003317945
0,0.0,0.00021997705
0,0.0,0.00047499285
1,1.0,0.99981236
1,1.0,0.99979895
0,0.0,0.00016746472
0,0.0,0.00011253942
0,0.0,0.00015709423
1,1.0,0.999757
1,1.0,0.99980074
0,0.0,0.00022563891
1,1.0,0.9998124
0,0.0,0.00017580409
1,1.0,0.999809
0,0.0,0.00042696626
1,1.0,0.9998065
0,0.0,5.4983728e-05
0,0.0,9.5762574e-05
1,1.0,0.99980485
0,0.0,0.00011478475
1,1.0,0.9998028
1,1.0,0.9998137
0,0.0,0.00035741914
1,1.0,0.99980974
0,0.0,0.00011887784
0,0.0,0.00027344286
0,0.0,0.0004269514
0,0.0,0.00016053405
0,0.0,0.00015711866
0,0.0,0.0004277164
1,1.0,0.9997483
0,0.0,0.000111610185
0,0.0,0.00018162701
1,1.0,0.9998041
0,0.0,0.00027167497
1,1.0,0.9998084
0,0.0,0.00014749954
0,0.0,9.5796175e-05
1,1.0,0.9998042
0,0.0,0.00016775046
0,0.0,0.00015131597
1,1.0,0.9997991
0,0.0,0.00016851323
1,1.0,0.9998043
1,1.0,0.99981004
0,0.0,0.00042739647
1,1.0,0.999812
0,0.0,0.0001765624
0,0.0,0.00018173616
1,1.0,0.9998121
0,0.0,0.00017578999
0,0.0,0.0007843785
0,0.0,9.575481e-05
1,1.0,0.99980724
0,0.0,8.704054e-05
1,1.0,0.99980557
1,1.0,0.99981314
0,0.0,0.00015722669
0,0.0,0.00020373736
1,1.0,0.9998009
0,0.0,0.0001773392
1,1.0,0.99980634
0,0.0,9.5714735e-05
0,0.0,0.00014706726
1,1.0,0.9998113
0,0.0,0.00011593471
1,1.0,0.9998136
1,1.0,0.99980974
1,1.0,0.9998116
0,0.0,0.000109216584
1,1.0,0.99981284
0,0.0,0.00017399166
1,1.0,0.9998116
0,0.0,0.00014934858
1,1.0,0.9998023
1,1.0,0.99980414
0,0.0,0.00015236887
0,0.0,0.00017986314
1,1.0,0.9998126
1,1.0,0.9998123
0,0.0,0.00022679131
1,1.0,0.99980825
0,0.0,0.00016983223
0,0.0,5.4987977e-05
0,0.0,0.00019483913
1,1.0,0.9998051
0,0.0,0.00025746605
0,0.0,5.5288157e-05
1,1.0,0.99981004
0,0.0,0.000119118624
0,0.0,0.00021610512
1,1.0,0.99981153
0,0.0,0.00017633561
1,1.0,0.9998056
0,0.0,0.00013781828
0,0.0,0.00017599411
1,1.0,0.999804
1,1.0,0.99980634
1,1.0,0.99980646
1,1.0,0.9998044
0,0.0,0.00014714398
0,0.0,0.00017579788
0,0.0,0.00020617775
1,1.0,0.99980444
0,0.0,0.00017875334
0,0.0,0.00016983402
1,1.0,0.99980664
1,1.0,0.99980414
0,0.0,0.00013838809
1,1.0,0.99943435
1,1.0,0.9998104
1,1.0,0.9998137
1,1.0,0.9998099
1,1.0,0.99980587
1,1.0,0.99980485
0,0.0,0.00017915879
1,1.0,0.99980706
0,0.0,0.00017656678
1,1.0,0.99980485
1,1.0,0.9998084
0,0.0,0.00017003834
1,1.0,0.9998105
1,1.0,0.9998113
1,1.0,0.9998136
0,0.0,0.00017535055
0,0.0,0.00019606989
1,1.0,0.99981195
1,1.0,0.99981153
1,1.0,0.99981356
0,0.0,0.00014811756
1,1.0,0.9998135
0,0.0,0.0001600984
0,0.0,0.00020400481
1,1.0,0.9998052
0,0.0,0.00016060342
0,0.0,0.00017193805
1,1.0,0.9998089
1,1.0,0.99981284
1,1.0,0.99971133
0,0.0,0.0001700403
0,0.0,0.0010153339
0,0.0,0.00042838458
0,0.0,0.00014302591
0,0.0,0.00010621069
1,1.0,0.99981207
1,1.0,0.9998138
1,1.0,0.9998103
1,1.0,0.9998137
1,1.0,0.9998063
0,0.0,9.832201e-05
0,0.0,0.00027722417
0,0.0,0.00013627003
1,1.0,0.99980104
0,0.0,0.00021419284
0,0.0,0.00017113073
1,1.0,0.9998053
1,1.0,0.9998046
0,0.0,0.00017656325
1,1.0,0.999801
1,1.0,0.9998039
1,1.0,0.99980664
1,1.0,0.99981266
1,1.0,0.99980503
1,1.0,0.9998093
0,0.0,0.00014466386
0,0.0,0.0001966319
1,1.0,0.99980974
0,0.0,0.00023547032
0,0.0,0.00017599545
1,1.0,0.99980515
0,0.0,0.00019299168
1,1.0,0.9998119
1,1.0,0.99981374
0,0.0,5.498677e-05
0,0.0,0.00020960989
1,1.0,0.99980325
0,0.0,0.00017912974
0,0.0,0.0023059673
0,0.0,9.557719e-05
0,0.0,0.00017018562
0,0.0,0.00019977083
1,1.0,0.99979323
1,1.0,0.9998046
1,1.0,0.9998052
1,1.0,0.99981165
1,1.0,0.9998053
1,1.0,0.99876034
1,1.0,0.999804
0,0.0,0.00017541026
1,1.0,0.9998127
1,1.0,0.99980974
1,1.0,0.9998038
1,1.0,0.9998097
1,1.0,0.9998089
0,0.0,9.546406e-05
0,0.0,0.00018171796
1,1.0,0.9998121
1,1.0,0.99980396
1,1.0,0.9998043
0,0.0,0.0003317945
1,1.0,0.99981207
0,0.0,0.00015716074
1,1.0,0.99981177
1,1.0,0.99980515
0,0.0,0.0001413577
0,0.0,0.0009425779
1,1.0,0.9998099
1,1.0,0.99981177
1,1.0,0.9998127
0,0.0,0.0004278198
1,1.0,0.9998062
0,0.0,0.00020258459
0,0.0,0.00013968174
1,1.0,0.99981165
0,0.0,0.00020060228
0,0.0,0.000115916475
1,1.0,0.99930817
0,0.0,9.563226e-05
0,0.0,0.00012821268
0,0.0,5.5423036e-05
1,1.0,0.99981076
0,0.0,0.00033180462
0,0.0,0.00013630952
1,1.0,0.99958634
1,1.0,0.9998098
1,1.0,0.99979955
0,0.0,0.0001491263
0,0.0,0.00017656325
0,0.0,0.0002505159
1,1.0,0.9998042
1,1.0,0.9997996
1,1.0,0.9997075
0,0.0,0.00042807395
0,0.0,0.00017580073
1,1.0,0.999811
0,0.0,0.00016124711
1,1.0,0.9998081
0,0.0,0.00018762508
1,1.0,0.999812
1,1.0,0.9998099
0,0.0,0.00017815254
1,1.0,0.9998136
1,1.0,0.99980426
1,1.0,0.9998116
0,0.0,0.00017815304
1,1.0,0.9998062
0,0.0,0.00019903314
0,0.0,5.5407494e-05
0,0.0,0.00016121958
1,1.0,0.9998126
1,1.0,0.9998083
1,1.0,0.9998057
0,0.0,5.4984463e-05
1,1.0,0.9998118
0,0.0,0.0001191134
1,1.0,0.99981165
0,0.0,0.00021435341
1,1.0,0.99980485
1,1.0,0.9998067
1,1.0,0.99981326
0,0.0,5.540221e-05
0,0.0,0.00019672078
0,0.0,0.0009555294
0,0.0,0.00027572957
1,1.0,0.9998043
1,1.0,0.9998139
0,0.0,0.00072458305
0,0.0,0.00014274714
0,0.0,0.0002012011
0,0.0,0.00012810733
1,1.0,0.999805
1,1.0,0.9998128
1,1.0,0.99980485
0,0.0,0.00020035665
0,0.0,0.00013246975
1,1.0,0.9997948
1,1.0,0.99981153
1,1.0,0.9998127
1,1.0,0.9998128
1,1.0,0.9998017
1,1.0,0.9998116
1,1.0,0.9998057
0,0.0,0.00024829307
0,0.0,0.00025963827
0,0.0,0.00027328488
1,1.0,0.9998116
0,0.0,9.556553e-05
0,0.0,0.0001732249
1,1.0,0.99980515
1,1.0,0.9998042
0,0.0,0.0002715248
0,0.0,0.00017985319
0,0.0,0.00017579134
0,0.0,0.00027348584
1,1.0,0.9998128
0,0.0,0.0001784601
0,0.0,0.00017815066
0,0.0,0.00016515394
1,1.0,0.9998118
1,1.0,0.9998052
0,0.0,0.00020513556
1,1.0,0.9991716
1,1.0,0.99980503
0,0.0,0.0001798513
1,1.0,0.99979925
0,0.0,0.00017733614
0,0.0,9.559488e-05
1,1.0,0.9998046
0,0.0,0.00016929532
1,1.0,0.9998048
1,1.0,0.9998032
1,1.0,0.9998044
1,1.0,0.9998138
0,0.0,0.00014700166
0,0.0,0.0004999104
0,0.0,0.00013778503
1,1.0,0.99981076
0,0.0,0.00014817237
1,1.0,0.9998084
1,1.0,0.99980694
0,0.0,0.00017718876
1,1.0,0.9998113
1,1.0,0.9998116
0,0.0,0.00018521039
1,1.0,0.999799
0,0.0,0.00014233477
1,1.0,0.9993547
0,0.0,0.00017580006
0,0.0,0.00025603158
1,1.0,0.9998137
0,0.0,0.00012976142
1,1.0,0.99981284
1,1.0,0.99981374
0,0.0,0.0001571218
1,1.0,0.99980485
0,0.0,0.00018955651
1,1.0,0.9998136
0,0.0,0.00017579301
0,0.0,0.0001809439
1,1.0,0.99980474
1,1.0,0.9998115
0,0.0,5.5424298e-05
1,1.0,0.9998063
1,1.0,0.99980533
0,0.0,0.00016299948
0,0.0,0.00021123099
0,0.0,0.00020421074
1,1.0,0.9998124
0,0.0,0.00017540656
0,0.0,0.00025474373
0,0.0,0.013692099
0,0.0,0.000106197316
1,1.0,0.9998126
0,0.0,0.00027330077
0,0.0,0.00017655516
0,0.0,0.00013265999
0,0.0,0.00018172854
0,0.0,0.00017722053
0,0.0,0.00050009624
1,1.0,0.9998121
0,0.0,0.000838793
0,0.0,0.00017017053
0,0.0,0.00016010755
1,1.0,0.9998128
1,1.0,0.9998047
0,0.0,5.5113975e-05
1,1.0,0.9998039
0,0.0,5.4989654e-05
0,0.0,0.00016070742
0,0.0,0.00017733834
1,1.0,0.99980664
0,0.0,0.00020715692
0,0.0,0.00025741966
0,0.0,5.4955475e-05
1,1.0,0.9998066
0,0.0,0.00015713258
1,1.0,0.9998136
0,0.0,9.572971e-05
0,0.0,0.00014467229
0,0.0,0.00015956041
0,0.0,0.000787066
0,0.0,5.53964e-05
1,1.0,0.999485
0,0.0,0.000271853
1,1.0,0.99973387
0,0.0,0.0002548659
1,1.0,0.9998121
1,1.0,0.99981266
0,0.0,0.0001693271
0,0.0,0.00042815536
1,1.0,0.99980617
1,1.0,0.99980676
1,1.0,0.99980485
0,0.0,0.00017904626
0,0.0,9.555687e-05
0,0.0,0.00017722746
0,0.0,0.00014837031
1,1.0,0.9998006
1,1.0,0.9998098
0,0.0,0.00017524476
1,1.0,0.999805
0,0.0,0.00014391707
0,0.0,0.00011097344
0,0.0,0.00025911676
1,1.0,0.9998117
0,0.0,0.00015099441
1,1.0,0.9998122
1,1.0,0.99980557
1,1.0,0.9998121
0,0.0,0.00019975025
1,1.0,0.9998135
0,0.0,0.00019147365
0,0.0,0.00022223424
0,0.0,0.00017657621
1,1.0,0.9998086
1,1.0,0.9998059
0,0.0,0.00027618502
1,1.0,0.9997952
0,0.0,0.00017322853
1,1.0,0.99981165
1,1.0,0.99979997
0,0.0,0.001120104
0,0.0,0.000132494
1,1.0,0.9998072
1,1.0,0.99980515
1,1.0,0.99980795
0,0.0,0.00019257514
0,0.0,9.550559e-05
0,0.0,0.0001569246
0,0.0,0.00017704691
0,0.0,0.00017815593
0,0.0,0.00017539988
1,1.0,0.9998044
0,0.0,0.00014635298
0,0.0,0.00012990863
1,1.0,0.9998101
1,1.0,0.999741
1,1.0,0.9998057
0,0.0,0.00014632757
0,0.0,0.00017908568
0,0.0,0.00017524543
1,1.0,0.99981165
1,1.0,0.999809
1,1.0,0.9998129
0,0.0,5.51605e-05
0,0.0,0.00017534035
1,1.0,0.99981236
1,1.0,0.99980515
0,0.0,0.00016074328
1,1.0,0.99981153
0,0.0,0.00017744339
1,1.0,0.9997908
0,0.0,0.000169829
1,1.0,0.9998054
1,1.0,0.9998116
1,1.0,0.99980235
0,0.0,0.00013267783
1,1.0,0.9998066
1,1.0,0.99981165
1,1.0,0.9998111
1,1.0,0.9998113
0,0.0,0.00021205917
1,1.0,0.9998049
1,1.0,0.9998047
1,1.0,0.9998123
1,1.0,0.99980587
1,1.0,0.9998109
1,1.0,0.9998066
1,1.0,0.9998046
0,0.0,0.0004827701
1,1.0,0.9998119
0,0.0,0.00020069946
0,0.0,0.0004282286
1,1.0,0.9998126
1,1.0,0.99979085
0,0.0,0.00025048963
0,0.0,0.00015688647
0,0.0,0.00012815914
0,0.0,0.00018926285
0,0.0,5.515082e-05
0,0.0,0.00023472616
1,1.0,0.9998132
0,0.0,0.00014699086
1,1.0,0.99980545
1,1.0,0.9998113
1,1.0,0.99981236
1,1.0,0.9998043
1,1.0,0.9998066
1,1.0,0.99980575
1,1.0,0.99710673
0,0.0,0.00017815847
1,1.0,0.999805
0,0.0,0.00027711794
0,0.0,0.00016597944
1,1.0,0.9998049
1,1.0,0.9998094
0,0.0,9.433543e-05
1,1.0,0.9998048
0,0.0,0.000200844
1,1.0,0.9998051
0,0.0,0.00011902108
0,0.0,0.00014705716
0,0.0,0.00017005196
1,1.0,0.99979514
0,0.0,0.00014472914
0,0.0,9.5764124e-05
1,1.0,0.9998135
1,1.0,0.9998125
1,1.0,0.9998044
0,0.0,0.00017574242
0,0.0,0.00015714052
1,1.0,0.9998055
0,0.0,0.00017418987
1,1.0,0.999805
1,1.0,0.999812
1,1.0,0.9998063
1,1.0,0.999805
0,0.0,0.00016179848
1,1.0,0.9998039
0,0.0,0.00023824305
0,0.0,0.0002534498
0,0.0,9.557081e-05
1,1.0,0.99973005
0,0.0,0.00013953516
1,1.0,0.999734
0,0.0,0.00017540422
1,1.0,0.9998122
0,0.0,0.00020944468
1,1.0,0.9998012
1,1.0,0.9998137
0,0.0,0.00013196985
1,1.0,0.9998083
0,0.0,0.00017732871
1,1.0,0.99980944
0,0.0,5.4987922e-05
0,0.0,0.00017876597
0,0.0,0.00017875983
1,1.0,0.9998041
1,1.0,0.9998106
0,0.0,0.00015953516
1,1.0,0.9998128
0,0.0,0.00015129708
1,1.0,0.99981004
1,1.0,0.9998072
0,0.0,9.559242e-05
1,1.0,0.99980307
1,1.0,0.9998045
1,1.0,0.99981266
0,0.0,0.00020840165
1,1.0,0.9998048
1,1.0,0.99981153
1,1.0,0.9998055
1,1.0,0.9998096
1,1.0,0.9998106
0,0.0,0.00017875778
1,1.0,0.99981177
1,1.0,0.99981314
0,0.0,0.00013972877
0,0.0,0.00018172368
0,0.0,0.0001691725
0,0.0,0.00017631896
0,0.0,0.00017876016
1,1.0,0.9998023
0,0.0,0.0001758014
0,0.0,0.00014836762
1,1.0,0.9998029
1,1.0,0.9997971
1,1.0,0.99980456
1,1.0,0.99980766
1,1.0,0.9998041
0,0.0,0.00015714217
1,1.0,0.99980557
1,1.0,0.99980426
1,1.0,0.9998121
0,0.0,0.00026890964
0,0.0,0.0001281347
1,1.0,0.9998053
0,0.0,0.00026138537
1,1.0,0.9998121
0,0.0,0.00020537313
0,0.0,0.00067120657
0,0.0,9.543957e-05
0,0.0,0.0002601909
1,1.0,0.9998055
1,1.0,0.99981207
0,0.0,0.00014833677
1,1.0,0.99981266
1,1.0,0.9998096
0,0.0,9.419394e-05
0,0.0,0.00015724034
1,1.0,0.9998127
1,1.0,0.9998033
0,0.0,0.0002538653
0,0.0,0.00021831552
1,1.0,0.9998124
1,1.0,0.9998127
0,0.0,0.0001737284
0,0.0,0.00017815101
0,0.0,0.000264092
0,0.0,0.00047531645
0,0.0,0.00017418257
0,0.0,0.00018173027
0,0.0,0.00015436912
0,0.0,9.5711264e-05
1,1.0,0.9998108
0,0.0,0.00016774423
1,1.0,0.9998048
0,0.0,0.00018675318
1,1.0,0.99981153
1,1.0,0.99979234
0,0.0,0.00014382157
1,1.0,0.99980897
0,0.0,0.00013783497
1,1.0,0.9998049
1,1.0,0.99980587
0,0.0,0.00021377682
0,0.0,0.00026410536
1,1.0,0.9997998
1,1.0,0.9998122
0,0.0,0.00017580342
0,0.0,0.00013630185
0,0.0,0.00014930185
1,1.0,0.9998045
0,0.0,0.00019615065
0,0.0,9.5531184e-05
1,1.0,0.9993173
1,1.0,0.9997896
1,1.0,0.9998119
0,0.0,0.00020054451
0,0.0,0.00021100011
0,0.0,0.000114590526
1,1.0,0.99980414
1,1.0,0.9998127
0,0.0,0.00014677811
0,0.0,0.00015997798
0,0.0,0.00049989135
0,0.0,0.00026428368
1,1.0,0.99980044
0,0.0,0.00042775698
0,0.0,0.000100846424
1,1.0,0.9997084
1,1.0,0.99980485
0,0.0,5.4990596e-05
0,0.0,0.0001708464
1,1.0,0.9998059
1,1.0,0.9998117
0,0.0,0.00020111019
0,0.0,0.00058812596
1,1.0,0.9998132
0,0.0,0.00020510757
0,0.0,0.00012819252
1,1.0,0.99980015
1,1.0,0.99981165
0,0.0,0.00015196868
0,0.0,0.00017746403
0,0.0,0.00023068524
0,0.0,0.00020567157
0,0.0,0.00011381255
1,1.0,0.99980974
0,0.0,0.00017656712
1,1.0,0.99981177
0,0.0,0.00014859272
1,1.0,0.9998115
0,0.0,0.00010236601
0,0.0,9.55637e-05
0,0.0,0.0011957136
0,0.0,0.00011746961
1,1.0,0.9998094
1,1.0,0.9998392
0,0.0,9.547663e-05
1,1.0,0.9998137
0,0.0,0.00017518208
1,1.0,0.999804
0,0.0,0.00012017475
0,0.0,0.00018171918
1,1.0,0.9998051
0,0.0,0.00017985645
0,0.0,0.00013607668
0,0.0,0.00059088354
0,0.0,9.432986e-05
0,0.0,0.00017524342
1,1.0,0.9998124
0,0.0,0.00021519937
0,0.0,0.00033176225
0,0.0,0.00017599024
0,0.0,0.00025176103
1,1.0,0.9998124
1,1.0,0.9998119
0,0.0,0.00025737475
1,1.0,0.9986545
1,1.0,0.9998067
1,1.0,0.9998121
1,1.0,0.9998054
0,0.0,0.0002014925
1,1.0,0.9998127
1,1.0,0.9998116
0,0.0,0.00018998607
0,0.0,0.0001773375
0,0.0,0.00015713288
0,0.0,0.00017003331
0,0.0,0.00016203687
1,1.0,0.9998089
1,1.0,0.99981374
1,1.0,0.99879885
1,1.0,0.99847764
1,1.0,0.9998138
0,0.0,0.00018880935
1,1.0,0.99980235
0,0.0,0.00027143135
0,0.0,0.00015707355
1,1.0,0.9998081
0,0.0,0.00020087407
0,0.0,0.0002538682
1,1.0,0.9998127
0,0.0,0.00017541042
0,0.0,0.00016746677
0,0.0,0.00042759354
0,0.0,0.00017598738
1,1.0,0.9998138
1,1.0,0.9998128
0,0.0,0.000106206026
0,0.0,0.00025787385
1,1.0,0.99980515
1,1.0,0.9998126
1,1.0,0.99980557
1,1.0,0.9998129
0,0.0,0.00015685294
0,0.0,0.0001467742
1,1.0,0.9998105
0,0.0,0.00017580576
0,0.0,5.541738e-05
1,1.0,0.99980545
0,0.0,0.00016929532
1,1.0,0.99981356
1,1.0,0.99981284
0,0.0,9.571419e-05
0,0.0,0.00012824521
1,1.0,0.9998131
0,0.0,0.00014736458
1,1.0,0.9998117
1,1.0,0.99981177
1,1.0,0.9998117
0,0.0,0.00015714337
0,0.0,0.00017723118
0,0.0,0.0001698277
1,1.0,0.9983989
1,1.0,0.9998089
0,0.0,0.00021164083
0,0.0,5.542504e-05
1,1.0,0.9998113
1,1.0,0.99974865
1,1.0,0.99981314
1,1.0,0.999806
1,1.0,0.99980575
0,0.0,0.00018092906
0,0.0,0.00014680329
1,1.0,0.99980897
1,1.0,0.99981385
1,1.0,0.999805
1,1.0,0.99981356
0,0.0,9.580495e-05
1,1.0,0.99981254
1,1.0,0.9998109
0,0.0,5.529343e-05
1,1.0,0.9997943
1,1.0,0.9998127
0,0.0,0.00014243905
1,1.0,0.9990284
0,0.0,0.00017518525
0,0.0,0.00020817127
1,1.0,0.99980634
1,1.0,0.9998135
0,0.0,0.000117449796
0,0.0,0.00017580576
0,0.0,5.5288736e-05
1,1.0,0.99980503
1,1.0,0.99980694
1,1.0,0.9997933
0,0.0,0.00016304053
1,1.0,0.9998126
0,0.0,0.0036715898
0,0.0,0.0002694275
0,0.0,0.00017541577
0,0.0,0.00017816595
1,1.0,0.99980664
0,0.0,0.00019138897
1,1.0,0.99980426
1,1.0,0.99981195
1,1.0,0.9998117
0,0.0,0.00019188634
0,0.0,5.499023e-05
0,0.0,0.00015425231
1,1.0,0.99980974
0,0.0,0.00014177819
1,1.0,0.99981266
0,0.0,0.00017003542
0,0.0,9.555687e-05
1,1.0,0.9998051
0,0.0,0.0001994798
0,0.0,0.00013968254
1,1.0,0.99980944
1,1.0,0.9994426
0,0.0,0.00019143824
1,1.0,0.999806
1,1.0,0.9998137
0,0.0,0.00019660116
1,1.0,0.99980444
1,1.0,0.99980646
0,0.0,0.0004997803
0,0.0,0.00018475551
1,1.0,0.99981177
1,1.0,0.9998039
0,0.0,0.00012810575
0,0.0,0.00011911442
0,0.0,0.0001438224
0,0.0,9.543129e-05
1,1.0,0.99980503
0,0.0,0.00013823244
1,1.0,0.999809
1,1.0,0.99980897
1,1.0,0.99981374
1,1.0,0.9998096
1,1.0,0.99980986
0,0.0,0.000257838
1,1.0,0.99979454
0,0.0,0.0002591232
0,0.0,0.00020417919
0,0.0,0.0001784846
1,1.0,0.9998053
1,1.0,0.99980515
0,0.0,0.0001787612
1,1.0,0.9998121
1,1.0,0.99980617
0,0.0,0.0001741892
0,0.0,0.00012816464
1,1.0,0.99980986
0,0.0,0.00059091847
1,1.0,0.9998059
1,1.0,0.9998063
0,0.0,0.000119942466
1,1.0,0.9998043
1,1.0,0.9998044
0,0.0,0.00016930484
0,0.0,0.0013374547
1,1.0,0.9998051
1,1.0,0.99980986
1,1.0,0.99980986
0,0.0,0.0002341057
0,0.0,0.000250525
0,0.0,0.00014918702
1,1.0,0.9997325
0,0.0,0.0001397024
1,1.0,0.9998117
1,1.0,0.99980986
1,1.0,0.99980557
0,0.0,0.00013633695
1,1.0,0.99980533
0,0.0,0.00014833141
1,1.0,0.9996634
0,0.0,0.00042800375
0,0.0,5.495348e-05
0,0.0,0.00015231133
0,0.0,0.000147778
1,1.0,0.9998067
0,0.0,0.00019206849
1,1.0,0.99981236
1,1.0,0.9998015
1,1.0,0.9998089
0,0.0,0.00017540355
0,0.0,0.00017815831
0,0.0,0.00015715355
0,0.0,0.00017649877
1,1.0,0.999805
0,0.0,5.533252e-05
0,0.0,0.00017748485
0,0.0,0.00014408898
0,0.0,0.00017390524
0,0.0,0.00017004808
1,1.0,0.9998126
1,1.0,0.9998121
0,0.0,0.00012882789
1,1.0,0.99980485
1,1.0,0.99980444
0,0.0,0.00013061774
1,1.0,0.99980485
1,1.0,0.99981177
0,0.0,0.00025537965
1,1.0,0.9993534
0,0.0,0.00025256549
0,0.0,0.00019689869
1,1.0,0.99917704
1,1.0,0.9998139
0,0.0,0.00011887943
0,0.0,0.00017722459
0,0.0,0.00015714786
1,1.0,0.999813
1,1.0,0.99980384
0,0.0,0.0006722183
1,1.0,0.9989798
0,0.0,0.00017578815
0,0.0,0.0010227785
1,1.0,0.99981374
0,0.0,0.00017700675
1,1.0,0.9998126
0,0.0,0.0001742005
1,1.0,0.99980956
0,0.0,0.00010618628
1,1.0,0.9998067
0,0.0,0.00020081988
1,1.0,0.9998118
0,0.0,0.00020489101
0,0.0,0.00024875323
1,1.0,0.9998128
0,0.0,9.5652234e-05
0,0.0,0.00016537661
0,0.0,0.0001378171
1,1.0,0.99981225
1,1.0,0.99981314
1,1.0,0.99980295
0,0.0,0.0003316133
0,0.0,0.00014956619
0,0.0,0.00014177752
0,0.0,0.00017907067
1,1.0,0.9998117
1,1.0,0.99980503
1,1.0,0.99979377
1,1.0,0.9998043
1,1.0,0.99980986
0,0.0,0.0001773392
1,1.0,0.99981296
1,1.0,0.9998126
0,0.0,0.000177218
0,0.0,0.0004277639
1,1.0,0.9998137
1,1.0,0.99981153
0,0.0,0.00018093268
1,1.0,0.9998066
1,1.0,0.9998062
1,1.0,0.99981207
0,0.0,0.0001290113
0,0.0,0.000261739
1,1.0,0.9998039
0,0.0,0.00025739783
0,0.0,0.00030405942
0,0.0,0.00014540584
1,1.0,0.9998051
1,1.0,0.99980694
1,1.0,0.9995565
0,0.0,0.0003316003
1,1.0,0.99980706
1,1.0,0.99981076
1,1.0,0.99981314
1,1.0,0.9998014
0,0.0,0.00047537102
0,0.0,0.00017656543
0,0.0,0.00017323118
0,0.0,5.4983466e-05
0,0.0,0.00020899183
0,0.0,0.00026441223
1,1.0,0.9998045
0,0.0,0.00010939993
0,0.0,0.00018559296
0,0.0,0.00025639043
0,0.0,0.00011889439
0,0.0,0.0001146233
1,1.0,0.9998059
1,1.0,0.9998117
0,0.0,0.00012899483
0,0.0,9.5565156e-05
1,1.0,0.9998138
0,0.0,0.00017399648
1,1.0,0.9998138
1,1.0,0.99981177
1,1.0,0.99980515
0,0.0,0.00012814936
1,1.0,0.9998097
1,1.0,0.9998122
0,0.0,0.00011594554
0,0.0,0.00025761878
0,0.0,0.00017580375
0,0.0,0.00058974785
1,1.0,0.9998127
1,1.0,0.99980676
1,1.0,0.9998064
0,0.0,0.00013247467
1,1.0,0.9998051
0,0.0,0.00020912837
1,1.0,0.9998081
0,0.0,0.00019618472
1,1.0,0.9998113
0,0.0,0.0001447377
1,1.0,0.999809
0,0.0,0.00033178218
1,1.0,0.99980694
1,1.0,0.9998099
0,0.0,0.00016332653
0,0.0,0.0001741789
0,0.0,0.00017599075
0,0.0,0.00014777265
1,1.0,0.9998134
1,1.0,0.9998055
1,1.0,0.9998051
1,1.0,0.9998066
0,0.0,0.00021999804
1,1.0,0.99928266
0,0.0,0.00014881605
0,0.0,0.00017599126
0,0.0,0.00025538087
1,1.0,0.9998119
1,1.0,0.99981195
1,1.0,0.9998119
0,0.0,0.00014474626
0,0.0,0.00016059483
1,1.0,0.99980515
1,1.0,0.99980956
1,1.0,0.9998091
1,1.0,0.99980503
0,0.0,0.00017733852
1,1.0,0.9998128
0,0.0,0.00017815559
0,0.0,0.00019293574
1,1.0,0.9998089
1,1.0,0.9998099
0,0.0,0.00017599444
1,1.0,0.9997945
0,0.0,0.0001435889
0,0.0,0.0001635865
1,1.0,0.9998042
0,0.0,0.00022098339
1,1.0,0.9998101
1,1.0,0.99931026
1,1.0,0.9998064
0,0.0,0.00013833266
1,1.0,0.9998135
0,0.0,0.000264193
1,1.0,0.99980325
1,1.0,0.9998047
1,1.0,0.9998049
1,1.0,0.99981236
1,1.0,0.99979895
1,1.0,0.99980885
0,0.0,0.00014837427
0,0.0,0.00016982156
0,0.0,0.00021129483
1,1.0,0.99981284
0,0.0,0.00019624493
0,0.0,0.00017524409
0,0.0,0.00013987446
0,0.0,0.00010508058
0,0.0,0.00017540457
0,0.0,0.00025470223
0,0.0,0.00014473536
0,0.0,9.4285424e-05
0,0.0,0.00020033124
1,1.0,0.99980325
1,1.0,0.9998127
1,1.0,0.99979794
0,0.0,0.00058764126
0,0.0,0.00014257125
0,0.0,0.0001933158
1,1.0,0.999208
1,1.0,0.99980706
0,0.0,9.576568e-05
0,0.0,0.00015237265
0,0.0,0.00010738017
1,1.0,0.99980694
0,0.0,0.00017814862
0,0.0,0.00017398817
0,0.0,0.0001178513
1,1.0,0.99981207
1,1.0,0.9998016
1,1.0,0.9998044
0,0.0,0.00021553246
0,0.0,0.002480562
1,1.0,0.99981123
1,1.0,0.99980736
1,1.0,0.99979585
1,1.0,0.99980956
0,0.0,0.00013343744
1,1.0,0.9998105
0,0.0,5.5282937e-05
0,0.0,0.00016133429
1,1.0,0.9998051
1,1.0,0.99980927
0,0.0,0.0004524515
0,0.0,0.0003049367
0,0.0,0.00017656846
0,0.0,0.000273362
0,0.0,0.00015714817
1,1.0,0.99981225
1,1.0,0.9998107
1,1.0,0.9998126
1,1.0,0.9998127
1,1.0,0.9998127
1,1.0,0.99979764
1,1.0,0.9998106
0,0.0,0.00017599159
0,0.0,0.00017633158
0,0.0,0.00020808674
1,1.0,0.9998138
1,1.0,0.99981207
0,0.0,0.00020030794
0,0.0,0.00014021179
0,0.0,0.00013832764
0,0.0,0.00017579469
0,0.0,0.0001741799
0,0.0,5.5282144e-05
0,0.0,0.00010139828
0,0.0,0.0001395996
1,1.0,0.99981284
0,0.0,0.00058799953
1,1.0,0.9998054
0,0.0,0.000102346
0,0.0,9.906739e-05
0,0.0,0.00020515826
0,0.0,0.00017322572
1,1.0,0.9998128
0,0.0,0.00017399681
0,0.0,0.00016929854
1,1.0,0.99977326
0,0.0,0.00010603439
1,1.0,0.999805
1,1.0,0.99981284
0,0.0,0.00013966122
1,1.0,0.9998137
0,0.0,0.0002575822
1,1.0,0.9998063
1,1.0,0.99980503
1,1.0,0.99980974
1,1.0,0.99980646
1,1.0,0.9998049
1,1.0,0.9998138
1,1.0,0.9998127
0,0.0,0.00026093842
1,1.0,0.99936175
1,1.0,0.9998048
0,0.0,0.000113988404
0,0.0,0.00017401439
1,1.0,0.99980456
1,1.0,0.9998127
1,1.0,0.9998061
0,0.0,0.00017324205
1,1.0,0.99980646
0,0.0,0.00048226467
1,1.0,0.9998093
0,0.0,0.00020895718
1,1.0,0.99935746
0,0.0,0.00042715555
1,1.0,0.9997995
0,0.0,0.00019230213
1,1.0,0.9998128
0,0.0,0.0001017167
0,0.0,0.00019166162
0,0.0,9.5554955e-05
1,1.0,0.9998125
1,1.0,0.9998046
1,1.0,0.999813
0,0.0,5.5298755e-05
0,0.0,0.00018578806
0,0.0,0.0001996383
1,1.0,0.9998128
1,1.0,0.9998138
0,0.0,0.00017907323
1,1.0,0.9998104
0,0.0,0.00010940379
1,1.0,0.99981266
1,1.0,0.99981153
1,1.0,0.9998009
1,1.0,0.99980485
0,0.0,0.0001741809
1,1.0,0.99981374
1,1.0,0.99980515
1,1.0,0.9998007
1,1.0,0.9998071
0,0.0,0.00014733648
1,1.0,0.999805
1,1.0,0.9997947
1,1.0,0.9998127
0,0.0,0.00017579738
1,1.0,0.9998088
1,1.0,0.99980706
0,0.0,0.00017656863
0,0.0,0.00015997906
0,0.0,0.00017906999
0,0.0,5.5296645e-05
0,0.0,0.0004277097
1,1.0,0.99980426
1,1.0,0.99980867
0,0.0,0.00019619761
0,0.0,0.00019774253
1,1.0,0.9998031
0,0.0,0.00012816061
0,0.0,0.00015272902
0,0.0,0.00011805152
0,0.0,0.00017525128
1,1.0,0.99980634
1,1.0,0.9998053
0,0.0,0.00017399449
1,1.0,0.9998041
1,1.0,0.99944687
0,0.0,0.00020384461
0,0.0,0.000111610825
0,0.0,0.0013189267
0,0.0,0.00016209095
1,1.0,0.9998106
0,0.0,0.0001910637
0,0.0,0.00015884404
0,0.0,0.00014432686
0,0.0,0.00042827352
1,1.0,0.99981165
0,0.0,0.0001439242
1,1.0,0.99980515
0,0.0,0.0001114564
0,0.0,0.00014964124
0,0.0,0.00019249602
0,0.0,0.00025964473
1,1.0,0.9998122
1,1.0,0.9998127
0,0.0,0.00020011132
0,0.0,0.00020084764
0,0.0,0.000275759
1,1.0,0.9998125
1,1.0,0.9998138
1,1.0,0.99981236
0,0.0,0.00017984942
0,0.0,0.00011010258
0,0.0,0.00020850064
1,1.0,0.99980646
0,0.0,0.00016035812
1,1.0,0.9997485
0,0.0,0.00020084534
1,1.0,0.99980676
1,1.0,0.9998105
0,0.0,0.00017656779
0,0.0,0.00012852458
0,0.0,0.0001470538
0,0.0,0.00017534269
1,1.0,0.9998127
1,1.0,0.9998125
1,1.0,0.9998049
1,1.0,0.999804
1,1.0,0.99981177
0,0.0,0.00012810269
0,0.0,0.0002771816
1,1.0,0.99980444
1,1.0,0.9998118
1,1.0,0.9998125
1,1.0,0.9998097
1,1.0,0.9998066
1,1.0,0.99980825
0,0.0,0.00017719333
1,1.0,0.99980474
0,0.0,9.58863e-05
1,1.0,0.9998067
1,1.0,0.9998051
0,0.0,0.0001540433
1,1.0,0.99898016
1,1.0,0.9998059
0,0.0,0.00014777687
1,1.0,0.99980307
0,0.0,0.00019615196
1,1.0,0.9998127
0,0.0,5.4988446e-05
0,0.0,0.00045188147
0,0.0,5.4982993e-05
1,1.0,0.99981284
1,1.0,0.9997943
1,1.0,0.99981177
0,0.0,0.00017985645
0,0.0,0.00019128608
0,0.0,0.0001698222
1,1.0,0.99981326
0,0.0,0.00017631981
1,1.0,0.9998066
0,0.0,0.00011007319
1,1.0,0.9998047
1,1.0,0.999445
0,0.0,0.000114783215
0,0.0,0.00021118345
1,1.0,0.9998106
0,0.0,0.00015060086
0,0.0,9.5634816e-05
0,0.0,0.0002500673
0,0.0,0.0004833595
1,1.0,0.99981266
1,1.0,0.9997953
1,1.0,0.9998048
0,0.0,0.00017722324
0,0.0,0.00018792567
1,1.0,0.99980944
0,0.0,0.00017816256
1,1.0,0.9998131
0,0.0,0.0001772234
0,0.0,0.00012816183
0,0.0,0.00015730648
0,0.0,0.00014331506
1,1.0,0.9998117
0,0.0,0.00011826221
0,0.0,0.00017816221
1,1.0,0.99980474
0,0.0,0.00017089461
1,1.0,0.99980533
1,1.0,0.9998046
0,0.0,0.00011740231
0,0.0,0.00018093873
0,0.0,9.574294e-05
0,0.0,0.00019423963
0,0.0,0.0001734338
1,1.0,0.9998135
1,1.0,0.99980974
0,0.0,0.00017876666
1,1.0,0.9998067
0,0.0,0.00017003802
1,1.0,0.99980634
1,1.0,0.9998068
1,1.0,0.9998098
1,1.0,0.99980426
1,1.0,0.999811
1,1.0,0.9998124
0,0.0,0.00016983191
1,1.0,0.99981165
0,0.0,5.525047e-05
0,0.0,0.00017599226
0,0.0,0.00015713318
1,1.0,0.99980515
1,1.0,0.99981016
1,1.0,0.9998072
0,0.0,0.0012747148
0,0.0,0.00014840426
0,0.0,0.0001473997
0,0.0,0.00025602352
1,1.0,0.9998055
0,0.0,0.00026138636
0,0.0,0.00014136889
1,1.0,0.9998055
1,1.0,0.999805
1,1.0,0.99980694
1,1.0,0.99981254
0,0.0,0.00025434548
0,0.0,0.00020819191
0,0.0,0.00019860076
1,1.0,0.999809
0,0.0,5.529074e-05
0,0.0,0.00019843076
1,1.0,0.9998129
0,0.0,0.00018093217
0,0.0,0.00024826988
0,0.0,9.5595606e-05
0,0.0,0.00011381657
1,1.0,0.99980664
1,1.0,0.9998153
1,1.0,0.99986553
0,0.0,4.0610066e-05
1,1.0,0.9998638
0,0.0,9.6806594e-05
0,0.0,0.00023145879
1,1.0,0.9998643
1,1.0,0.99986273
1,1.0,0.9998656
0,0.0,8.461314e-05
0,0.0,6.567485e-05
1,1.0,0.9998661
1,1.0,0.9987598
1,1.0,0.9998652
0,0.0,8.708993e-05
0,0.0,0.00013526747
0,0.0,0.00014289095
1,1.0,0.99986315
0,0.0,0.00013520248
1,1.0,0.99986655
0,0.0,0.0001320984
0,0.0,0.0001499789
0,0.0,0.0001384195
0,0.0,7.658785e-05
0,0.0,0.00014404651
0,0.0,0.00015617897
0,0.0,0.00014241038
0,0.0,0.00017563769
0,0.0,6.337595e-05
0,0.0,0.00014181591
1,1.0,0.9998651
0,0.0,0.00016314036
1,1.0,0.9998636
0,0.0,0.00017163945
0,0.0,0.0001526766
1,1.0,0.9998635
1,1.0,0.99986637
1,1.0,0.99986744
0,0.0,0.0005536296
1,1.0,0.9998634
0,0.0,0.00016571062
0,0.0,0.0005671416
1,1.0,0.9998668
1,1.0,0.99986535
0,0.0,0.00015003484
0,0.0,0.00013523317
1,1.0,0.9998662
0,0.0,0.00013274173
0,0.0,0.00014231075
1,1.0,0.99986404
1,1.0,0.9998637
1,1.0,0.9998655
1,1.0,0.99986404
0,0.0,9.1498456e-05
1,1.0,0.9998619
0,0.0,0.00014854429
0,0.0,0.00010129352
1,1.0,0.9998721
0,0.0,0.00012180282
0,0.0,0.0001561221
0,0.0,0.000121297126
1,1.0,0.9998609
1,1.0,0.9998627
1,1.0,0.9998655
1,1.0,0.99986446
1,1.0,0.99986225
1,1.0,0.99986506
1,1.0,0.99985725
0,0.0,9.6836695e-05
1,1.0,0.9998668
0,0.0,0.00017822748
1,1.0,0.9998654
0,0.0,0.00014749363
0,0.0,0.00014404513
1,1.0,0.99985856
1,1.0,0.9998632
1,1.0,0.99986696
1,1.0,0.9998652
0,0.0,7.317532e-05
0,0.0,6.33362e-05
1,1.0,0.999867
1,1.0,0.9998668
1,1.0,0.9998639
1,1.0,0.9998626
1,1.0,0.9997265
1,1.0,0.9998649
1,1.0,0.9998602
0,0.0,7.657355e-05
1,1.0,0.9998583
0,0.0,0.00015279237
1,1.0,0.9998634
0,0.0,0.0005639937
1,1.0,0.99986583
1,1.0,0.9998623
0,0.0,9.300446e-05
0,0.0,9.4271396e-05
1,1.0,0.9998634
0,0.0,0.00010169304
1,1.0,0.99977756
0,0.0,4.006282e-05
0,0.0,0.00014562978
0,0.0,6.337752e-05
0,0.0,0.00017595752
1,1.0,0.99986666
1,1.0,0.9998635
1,1.0,0.99986416
0,0.0,0.00022240871
1,1.0,0.9998675
1,1.0,0.9998643
1,1.0,0.9987968
1,1.0,0.9998656
0,0.0,0.00012456307
0,0.0,7.139061e-05
0,0.0,0.00023777671
0,0.0,8.627631e-05
0,0.0,0.00013673965
0,0.0,0.0001476069
0,0.0,0.00019637184
0,0.0,0.00016396347
0,0.0,0.00014666576
1,1.0,0.9998654
1,1.0,0.9998634
1,1.0,0.9998626
1,1.0,0.9998634
0,0.0,0.00011199355
1,1.0,0.9998683
1,1.0,0.9998659
0,0.0,0.00014998064
1,1.0,0.999867
0,0.0,0.00013972611
0,0.0,0.00014872682
0,0.0,0.00018158805
1,1.0,0.9998637
1,1.0,0.99986684
1,1.0,0.999866
0,0.0,0.0001408425
1,1.0,0.99986416
1,1.0,0.9998662
0,0.0,0.00011995631
0,0.0,0.00014212063
0,0.0,0.00013263267
1,1.0,0.99986684
1,1.0,0.9998636
1,1.0,0.9998669
0,0.0,0.0008066176
0,0.0,0.00014212524
1,1.0,0.99985784
0,0.0,0.00015819696
1,1.0,0.9998649
0,0.0,0.00023827305
1,1.0,0.9998665
1,1.0,0.9998647
1,1.0,0.9998647
0,0.0,6.3384956e-05
1,1.0,0.999661
1,1.0,0.9998684
1,1.0,0.9998604
1,1.0,0.9998657
0,0.0,0.00035638717
1,1.0,0.9998637
0,0.0,0.00013601947
0,0.0,0.00010163303
1,1.0,0.9998636
0,0.0,0.000117499076
0,0.0,5.1122086e-05
0,0.0,0.00014133909
1,1.0,0.9998669
1,1.0,0.9983553
0,0.0,0.0001275621
0,0.0,0.00018504464
0,0.0,0.000101157995
0,0.0,0.00013880158
1,1.0,0.9998581
1,1.0,0.99986094
0,0.0,0.00013006903
0,0.0,8.792691e-05
1,1.0,0.9998669
0,0.0,7.30756e-05
0,0.0,0.00014211955
1,1.0,0.9998676
0,0.0,0.00010149946
0,0.0,0.000101258265
0,0.0,0.00016580592
1,1.0,0.99986553
1,1.0,0.9998655
1,1.0,0.9998669
1,1.0,0.99986756
0,0.0,6.643686e-05
1,1.0,0.99986565
0,0.0,0.00017422508
1,1.0,0.99986684
0,0.0,0.000109104374
0,0.0,0.00015590103
0,0.0,7.13851e-05
0,0.0,0.00010129101
0,0.0,0.00015269131
1,1.0,0.9998625
1,1.0,0.99986583
0,0.0,0.00014076786
1,1.0,0.9998669
0,0.0,0.00066836696
1,1.0,0.9998634
0,0.0,0.0001759411
0,0.0,0.00013087172
1,1.0,0.9998648
0,0.0,0.00059331924
1,1.0,0.9998657
0,0.0,0.00014894595
0,0.0,9.1542264e-05
1,1.0,0.9998655
1,1.0,0.99986476
0,0.0,0.0015454891
0,0.0,7.271135e-05
0,0.0,0.000329576
0,0.0,0.00025601572
1,1.0,0.99985784
1,1.0,0.99986494
0,0.0,0.0001195995
1,1.0,0.99986386
0,0.0,0.00017163437
0,0.0,0.00014404008
1,1.0,0.9998626
1,1.0,0.99986815
1,1.0,0.999867
1,1.0,0.999867
0,0.0,0.0001647623
1,1.0,0.99983275
1,1.0,0.9998603
0,0.0,0.00015089396
1,1.0,0.99986815
1,1.0,0.99986553
1,1.0,0.99986356
1,1.0,0.9998653
1,1.0,0.9998638
0,0.0,6.183943e-05
1,1.0,0.999862
0,0.0,7.402879e-05
0,0.0,0.00014285471
0,0.0,0.00013477964
0,0.0,6.549305e-05
0,0.0,0.00021348495
0,0.0,0.0013436173
0,0.0,0.00015202681
1,1.0,0.9998684
1,1.0,0.99986583
1,1.0,0.99986017
0,0.0,0.00013658275
0,0.0,6.18543e-05
0,0.0,0.0001405081
1,1.0,0.9998654
1,1.0,0.9998673
0,0.0,0.00010123067
1,1.0,0.99985754
1,1.0,0.9998667
0,0.0,6.17478e-05
1,1.0,0.99986666
1,1.0,0.9998654
0,0.0,0.00013782327
1,1.0,0.99986494
1,1.0,0.99986297
1,1.0,0.9998646
0,0.0,0.00020869912
0,0.0,0.00016189556
1,1.0,0.9998631
0,0.0,0.0001456395
0,0.0,0.00012310382
0,0.0,0.00013203568
1,1.0,0.9998678
0,0.0,0.00013465105
1,1.0,0.9998666
1,1.0,0.9998649
1,1.0,0.9998634
1,1.0,0.99986535
0,0.0,0.00013054741
1,1.0,0.9998679
0,0.0,0.00018946975
0,0.0,0.00013712602
1,1.0,0.9998655
1,1.0,0.9998641
1,1.0,0.99986356
1,1.0,0.9998654
0,0.0,0.00012730375
0,0.0,0.00014854244
1,1.0,0.99985784
0,0.0,0.00015852539
0,0.0,0.00081112154
1,1.0,0.99986553
0,0.0,0.00053863926
1,1.0,0.99986356
1,1.0,0.9998654
0,0.0,0.00015267121
0,0.0,0.00014211236
1,1.0,0.9998649
1,1.0,0.99986184
0,0.0,0.00010330356
0,0.0,7.051932e-05
1,1.0,0.99985874
0,0.0,0.0008100963
1,1.0,0.9998657
1,1.0,0.99985814
1,1.0,0.9998655
0,0.0,0.00012022735
0,0.0,0.00013842253
1,1.0,0.9986966
0,0.0,0.00014082732
1,1.0,0.99986
0,0.0,0.0001475053
0,0.0,4.0080973e-05
1,1.0,0.9998634
1,1.0,0.99985766
0,0.0,0.00014239627
1,1.0,0.9998667
0,0.0,0.00010147799
0,0.0,0.0001657637
0,0.0,0.00013974476
1,1.0,0.99986386
0,0.0,0.0001421171
0,0.0,0.00014241473
1,1.0,0.99986804
0,0.0,0.00015255173
0,0.0,6.182534e-05
0,0.0,0.00015249458
0,0.0,0.00014285893
0,0.0,8.272838e-05
0,0.0,0.00013559264
1,1.0,0.99986356
1,1.0,0.9998193
0,0.0,0.00014077056
0,0.0,7.369914e-05
1,1.0,0.9998583
0,0.0,0.000118101045
0,0.0,0.00014245656
0,0.0,0.00013842147
0,0.0,0.00014231102
1,1.0,0.9998635
1,1.0,0.99986404
1,1.0,0.99986494
0,0.0,5.1119987e-05
1,1.0,0.99986595
1,1.0,0.99986786
0,0.0,0.00011959802
1,1.0,0.9996725
0,0.0,0.00013041527
0,0.0,0.00016576418
1,1.0,0.9998648
0,0.0,0.00014400066
1,1.0,0.99986464
1,1.0,0.99986476
1,1.0,0.9998666
1,1.0,0.99986655
1,1.0,0.99986243
1,1.0,0.9998655
1,1.0,0.99986637
0,0.0,0.00012288896
1,1.0,0.99986553
0,0.0,0.00013941029
1,1.0,0.9998668
1,1.0,0.999866
0,0.0,0.0001687594
0,0.0,9.2513554e-05
0,0.0,7.5840086e-05
0,0.0,9.965511e-05
0,0.0,0.0010360087
1,1.0,0.9998628
0,0.0,7.266734e-05
0,0.0,0.00010329203
0,0.0,6.3384956e-05
0,0.0,0.000106160456
1,1.0,0.99986154
0,0.0,0.00017326139
1,1.0,0.99986356
0,0.0,9.3001e-05
0,0.0,0.0001384216
1,1.0,0.9998646
1,1.0,0.9998639
0,0.0,0.00014077136
0,0.0,7.242583e-05
0,0.0,0.0001526862
0,0.0,0.00013517773
1,1.0,0.9998684
1,1.0,0.9998654
1,1.0,0.9998665
0,0.0,0.00013528089
0,0.0,0.00013627211
0,0.0,0.00016363969
0,0.0,0.0001520381
1,1.0,0.99986225
1,1.0,0.99985564
0,0.0,0.00012610403
0,0.0,0.00014850845
1,1.0,0.9998634
0,0.0,5.1121402e-05
1,1.0,0.9998623
1,1.0,0.9998643
1,1.0,0.99986494
1,1.0,0.9998657
1,1.0,0.99986523
0,0.0,0.0008832579
1,1.0,0.99986666
1,1.0,0.99986833
0,0.0,7.352295e-05
0,0.0,0.00012185953
1,1.0,0.99986655
1,1.0,0.9998547
0,0.0,0.00018641926
0,0.0,0.00015097987
1,1.0,0.999864
1,1.0,0.99986595
0,0.0,0.00017565428
1,1.0,0.9998656
0,0.0,7.547026e-05
0,0.0,0.0005446982
0,0.0,0.00033430159
0,0.0,0.00013045159
0,0.0,0.0001397341
1,1.0,0.9997652
1,1.0,0.9998669
0,0.0,0.00023704332
1,1.0,0.99986637
0,0.0,0.0001451075
0,0.0,7.242514e-05
0,0.0,0.00013564955
1,1.0,0.9998662
1,1.0,0.9998671
1,1.0,0.99859416
0,0.0,0.0001591846
1,1.0,0.99986225
0,0.0,0.00016216916
0,0.0,0.00014551458
1,1.0,0.9998662
0,0.0,0.00013969334
1,1.0,0.9998655
1,1.0,0.99986356
1,1.0,0.99986553
0,0.0,0.00010126928
0,0.0,0.00012692946
1,1.0,0.9998674
0,0.0,0.00014085526
0,0.0,0.00019268149
0,0.0,0.0001405093
1,1.0,0.9998619
1,1.0,0.99986225
1,1.0,0.9998668
1,1.0,0.9998655
0,0.0,0.0001565835
0,0.0,0.00013532206
0,0.0,0.00013478349
1,1.0,0.99986583
1,1.0,0.9998678
1,1.0,0.9998656
1,1.0,0.9998666
0,0.0,0.0001352253
1,1.0,0.99986386
0,0.0,0.00014077511
0,0.0,6.5698034e-05
0,0.0,0.00014077028
0,0.0,0.0005365864
1,1.0,0.9998662
1,1.0,0.99986315
1,1.0,0.99986565
1,1.0,0.9998654
1,1.0,0.99986553
1,1.0,0.9998635
0,0.0,0.00013042547
0,0.0,0.00024994454
1,1.0,0.99986535
0,0.0,4.008663e-05
0,0.0,0.00016575785
1,1.0,0.99986553
0,0.0,0.00014563062
0,0.0,0.00014211766
0,0.0,0.00013842701
0,0.0,0.0005734572
1,1.0,0.99986553
0,0.0,4.010693e-05
0,0.0,7.546868e-05
1,1.0,0.99986684
1,1.0,0.99986506
1,1.0,0.9998675
1,1.0,0.9998669
1,1.0,0.99985737
1,1.0,0.99986553
1,1.0,0.9998641
0,0.0,0.0001622001
0,0.0,0.00015098664
1,1.0,0.99986786
0,0.0,0.0001354709
1,1.0,0.9998612
1,1.0,0.99986476
1,1.0,0.9998648
0,0.0,0.00013969427
1,1.0,0.9998742
0,0.0,0.00014750446
0,0.0,0.00010149309
1,1.0,0.99985695
0,0.0,8.72304e-05
1,1.0,0.9998669
1,1.0,0.9998644
1,1.0,0.99961054
1,1.0,0.9998623
0,0.0,0.00011523274
1,1.0,0.99986494
0,0.0,0.00010780472
0,0.0,0.00010118674
0,0.0,0.00021298234
1,1.0,0.99985856
0,0.0,0.00011831758
0,0.0,9.249423e-05
0,0.0,0.00014024146
0,0.0,8.479439e-05
1,1.0,0.9998667
1,1.0,0.9998659
0,0.0,0.00013140743
1,1.0,0.99986184
1,1.0,0.9998668
0,0.0,0.0005346511
1,1.0,0.99986297
1,1.0,0.99986553
0,0.0,0.00014563408
1,1.0,0.99986184
0,0.0,0.00015203463
0,0.0,0.000101615595
0,0.0,0.00010107758
1,1.0,0.9996654
0,0.0,0.000101011196
0,0.0,0.00014853352
0,0.0,0.00014214325
0,0.0,9.122264e-05
1,1.0,0.9998656
0,0.0,0.0001431827
1,1.0,0.99986434
1,1.0,0.9998546
0,0.0,0.00010598699
1,1.0,0.99986345
0,0.0,0.00013907981
1,1.0,0.999864
1,1.0,0.9998669
0,0.0,0.00013526567
0,0.0,0.00014009739
1,1.0,0.99986213
0,0.0,8.708752e-05
1,1.0,0.99986696
1,1.0,0.9998655
1,1.0,0.9998669
0,0.0,0.00013566132
0,0.0,0.0001403382
0,0.0,7.6693395e-05
0,0.0,0.00013564178
1,1.0,0.9998627
0,0.0,0.00010147644
0,0.0,0.00010099848
1,1.0,0.9998613
0,0.0,0.00013527238
1,1.0,0.99986446
0,0.0,0.00014563034
1,1.0,0.9998683
0,0.0,0.00013547219
1,1.0,0.9998668
1,1.0,0.9998557
0,0.0,0.00011683275
0,0.0,9.4595394e-05
1,1.0,0.9998643
0,0.0,0.00013975448
0,0.0,9.4258634e-05
1,1.0,0.99986553
0,0.0,0.000102509315
1,1.0,0.99986196
0,0.0,9.353526e-05
1,1.0,0.9996607
0,0.0,0.00015657335
1,1.0,0.9998558
0,0.0,6.621511e-05
0,0.0,0.0005945349
0,0.0,0.00013526283
1,1.0,0.9998655
0,0.0,9.076709e-05
1,1.0,0.99986386
1,1.0,0.99986476
0,0.0,0.00028924606
0,0.0,5.112033e-05
1,1.0,0.9998683
1,1.0,0.9998654
1,1.0,0.9998654
1,1.0,0.9998639
0,0.0,0.000118574644
0,0.0,8.27639e-05
0,0.0,5.114442e-05
0,0.0,0.00013478618
1,1.0,0.99986565
0,0.0,0.0008096367
1,1.0,0.9998636
1,1.0,0.99985516
1,1.0,0.99986696
0,0.0,0.0001440394
1,1.0,0.999865
0,0.0,0.00014212442
0,0.0,0.00014514485
1,1.0,0.9998649
1,1.0,0.9998683
1,1.0,0.9998641
0,0.0,6.0973547e-05
1,1.0,0.99896383
1,1.0,0.9998666
1,1.0,0.9998654
0,0.0,0.00010596981
1,1.0,0.9998647
0,0.0,0.00012731565
1,1.0,0.9998668
0,0.0,0.0003296621
0,0.0,0.00010252309
0,0.0,0.00013842847
0,0.0,0.00014286317
0,0.0,0.00059591996
1,1.0,0.9998629
1,1.0,0.9998642
0,0.0,5.112428e-05
0,0.0,7.1928545e-05
1,1.0,0.9988948
1,1.0,0.99986356
1,1.0,0.99986583
1,1.0,0.99986583
1,1.0,0.99986696
1,1.0,0.9998671
0,0.0,0.00014750923
1,1.0,0.9998669
1,1.0,0.9998655
1,1.0,0.9998657
1,1.0,0.9998669
1,1.0,0.9998667
0,0.0,0.0001474994
1,1.0,0.9988685
0,0.0,0.0011500408
0,0.0,0.00011685961
0,0.0,0.00010143436
0,0.0,0.0015160122
1,1.0,0.9998669
1,1.0,0.9998632
0,0.0,0.00015201782
1,1.0,0.9998652
0,0.0,0.00022241063
0,0.0,0.00013466927
1,1.0,0.9998632
1,1.0,0.99986523
1,1.0,0.9998602
0,0.0,5.1122963e-05
1,1.0,0.99986404
0,0.0,0.00012989079
0,0.0,0.0001264583
0,0.0,0.00023822511
1,1.0,0.99986583
1,1.0,0.9998641
0,0.0,0.0001424142
1,1.0,0.99986565
1,1.0,0.99986446
0,0.0,0.00013842015
0,0.0,0.00013976128
0,0.0,0.00083735515
0,0.0,0.00013560777
1,1.0,0.9998681
0,0.0,0.00013517747
0,0.0,0.00014662158
1,1.0,0.9998684
1,1.0,0.99986535
1,1.0,0.9998648
1,1.0,0.9998644
0,0.0,0.00023742739
1,1.0,0.9998655
0,0.0,0.0001404994
0,0.0,0.00016822235
0,0.0,0.00017680331
0,0.0,0.00015202478
1,1.0,0.9998683
0,0.0,0.00011958205
1,1.0,0.9998665
1,1.0,0.9998645
1,1.0,0.9998644
0,0.0,0.0003566057
0,0.0,7.298562e-05
0,0.0,7.9779005e-05
0,0.0,0.00016872675
1,1.0,0.9998662
0,0.0,0.00010137798
1,1.0,0.99986523
1,1.0,0.99986476
1,1.0,0.99986297
0,0.0,0.00018011576
1,1.0,0.9998604
1,1.0,0.9998638
0,0.0,0.00013478825
1,1.0,0.9998652
0,0.0,0.00013344023
1,1.0,0.99986327
0,0.0,7.265819e-05
0,0.0,0.00025601083
1,1.0,0.9998646
0,0.0,0.00021036771
1,1.0,0.9987106
0,0.0,0.00012010807
0,0.0,0.0001440328
0,0.0,6.527731e-05
1,1.0,0.9998326
0,0.0,0.00015485918
0,0.0,0.00014242138
0,0.0,0.00016579074
1,1.0,0.9998654
1,1.0,0.9998626
1,1.0,0.9998649
0,0.0,0.00014749968
1,1.0,0.99986297
1,1.0,0.99986005
0,0.0,6.187996e-05
0,0.0,0.00014349597
0,0.0,0.00019254119
0,0.0,9.148528e-05
1,1.0,0.9982995
0,0.0,0.00014894552
1,1.0,0.99986684
0,0.0,0.00015508039
0,0.0,7.274451e-05
0,0.0,0.00010167044
1,1.0,0.9998674
1,1.0,0.9998651
0,0.0,0.00012854836
1,1.0,0.9998661
1,1.0,0.9998643
1,1.0,0.9998546
1,1.0,0.9998651
1,1.0,0.99986386
1,1.0,0.9998631
0,0.0,0.00014997419
1,1.0,0.9998586
1,1.0,0.999866
1,1.0,0.99986506
0,0.0,0.00012550039
0,0.0,7.214872e-05
0,0.0,9.35589e-05
0,0.0,0.0001238496
1,1.0,0.9998629
1,1.0,0.99986655
0,0.0,0.00018282747
1,1.0,0.9998629
0,0.0,6.338405e-05
0,0.0,0.00010054243
0,0.0,0.0001456459
1,1.0,0.99986476
1,1.0,0.9998459
0,0.0,5.1124473e-05
1,1.0,0.9998642
1,1.0,0.99986684
1,1.0,0.9998671
0,0.0,0.0015178989
1,1.0,0.999866
0,0.0,6.0179613e-05
0,0.0,8.600139e-05
1,1.0,0.9998635
1,1.0,0.9998634
1,1.0,0.9998668
1,1.0,0.99986386
0,0.0,0.00014034047
1,1.0,0.99986666
1,1.0,0.9998669
1,1.0,0.99986666
1,1.0,0.99986345
0,0.0,0.00014996748
0,0.0,0.00013547245
0,0.0,0.0012652967
0,0.0,0.00033443706
0,0.0,0.00016814792
1,1.0,0.99986434
1,1.0,0.9998625
0,0.0,0.0008101653
1,1.0,0.99986565
0,0.0,0.000101414815
0,0.0,0.00058090774
1,1.0,0.99986273
0,0.0,8.596384e-05
0,0.0,0.00016580308
1,1.0,0.9998633
1,1.0,0.9998657
0,0.0,0.00014403637
0,0.0,0.00013332767
1,1.0,0.999866
1,1.0,0.9998657
0,0.0,0.0001801398
1,1.0,0.9998654
1,1.0,0.9998567
1,1.0,0.999865
1,1.0,0.9998655
1,1.0,0.9998682
1,1.0,0.9998555
1,1.0,0.99986523
0,0.0,0.0001407719
0,0.0,0.00014749827
1,1.0,0.9998647
0,0.0,0.00014873945
0,0.0,0.00080835744
1,1.0,0.9998665
0,0.0,6.569684e-05
0,0.0,0.00014404049
0,0.0,0.0005368896
0,0.0,0.00014216699
1,1.0,0.9998675
0,0.0,6.3373955e-05
0,0.0,4.0064995e-05
0,0.0,0.00017839782
1,1.0,0.9998604
0,0.0,0.0005479143
1,1.0,0.9998678
0,0.0,0.000136003
0,0.0,0.00014725587
1,1.0,0.99986655
1,1.0,0.99989825
0,0.0,0.00016314675
1,1.0,0.9998652
0,0.0,0.00014190977
0,0.0,0.00014226
0,0.0,6.337825e-05
1,1.0,0.99986476
1,1.0,0.9998662
0,0.0,0.00012730631
0,0.0,0.00010802092
0,0.0,0.0015384064
0,0.0,7.5264936e-05
0,0.0,0.00016217922
1,1.0,0.9998644
0,0.0,0.000117518015
1,1.0,0.9998656
1,1.0,0.9998627
0,0.0,6.197995e-05
1,1.0,0.9998668
1,1.0,0.9998678
1,1.0,0.9998656
1,1.0,0.99986255
1,1.0,0.9998654
1,1.0,0.9998671
0,0.0,0.00010314165
0,0.0,0.00014211914
1,1.0,0.9998563
1,1.0,0.99986696
0,0.0,0.00014286098
1,1.0,0.99986476
0,0.0,9.564439e-05
1,1.0,0.9998642
0,0.0,0.00014241786
0,0.0,0.0001361678
0,0.0,0.0001509829
0,0.0,7.2101946e-05
0,0.0,0.00013608407
0,0.0,6.0172726e-05
0,0.0,0.0005861396
0,0.0,0.00014212714
1,1.0,0.9997852
0,0.0,7.606221e-05
1,1.0,0.9998682
1,1.0,0.99986666
0,0.0,0.00032953077
0,0.0,0.00013035981
1,1.0,0.9998582
0,0.0,0.00010604603
0,0.0,0.0001422611
0,0.0,0.0005328985
0,0.0,0.00011808956
0,0.0,0.00019221504
1,1.0,0.99986774
0,0.0,0.00015649635
1,1.0,0.99986756
0,0.0,0.00014894808
1,1.0,0.9998684
0,0.0,0.00013547039
1,1.0,0.99986696
1,1.0,0.9998653
1,1.0,0.99986523
1,1.0,0.999854
0,0.0,0.00017829971
0,0.0,0.00010145254
0,0.0,0.00015643041
0,0.0,7.3525895e-05
1,1.0,0.99986804
1,1.0,0.9998635
0,0.0,0.00010799517
1,1.0,0.99986523
0,0.0,5.1119743e-05
1,1.0,0.99986476
1,1.0,0.99985725
0,0.0,0.00013541964
1,1.0,0.99986273
0,0.0,0.00015918627
0,0.0,7.266907e-05
0,0.0,0.00010603672
1,1.0,0.99971884
1,1.0,0.9998682
0,0.0,0.0001456309
1,1.0,0.9998649
1,1.0,0.99986243
0,0.0,0.00013975329
0,0.0,6.0183054e-05
0,0.0,0.00014009513
1,1.0,0.99986386
1,1.0,0.999864
0,0.0,0.00014241975
1,1.0,0.99986386
0,0.0,8.4336505e-05
0,0.0,0.00015219577
1,1.0,0.9998657
0,0.0,0.00012912415
0,0.0,0.00015852918
0,0.0,0.00016346567
1,1.0,0.9998663
0,0.0,9.2301714e-05
0,0.0,0.00014665625
0,0.0,0.00013346988
1,1.0,0.9998626
0,0.0,6.201288e-05
0,0.0,0.00014225648
0,0.0,0.00014031437
0,0.0,0.00012317604
1,1.0,0.9998626
0,0.0,0.00014212633
0,0.0,0.00089238887
0,0.0,0.00024353918
1,1.0,0.99986476
1,1.0,0.9998628
0,0.0,0.00013842332
0,0.0,0.0012314874
0,0.0,8.723506e-05
0,0.0,0.00014034676
0,0.0,0.000112226924
1,1.0,0.9998634
1,1.0,0.9998597
1,1.0,0.9998639
1,1.0,0.9998581
1,1.0,0.9998631
0,0.0,0.00013875581
0,0.0,7.144967e-05
0,0.0,0.00013565096
1,1.0,0.9990693
1,1.0,0.9998457
0,0.0,0.00017793117
1,1.0,0.9998616
1,1.0,0.9998653
0,0.0,4.005896e-05
1,1.0,0.9998657
1,1.0,0.9998643
0,0.0,9.564485e-05
1,1.0,0.99986553
1,1.0,0.999863
1,1.0,0.9998669
1,1.0,0.9998658
1,1.0,0.99986386
0,0.0,0.0001422527
0,0.0,0.00011223528
0,0.0,0.00014666298
1,1.0,0.9998655
0,0.0,0.000117028205
0,0.0,0.00013044002
1,1.0,0.9998669
0,0.0,0.00015260137
0,0.0,0.0001499805
1,1.0,0.9998642
1,1.0,0.99986607
0,0.0,5.1121988e-05
0,0.0,0.00013610549
1,1.0,0.9998654
1,1.0,0.99986655
0,0.0,0.00013974422
0,0.0,7.242224e-05
1,1.0,0.999866
1,1.0,0.99986017
1,1.0,0.9998648
0,0.0,0.00032943906
1,1.0,0.99986225
0,0.0,0.00013563118
1,1.0,0.9998658
0,0.0,0.00012727984
0,0.0,0.00017678965
0,0.0,0.00014035197
1,1.0,0.999868
0,0.0,0.00016105827
1,1.0,0.99986815
1,1.0,0.9998682
0,0.0,0.000570723
0,0.0,8.5990076e-05
0,0.0,0.00010520058
0,0.0,0.00032936648
1,1.0,0.9998669
0,0.0,0.00013971626
1,1.0,0.9998629
1,1.0,0.9998639
1,1.0,0.999861
0,0.0,0.00014064737
1,1.0,0.99986684
0,0.0,0.00032946857
1,1.0,0.99986535
0,0.0,0.0001428652
0,0.0,0.00014750248
1,1.0,0.9998548
0,0.0,7.1844566e-05
1,1.0,0.9998656
1,1.0,0.999867
1,1.0,0.9998662
0,0.0,0.00015202796
1,1.0,0.9998682
1,1.0,0.9998632
0,0.0,0.00055104477
0,0.0,0.0001319087
1,1.0,0.9992
0,0.0,6.173803e-05
1,1.0,0.99986553
1,1.0,0.99986774
0,0.0,0.00012269577
1,1.0,0.9998651
1,1.0,0.99986625
1,1.0,0.99986833
1,1.0,0.9998668
0,0.0,0.00011810645
0,0.0,7.305657e-05
0,0.0,0.00014883194
1,1.0,0.9998634
0,0.0,0.0001525446
0,0.0,7.6110824e-05
1,1.0,0.9998656
0,0.0,0.00013388619
0,0.0,0.000109128814
1,1.0,0.9998681
0,0.0,5.1120718e-05
1,1.0,0.99985725
1,1.0,0.99986565
0,0.0,0.0001585186
1,1.0,0.9998635
0,0.0,0.00013345742
1,1.0,0.9998655
0,0.0,0.00010134618
1,1.0,0.99986756
1,1.0,0.9998634
0,0.0,0.00014086011
1,1.0,0.99986815
1,1.0,0.99986476
0,0.0,0.00015918247
0,0.0,0.00010162411
1,1.0,0.99986744
0,0.0,0.00014084116
0,0.0,0.00014010393
1,1.0,0.99986476
0,0.0,0.00016567096
1,1.0,0.99986374
1,1.0,0.99986565
1,1.0,0.99986684
0,0.0,7.240802e-05
1,1.0,0.99986434
0,0.0,0.00012041782
1,1.0,0.99985737
1,1.0,0.9998627
0,0.0,0.00016814214
1,1.0,0.9998666
0,0.0,0.00010152096
1,1.0,0.9998626
1,1.0,0.9998644
1,1.0,0.9998681
1,1.0,0.99986607
0,0.0,0.00014404338
0,0.0,0.00014243116
1,1.0,0.9998684
0,0.0,0.00017221336
0,0.0,0.00017825923
0,0.0,0.00014750277
1,1.0,0.99985707
1,1.0,0.99986476
0,0.0,0.00014242016
0,0.0,0.00011111851
0,0.0,0.00015203925
0,0.0,0.00010529554
1,1.0,0.9998664
1,1.0,0.9998656
0,0.0,0.00018475675
1,1.0,0.99986345
0,0.0,0.000105834486
1,1.0,0.99986356
1,1.0,0.9998335
1,1.0,0.9998667
1,1.0,0.999863
0,0.0,0.0001111557
1,1.0,0.9998662
1,1.0,0.9998628
0,0.0,0.00010111778
0,0.0,0.00010157916
1,1.0,0.9998631
1,1.0,0.99986553
1,1.0,0.999866
0,0.0,0.0015250521
1,1.0,0.99986655
1,1.0,0.99986476
0,0.0,4.0067902e-05
1,1.0,0.9998669
0,0.0,7.2654795e-05
0,0.0,0.0015578512
1,1.0,0.9998622
0,0.0,0.0005960586
0,0.0,0.00013693876
0,0.0,5.10588e-05
1,1.0,0.99985576
1,1.0,0.9998645
1,1.0,0.99986523
0,0.0,0.0001440324
1,1.0,0.99986756
1,1.0,0.99986523
1,1.0,0.9998657
1,1.0,0.99986213
1,1.0,0.9998665
0,0.0,0.00015917413
0,0.0,0.00013651245
0,0.0,0.00014888235
0,0.0,5.112413e-05
1,1.0,0.9998641
0,0.0,0.00041077333
0,0.0,9.3030016e-05
0,0.0,0.00015252628
0,0.0,6.0966922e-05
1,1.0,0.99986535
0,0.0,0.00014749462
1,1.0,0.99986184
0,0.0,0.00010149396
1,1.0,0.9998673
0,0.0,0.00015203113
1,1.0,0.99986583
1,1.0,0.9998667
1,1.0,0.9998646
1,1.0,0.99986476
1,1.0,0.99986285
0,0.0,0.00014055875
1,1.0,0.999854
1,1.0,0.9998593
1,1.0,0.9998656
1,1.0,0.9998651
0,0.0,0.0001360733
0,0.0,0.0002084249
1,1.0,0.99986553
1,1.0,0.99986535
1,1.0,0.99986404
1,1.0,0.99986476
0,0.0,0.00016658637
1,1.0,0.9998638
0,0.0,4.0162926e-05
1,1.0,0.99986714
0,0.0,0.00013966029
1,1.0,0.99986464
0,0.0,0.00015453716
1,1.0,0.99986255
1,1.0,0.999867
0,0.0,0.00011761835
1,1.0,0.99986637
0,0.0,0.00014793054
0,0.0,0.00056430727
1,1.0,0.999863
0,0.0,8.278324e-05
0,0.0,0.00015280112
1,1.0,0.9987331
0,0.0,0.00014666101
1,1.0,0.99986684
1,1.0,0.9998634
0,0.0,0.00014050717
0,0.0,0.00015098188
0,0.0,0.00014749645
0,0.0,0.001029467
1,1.0,0.9998657
1,1.0,0.99982804
0,0.0,0.00013526695
1,1.0,0.9998631
1,1.0,0.9998661
0,0.0,0.00017794067
0,0.0,0.00010132067
0,0.0,0.00014077216
0,0.0,0.000118048585
0,0.0,7.242569e-05
1,1.0,0.9998634
1,1.0,0.9998626
0,0.0,0.0002602182
1,1.0,0.99986565
1,1.0,0.99986565
1,1.0,0.9998665
1,1.0,0.9985774
0,0.0,9.078388e-05
0,0.0,0.00013547063
0,0.0,0.00014243116
1,1.0,0.99986506
0,0.0,0.00015290256
0,0.0,6.3388274e-05
1,1.0,0.9998669
0,0.0,0.00010126339
0,0.0,0.00013885654
1,1.0,0.99986273
0,0.0,0.00017868367
1,1.0,0.99985844
1,1.0,0.99986476
1,1.0,0.999863
1,1.0,0.9998655
1,1.0,0.99986327
0,0.0,0.000101429134
1,1.0,0.99986386
1,1.0,0.99986523
0,0.0,0.00016023722
0,0.0,8.779503e-05
0,0.0,0.00016771352
1,1.0,0.9998655
0,0.0,0.00012169927
1,1.0,0.99986356
1,1.0,0.99986315
1,1.0,0.9998625
1,1.0,0.9998668
0,0.0,0.00013842464
1,1.0,0.9998651
1,1.0,0.99986416
1,1.0,0.99985904
0,0.0,0.000116846015
0,0.0,0.00014749898
0,0.0,0.00010135952
0,0.0,0.00013573856
1,1.0,0.9998632
1,1.0,0.9998669
1,1.0,0.9998646
1,1.0,0.9998656
0,0.0,0.00018441302
0,0.0,0.00012655492
1,1.0,0.9998634
1,1.0,0.99986565
0,0.0,0.00012010818
1,1.0,0.9998655
0,0.0,0.00013842358
1,1.0,0.9998625
1,1.0,0.99986523
0,0.0,0.00013839838
0,0.0,0.0001477897
1,1.0,0.99986756
0,0.0,0.0001591667
1,1.0,0.9998654
1,1.0,0.99986273
0,0.0,5.1117207e-05
0,0.0,7.298604e-05
0,0.0,0.00038634802
1,1.0,0.9998632
0,0.0,0.0008667892
0,0.0,4.005934e-05
1,1.0,0.9998683
1,1.0,0.9998633
0,0.0,0.00017328684
0,0.0,0.00013346924
1,1.0,0.9997584
1,1.0,0.9998669
1,1.0,0.9998663
1,1.0,0.99986464
1,1.0,0.9998656
1,1.0,0.9998418
0,0.0,0.0003294114
1,1.0,0.99986255
1,1.0,0.9998651
1,1.0,0.9998626
0,0.0,6.1818966e-05
0,0.0,0.00014064416
1,1.0,0.9998572
0,0.0,0.00013373232
0,0.0,9.483727e-05
1,1.0,0.99986523
1,1.0,0.99986416
0,0.0,0.00010126445
1,1.0,0.9998631
0,0.0,0.00018158286
1,1.0,0.99986565
0,0.0,0.00010902304
0,0.0,0.00013566365
0,0.0,7.3523996e-05
1,1.0,0.9998632
0,0.0,0.000116867304
1,1.0,0.9998632
0,0.0,6.1765706e-05
1,1.0,0.99986434
0,0.0,6.1749095e-05
1,1.0,0.99986124
0,0.0,0.00014212781
0,0.0,0.00014372767
0,0.0,0.0001525542
0,0.0,0.00014665864
0,0.0,6.643471e-05
1,1.0,0.99986464
0,0.0,6.527805e-05
0,0.0,0.00014241786
1,1.0,0.99986637
1,1.0,0.9998634
1,1.0,0.9998684
0,0.0,0.00010131168
0,0.0,0.00079247565
0,0.0,0.00012570953
0,0.0,0.00014077994
0,0.0,0.00014997019
1,1.0,0.99986386
0,0.0,6.189466e-05
0,0.0,0.0005663046
1,1.0,0.99985147
0,0.0,0.00016157106
0,0.0,7.459947e-05
0,0.0,0.00057757343
1,1.0,0.99986273
1,1.0,0.99986684
0,0.0,7.2620234e-05
0,0.0,0.0001387664
1,1.0,0.99986434
1,1.0,0.99986434
0,0.0,0.00017812487
0,0.0,7.661605e-05
1,1.0,0.999865
0,0.0,0.00013842332
1,1.0,0.99986553
1,1.0,0.99986535
0,0.0,0.00010133226
0,0.0,0.000101173726
0,0.0,0.00015758075
1,1.0,0.9998669
1,1.0,0.99986666
1,1.0,0.99985737
0,0.0,0.00014563047
1,1.0,0.9998681
0,0.0,0.00012731383
1,1.0,0.9998652
1,1.0,0.9998648
0,0.0,0.00013346988
0,0.0,0.00011111989
1,1.0,0.9998669
0,0.0,0.00025215716
1,1.0,0.9998669
1,1.0,0.9998668
1,1.0,0.9998682
0,0.0,0.00018455551
0,0.0,0.00018448652
0,0.0,7.2553295e-05
0,0.0,0.00013966802
1,1.0,0.9998669
0,0.0,0.00016478004
1,1.0,0.99985635
1,1.0,0.9998656
1,1.0,0.9986913
1,1.0,0.99986583
0,0.0,0.00014749743
1,1.0,0.99986655
1,1.0,0.9998652
1,1.0,0.99986553
1,1.0,0.99986815
0,0.0,0.00013965816
0,0.0,0.00039257153
1,1.0,0.9998659
1,1.0,0.9996517
0,0.0,3.9989343e-05
1,1.0,0.99986565
1,1.0,0.99986553
0,0.0,0.00013728025
0,0.0,0.00014894751
0,0.0,5.105836e-05
0,0.0,0.00013344799
0,0.0,5.112223e-05
1,1.0,0.9998857
1,1.0,0.9998343
1,1.0,0.9998607
1,1.0,0.9998647
1,1.0,0.999867
1,1.0,0.99986684
1,1.0,0.99986356
0,0.0,0.00036975334
0,0.0,4.0085826e-05
1,1.0,0.9998613
0,0.0,7.2771785e-05
1,1.0,0.99986386
0,0.0,0.00014286725
0,0.0,0.0001290514
0,0.0,0.00014035933
1,1.0,0.99986696
1,1.0,0.9998678
0,0.0,0.00011686964
0,0.0,0.00014883166
0,0.0,0.00013526979
0,0.0,0.0005868543
0,0.0,0.00014510624
1,1.0,0.9998633
0,0.0,0.00080672675
1,1.0,0.9998632
1,1.0,0.99986017
1,1.0,0.9998682
1,1.0,0.99986565
1,1.0,0.99986184
0,0.0,0.00012994072
1,1.0,0.9998632
0,0.0,0.00015267136
1,1.0,0.9998649
0,0.0,9.077522e-05
1,1.0,0.9998668
0,0.0,0.00014748983
1,1.0,0.99986035
0,0.0,8.1044425e-05
1,1.0,0.9998656
0,0.0,0.00014083929
1,1.0,0.9998618
0,0.0,0.00017817564
1,1.0,0.9998654
0,0.0,0.00013547736
0,0.0,0.000100002566
1,1.0,0.9998654
1,1.0,0.99986684
0,0.0,9.3006325e-05
0,0.0,5.0987415e-05
0,0.0,0.00010112647
1,1.0,0.99986506
0,0.0,0.00014082306
1,1.0,0.9998669
1,1.0,0.9998632
1,1.0,0.9998683
0,0.0,0.0001925555
0,0.0,0.00024937658
1,1.0,0.9998669
0,0.0,0.00017224967
1,1.0,0.99986356
1,1.0,0.9998625
0,0.0,5.1121988e-05
1,1.0,0.99986416
0,0.0,0.00018984429
0,0.0,0.0011572294
0,0.0,0.00013166603
0,0.0,0.00014286685
1,1.0,0.9998652
0,0.0,3.9990486e-05
1,1.0,0.9998654
1,1.0,0.99986684
1,1.0,0.9998653
0,0.0,0.00016218015
0,0.0,5.1119256e-05
1,1.0,0.99986655
1,1.0,0.999867
1,1.0,0.9998625
1,1.0,0.99986756
0,0.0,8.2780556e-05
1,1.0,0.9998642
0,0.0,0.0001372775
0,0.0,9.481585e-05
0,0.0,0.00014051789
1,1.0,0.9998646
1,1.0,0.9998634
0,0.0,5.112272e-05
1,1.0,0.99986553
1,1.0,0.99986535
1,1.0,0.9998675
1,1.0,0.99986714
1,1.0,0.9998637
1,1.0,0.9998668
0,0.0,0.00014049551
1,1.0,0.9998654
1,1.0,0.9998669
1,1.0,0.99986553
0,0.0,0.00014404132
1,1.0,0.9998655
1,1.0,0.9998675
1,1.0,0.99986684
1,1.0,0.9998665
1,1.0,0.9998654
1,1.0,0.9998656
0,0.0,8.272909e-05
0,0.0,0.00014241392
0,0.0,0.0001163892
1,1.0,0.9998623
0,0.0,0.00018159082
0,0.0,4.0070805e-05
0,0.0,0.00015819787
1,1.0,0.9998641
0,0.0,0.00011810555
0,0.0,0.00013529831
1,1.0,0.99986255
0,0.0,0.0013428882
0,0.0,0.00010051175
1,1.0,0.99986655
1,1.0,0.9998631
0,0.0,0.00011113451
0,0.0,0.00017237914
1,1.0,0.9998668
1,1.0,0.9998638
1,1.0,0.99986374
1,1.0,0.9998671
1,1.0,0.9998664
0,0.0,0.000118118616
1,1.0,0.99985844
1,1.0,0.9998647
0,0.0,0.00013526889
1,1.0,0.99986464
1,1.0,0.99986565
1,1.0,0.9998656
1,1.0,0.9997765
0,0.0,6.0324983e-05
1,1.0,0.99986595
0,0.0,0.00012196566
0,0.0,0.00015597923
1,1.0,0.9998643
1,1.0,0.9998656
0,0.0,0.00026626277
1,1.0,0.9998646
0,0.0,0.00014562784
1,1.0,0.999868
0,0.0,0.0001420659
1,1.0,0.99986666
0,0.0,0.00015629473
0,0.0,0.00018512018
1,1.0,0.9998684
0,0.0,0.00027174648
0,0.0,3.9960978e-05
0,0.0,0.0001181265
1,1.0,0.9998418
0,0.0,0.00013570776
1,1.0,0.9998621
0,0.0,0.000117879405
0,0.0,0.001882349
1,1.0,0.9998632
1,1.0,0.9998653
1,1.0,0.9998634
1,1.0,0.99986124
0,0.0,0.00032953266
0,0.0,0.0001354669
1,1.0,0.9998654
0,0.0,0.00014578414
1,1.0,0.9998669
1,1.0,0.9998567
1,1.0,0.9998681
1,1.0,0.99986607
0,0.0,0.00014665864
0,0.0,0.00013479583
0,0.0,0.00014402525
1,1.0,0.9998643
0,0.0,0.00024360117
1,1.0,0.9998635
1,1.0,0.9998682
0,0.0,7.138408e-05
0,0.0,0.00013210584
0,0.0,0.000118362725
1,1.0,0.9998607
0,0.0,9.0796166e-05
0,0.0,0.00014749476
1,1.0,0.9998646
1,1.0,0.99986583
0,0.0,9.197311e-05
1,1.0,0.9998653
1,1.0,0.99986696
1,1.0,0.99986434
0,0.0,7.25432e-05
1,1.0,0.99986666
1,1.0,0.99985576
0,0.0,0.0001181069
1,1.0,0.99986565
0,0.0,0.00013419589
0,0.0,0.00013548331
0,0.0,5.1122475e-05
0,0.0,7.6696975e-05
0,0.0,0.00016476701
1,1.0,0.9998644
1,1.0,0.9998669
1,1.0,0.9998626
1,1.0,0.99986404
1,1.0,0.9998668
1,1.0,0.99986464
1,1.0,0.99986655
1,1.0,0.9998668
0,0.0,0.001095991
1,1.0,0.99986434
1,1.0,0.999867
0,0.0,6.3342355e-05
0,0.0,0.00018002596
0,0.0,0.00014562784
1,1.0,0.9998654
0,0.0,0.00013377491
0,0.0,0.00010109753
0,0.0,4.0047576e-05
1,1.0,0.99914163
0,0.0,0.0001456288
0,0.0,0.00010095476
1,1.0,0.9998666
0,0.0,7.9751386e-05
0,0.0,0.00081049156
0,0.0,4.016151e-05
0,0.0,4.004941e-05
1,1.0,0.99986345
0,0.0,0.00014511938
0,0.0,0.00012880638
1,1.0,0.9998684
1,1.0,0.9998669
0,0.0,0.000101409496
0,0.0,9.9607416e-05
0,0.0,0.00013526411
1,1.0,0.9998665
1,1.0,0.9998631
1,1.0,0.99986565
0,0.0,0.000120744364
1,1.0,0.99986714
0,0.0,0.00018445872
1,1.0,0.9998661
1,1.0,0.9998654
1,1.0,0.99986666
0,0.0,0.00014404624
0,0.0,0.00016410048
0,0.0,0.0002474845
0,0.0,0.00013315617
1,1.0,0.99983513
1,1.0,0.9998626
1,1.0,0.99986786
0,0.0,0.00014241514
0,0.0,0.00017813045
1,1.0,0.9998652
1,1.0,0.9998632
0,0.0,0.00016942836
1,1.0,0.9998525
1,1.0,0.99986786
1,1.0,0.9998632
1,1.0,0.9998682
1,1.0,0.9998658
0,0.0,7.29749e-05
0,0.0,9.1523754e-05
0,0.0,4.0080817e-05
0,0.0,0.00015851799
0,0.0,0.00015851784
0,0.0,0.00015261883
1,1.0,0.99986416
0,0.0,9.35291e-05
1,1.0,0.99986035
0,0.0,6.174598e-05
1,1.0,0.99986684
0,0.0,0.00014240971
1,1.0,0.9998639
1,1.0,0.9998655
0,0.0,0.008544948
0,0.0,0.00014599392
0,0.0,3.9994524e-05
1,1.0,0.9998654
1,1.0,0.9998656
0,0.0,7.2076306e-05
1,1.0,0.9998634
0,0.0,0.000117145435
1,1.0,0.99986476
0,0.0,0.00014128842
1,1.0,0.99986696
1,1.0,0.99986523
0,0.0,0.000121392826
1,1.0,0.99986553
0,0.0,9.5782474e-05
0,0.0,0.00056465535
0,0.0,0.00014403637
1,1.0,0.99986666
1,1.0,0.99986404
0,0.0,0.00012660382
1,1.0,0.9998655
1,1.0,0.99986523
0,0.0,0.0002088737
1,1.0,0.99986273
0,0.0,0.00015919947
0,0.0,6.338211e-05
1,1.0,0.9998682
1,1.0,0.9998664
0,0.0,0.0001476218
1,1.0,0.99985826
0,0.0,0.000101004356
1,1.0,0.9998669
0,0.0,0.00012339199
0,0.0,0.0001317232
0,0.0,0.00017679151
1,1.0,0.9998669
1,1.0,0.99986607
1,1.0,0.9998566
0,0.0,8.708462e-05
0,0.0,0.00014786398
0,0.0,0.00014206291
0,0.0,0.00033431337
1,1.0,0.99986553
1,1.0,0.9998665
1,1.0,0.9998682
0,0.0,9.564905e-05
1,1.0,0.999867
0,0.0,0.00013974476
1,1.0,0.9998634
0,0.0,0.00015208
0,0.0,4.0055023e-05
1,1.0,0.9998621
1,1.0,0.99986535
0,0.0,0.00015202623
1,1.0,0.9998617
0,0.0,0.00014076933
1,1.0,0.9998682
1,1.0,0.9998639
0,0.0,0.00014997777
1,1.0,0.9998648
1,1.0,0.99986696
0,0.0,0.0001261898
1,1.0,0.9998644
0,0.0,0.000120425284
0,0.0,0.00014665359
0,0.0,0.000120266115
1,1.0,0.999858
1,1.0,0.99986565
0,0.0,6.1871346e-05
0,0.0,6.3388274e-05
1,1.0,0.999863
1,1.0,0.99986726
1,1.0,0.9998645
0,0.0,0.0008095811
1,1.0,0.9998648
1,1.0,0.9998652
0,0.0,0.00014012663
0,0.0,0.00014286657
1,1.0,0.99986297
0,0.0,0.00013546857
0,0.0,0.00012285005
0,0.0,7.0522015e-05
1,1.0,0.999863
1,1.0,0.9998683
0,0.0,0.00014212361
1,1.0,0.9996668
0,0.0,7.976774e-05
0,0.0,0.0001357686
1,1.0,0.9996607
1,1.0,0.9998651
1,1.0,0.99985456
1,1.0,0.9998683
0,0.0,0.000101374404
0,0.0,0.00010114738
0,0.0,6.17894e-05
0,0.0,0.00015243585
0,0.0,0.000105738654
1,1.0,0.99986184
1,1.0,0.9998655
0,0.0,0.00010116523
1,1.0,0.9998678
0,0.0,7.6708166e-05
0,0.0,0.0001011093
1,1.0,0.9998682
0,0.0,9.248338e-05
0,0.0,0.0001091052
1,1.0,0.9998627
0,0.0,0.00014241705
0,0.0,0.0005664652
0,0.0,0.0001681614
1,1.0,0.9998665
1,1.0,0.9998632
1,1.0,0.99986315
1,1.0,0.99986356
1,1.0,0.99986684
0,0.0,8.0377526e-05
1,1.0,0.9998617
0,0.0,6.0899223e-05
1,1.0,0.99986714
1,1.0,0.99986446
0,0.0,0.00015256031
0,0.0,0.00013000504
1,1.0,0.9998659
1,1.0,0.9998652
1,1.0,0.9998572
0,0.0,0.00014404338
1,1.0,0.99986535
1,1.0,0.9998567
0,0.0,0.0001801185
0,0.0,0.00018429788
1,1.0,0.9998655
0,0.0,8.5978834e-05
1,1.0,0.99986696
0,0.0,0.00014050503
0,0.0,0.00014563548
0,0.0,0.00032961718
1,1.0,0.99986273
0,0.0,0.00010133661
0,0.0,0.000138422
1,1.0,0.99986243
1,1.0,0.9998656
0,0.0,7.025353e-05
0,0.0,0.00017795661
0,0.0,0.00012135417
0,0.0,0.00014562964
1,1.0,0.99985737
1,1.0,0.99986523
0,0.0,0.00013523691
1,1.0,0.9998668
1,1.0,0.99986255
1,1.0,0.9998548
0,0.0,0.00015019087
1,1.0,0.99985445
1,1.0,0.9998682
1,1.0,0.99986273
1,1.0,0.99986374
0,0.0,0.0009369977
0,0.0,0.00057582714
1,1.0,0.9998612
0,0.0,0.00014286875
1,1.0,0.9998619
0,0.0,0.0001451533
0,0.0,0.00016414994
0,0.0,6.3385196e-05
0,0.0,0.00011868132
1,1.0,0.9998543
1,1.0,0.9998667
0,0.0,0.0018485658
1,1.0,0.99986464
1,1.0,0.99986464
1,1.0,0.9998623
1,1.0,0.99986416
1,1.0,0.99981636
1,1.0,0.99986386
0,0.0,0.00013926244
0,0.0,9.930981e-05
1,1.0,0.9998557
1,1.0,0.99986464
1,1.0,0.9998643
1,1.0,0.99986327
0,0.0,0.0008075824
1,1.0,0.99985975
1,1.0,0.99986494
0,0.0,0.00013480213
1,1.0,0.99986535
1,1.0,0.99986696
1,1.0,0.9998671
0,0.0,6.179535e-05
0,0.0,0.00014361095
0,0.0,0.00015247917
0,0.0,0.00014034436
0,0.0,0.00015265185
1,1.0,0.9998665
1,1.0,0.99986523
1,1.0,0.99986625
1,1.0,0.9998656
1,1.0,0.9998683
0,0.0,0.0001362104
0,0.0,0.00017793456
0,0.0,0.00013415139
1,1.0,0.99986553
1,1.0,0.99986607
1,1.0,0.9998648
0,0.0,0.00010906838
0,0.0,0.00014371861
1,1.0,0.99986315
0,0.0,0.00016218664
0,0.0,6.1776664e-05
0,0.0,0.00052853225
0,0.0,0.0014047227
1,1.0,0.9998669
1,1.0,0.9998657
1,1.0,0.9998648
1,1.0,0.9998653
1,1.0,0.9998681
1,1.0,0.9998669
0,0.0,4.0075545e-05
0,0.0,0.0013258373
0,0.0,0.00014237169
0,0.0,0.00014212863
1,1.0,0.99986666
1,1.0,0.99986696
1,1.0,0.9998632
0,0.0,0.00010147789
1,1.0,0.9998659
1,1.0,0.9998668
0,0.0,0.000118156706
1,1.0,0.99986446
1,1.0,0.9998632
1,1.0,0.9998669
0,0.0,0.00057260605
0,0.0,0.00013547012
0,0.0,0.00013778305
1,1.0,0.99986553
1,1.0,0.99986416
0,0.0,0.00016579454
1,1.0,0.9998626
0,0.0,0.00015270179
1,1.0,0.9998668
1,1.0,0.9998645
0,0.0,0.00015454143
1,1.0,0.99986327
0,0.0,0.0005887392
1,1.0,0.99986553
1,1.0,0.9998638
1,1.0,0.99986714
1,1.0,0.9998634
0,0.0,0.0001489478
1,1.0,0.999865
1,1.0,0.9998639
1,1.0,0.99986416
0,0.0,0.00013978314
0,0.0,0.00013842293
0,0.0,6.1832885e-05
0,0.0,0.0001014836
1,1.0,0.9998661
0,0.0,0.00010163148
0,0.0,0.00017301574
1,1.0,0.9998634
0,0.0,0.00015677579
1,1.0,0.9998637
1,1.0,0.9998654
1,1.0,0.99986696
0,0.0,0.00013968641
0,0.0,0.00012378406
0,0.0,6.33054e-05
1,1.0,0.9998667
0,0.0,0.00010286211
0,0.0,0.00014515647
1,1.0,0.99986506
0,0.0,0.00010940327
0,0.0,0.00013567646
0,0.0,0.0001403513
0,0.0,8.727866e-05
1,1.0,0.9998669
1,1.0,0.9998634
1,1.0,0.9998653
0,0.0,0.00015742666
1,1.0,0.9998628
0,0.0,0.0001428603
1,1.0,0.9998625
0,0.0,0.00010132212
0,0.0,0.00017794508
1,1.0,0.99986225
0,0.0,0.00014998393
0,0.0,0.00032949809
1,1.0,0.9998657
0,0.0,0.001565525
0,0.0,0.00015742546
1,1.0,0.99986386
0,0.0,0.00017592733
0,0.0,0.00017164844
0,0.0,0.0001524517
1,1.0,0.9998655
0,0.0,0.00014330864
1,1.0,0.99986386
1,1.0,0.99986553
1,1.0,0.9998654
1,1.0,0.9989453
1,1.0,0.99986696
0,0.0,3.9985644e-05
0,0.0,0.00014404568
0,0.0,0.00012701687
1,1.0,0.99985695
1,1.0,0.9998634
1,1.0,0.99986416
0,0.0,0.000119491546
1,1.0,0.99986404
1,1.0,0.9998623
1,1.0,0.9998625
1,1.0,0.99986434
1,1.0,0.9998515
0,0.0,0.00014261124
1,1.0,0.9998682
1,1.0,0.99987257
0,0.0,0.00018415348
1,1.0,0.99986553
1,1.0,0.9998362
1,1.0,0.9998654
0,0.0,5.115554e-05
1,1.0,0.99986607
1,1.0,0.99986273
0,0.0,8.722533e-05
0,0.0,3.9972947e-05
1,1.0,0.99986404
1,1.0,0.9998656
1,1.0,0.9998627
1,1.0,0.99983174
0,0.0,6.192618e-05
1,1.0,0.9980437
1,1.0,0.99986356
0,0.0,3.9975006e-05
0,0.0,6.338254e-05
0,0.0,0.00014174466
0,0.0,0.00025607136
1,1.0,0.9998665
1,1.0,0.99985856
0,0.0,5.999917e-05
0,0.0,9.33177e-05
0,0.0,0.00015248673
1,1.0,0.9998366
1,1.0,0.999857
0,0.0,0.00010362916
1,1.0,0.99986655
0,0.0,0.00014226651
1,1.0,0.99986273
0,0.0,6.1770654e-05
1,1.0,0.9998654
0,0.0,5.111989e-05
0,0.0,0.00010158555
1,1.0,0.99986535
0,0.0,9.4831936e-05
1,1.0,0.999858
1,1.0,0.9998681
0,0.0,0.00033058773
1,1.0,0.9998634
0,0.0,0.0001090792
0,0.0,0.00016570002
0,0.0,6.180659e-05
0,0.0,0.00011750928
0,0.0,0.00015255318
0,0.0,6.180771e-05
1,1.0,0.9998292
0,0.0,9.1536764e-05
0,0.0,0.00015194056
1,1.0,0.99986273
0,0.0,0.00017680651
1,1.0,0.99986225
0,0.0,7.735856e-05
0,0.0,0.00010149241
1,1.0,0.9998644
0,0.0,6.015471e-05
0,0.0,7.672337e-05
1,1.0,0.99986005
0,0.0,0.00020677703
1,1.0,0.9998648
1,1.0,0.999864
0,0.0,6.182044e-05
1,1.0,0.99986607
0,0.0,0.00014212388
0,0.0,0.00015208131
1,1.0,0.9998662
0,0.0,0.00014229772
0,0.0,0.0009453371
0,0.0,0.00010149628
1,1.0,0.9998659
0,0.0,0.00012993118
1,1.0,0.9998639
1,1.0,0.9998675
0,0.0,0.00015271052
0,0.0,0.00011639662
1,1.0,0.99986035
0,0.0,0.00014286589
1,1.0,0.9998652
0,0.0,0.00010125732
0,0.0,7.390203e-05
1,1.0,0.9998649
0,0.0,0.00010317292
1,1.0,0.9998681
1,1.0,0.9998634
1,1.0,0.9998652
0,0.0,6.623209e-05
1,1.0,0.99986696
0,0.0,0.00014034288
1,1.0,0.99986535
0,0.0,7.315954e-05
1,1.0,0.99985826
1,1.0,0.99986446
0,0.0,7.4038246e-05
0,0.0,0.00014998406
1,1.0,0.99986666
1,1.0,0.9998663
0,0.0,0.00011931472
1,1.0,0.99986213
0,0.0,0.00013526966
0,0.0,5.1124327e-05
0,0.0,0.0002562648
1,1.0,0.9998657
0,0.0,0.0001779137
0,0.0,4.006683e-05
1,1.0,0.99986404
0,0.0,6.650182e-05
0,0.0,0.00012908502
1,1.0,0.99986535
0,0.0,0.0001466673
1,1.0,0.9998641
0,0.0,7.140478e-05
0,0.0,0.00014242288
1,1.0,0.9998627
1,1.0,0.99986523
1,1.0,0.99986494
1,1.0,0.9998631
0,0.0,9.249926e-05
0,0.0,0.00014225487
0,0.0,0.00012623613
1,1.0,0.9998631
0,0.0,0.0001440361
0,0.0,0.00013527909
1,1.0,0.99986553
1,1.0,0.9998646
0,0.0,0.00020873078
1,1.0,0.9997622
1,1.0,0.9998641
1,1.0,0.99986815
1,1.0,0.99986356
1,1.0,0.99986464
1,1.0,0.9998654
0,0.0,0.00013519707
1,1.0,0.9998658
0,0.0,0.00014212714
1,1.0,0.99986535
1,1.0,0.9998628
0,0.0,0.0001354718
1,1.0,0.9998643
1,1.0,0.99986506
1,1.0,0.99986804
0,0.0,0.00013211755
0,0.0,0.00012236534
1,1.0,0.999866
1,1.0,0.99986523
1,1.0,0.99986804
0,0.0,7.9723024e-05
1,1.0,0.9998679
0,0.0,0.00011826153
0,0.0,0.00012854137
1,1.0,0.9998657
0,0.0,0.00015617197
0,0.0,0.00013768968
1,1.0,0.9998626
1,1.0,0.999867
1,1.0,0.99982053
0,0.0,0.00013547167
0,0.0,0.0012626499
0,0.0,6.186781e-05
0,0.0,7.858539e-05
0,0.0,8.273351e-05
1,1.0,0.99986607
1,1.0,0.99986833
1,1.0,0.999864
1,1.0,0.9998682
1,1.0,0.9998652
0,0.0,0.00013486616
0,0.0,0.00018156938
0,0.0,0.00019255145
1,1.0,0.9998575
0,0.0,0.00014768657
0,0.0,0.00024455416
1,1.0,0.9998639
1,1.0,0.9998633
0,0.0,0.00014212253
1,1.0,0.99986035
1,1.0,0.99986255
1,1.0,0.9998656
1,1.0,0.9998667
1,1.0,0.9998656
1,1.0,0.99986297
0,0.0,7.307469e-05
0,0.0,0.00012874155
1,1.0,0.9998634
0,0.0,0.00011520111
0,0.0,0.00014241718
1,1.0,0.99986386
0,0.0,0.00013230563
1,1.0,0.9998658
1,1.0,0.9998682
0,0.0,5.112311e-05
0,0.0,0.00014228998
1,1.0,0.99985826
0,0.0,0.00013516187
0,0.0,0.00013499944
0,0.0,0.00010094696
0,0.0,0.00013589216
0,0.0,0.00013621832
1,1.0,0.9998521
1,1.0,0.9998651
1,1.0,0.9998657
1,1.0,0.9998654
1,1.0,0.999864
1,1.0,0.9985788
1,1.0,0.99986434
0,0.0,0.00014563811
1,1.0,0.9998669
1,1.0,0.9998634
1,1.0,0.99986243
1,1.0,0.9998633
1,1.0,0.9998626
0,0.0,0.000101007536
0,0.0,0.00015202767
1,1.0,0.9998662
1,1.0,0.99986434
1,1.0,0.99986273
0,0.0,6.3389605e-05
1,1.0,0.999866
0,0.0,0.00015278872
1,1.0,0.9998656
1,1.0,0.99986386
0,0.0,7.138877e-05
0,0.0,0.0015368162
1,1.0,0.99986356
1,1.0,0.99986583
1,1.0,0.9998669
0,0.0,6.175428e-05
1,1.0,0.9998647
0,0.0,0.00012601388
0,0.0,0.00018448546
1,1.0,0.9998654
0,0.0,0.00010570438
0,0.0,0.0001061213
1,1.0,0.9994854
0,0.0,0.000101201025
0,0.0,0.00017231339
0,0.0,4.0157796e-05
1,1.0,0.99986446
0,0.0,6.338972e-05
0,0.0,0.00019248134
1,1.0,0.9997779
1,1.0,0.99986345
1,1.0,0.9998604
0,0.0,7.2719675e-05
0,0.0,0.00014212361
0,0.0,0.0001716234
1,1.0,0.9998646
1,1.0,0.9998588
1,1.0,0.99981666
0,0.0,6.187212e-05
0,0.0,0.00014224592
1,1.0,0.9998647
0,0.0,0.00011811929
1,1.0,0.999862
0,0.0,0.00015913376
1,1.0,0.99986565
1,1.0,0.99986356
0,0.0,0.00014853664
1,1.0,0.9998681
1,1.0,0.99985904
1,1.0,0.9998655
0,0.0,0.00014853918
1,1.0,0.9998612
0,0.0,0.00013079039
0,0.0,4.014734e-05
0,0.0,0.00011809137
1,1.0,0.99986666
1,1.0,0.99986297
1,1.0,0.99986446
0,0.0,5.1120718e-05
1,1.0,0.9998658
0,0.0,6.651032e-05
1,1.0,0.9998655
0,0.0,0.00014295324
1,1.0,0.99986535
1,1.0,0.99986523
1,1.0,0.9998676
0,0.0,4.0143743e-05
0,0.0,0.00012065482
0,0.0,0.0011178356
0,0.0,0.000576039
1,1.0,0.99986476
1,1.0,0.9998684
0,0.0,0.00023725742
0,0.0,9.129225e-05
0,0.0,0.00012589607
0,0.0,0.00017249423
1,1.0,0.99986553
1,1.0,0.9998669
1,1.0,0.9998654
0,0.0,0.00013976247
0,0.0,7.2446965e-05
1,1.0,0.99985564
1,1.0,0.99986553
1,1.0,0.9998668
1,1.0,0.9998669
1,1.0,0.99985784
1,1.0,0.99986553
1,1.0,0.99986446
0,0.0,0.00016312591
0,0.0,0.0001585319
0,0.0,0.00016572278
1,1.0,0.99986535
0,0.0,0.00010100118
0,0.0,0.00013842015
1,1.0,0.99986386
1,1.0,0.99986464
0,0.0,0.0001768126
0,0.0,0.00014998278
0,0.0,0.00014225094
0,0.0,0.00016576923
1,1.0,0.99986696
0,0.0,0.0001488318
0,0.0,0.00014853352
0,0.0,0.00016047971
1,1.0,0.99986583
1,1.0,0.9998657
0,0.0,0.00014403871
1,1.0,0.9988505
1,1.0,0.99986565
0,0.0,0.00014997277
1,1.0,0.999859
0,0.0,0.0001428622
0,0.0,0.00010121145
1,1.0,0.99986327
0,0.0,0.00013478336
1,1.0,0.99986535
1,1.0,0.99985886
1,1.0,0.9998631
1,1.0,0.9998683
0,0.0,7.384913e-05
0,0.0,0.00032958103
0,0.0,0.00015657216
1,1.0,0.99986476
0,0.0,0.00014099812
1,1.0,0.9998628
1,1.0,0.9998613
0,0.0,0.00014746003
1,1.0,0.99986506
1,1.0,0.9998654
0,0.0,0.00023330751
1,1.0,0.99985856
0,0.0,0.00014551153
1,1.0,0.9997527
0,0.0,0.00014226178
0,0.0,0.00017691107
1,1.0,0.9998681
0,0.0,0.00013776137
1,1.0,0.9998671
1,1.0,0.9998682
0,0.0,0.00015260791
1,1.0,0.99986356
0,0.0,0.00012267436
1,1.0,0.9998681
0,0.0,0.00014225378
0,0.0,0.0001509914
1,1.0,0.99986345
1,1.0,0.99986523
0,0.0,4.0158637e-05
1,1.0,0.9998652
1,1.0,0.99986404
0,0.0,0.00012143728
0,0.0,0.0001226099
0,0.0,0.00012279127
1,1.0,0.99986655
0,0.0,0.00014563533
0,0.0,0.00017566248
0,0.0,0.011960518
0,0.0,8.2732884e-05
1,1.0,0.9998667
0,0.0,0.00016572278
0,0.0,0.00014211412
0,0.0,7.3701885e-05
0,0.0,0.00015202911
0,0.0,0.00014749476
0,0.0,0.00032971427
1,1.0,0.99986625
0,0.0,0.00077316054
0,0.0,0.0001359216
0,0.0,0.00011827213
1,1.0,0.9998669
1,1.0,0.9998652
0,0.0,3.994932e-05
1,1.0,0.99986255
0,0.0,5.112608e-05
0,0.0,0.00015618374
0,0.0,0.00014286535
1,1.0,0.99986535
0,0.0,0.00012898019
0,0.0,0.00017793082
0,0.0,5.1090552e-05
1,1.0,0.99986553
0,0.0,0.00015248876
1,1.0,0.99986804
0,0.0,0.00010153984
0,0.0,7.306877e-05
0,0.0,0.00021678947
0,0.0,0.0009529324
0,0.0,4.0139876e-05
1,1.0,0.99962026
0,0.0,0.00017680551
1,1.0,0.999889
0,0.0,0.00017565377
1,1.0,0.99986625
1,1.0,0.99986684
0,0.0,6.097221e-05
0,0.0,6.182811e-05
1,1.0,0.9998646
1,1.0,0.99986535
1,1.0,0.9998654
0,0.0,0.00012963045
0,0.0,0.0001010214
0,0.0,0.00014750136
0,0.0,9.3533294e-05
1,1.0,0.9998613
1,1.0,0.99986345
0,0.0,0.00014077002
1,1.0,0.99986553
0,0.0,7.25497e-05
0,0.0,0.00015574931
0,0.0,0.00015818806
1,1.0,0.9998656
0,0.0,9.5688905e-05
1,1.0,0.99986607
1,1.0,0.9998658
1,1.0,0.9998661
0,0.0,0.00013616896
1,1.0,0.999868
0,0.0,0.0002488792
0,0.0,0.00013113316
0,0.0,3.9005103e-05
1,1.0,0.9998624
1,1.0,0.99986476
0,0.0,0.0005769679
1,1.0,0.99985623
0,0.0,0.0001384166
1,1.0,0.9998654
1,1.0,0.9998565
0,0.0,0.0019026734
0,0.0,7.3480616e-05
1,1.0,0.99986583
1,1.0,0.9998655
1,1.0,0.99985737
0,0.0,0.00013096971
0,0.0,0.00010107421
0,0.0,0.0001527111
0,0.0,0.00013377274
0,0.0,0.00014854642
0,0.0,0.0001456302
1,1.0,0.9998631
0,0.0,7.6072734e-05
0,0.0,7.0508766e-05
1,1.0,0.9998641
1,1.0,0.99983287
1,1.0,0.9998602
0,0.0,7.6033204e-05
0,0.0,0.00014896058
0,0.0,0.00014077082
1,1.0,0.9998654
1,1.0,0.99986273
1,1.0,0.99986714
0,0.0,3.9980725e-05
0,0.0,0.0001321212
1,1.0,0.9998665
1,1.0,0.99986386
0,0.0,0.000118234915
1,1.0,0.99986506
0,0.0,0.00013343312
1,1.0,0.99985415
0,0.0,0.0001352685
1,1.0,0.99986374
1,1.0,0.9998652
1,1.0,0.9998626
0,0.0,7.213469e-05
1,1.0,0.99986553
1,1.0,0.9998654
1,1.0,0.9998648
1,1.0,0.999865
0,0.0,0.00014365958
1,1.0,0.9998655
1,1.0,0.99986523
1,1.0,0.9998663
1,1.0,0.99986583
1,1.0,0.99986446
1,1.0,0.99986553
1,1.0,0.99985933
0,0.0,0.00018011147
1,1.0,0.9998656
0,0.0,0.0001300705
0,0.0,6.186881e-05
1,1.0,0.9998666
1,1.0,0.9998529
0,0.0,0.00017163175
0,0.0,0.00015251814
0,0.0,0.00016811938
0,0.0,7.8885714e-05
0,0.0,3.9974166e-05
0,0.0,0.0002595972
1,1.0,0.9998675
0,0.0,7.385807e-05
1,1.0,0.999864
1,1.0,0.99986506
1,1.0,0.9998664
1,1.0,0.9998648
1,1.0,0.99986553
1,1.0,0.9998645
1,1.0,0.99856246
0,0.0,0.000148545
1,1.0,0.99986553
0,0.0,0.0001815209
0,0.0,0.00016998843
1,1.0,0.9998655
1,1.0,0.999863
0,0.0,9.958045e-05
1,1.0,0.9998635
0,0.0,0.0001397253
1,1.0,0.9998656
0,0.0,6.641501e-05
0,0.0,9.233516e-05
0,0.0,0.0001354864
1,1.0,0.9998555
0,0.0,9.079998e-05
0,0.0,0.000101435326
1,1.0,0.9998679
1,1.0,0.99986655
1,1.0,0.9998631
0,0.0,0.0001421762
0,0.0,0.00015256817
1,1.0,0.9998602
0,0.0,0.00014051695
1,1.0,0.9998655
1,1.0,0.999866
1,1.0,0.9998651
1,1.0,0.9998637
0,0.0,0.00011877598
1,1.0,0.99986255
0,0.0,0.00012668181
0,0.0,0.00016777124
0,0.0,0.00010107016
1,1.0,0.99983233
0,0.0,0.00018420545
1,1.0,0.9998461
0,0.0,0.00014563338
1,1.0,0.99986625
0,0.0,0.00013999655
1,1.0,0.9998576
1,1.0,0.9998682
0,0.0,7.1845185e-05
1,1.0,0.99986213
0,0.0,0.00014285377
1,1.0,0.9998631
0,0.0,5.112423e-05
0,0.0,0.0001440416
0,0.0,0.00014403692
1,1.0,0.9998628
1,1.0,0.99986434
0,0.0,0.00021672643
1,1.0,0.99986684
0,0.0,7.668345e-05
1,1.0,0.9998641
1,1.0,0.99986184
0,0.0,0.00010106727
1,1.0,0.99985874
1,1.0,0.99986285
1,1.0,0.9998668
0,0.0,0.00013843863
1,1.0,0.9998653
1,1.0,0.99986553
1,1.0,0.9998643
1,1.0,0.99986327
1,1.0,0.9998644
0,0.0,0.00014404036
1,1.0,0.99986583
1,1.0,0.9998674
0,0.0,0.00018456674
0,0.0,0.00015202838
0,0.0,6.0899514e-05
0,0.0,0.00014664633
0,0.0,0.00014403321
1,1.0,0.9998627
0,0.0,0.00014226256
0,0.0,9.353677e-05
1,1.0,0.99985856
1,1.0,0.99985474
1,1.0,0.99986327
1,1.0,0.99986166
1,1.0,0.9998645
0,0.0,0.0001523754
1,1.0,0.9998643
1,1.0,0.9998647
1,1.0,0.9998662
0,0.0,0.00055504986
0,0.0,0.00013255958
1,1.0,0.9998658
0,0.0,0.00034373492
1,1.0,0.99986607
0,0.0,0.0002695778
0,0.0,0.0010529546
0,0.0,0.00010103604
0,0.0,0.00015918976
1,1.0,0.9998643
1,1.0,0.99986607
0,0.0,7.265847e-05
1,1.0,0.9998666
1,1.0,0.99986327
0,0.0,9.9656536e-05
0,0.0,0.00015269975
1,1.0,0.99986684
1,1.0,0.9998583
0,0.0,0.00016815
0,0.0,0.00010885414
1,1.0,0.99986637
1,1.0,0.9998669
0,0.0,0.00013826211
0,0.0,0.000148528
0,0.0,0.00016220212
0,0.0,0.0002562587
0,0.0,0.00014055916
0,0.0,0.00015205289
0,0.0,9.650492e-05
0,0.0,0.000101371115
1,1.0,0.9998646
0,0.0,6.015861e-05
1,1.0,0.99986523
0,0.0,9.454166e-05
1,1.0,0.9998654
1,1.0,0.99985415
0,0.0,0.0001727268
1,1.0,0.9998627
0,0.0,7.1446804e-05
1,1.0,0.9998655
1,1.0,0.99986464
0,0.0,0.00012480585
0,0.0,0.00016219825
1,1.0,0.99986064
1,1.0,0.99986625
0,0.0,0.00014225974
0,0.0,0.00019221871
0,0.0,8.1043116e-05
1,1.0,0.9998632
0,0.0,0.00013562782
0,0.0,0.000101101105
1,1.0,0.9995048
1,1.0,0.9998522
1,1.0,0.99986595
0,0.0,0.00013389258
0,0.0,0.00012544119
0,0.0,0.00010051214
1,1.0,0.9998628
1,1.0,0.9998669
0,0.0,9.249167e-05
0,0.0,0.000116893476
0,0.0,0.00032956718
0,0.0,0.0005418473
1,1.0,0.99985737
0,0.0,6.17901e-05
0,0.0,8.72954e-05
1,1.0,0.99981725
1,1.0,0.9998654
0,0.0,5.112701e-05
0,0.0,0.00024387913
1,1.0,0.9998645
1,1.0,0.9998654
0,0.0,0.00010591101
0,0.0,0.00080765743
1,1.0,0.9998675
0,0.0,0.00014401508
0,0.0,0.00016813735
1,1.0,0.9998608
1,1.0,0.9998655
0,0.0,8.039363e-05
0,0.0,0.00013348642
0,0.0,0.00012889512
0,0.0,0.00012997752
0,0.0,9.30167e-05
1,1.0,0.9998634
0,0.0,0.000142127
1,1.0,0.99986553
0,0.0,0.00015677161
1,1.0,0.9998654
0,0.0,8.861918e-05
0,0.0,0.00010170691
0,0.0,0.0006805689
0,0.0,0.000107995686
1,1.0,0.99986315
1,1.0,0.99988234
0,0.0,0.00010103922
1,1.0,0.99986815
0,0.0,0.0001407044
1,1.0,0.99986273
0,0.0,0.000112200076
0,0.0,0.00015202376
1,1.0,0.9998638
0,0.0,0.00014998249
0,0.0,0.00019219707
0,0.0,0.00081164157
0,0.0,9.7907265e-05
0,0.0,0.00014077123
1,1.0,0.99986655
0,0.0,0.0001257402
0,0.0,6.338042e-05
0,0.0,0.00014241583
0,0.0,0.00011648735
1,1.0,0.99986655
1,1.0,0.99986553
0,0.0,0.00017793795
1,1.0,0.99965113
1,1.0,0.99986565
1,1.0,0.99986607
1,1.0,0.9998641
0,0.0,0.00012612328
1,1.0,0.9998669
1,1.0,0.9998652
0,0.0,0.00013925141
0,0.0,0.00014286439
0,0.0,0.00015252731
0,0.0,0.00013546624
0,0.0,0.00022281814
1,1.0,0.9998626
1,1.0,0.9998683
1,1.0,0.9995532
1,1.0,0.9989599
1,1.0,0.99986833
0,0.0,0.00013123424
1,1.0,0.99986273
0,0.0,0.0005635966
0,0.0,0.00015252018
1,1.0,0.999862
0,0.0,0.00013978287
0,0.0,0.00016814424
1,1.0,0.9998669
0,0.0,0.00014564423
0,0.0,5.998401e-05
0,0.0,6.17219e-05
0,0.0,0.00014241718
1,1.0,0.99986833
1,1.0,0.999867
0,0.0,8.2720966e-05
0,0.0,0.00017826945
1,1.0,0.99986386
1,1.0,0.9998668
1,1.0,0.99986434
1,1.0,0.99986714
0,0.0,0.0001527414
0,0.0,9.250535e-05
1,1.0,0.9998643
0,0.0,0.00014226447
0,0.0,4.0153966e-05
1,1.0,0.9998654
0,0.0,0.00013478131
1,1.0,0.999868
1,1.0,0.9998669
0,0.0,0.00010141772
0,0.0,0.00016807676
1,1.0,0.9998673
0,0.0,7.730599e-05
1,1.0,0.9998657
1,1.0,0.9998658
1,1.0,0.9998657
0,0.0,0.00015258855
0,0.0,0.00014750416
0,0.0,0.00013526992
1,1.0,0.9991375
1,1.0,0.9998626
0,0.0,0.0001271749
0,0.0,4.0159135e-05
1,1.0,0.99986523
1,1.0,0.99991417
1,1.0,0.9998675
1,1.0,0.99986416
1,1.0,0.9998643
0,0.0,0.00015097641
0,0.0,0.00016174589
1,1.0,0.9998627
1,1.0,0.9998684
1,1.0,0.9998637
1,1.0,0.99986804
0,0.0,0.00010116909
1,1.0,0.99986666
1,1.0,0.9998647
0,0.0,4.0070383e-05
1,1.0,0.9998552
1,1.0,0.99986696
0,0.0,0.00017081398
1,1.0,0.9996718
0,0.0,0.0001407032
0,0.0,0.00013933881
1,1.0,0.99986523
1,1.0,0.99986786
0,0.0,0.00010799043
0,0.0,0.00014226515
0,0.0,4.0067214e-05
1,1.0,0.9998638
1,1.0,0.9998656
1,1.0,0.99985594
0,0.0,0.000174846
1,1.0,0.9998668
0,0.0,0.003206751
0,0.0,0.00055661646
0,0.0,0.00014563673
0,0.0,0.00014853862
1,1.0,0.99986553
0,0.0,0.0001333615
1,1.0,0.9998629
1,1.0,0.9998659
1,1.0,0.9998658
0,0.0,0.00012342822
0,0.0,5.1126666e-05
0,0.0,0.00013980767
1,1.0,0.9998634
0,0.0,0.00015932672
1,1.0,0.9998668
0,0.0,0.00013547245
0,0.0,0.00010106254
1,1.0,0.99986565
0,0.0,0.00013122735
0,0.0,0.0001844714
1,1.0,0.99986315
1,1.0,0.9997013
0,0.0,0.00024881464
1,1.0,0.9998648
1,1.0,0.9998682
0,0.0,0.00012872535
1,1.0,0.9998649
1,1.0,0.99986535
0,0.0,0.0003294874
0,0.0,0.00013328763
1,1.0,0.99986583
1,1.0,0.99986255
0,0.0,0.00016826662
0,0.0,6.6508546e-05
0,0.0,0.00017272432
0,0.0,0.00010098712
1,1.0,0.99986374
0,0.0,0.0001564859
1,1.0,0.99986273
1,1.0,0.9998626
1,1.0,0.9998683
1,1.0,0.99986327
1,1.0,0.9998639
0,0.0,0.00017827115
1,1.0,0.9998554
0,0.0,0.00015818565
0,0.0,0.0001400672
0,0.0,0.00013523008
1,1.0,0.999864
1,1.0,0.99986386
0,0.0,0.00014404296
1,1.0,0.99986625
1,1.0,0.9998646
0,0.0,0.00014051146
0,0.0,0.00017244801
1,1.0,0.99986356
0,0.0,0.0008116508
1,1.0,0.9998644
1,1.0,0.9998652
0,0.0,0.00014569313
1,1.0,0.9998648
1,1.0,0.9998648
0,0.0,0.0001347903
0,0.0,0.0015285247
1,1.0,0.9998638
1,1.0,0.9998635
1,1.0,0.9998635
0,0.0,0.00011689504
0,0.0,0.00017159477
0,0.0,7.273979e-05
1,1.0,0.99983436
0,0.0,0.00018451537
1,1.0,0.9998657
1,1.0,0.9998635
1,1.0,0.999864
0,0.0,0.00019255128
1,1.0,0.9998639
0,0.0,7.265833e-05
1,1.0,0.9998823
0,0.0,6.1861196e-05
0,0.0,5.1088555e-05
0,0.0,7.398855e-05
0,0.0,7.207019e-05
1,1.0,0.99986565
0,0.0,0.00012138287
1,1.0,0.99986637
1,1.0,0.99985784
1,1.0,0.9998626
0,0.0,0.0001456295
0,0.0,0.0001485433
0,0.0,0.00015267966
0,0.0,0.00014205641
1,1.0,0.99986476
0,0.0,4.0096722e-05
0,0.0,0.00019687148
0,0.0,0.00013920055
0,0.0,0.00025026212
0,0.0,0.00013547232
1,1.0,0.9998668
1,1.0,0.9998662
0,0.0,0.00013602804
1,1.0,0.99986535
1,1.0,0.9998648
0,0.0,0.00018273912
1,1.0,0.9998654
1,1.0,0.99986583
0,0.0,0.00017595534
1,1.0,0.9996562
0,0.0,0.00016694432
0,0.0,0.00013062771
1,1.0,0.99938256
1,1.0,0.9998684
0,0.0,0.00010909543
0,0.0,0.0001475015
0,0.0,0.00015261039
1,1.0,0.9998673
1,1.0,0.9998642
0,0.0,0.0010543419
1,1.0,0.9991675
0,0.0,0.00014224809
0,0.0,0.00128098
1,1.0,0.9998682
0,0.0,0.00013372391
1,1.0,0.9998666
0,0.0,0.00014052325
1,1.0,0.99986327
0,0.0,8.27231e-05
1,1.0,0.9998653
0,0.0,0.00013969827
1,1.0,0.99986583
0,0.0,0.00013654862
0,0.0,0.00017480948
1,1.0,0.9998669
0,0.0,0.00010127218
0,0.0,0.00023121813
0,0.0,7.1411385e-05
1,1.0,0.99986625
1,1.0,0.9998675
1,1.0,0.9998617
0,0.0,6.331675e-05
0,0.0,9.4287854e-05
0,0.0,0.00016917412
0,0.0,0.00014894694
1,1.0,0.99986553
1,1.0,0.99986553
1,1.0,0.99985516
1,1.0,0.9998645
1,1.0,0.9998636
0,0.0,0.00014286385
1,1.0,0.9998672
1,1.0,0.9998668
0,0.0,0.00014749181
0,0.0,6.1784325e-05
1,1.0,0.99986815
1,1.0,0.99986523
0,0.0,0.00015098462
1,1.0,0.99986553
1,1.0,0.99986506
1,1.0,0.9998662
0,0.0,0.0001342151
0,0.0,0.00016022714
1,1.0,0.99986416
0,0.0,0.00017793999
0,0.0,0.00011959505
0,0.0,0.00013865807
1,1.0,0.9998657
1,1.0,0.99986553
1,1.0,0.99979985
0,0.0,6.3297004e-05
1,1.0,0.99986565
1,1.0,0.9998645
1,1.0,0.9998675
1,1.0,0.9998607
0,0.0,0.00025629022
0,0.0,0.0001421274
0,0.0,0.00013842795
0,0.0,5.1119645e-05
0,0.0,0.0001451346
0,0.0,0.0005422345
1,1.0,0.9998632
0,0.0,6.643591e-05
0,0.0,0.00012209121
0,0.0,0.00035222314
0,0.0,0.000109098335
0,0.0,0.00010052757
1,1.0,0.99986476
1,1.0,0.9998654
0,0.0,0.00013419807
0,0.0,0.000101697886
1,1.0,0.99986833
0,0.0,0.0001403529
1,1.0,0.9998683
1,1.0,0.9998654
1,1.0,0.9998657
0,0.0,0.00016826068
1,1.0,0.9998634
1,1.0,0.99986607
0,0.0,0.000106170075
0,0.0,0.00017826927
0,0.0,0.00014225811
0,0.0,0.00080997386
1,1.0,0.9998669
1,1.0,0.9998614
1,1.0,0.9998653
0,0.0,7.244268e-05
1,1.0,0.9998656
0,0.0,0.00013870884
1,1.0,0.99986196
0,0.0,0.0001356586
1,1.0,0.99986506
0,0.0,9.079461e-05
1,1.0,0.99986273
0,0.0,6.337613e-05
1,1.0,0.99986553
1,1.0,0.999864
0,0.0,0.00020393035
0,0.0,0.00014049135
0,0.0,0.00014242234
0,0.0,7.209734e-05
1,1.0,0.9998678
1,1.0,0.9998642
1,1.0,0.99986035
1,1.0,0.99986553
0,0.0,0.00010913954
1,1.0,0.99966365
0,0.0,9.350173e-05
0,0.0,0.00014241962
0,0.0,0.00017594646
1,1.0,0.99986583
1,1.0,0.9998656
1,1.0,0.99986595
0,0.0,7.311387e-05
0,0.0,0.00015621455
1,1.0,0.99986386
1,1.0,0.9998632
1,1.0,0.9998628
1,1.0,0.99986374
0,0.0,0.00014286343
1,1.0,0.999867
0,0.0,0.00014853026
0,0.0,0.00012714023
1,1.0,0.9998626
1,1.0,0.99986356
0,0.0,0.00014242505
1,1.0,0.9998554
0,0.0,0.00014553317
0,0.0,3.2963144e-05
1,1.0,0.9998629
0,0.0,0.00013148075
1,1.0,0.99986386
1,1.0,0.999657
1,1.0,0.9998653
0,0.0,0.0002088331
1,1.0,0.9998679
0,0.0,0.00016217366
1,1.0,0.9998589
1,1.0,0.9998634
1,1.0,0.9998636
1,1.0,0.9998665
1,1.0,0.99985856
1,1.0,0.9998629
0,0.0,7.220571e-05
0,0.0,0.0001352676
0,0.0,0.00013957216
1,1.0,0.9998671
0,0.0,0.00013757274
0,0.0,0.00014076558
0,0.0,0.00016613794
0,0.0,8.626224e-05
0,0.0,0.00014563283
0,0.0,0.00017571308
0,0.0,9.0800146e-05
0,0.0,9.957077e-05
0,0.0,0.00013973676
1,1.0,0.9998589
1,1.0,0.9998669
1,1.0,0.9998577
0,0.0,0.0008070474
0,0.0,7.266103e-05
0,0.0,0.00016669602
1,1.0,0.9988773
1,1.0,0.9998656
0,0.0,0.000101435515
0,0.0,7.406564e-05
0,0.0,7.721971e-05
1,1.0,0.99986553
0,0.0,0.00014852078
0,0.0,0.0001403319
0,0.0,6.527556e-05
1,1.0,0.99986607
1,1.0,0.9998621
1,1.0,0.99986285
0,0.0,0.00011815851
0,0.0,0.003930985
1,1.0,0.999865
1,1.0,0.9998659
1,1.0,0.99985665
1,1.0,0.99986327
0,0.0,7.272994e-05
1,1.0,0.9998643
0,0.0,4.0063314e-05
0,0.0,0.00011950236
1,1.0,0.99986374
1,1.0,0.99986297
0,0.0,0.00018978963
0,0.0,0.00012011242
0,0.0,0.00014212931
0,0.0,0.00016577842
0,0.0,0.00015277635
1,1.0,0.9998663
1,1.0,0.9998644
1,1.0,0.9998668
1,1.0,0.9998669
1,1.0,0.9998669
1,1.0,0.99985474
1,1.0,0.9998643
0,0.0,0.00014241962
0,0.0,0.00014667051
0,0.0,9.8195516e-05
1,1.0,0.9998683
1,1.0,0.999866
0,0.0,0.00013966429
0,0.0,0.00016084814
0,0.0,0.00020882353
0,0.0,0.00014225676
0,0.0,0.00014049672
0,0.0,4.006278e-05
0,0.0,8.695517e-05
0,0.0,0.00018430508
1,1.0,0.9998671
0,0.0,0.00080752326
1,1.0,0.99986374
0,0.0,8.7976056e-05
0,0.0,0.00023767653
0,0.0,0.00014404843
0,0.0,0.00013842041
1,1.0,0.999867
0,0.0,0.00014034996
0,0.0,0.00013478645
1,1.0,0.99984616
0,0.0,8.7256616e-05
1,1.0,0.99986553
1,1.0,0.9998671
0,0.0,0.00018442339
1,1.0,0.9998682
0,0.0,0.00017830617
1,1.0,0.9998652
1,1.0,0.9998637
1,1.0,0.99986345
1,1.0,0.99986535
1,1.0,0.99986345
1,1.0,0.9998682
1,1.0,0.99986696
0,0.0,0.00014646842
1,1.0,0.9996282
1,1.0,0.9998635
0,0.0,8.4602565e-05
0,0.0,0.0001404019
1,1.0,0.9998633
1,1.0,0.9998669
1,1.0,0.9998605
0,0.0,0.00013843308
1,1.0,0.99986535
0,0.0,0.00018014136
1,1.0,0.99986374
0,0.0,0.000120732046
1,1.0,0.9997016
0,0.0,6.1807004e-05
1,1.0,0.99986035
0,0.0,0.00013171816
1,1.0,0.9998669
0,0.0,8.7788256e-05
0,0.0,0.00024920734
0,0.0,0.00010131178
1,1.0,0.9998666
1,1.0,0.99986506
1,1.0,0.9998673
0,0.0,4.0073937e-05
0,0.0,0.00013125176
0,0.0,0.00013604865
1,1.0,0.9998668
1,1.0,0.9998682
0,0.0,0.00014894865
1,1.0,0.99986416
0,0.0,6.643401e-05
1,1.0,0.99986666
1,1.0,0.9998652
1,1.0,0.99986035
1,1.0,0.99986356
0,0.0,0.00014050436
1,1.0,0.9998683
1,1.0,0.99986386
1,1.0,0.9998601
1,1.0,0.9998657
0,0.0,0.00014881874
1,1.0,0.9998637
1,1.0,0.999853
1,1.0,0.9998668
0,0.0,0.00014225634
1,1.0,0.9998625
1,1.0,0.9998617
0,0.0,0.00014212781
0,0.0,0.00011684323
0,0.0,0.00014894751
0,0.0,4.0072562e-05
0,0.0,6.183365e-05
1,1.0,0.99986464
1,1.0,0.99986243
0,0.0,0.00013562976
0,0.0,0.00012255007
1,1.0,0.99986184
0,0.0,0.00017218989
0,0.0,9.682654e-05
0,0.0,6.547856e-05
0,0.0,0.00014077552
1,1.0,0.9998607
1,1.0,0.99986404
0,0.0,0.00014034637
1,1.0,0.99986446
1,1.0,0.99975955
0,0.0,0.00012119793
0,0.0,9.152411e-05
0,0.0,0.0015102475
0,0.0,0.00021860526
1,1.0,0.99986434
0,0.0,0.00019643853
0,0.0,6.031992e-05
0,0.0,0.00017404492
0,0.0,6.1802355e-05
1,1.0,0.9998654
0,0.0,7.2545685e-05
1,1.0,0.99986374
0,0.0,7.662702e-05
0,0.0,0.00014778884
0,0.0,0.00012864548
0,0.0,0.00015851557
1,1.0,0.9998662
1,1.0,0.9998669
0,0.0,0.0001416675
0,0.0,0.00013972743
0,0.0,0.0005761442
1,1.0,0.9998665
1,1.0,0.9998683
1,1.0,0.99986637
0,0.0,0.00014996792
0,0.0,8.477636e-05
0,0.0,0.00013021882
1,1.0,0.99986535
0,0.0,0.00015644128
1,1.0,0.9998292
0,0.0,0.0001397325
1,1.0,0.9998655
1,1.0,0.99986446
0,0.0,0.0001421285
0,0.0,0.00013581057
0,0.0,9.2338334e-05
0,0.0,0.00013210785
1,1.0,0.9998669
1,1.0,0.9998665
1,1.0,0.9998636
1,1.0,0.99986446
1,1.0,0.9998657
0,0.0,0.0001681723
0,0.0,0.00018161819
1,1.0,0.99986315
1,1.0,0.9998658
1,1.0,0.9998666
1,1.0,0.9998633
1,1.0,0.9998655
1,1.0,0.9998621
0,0.0,0.00014749293
1,1.0,0.99986345
0,0.0,0.00010161868
1,1.0,0.9998655
1,1.0,0.99986565
0,0.0,0.00018958704
1,1.0,0.9991656
1,1.0,0.99986476
0,0.0,7.2071016e-05
1,1.0,0.99985874
0,0.0,0.0001313345
1,1.0,0.9998669
0,0.0,5.112486e-05
0,0.0,0.00066144596
0,0.0,5.1119157e-05
1,1.0,0.99986696
1,1.0,0.99985516
1,1.0,0.9998658
0,0.0,0.00014997362
0,0.0,0.0001348668
0,0.0,0.00013526915
1,1.0,0.9998677
0,0.0,0.0001466487
1,1.0,0.9998655
0,0.0,8.47753e-05
1,1.0,0.9998634
1,1.0,0.9997661
0,0.0,8.626718e-05
0,0.0,0.0001320046
1,1.0,0.9998643
0,0.0,7.910168e-05
0,0.0,0.000101179896
0,0.0,0.00016477393
0,0.0,0.00018010958
1,1.0,0.9998668
1,1.0,0.99985737
1,1.0,0.9998635
0,0.0,0.00014749532
0,0.0,0.00011297467
1,1.0,0.99986315
0,0.0,0.00014853693
1,1.0,0.9998674
0,0.0,0.0001474963
0,0.0,0.00016801842
0,0.0,0.00015247714
0,0.0,7.241872e-05
1,1.0,0.9998655
0,0.0,6.567448e-05
0,0.0,0.00014854642
1,1.0,0.9998653
0,0.0,0.00013643643
1,1.0,0.9998657
1,1.0,0.999865
0,0.0,0.00010906609
0,0.0,0.00015098347
0,0.0,0.00010140475
0,0.0,0.00013722503
0,0.0,0.0001351316
1,1.0,0.99986786
1,1.0,0.9998634
0,0.0,0.000144042
1,1.0,0.99986565
0,0.0,0.00013547348
1,1.0,0.999865
1,1.0,0.99986535
1,1.0,0.99986345
1,1.0,0.99986297
1,1.0,0.99986476
1,1.0,0.9998665
0,0.0,0.00013527366
1,1.0,0.9998654
0,0.0,4.004143e-05
0,0.0,0.00014241636
0,0.0,0.00015234765
1,1.0,0.99986386
1,1.0,0.999864
1,1.0,0.9998657
0,0.0,0.0016422824
0,0.0,9.355257e-05
0,0.0,7.730635e-05
0,0.0,0.00017691511
1,1.0,0.9998643
0,0.0,0.00034375224
0,0.0,7.137551e-05
1,1.0,0.9998643
1,1.0,0.9998656
1,1.0,0.99986553
1,1.0,0.9998667
0,0.0,0.00015455205
0,0.0,0.00013070372
0,0.0,0.00012906852
1,1.0,0.99986273
0,0.0,4.006859e-05
0,0.0,0.00013891216
1,1.0,0.99986714
0,0.0,0.00015097627
0,0.0,0.00016314893
0,0.0,0.00010130018
0,0.0,9.301777e-05
1,1.0,0.9998656
1,1.0,0.9998161
1,1.0,0.9998074
0,0.0,4.4617977e-05
1,1.0,0.9998069
0,0.0,0.00010797673
0,0.0,7.195228e-05
1,1.0,0.99980766
1,1.0,0.99980885
1,1.0,0.9998052
0,0.0,7.496737e-05
0,0.0,7.543055e-05
1,1.0,0.99981564
1,1.0,0.99851525
1,1.0,0.999806
0,0.0,6.8326175e-05
0,0.0,0.00012216328
0,0.0,7.361576e-05
1,1.0,0.9998133
0,0.0,0.00012138877
1,1.0,0.9998148
0,0.0,0.00012378642
0,0.0,0.00011713572
0,0.0,0.000119732416
0,0.0,9.261708e-05
0,0.0,0.00012210892
0,0.0,8.125948e-05
0,0.0,0.000112586
0,0.0,0.00012530824
0,0.0,0.00010260241
0,0.0,9.043592e-05
1,1.0,0.99980617
0,0.0,0.00013549377
1,1.0,0.99980736
0,0.0,0.00012329944
0,0.0,6.471076e-05
1,1.0,0.9998074
1,1.0,0.999815
1,1.0,0.999816
0,0.0,0.00011087201
1,1.0,0.999813
0,0.0,0.00014748632
0,0.0,0.00011106046
1,1.0,0.99981433
1,1.0,0.99981374
0,0.0,0.00011722031
0,0.0,0.00012380956
1,1.0,0.9998154
0,0.0,0.0003097937
0,0.0,0.00011280169
1,1.0,0.9998186
1,1.0,0.99980724
1,1.0,0.99980754
1,1.0,0.99981606
0,0.0,7.347599e-05
1,1.0,0.9998153
0,0.0,0.00012010795
0,0.0,4.4807766e-05
1,1.0,0.99986446
0,0.0,9.559907e-05
0,0.0,0.00011885075
0,0.0,8.4907915e-05
1,1.0,0.9998157
1,1.0,0.9998141
1,1.0,0.99980545
1,1.0,0.9998094
1,1.0,0.9998147
1,1.0,0.99981487
1,1.0,0.9998273
0,0.0,0.00010796654
1,1.0,0.9998144
0,0.0,0.00012712265
1,1.0,0.99981654
0,0.0,0.00012028459
0,0.0,0.00012618065
1,1.0,0.999815
1,1.0,0.99980795
1,1.0,0.99981403
1,1.0,0.9998086
0,0.0,9.8674514e-05
0,0.0,0.00010255644
1,1.0,0.9998169
1,1.0,0.9998143
1,1.0,0.9998069
1,1.0,0.99980915
1,1.0,0.99946404
1,1.0,0.9998069
1,1.0,0.9998213
0,0.0,8.834074e-05
1,1.0,0.9998284
0,0.0,6.489047e-05
1,1.0,0.999813
0,0.0,0.00011118719
1,1.0,0.999816
1,1.0,0.9998146
0,0.0,7.497545e-05
0,0.0,0.00010137334
1,1.0,0.99981296
0,0.0,4.4488897e-05
1,1.0,0.99956185
0,0.0,3.5471512e-05
0,0.0,0.00011949324
0,0.0,0.0001025983
0,0.0,0.00012704244
1,1.0,0.99981445
1,1.0,0.99981093
1,1.0,0.99980974
0,0.0,7.288776e-05
1,1.0,0.999816
1,1.0,0.9998157
1,1.0,0.9988319
1,1.0,0.9998135
0,0.0,9.3425704e-05
0,0.0,9.36628e-05
0,0.0,8.381746e-05
0,0.0,6.853381e-05
0,0.0,8.016434e-05
0,0.0,0.00033921257
0,0.0,0.00010589506
0,0.0,0.00013524645
0,0.0,0.00011932519
1,1.0,0.9998138
1,1.0,0.9998078
1,1.0,0.99981064
1,1.0,0.999813
0,0.0,9.0957095e-05
1,1.0,0.99981475
1,1.0,0.9998159
0,0.0,0.000117138174
1,1.0,0.9998139
0,0.0,0.00012782925
0,0.0,7.723554e-05
0,0.0,0.00013776217
1,1.0,0.9998071
1,1.0,0.999817
1,1.0,0.99981576
0,0.0,0.00013011305
1,1.0,0.9998159
1,1.0,0.99981546
0,0.0,8.857127e-05
0,0.0,0.00012394057
0,0.0,8.3755855e-05
1,1.0,0.9998143
1,1.0,0.9998082
1,1.0,0.99981415
0,0.0,0.00015862654
0,0.0,0.00012394447
1,1.0,0.99981815
0,0.0,0.00013919949
1,1.0,0.9998065
0,0.0,0.00015941504
1,1.0,0.99981475
1,1.0,0.99981505
1,1.0,0.9998151
0,0.0,0.00010260965
1,1.0,0.99944913
1,1.0,0.99981433
1,1.0,0.99981534
1,1.0,0.99980724
0,0.0,9.763456e-05
1,1.0,0.9998071
0,0.0,9.999313e-05
0,0.0,4.475251e-05
1,1.0,0.9998073
0,0.0,0.00011829548
0,0.0,3.0571307e-05
0,0.0,0.00031569868
1,1.0,0.99981403
1,1.0,0.99912983
0,0.0,9.245208e-05
0,0.0,5.898284e-05
0,0.0,4.479755e-05
0,0.0,0.000119855795
1,1.0,0.99982876
1,1.0,0.99981177
0,0.0,9.7860684e-05
0,0.0,6.775106e-05
1,1.0,0.9998141
0,0.0,9.695192e-05
0,0.0,0.00012394151
1,1.0,0.9998158
0,0.0,4.4728527e-05
0,0.0,4.4742737e-05
0,0.0,0.00014765911
1,1.0,0.9998084
1,1.0,0.9998075
1,1.0,0.99981415
1,1.0,0.99981576
0,0.0,7.169967e-05
1,1.0,0.9998051
0,0.0,0.00010003967
1,1.0,0.99981433
0,0.0,9.1870636e-05
0,0.0,9.6477044e-05
0,0.0,9.367701e-05
0,0.0,4.476535e-05
0,0.0,6.495287e-05
1,1.0,0.99981433
1,1.0,0.999816
0,0.0,0.00012472173
1,1.0,0.99981415
0,0.0,0.000111874964
1,1.0,0.999813
0,0.0,0.00012707732
0,0.0,9.4776435e-05
1,1.0,0.9998175
0,0.0,0.0001183853
1,1.0,0.9998162
0,0.0,0.000117208576
0,0.0,7.342913e-05
1,1.0,0.99981374
1,1.0,0.9998087
0,0.0,0.00025764725
0,0.0,9.969798e-05
0,0.0,0.00012052167
0,0.0,0.000107086395
1,1.0,0.99982667
1,1.0,0.9998174
0,0.0,0.00014197598
1,1.0,0.9998068
0,0.0,0.00012329544
0,0.0,0.00012210601
1,1.0,0.9998091
1,1.0,0.9998147
1,1.0,0.999814
1,1.0,0.999814
0,0.0,0.00013496599
1,1.0,0.99984944
1,1.0,0.9998213
0,0.0,0.00012168244
1,1.0,0.99981487
1,1.0,0.999814
1,1.0,0.9998127
1,1.0,0.9998141
1,1.0,0.99980694
0,0.0,0.0001316279
1,1.0,0.99981505
0,0.0,0.0001020259
0,0.0,0.0001233147
0,0.0,0.000120657816
0,0.0,7.217623e-05
0,0.0,7.495308e-05
0,0.0,0.0003089663
0,0.0,0.000117904594
1,1.0,0.99981445
1,1.0,0.999816
1,1.0,0.99981654
0,0.0,0.00011970755
0,0.0,0.00013180963
0,0.0,0.00011177622
1,1.0,0.9998138
1,1.0,0.9998164
0,0.0,4.4779015e-05
1,1.0,0.9998192
1,1.0,0.99981445
0,0.0,0.00013155321
1,1.0,0.99981457
1,1.0,0.99980813
0,0.0,0.00034227944
1,1.0,0.99981457
1,1.0,0.99982023
1,1.0,0.9998149
0,0.0,6.567567e-05
0,0.0,0.00010389352
1,1.0,0.9998135
0,0.0,0.00011949746
0,0.0,8.381698e-05
0,0.0,9.681536e-05
1,1.0,0.99981534
0,0.0,8.9975896e-05
1,1.0,0.9998147
1,1.0,0.9998066
1,1.0,0.9998169
1,1.0,0.9998057
0,0.0,8.3215695e-05
1,1.0,0.99981534
0,0.0,5.6218567e-05
0,0.0,0.0001209872
1,1.0,0.9998074
1,1.0,0.9998069
1,1.0,0.9998074
1,1.0,0.9998138
0,0.0,8.909887e-05
0,0.0,0.00012011002
1,1.0,0.9998266
0,0.0,0.00014131429
0,0.0,0.00015928026
1,1.0,0.99980533
0,0.0,0.00011015572
1,1.0,0.9998127
1,1.0,0.9998055
0,0.0,6.496067e-05
0,0.0,0.0001239382
1,1.0,0.9998092
1,1.0,0.9998217
0,0.0,9.17089e-05
0,0.0,8.701364e-05
1,1.0,0.99981546
0,0.0,0.00015911252
1,1.0,0.9998071
1,1.0,0.99982613
1,1.0,0.9998163
0,0.0,8.465405e-05
0,0.0,0.00011973265
1,1.0,0.99827284
0,0.0,0.00013002512
1,1.0,0.99981314
0,0.0,0.00012029525
0,0.0,3.5487006e-05
1,1.0,0.99981296
1,1.0,0.9998201
0,0.0,0.000112574526
1,1.0,0.9998143
0,0.0,4.4781318e-05
0,0.0,0.00014767094
0,0.0,0.00012787837
1,1.0,0.9998068
0,0.0,0.00012393938
0,0.0,0.00011258503
1,1.0,0.9998149
0,0.0,6.4980995e-05
0,0.0,0.00013179002
0,0.0,6.4951004e-05
0,0.0,0.000123318
0,0.0,7.753811e-05
0,0.0,0.000119912846
1,1.0,0.9998127
1,1.0,0.99981666
0,0.0,0.0001247228
0,0.0,9.2143324e-05
1,1.0,0.9998166
0,0.0,0.000116795105
0,0.0,0.00011265055
0,0.0,0.000119731514
0,0.0,0.000112806854
1,1.0,0.99980783
1,1.0,0.999816
1,1.0,0.9998147
0,0.0,3.0570347e-05
1,1.0,0.99981844
1,1.0,0.9998152
0,0.0,0.00014197991
1,1.0,0.9994096
0,0.0,8.914798e-05
0,0.0,0.00014766827
1,1.0,0.999815
0,0.0,0.00012615745
1,1.0,0.99980706
1,1.0,0.99981487
1,1.0,0.9998147
1,1.0,0.9998148
1,1.0,0.99981445
1,1.0,0.9998074
1,1.0,0.99981487
0,0.0,8.668353e-05
1,1.0,0.99980736
0,0.0,0.00031345716
1,1.0,0.99981433
1,1.0,0.99981564
0,0.0,0.000101116915
0,0.0,9.865692e-05
0,0.0,7.969284e-05
0,0.0,4.489489e-05
0,0.0,0.0003131244
1,1.0,0.99982285
0,0.0,9.259757e-05
0,0.0,9.168249e-05
0,0.0,0.00010261199
0,0.0,8.623042e-05
1,1.0,0.999822
0,0.0,0.000116779396
1,1.0,0.99980736
0,0.0,7.4906704e-05
0,0.0,0.000119730605
1,1.0,0.9998091
1,1.0,0.9998077
0,0.0,0.00012472518
0,0.0,9.544503e-05
0,0.0,6.494252e-05
0,0.0,0.00012369627
1,1.0,0.9998144
1,1.0,0.9998083
1,1.0,0.99981487
0,0.0,0.00012216935
0,0.0,8.47969e-05
0,0.0,9.55822e-05
0,0.0,0.000117910546
1,1.0,0.9998147
1,1.0,0.9998197
0,0.0,0.00030493495
0,0.0,0.000120095814
1,1.0,0.99981296
0,0.0,3.0570987e-05
1,1.0,0.99980956
1,1.0,0.9998096
1,1.0,0.9998174
1,1.0,0.9998162
1,1.0,0.99980617
0,0.0,0.00019448463
1,1.0,0.9998144
1,1.0,0.9998143
0,0.0,9.590659e-05
0,0.0,7.237784e-05
1,1.0,0.9998147
1,1.0,0.99981964
0,0.0,5.863464e-05
0,0.0,0.000117982185
1,1.0,0.9998188
1,1.0,0.99981576
0,0.0,0.00012527454
1,1.0,0.99980515
0,0.0,9.9882396e-05
0,0.0,0.00011038179
0,0.0,0.00031307247
0,0.0,8.405542e-05
0,0.0,0.0001278385
1,1.0,0.999497
1,1.0,0.9998141
0,0.0,7.1248265e-05
1,1.0,0.999815
0,0.0,0.00012846135
0,0.0,9.5448035e-05
0,0.0,0.00011990747
1,1.0,0.9998154
1,1.0,0.99981385
1,1.0,0.99841183
0,0.0,0.00013470872
1,1.0,0.9998147
0,0.0,0.00014006534
0,0.0,8.3835126e-05
1,1.0,0.9998154
0,0.0,0.000118661286
1,1.0,0.9998074
1,1.0,0.9998127
1,1.0,0.9998164
0,0.0,4.4725413e-05
0,0.0,8.930897e-05
1,1.0,0.99981606
0,0.0,0.0001301004
0,0.0,5.823204e-05
0,0.0,0.00011177239
1,1.0,0.9998153
1,1.0,0.9998096
1,1.0,0.9998144
1,1.0,0.99980754
0,0.0,0.00010392801
0,0.0,8.481517e-05
0,0.0,0.00012065919
1,1.0,0.9998077
1,1.0,0.9998154
1,1.0,0.9998139
1,1.0,0.9998146
0,0.0,0.00012085518
1,1.0,0.9998082
0,0.0,0.0001247234
0,0.0,7.206531e-05
0,0.0,0.00012472244
0,0.0,0.000110341374
1,1.0,0.9998154
1,1.0,0.9998133
1,1.0,0.99980503
1,1.0,0.9998138
1,1.0,0.99980533
1,1.0,0.9998075
0,0.0,0.0003149021
0,0.0,8.4575455e-05
1,1.0,0.9998137
0,0.0,3.5491812e-05
0,0.0,0.00014768066
1,1.0,0.9998135
0,0.0,0.00011949347
0,0.0,0.00012394092
0,0.0,0.00011973425
0,0.0,0.00011779345
1,1.0,0.99980533
0,0.0,3.5509216e-05
0,0.0,9.9870485e-05
1,1.0,0.9998141
1,1.0,0.99980617
1,1.0,0.9998158
1,1.0,0.99981415
1,1.0,0.9998194
1,1.0,0.99980533
1,1.0,0.99981856
0,0.0,0.00014007775
0,0.0,0.00011798522
1,1.0,0.9998152
0,0.0,0.000120158365
1,1.0,0.9998115
1,1.0,0.99980676
1,1.0,0.9998067
0,0.0,0.00011865429
1,1.0,0.99990374
0,0.0,0.00012028676
0,0.0,4.478982e-05
1,1.0,0.9998216
0,0.0,6.9599046e-05
1,1.0,0.99981415
1,1.0,0.9998159
1,1.0,0.999711
1,1.0,0.99981457
0,0.0,9.1801114e-05
1,1.0,0.999815
0,0.0,8.418031e-05
0,0.0,4.4805114e-05
0,0.0,8.766662e-05
1,1.0,0.999815
0,0.0,7.923206e-05
0,0.0,9.8588454e-05
0,0.0,0.000120411845
0,0.0,8.1366095e-05
1,1.0,0.99981433
1,1.0,0.9998158
0,0.0,8.699871e-05
1,1.0,0.99982166
1,1.0,0.9998142
0,0.0,0.00011002418
1,1.0,0.9998137
1,1.0,0.9998074
0,0.0,0.00011949746
1,1.0,0.9998217
0,0.0,0.00011791257
0,0.0,4.4785633e-05
0,0.0,4.477543e-05
1,1.0,0.999424
0,0.0,4.476202e-05
0,0.0,0.0001200988
0,0.0,0.00032654943
0,0.0,9.9587196e-05
1,1.0,0.99981374
0,0.0,0.00031620596
1,1.0,0.99981564
1,1.0,0.9998241
0,0.0,0.00011852695
1,1.0,0.9998129
0,0.0,4.2543033e-05
1,1.0,0.99980736
1,1.0,0.999814
0,0.0,0.000122162
0,0.0,0.00012021807
1,1.0,0.9998099
0,0.0,6.833594e-05
1,1.0,0.99981403
1,1.0,0.9998074
1,1.0,0.999814
0,0.0,0.000119865275
0,0.0,0.00011190282
0,0.0,9.887721e-05
0,0.0,0.00011992737
1,1.0,0.9998108
0,0.0,4.4776025e-05
0,0.0,4.478038e-05
1,1.0,0.9998161
0,0.0,0.0001221641
1,1.0,0.9998153
0,0.0,0.00011949269
1,1.0,0.99981475
0,0.0,0.0001201594
1,1.0,0.9998143
1,1.0,0.99982136
0,0.0,0.000117656266
0,0.0,0.00010939054
1,1.0,0.99981564
0,0.0,0.000118729775
0,0.0,0.00010138164
1,1.0,0.99981374
0,0.0,9.1712565e-05
1,1.0,0.9998151
0,0.0,0.00010658435
1,1.0,0.99959713
0,0.0,0.00010392444
1,1.0,0.9998229
0,0.0,7.514029e-05
0,0.0,0.00011835346
0,0.0,0.00012216235
1,1.0,0.9998142
0,0.0,9.970711e-05
1,1.0,0.9998068
1,1.0,0.9998088
0,0.0,7.9816666e-05
0,0.0,3.057052e-05
1,1.0,0.9998146
1,1.0,0.9998165
1,1.0,0.9998138
1,1.0,0.9998067
0,0.0,8.706744e-05
0,0.0,7.7617195e-05
0,0.0,3.0581305e-05
0,0.0,0.000120662306
1,1.0,0.9998058
0,0.0,0.00015905882
1,1.0,0.99980813
1,1.0,0.99982023
1,1.0,0.9998169
0,0.0,0.00012210415
1,1.0,0.99980843
0,0.0,0.00012394221
0,0.0,0.00012849651
1,1.0,0.99980855
1,1.0,0.99981475
1,1.0,0.99980694
0,0.0,9.632978e-05
1,1.0,0.99882364
1,1.0,0.9998146
1,1.0,0.99981374
0,0.0,0.00011849282
1,1.0,0.99980897
0,0.0,8.536401e-05
1,1.0,0.9998142
0,0.0,0.000120519944
0,0.0,9.1732065e-05
0,0.0,0.00011973402
0,0.0,0.00012332034
0,0.0,0.00011845587
1,1.0,0.99981374
1,1.0,0.9998098
0,0.0,3.05723e-05
0,0.0,8.601073e-05
1,1.0,0.9983759
1,1.0,0.999822
1,1.0,0.999816
1,1.0,0.99981594
1,1.0,0.999814
1,1.0,0.9998139
0,0.0,0.00012028974
1,1.0,0.9998141
1,1.0,0.9998191
1,1.0,0.9998161
1,1.0,0.99981415
1,1.0,0.99981445
0,0.0,0.000120285506
1,1.0,0.9988974
0,0.0,0.0002612177
0,0.0,0.000117696
0,0.0,4.4667104e-05
0,0.0,0.00032346213
1,1.0,0.99981415
1,1.0,0.999808
0,0.0,0.000117895484
1,1.0,0.9998081
0,0.0,7.289213e-05
0,0.0,6.9341346e-05
1,1.0,0.99982244
1,1.0,0.9998059
1,1.0,0.99982613
0,0.0,3.057166e-05
1,1.0,0.999816
0,0.0,8.93134e-05
0,0.0,8.398683e-05
0,0.0,7.1224014e-05
1,1.0,0.99981594
1,1.0,0.99980694
0,0.0,0.00011258353
1,1.0,0.99980503
1,1.0,0.9998102
0,0.0,0.000119732416
0,0.0,0.0001187891
0,0.0,0.00019384982
0,0.0,0.00012239731
1,1.0,0.999815
0,0.0,0.00012366843
0,0.0,0.00031435196
1,1.0,0.99981445
1,1.0,0.9998077
1,1.0,0.99980867
1,1.0,0.99981546
0,0.0,7.1241266e-05
1,1.0,0.99980545
0,0.0,0.000111771216
0,0.0,6.233654e-05
0,0.0,0.00013965191
0,0.0,0.00011790336
1,1.0,0.99981445
0,0.0,0.00014199155
1,1.0,0.9998149
1,1.0,0.9998073
1,1.0,0.9998095
0,0.0,9.761947e-05
0,0.0,9.49685e-05
0,0.0,8.986974e-05
0,0.0,0.00010172796
1,1.0,0.99981534
0,0.0,4.469949e-05
1,1.0,0.9998141
1,1.0,0.99980885
1,1.0,0.9998086
0,0.0,0.00021135388
1,1.0,0.9998235
1,1.0,0.9998069
0,0.0,0.00012066138
1,1.0,0.99980617
0,0.0,0.00012465134
1,1.0,0.99982226
0,0.0,9.2607545e-05
0,0.0,0.0001070865
1,1.0,0.99980986
0,0.0,7.27065e-05
1,1.0,0.99844915
0,0.0,0.00014145073
0,0.0,0.00012210298
0,0.0,7.5651405e-05
1,1.0,0.99981457
0,0.0,0.00011786569
0,0.0,0.00011259062
0,0.0,0.00014768798
1,1.0,0.9998139
1,1.0,0.9998142
1,1.0,0.9998092
0,0.0,0.000120287215
1,1.0,0.9998137
1,1.0,0.99982625
0,0.0,0.00013184042
0,0.0,0.00011183188
0,0.0,6.5822955e-05
0,0.0,0.00010145999
1,1.0,0.99918306
0,0.0,0.00011721238
1,1.0,0.9998142
0,0.0,0.0001034534
0,0.0,9.980223e-05
0,0.0,4.4671746e-05
1,1.0,0.9998161
1,1.0,0.99981433
0,0.0,0.00030110596
1,1.0,0.9998152
1,1.0,0.9998158
1,1.0,0.9998241
1,1.0,0.9998142
1,1.0,0.9998069
1,1.0,0.99980825
0,0.0,0.000117131705
1,1.0,0.99982566
1,1.0,0.9998154
1,1.0,0.9998083
0,0.0,9.0906804e-05
0,0.0,9.105221e-05
0,0.0,0.00010658283
0,0.0,8.518957e-05
1,1.0,0.99981374
1,1.0,0.99981475
0,0.0,7.332151e-05
1,1.0,0.9998137
0,0.0,0.00010261336
0,0.0,8.610634e-05
0,0.0,0.000119504184
1,1.0,0.99981534
1,1.0,0.9998658
0,0.0,3.0572388e-05
1,1.0,0.9998156
1,1.0,0.9998142
1,1.0,0.99981385
0,0.0,0.00032389257
1,1.0,0.9998157
0,0.0,9.335713e-05
0,0.0,7.313771e-05
1,1.0,0.9998076
1,1.0,0.999813
1,1.0,0.9998143
1,1.0,0.99980676
0,0.0,0.000111899615
1,1.0,0.9998143
1,1.0,0.9998138
1,1.0,0.9998146
1,1.0,0.99981284
0,0.0,0.00011712779
0,0.0,0.000120162724
0,0.0,0.000259515
0,0.0,0.00031306024
0,0.0,0.0001339586
1,1.0,0.9998208
1,1.0,0.9998092
0,0.0,0.00015913315
1,1.0,0.99981624
0,0.0,4.477022e-05
0,0.0,0.00011169003
1,1.0,0.999814
0,0.0,7.3148454e-05
0,0.0,0.00014768474
1,1.0,0.99981314
1,1.0,0.9998051
0,0.0,0.00012210508
0,0.0,7.3140916e-05
1,1.0,0.9998156
1,1.0,0.9998162
0,0.0,0.00021131337
1,1.0,0.99980617
1,1.0,0.99981844
1,1.0,0.99981445
1,1.0,0.9998137
1,1.0,0.9998148
1,1.0,0.9998267
1,1.0,0.9998139
0,0.0,0.00012472531
0,0.0,0.000120285156
1,1.0,0.99980706
0,0.0,6.488032e-05
0,0.0,0.00015887101
1,1.0,0.99981475
0,0.0,7.2070674e-05
0,0.0,0.00012210415
0,0.0,0.00011009964
0,0.0,0.000112683214
1,1.0,0.999816
0,0.0,0.00010260026
0,0.0,3.5473407e-05
0,0.0,6.242881e-05
1,1.0,0.9998139
0,0.0,0.00011069252
1,1.0,0.9998154
0,0.0,0.00032164226
0,0.0,0.0001761662
1,1.0,0.99981457
1,1.0,0.99992496
0,0.0,0.00013547826
1,1.0,0.999817
0,0.0,0.00033440327
0,0.0,0.00011272383
0,0.0,0.00010259771
1,1.0,0.99980885
1,1.0,0.9998154
0,0.0,9.4441646e-05
0,0.0,9.083168e-05
0,0.0,0.0009388725
0,0.0,7.5611315e-05
0,0.0,0.00014007442
1,1.0,0.9998159
0,0.0,0.000118332704
1,1.0,0.9998054
1,1.0,0.9998098
0,0.0,0.00013200133
1,1.0,0.99981433
1,1.0,0.9998155
1,1.0,0.99981356
1,1.0,0.9998143
1,1.0,0.99981385
1,1.0,0.99981385
0,0.0,4.4672724e-05
0,0.0,0.00012393914
1,1.0,0.9998213
1,1.0,0.99981403
0,0.0,0.00012331881
1,1.0,0.9998088
0,0.0,0.00010648246
1,1.0,0.9998081
0,0.0,0.00011258396
0,0.0,0.00012166399
0,0.0,0.00011798173
0,0.0,9.820563e-05
0,0.0,0.00012153169
0,0.0,9.336105e-05
0,0.0,0.000118175405
0,0.0,0.00012394447
1,1.0,0.9995695
0,0.0,9.871979e-05
1,1.0,0.9998147
1,1.0,0.99981433
0,0.0,0.00012052259
0,0.0,0.00030743016
1,1.0,0.9998154
0,0.0,9.066985e-05
0,0.0,0.000112730064
0,0.0,0.00010996439
0,0.0,0.00011678842
0,0.0,6.60718e-05
1,1.0,0.99981546
0,0.0,0.00010285809
1,1.0,0.999816
0,0.0,0.00011720903
1,1.0,0.9998144
0,0.0,0.00012015974
1,1.0,0.999814
1,1.0,0.99980587
1,1.0,0.99980795
1,1.0,0.99982464
0,0.0,0.00012725193
0,0.0,4.4790675e-05
0,0.0,6.498905e-05
0,0.0,9.591043e-05
1,1.0,0.999815
1,1.0,0.99981284
0,0.0,9.078976e-05
1,1.0,0.9998087
0,0.0,3.057023e-05
1,1.0,0.9998088
1,1.0,0.99981785
0,0.0,9.476731e-05
1,1.0,0.9998088
0,0.0,0.00013473004
0,0.0,9.259412e-05
0,0.0,9.067607e-05
1,1.0,0.99954677
1,1.0,0.9998147
0,0.0,0.00011949336
1,1.0,0.99981457
1,1.0,0.99981827
0,0.0,0.00011876363
0,0.0,9.335223e-05
0,0.0,0.00012019183
1,1.0,0.9998068
1,1.0,0.99981874
0,0.0,0.00011258772
1,1.0,0.9998068
0,0.0,7.3693875e-05
0,0.0,6.479128e-05
1,1.0,0.9998052
0,0.0,9.359138e-05
0,0.0,0.0001413124
0,0.0,0.00010589082
1,1.0,0.9998153
0,0.0,0.000102408776
0,0.0,0.00011931825
0,0.0,0.00012469296
1,1.0,0.9998142
0,0.0,3.417388e-05
0,0.0,0.00011272684
0,0.0,0.00011189428
0,0.0,8.6648986e-05
1,1.0,0.9998142
0,0.0,0.00012394447
0,0.0,0.00019339066
0,0.0,7.0669244e-05
1,1.0,0.9998088
1,1.0,0.9998087
0,0.0,0.000119731514
0,0.0,0.00034618296
0,0.0,6.961518e-05
0,0.0,0.00011190687
0,0.0,9.083714e-05
1,1.0,0.999817
1,1.0,0.9998267
1,1.0,0.9998077
1,1.0,0.9998262
1,1.0,0.99980825
0,0.0,0.00031467638
0,0.0,9.37123e-05
0,0.0,0.00011991936
1,1.0,0.9994696
1,1.0,0.9998102
0,0.0,0.00012449337
1,1.0,0.99981564
1,1.0,0.99981683
0,0.0,3.5468198e-05
1,1.0,0.99981606
1,1.0,0.9998096
0,0.0,0.000106500134
1,1.0,0.99980736
1,1.0,0.99981356
1,1.0,0.99981415
1,1.0,0.9998161
1,1.0,0.9998068
0,0.0,0.000112717484
0,0.0,9.083107e-05
0,0.0,0.00011932109
1,1.0,0.9998074
0,0.0,0.00011792753
0,0.0,9.78898e-05
1,1.0,0.9998142
0,0.0,6.500771e-05
0,0.0,0.00011713728
1,1.0,0.9998102
1,1.0,0.9998156
0,0.0,3.057125e-05
0,0.0,0.000121563215
1,1.0,0.99981356
1,1.0,0.9998148
0,0.0,0.00012782426
0,0.0,8.893724e-05
1,1.0,0.9998157
1,1.0,0.9998262
1,1.0,0.99981743
0,0.0,0.00012052432
1,1.0,0.99981475
0,0.0,0.0001198886
1,1.0,0.9998077
0,0.0,0.00031716848
0,0.0,0.00013963511
0,0.0,0.00011191039
1,1.0,0.9998151
0,0.0,0.00010211574
1,1.0,0.9998148
1,1.0,0.9998146
0,0.0,0.00011715896
0,0.0,7.315585e-05
0,0.0,9.069242e-05
0,0.0,0.00012052569
1,1.0,0.9998141
0,0.0,0.00012779684
1,1.0,0.9998226
1,1.0,0.99980706
1,1.0,0.99981654
0,0.0,0.000111833055
1,1.0,0.9998143
0,0.0,0.00012052374
1,1.0,0.99981403
0,0.0,0.00012332034
0,0.0,0.00012029445
1,1.0,0.9998239
0,0.0,8.9365705e-05
1,1.0,0.9998053
1,1.0,0.9998139
1,1.0,0.99981546
0,0.0,0.00011790099
1,1.0,0.9998146
1,1.0,0.99981326
0,0.0,0.00011054211
0,0.0,0.00034800376
1,1.0,0.9989492
0,0.0,0.00013152338
1,1.0,0.9998165
1,1.0,0.99981564
0,0.0,9.242475e-05
1,1.0,0.99980813
1,1.0,0.9998153
1,1.0,0.99981445
1,1.0,0.9998142
0,0.0,0.000116818825
0,0.0,9.693472e-05
0,0.0,0.000118472824
1,1.0,0.999813
0,0.0,6.492079e-05
0,0.0,9.8895594e-05
1,1.0,0.9998136
0,0.0,9.6057796e-05
0,0.0,8.5412204e-05
1,1.0,0.99981487
0,0.0,3.0570696e-05
1,1.0,0.9998201
1,1.0,0.9998071
0,0.0,0.00014129786
1,1.0,0.9998075
0,0.0,0.00012467203
1,1.0,0.9998074
0,0.0,4.4801483e-05
1,1.0,0.99981576
1,1.0,0.99980766
0,0.0,0.00013014235
1,1.0,0.99981487
1,1.0,0.99980676
0,0.0,0.00013468842
0,0.0,4.473702e-05
1,1.0,0.99981606
0,0.0,0.00013009792
0,0.0,0.00012021199
1,1.0,0.99980694
0,0.0,0.00014750205
1,1.0,0.9998072
1,1.0,0.99981594
1,1.0,0.9998142
0,0.0,9.544749e-05
1,1.0,0.9998156
0,0.0,8.656136e-05
1,1.0,0.9998194
1,1.0,0.9998205
0,0.0,0.00013395504
1,1.0,0.9998144
0,0.0,4.4777775e-05
1,1.0,0.9998142
1,1.0,0.99981576
1,1.0,0.9998149
1,1.0,0.99981564
0,0.0,0.00012210694
0,0.0,0.000112603506
1,1.0,0.9998144
0,0.0,6.2329054e-05
0,0.0,0.0001273114
0,0.0,0.00012028813
1,1.0,0.9998251
1,1.0,0.99980676
0,0.0,0.000112593414
0,0.0,8.980909e-05
0,0.0,0.00011792843
0,0.0,0.00011719528
1,1.0,0.99981487
1,1.0,0.99981356
0,0.0,5.8937305e-05
1,1.0,0.99981284
0,0.0,0.00011723942
1,1.0,0.9998127
1,1.0,0.9998514
1,1.0,0.99981415
1,1.0,0.99980825
0,0.0,8.982998e-05
1,1.0,0.9998153
1,1.0,0.9998205
0,0.0,4.481704e-05
0,0.0,4.479439e-05
1,1.0,0.9998135
1,1.0,0.9998138
1,1.0,0.9998157
0,0.0,0.000250665
1,1.0,0.99981475
1,1.0,0.99980676
0,0.0,3.547584e-05
1,1.0,0.99981415
0,0.0,9.7723416e-05
0,0.0,0.00025786253
1,1.0,0.9998213
0,0.0,0.000118460506
0,0.0,0.00012307307
0,0.0,3.0542866e-05
1,1.0,0.99982876
1,1.0,0.9998101
1,1.0,0.9998059
0,0.0,0.0001221052
1,1.0,0.999816
1,1.0,0.9998169
1,1.0,0.99981606
1,1.0,0.99981487
1,1.0,0.99981487
0,0.0,0.00013470447
0,0.0,0.00010078096
0,0.0,6.492506e-05
0,0.0,3.0572213e-05
1,1.0,0.99980795
0,0.0,0.00011922192
0,0.0,7.490635e-05
0,0.0,6.4966436e-05
0,0.0,9.633703e-05
1,1.0,0.9998166
0,0.0,0.00012028275
1,1.0,0.9998217
0,0.0,4.4758912e-05
1,1.0,0.99981624
0,0.0,0.00011790369
1,1.0,0.999816
1,1.0,0.9998144
1,1.0,0.999809
1,1.0,0.9998149
1,1.0,0.9998138
0,0.0,0.00011184074
1,1.0,0.99982464
1,1.0,0.9998189
1,1.0,0.99980545
1,1.0,0.99980617
0,0.0,0.00012150273
0,0.0,6.568438e-05
1,1.0,0.9998054
1,1.0,0.99980766
1,1.0,0.9998068
1,1.0,0.99980676
0,0.0,0.00014906473
1,1.0,0.99980867
0,0.0,3.5556997e-05
1,1.0,0.9998166
0,0.0,0.000118602926
1,1.0,0.99981767
0,0.0,0.00013653001
1,1.0,0.99981076
1,1.0,0.9998139
0,0.0,9.284665e-05
1,1.0,0.9998149
0,0.0,8.555339e-05
0,0.0,0.00011095376
1,1.0,0.9998127
0,0.0,7.761949e-05
0,0.0,6.497932e-05
1,1.0,0.9985426
0,0.0,0.00011932246
1,1.0,0.99981433
1,1.0,0.99981296
0,0.0,0.00011177505
0,0.0,0.00011798162
0,0.0,0.00012028653
0,0.0,0.00035243912
1,1.0,0.9998052
1,1.0,0.9998563
0,0.0,0.00012216538
1,1.0,0.99981344
1,1.0,0.9998155
0,0.0,0.00012447721
0,0.0,4.4726097e-05
0,0.0,0.00012472531
0,0.0,8.095491e-05
0,0.0,9.544212e-05
1,1.0,0.999813
1,1.0,0.9998142
0,0.0,8.401608e-05
1,1.0,0.9998071
1,1.0,0.9998072
1,1.0,0.9998149
1,1.0,0.99895656
0,0.0,9.837078e-05
0,0.0,0.000120160774
0,0.0,0.00011260555
1,1.0,0.99980927
0,0.0,6.461937e-05
0,0.0,0.000102625105
1,1.0,0.9998142
0,0.0,4.4781747e-05
0,0.0,0.00012393748
1,1.0,0.99980885
0,0.0,0.00012776624
1,1.0,0.9998189
1,1.0,0.99980676
1,1.0,0.9998118
1,1.0,0.99981403
1,1.0,0.9998132
0,0.0,4.4793964e-05
1,1.0,0.9998068
1,1.0,0.99981403
0,0.0,0.00013850769
0,0.0,6.645207e-05
0,0.0,6.253397e-05
1,1.0,0.9998164
0,0.0,8.429205e-05
1,1.0,0.9998127
1,1.0,0.9998085
1,1.0,0.99981
1,1.0,0.9998142
0,0.0,0.00011973436
1,1.0,0.99980813
1,1.0,0.9998162
1,1.0,0.99981433
0,0.0,0.00011767961
0,0.0,0.000120289165
0,0.0,4.473625e-05
0,0.0,0.00012008094
1,1.0,0.9998133
1,1.0,0.99981415
1,1.0,0.9998091
1,1.0,0.99980724
0,0.0,5.8956244e-05
0,0.0,8.2163584e-05
1,1.0,0.999813
1,1.0,0.9998071
0,0.0,0.0001414642
1,1.0,0.9998074
0,0.0,0.000119735276
1,1.0,0.99981433
1,1.0,0.99980587
0,0.0,0.00011006165
0,0.0,0.00011864908
1,1.0,0.9998159
0,0.0,0.00013469163
1,1.0,0.99981374
1,1.0,0.99980885
0,0.0,3.0569092e-05
0,0.0,9.497094e-05
0,0.0,0.00012951173
1,1.0,0.99980795
0,0.0,0.00017227777
0,0.0,3.5468536e-05
1,1.0,0.9998146
1,1.0,0.9998093
0,0.0,0.000116791314
0,0.0,0.00012470246
1,1.0,0.9994952
1,1.0,0.99981415
1,1.0,0.9998152
1,1.0,0.9998151
1,1.0,0.99981636
1,1.0,0.99988544
0,0.0,0.00012052489
1,1.0,0.9998126
1,1.0,0.999817
1,1.0,0.9998091
0,0.0,0.00013176414
0,0.0,0.00011183135
1,1.0,0.99981964
0,0.0,0.00012286809
0,0.0,7.432608e-05
1,1.0,0.99980885
1,1.0,0.9998079
0,0.0,4.4714412e-05
1,1.0,0.9998135
0,0.0,0.00013777136
1,1.0,0.9998072
0,0.0,8.531037e-05
0,0.0,0.00011993949
0,0.0,9.591318e-05
1,1.0,0.99981326
0,0.0,0.0001177218
1,1.0,0.99981326
0,0.0,0.00013156602
1,1.0,0.99980956
0,0.0,0.00013175396
1,1.0,0.99982494
0,0.0,0.00012394565
0,0.0,8.7476554e-05
0,0.0,6.4988744e-05
0,0.0,0.00011931779
0,0.0,7.169967e-05
1,1.0,0.9998204
0,0.0,7.565133e-05
0,0.0,0.00011259137
1,1.0,0.9998149
1,1.0,0.99981296
1,1.0,0.99981433
0,0.0,4.4770004e-05
0,0.0,0.0091585675
0,0.0,8.367571e-05
0,0.0,0.00012472602
0,0.0,0.00011712612
1,1.0,0.9998069
0,0.0,0.00013189687
0,0.0,0.00011104542
1,1.0,0.99982667
0,0.0,8.8531415e-05
0,0.0,9.1383095e-05
0,0.0,0.000111347086
1,1.0,0.9998088
1,1.0,0.99981433
0,0.0,9.7745135e-05
0,0.0,0.00011997071
1,1.0,0.99981564
1,1.0,0.99981546
0,0.0,0.00012720244
0,0.0,8.1031445e-05
1,1.0,0.9998144
0,0.0,0.000119736986
1,1.0,0.99981344
1,1.0,0.99981934
0,0.0,4.4800843e-05
0,0.0,4.4786062e-05
0,0.0,0.00010236337
1,1.0,0.9998139
1,1.0,0.9998144
1,1.0,0.99981767
0,0.0,0.00011949404
1,1.0,0.9998148
0,0.0,8.8547626e-05
1,1.0,0.99980605
1,1.0,0.99980676
0,0.0,9.5498486e-05
0,0.0,8.9808316e-05
1,1.0,0.99981415
0,0.0,0.00015881831
1,1.0,0.9998139
1,1.0,0.9998143
1,1.0,0.9998147
0,0.0,5.898605e-05
0,0.0,5.8968053e-05
0,0.0,9.675057e-05
0,0.0,0.00011863267
1,1.0,0.9998142
0,0.0,0.00013498041
1,1.0,0.9998177
1,1.0,0.99980766
1,1.0,0.99872315
1,1.0,0.99981606
0,0.0,0.000120284014
1,1.0,0.99981475
1,1.0,0.99980605
1,1.0,0.9998164
1,1.0,0.9998148
0,0.0,0.00011864229
0,0.0,0.00021752076
1,1.0,0.9998078
1,1.0,0.99938375
0,0.0,3.5408782e-05
1,1.0,0.9998058
1,1.0,0.9998165
0,0.0,0.00011921749
0,0.0,0.0001172088
0,0.0,3.0542662e-05
0,0.0,0.00012465943
0,0.0,3.0571337e-05
1,1.0,0.9999107
1,1.0,0.9998047
1,1.0,0.9998134
1,1.0,0.999815
1,1.0,0.999814
1,1.0,0.9998141
1,1.0,0.9998219
0,0.0,9.684897e-05
0,0.0,3.5491168e-05
1,1.0,0.99981433
0,0.0,9.521096e-05
1,1.0,0.999807
0,0.0,0.00012332304
0,0.0,9.169648e-05
0,0.0,0.000111921814
1,1.0,0.99981403
1,1.0,0.9998154
0,0.0,0.00011771866
0,0.0,0.00011845463
0,0.0,0.00012216328
0,0.0,0.000118145996
0,0.0,0.00012842119
1,1.0,0.9998131
0,0.0,0.00015864272
1,1.0,0.99980795
1,1.0,0.9998237
1,1.0,0.9998147
1,1.0,0.9998071
1,1.0,0.9998217
0,0.0,8.3824176e-05
1,1.0,0.9998133
0,0.0,6.491769e-05
1,1.0,0.9998085
0,0.0,9.9720215e-05
1,1.0,0.9998144
0,0.0,0.000120283556
1,1.0,0.9998156
0,0.0,8.9041525e-05
1,1.0,0.9998052
0,0.0,0.0001301076
1,1.0,0.99981445
0,0.0,0.00012705938
1,1.0,0.9998076
0,0.0,0.00012016306
0,0.0,5.208963e-05
1,1.0,0.9998057
1,1.0,0.9998142
0,0.0,7.4890275e-05
0,0.0,3.0510811e-05
0,0.0,4.4829863e-05
1,1.0,0.9998148
0,0.0,0.0001301169
1,1.0,0.999814
1,1.0,0.99981326
1,1.0,0.9998146
0,0.0,6.575582e-05
0,0.0,8.4451276e-05
1,1.0,0.99981403
0,0.0,0.00012067554
1,1.0,0.9998127
1,1.0,0.9998144
0,0.0,3.057125e-05
1,1.0,0.9998157
0,0.0,9.1081216e-05
0,0.0,0.0002401533
0,0.0,0.00031832687
0,0.0,0.00012332188
1,1.0,0.999806
0,0.0,3.5409765e-05
1,1.0,0.99981385
1,1.0,0.9998142
1,1.0,0.9998058
0,0.0,0.0001400843
0,0.0,3.0570056e-05
1,1.0,0.9998146
1,1.0,0.99981683
1,1.0,0.9998144
1,1.0,0.9998158
0,0.0,7.76209e-05
1,1.0,0.99980783
0,0.0,0.00011921703
0,0.0,7.434678e-05
0,0.0,0.00032431405
1,1.0,0.99980915
1,1.0,0.999813
0,0.0,3.0571573e-05
1,1.0,0.9998054
1,1.0,0.99981415
1,1.0,0.99981594
1,1.0,0.9998165
1,1.0,0.99981654
1,1.0,0.9998144
0,0.0,0.00011176343
1,1.0,0.99981385
1,1.0,0.99981415
1,1.0,0.99980736
0,0.0,0.00012210717
1,1.0,0.9998074
1,1.0,0.99981594
1,1.0,0.9998143
1,1.0,0.9998148
1,1.0,0.99980575
1,1.0,0.99981356
0,0.0,7.7535966e-05
0,0.0,0.00011258117
0,0.0,7.7757286e-05
1,1.0,0.9998147
0,0.0,0.00013765162
0,0.0,3.547831e-05
0,0.0,0.00013918117
1,1.0,0.99981
0,0.0,0.00011681916
0,0.0,0.0001221761
1,1.0,0.9998107
0,0.0,0.00030866484
0,0.0,8.603526e-05
1,1.0,0.99981475
1,1.0,0.99981344
0,0.0,8.981644e-05
0,0.0,5.7353183e-05
1,1.0,0.9998142
1,1.0,0.99980694
1,1.0,0.99981165
1,1.0,0.99981385
1,1.0,0.9998151
0,0.0,0.00011683086
1,1.0,0.9998151
1,1.0,0.9998089
0,0.0,0.00012216398
1,1.0,0.99980897
1,1.0,0.99980515
1,1.0,0.9998052
1,1.0,0.99953884
0,0.0,9.320671e-05
1,1.0,0.99981564
0,0.0,8.853487e-05
0,0.0,5.6256486e-05
1,1.0,0.99980795
1,1.0,0.99980724
0,0.0,0.0001659573
1,1.0,0.99981785
0,0.0,0.00011949404
1,1.0,0.999815
0,0.0,0.00012391798
1,1.0,0.99981445
0,0.0,6.471607e-05
0,0.0,5.8988862e-05
1,1.0,0.99981445
0,0.0,8.337233e-05
0,0.0,3.538455e-05
0,0.0,0.0001168303
1,1.0,0.99988544
0,0.0,0.00012001763
1,1.0,0.99981505
0,0.0,8.071049e-05
0,0.0,0.00040078105
1,1.0,0.99981326
1,1.0,0.999814
1,1.0,0.99980766
1,1.0,0.9998202
0,0.0,0.000120522476
0,0.0,0.00012015802
1,1.0,0.9998138
0,0.0,6.4092936e-05
1,1.0,0.99981415
1,1.0,0.9998185
1,1.0,0.9998149
1,1.0,0.9998156
0,0.0,0.00011931631
0,0.0,0.00012066702
0,0.0,0.00012614133
1,1.0,0.9998183
0,0.0,7.066129e-05
1,1.0,0.9998127
1,1.0,0.9998147
0,0.0,9.367415e-05
0,0.0,0.00012381676
0,0.0,9.008716e-05
1,1.0,0.9998135
0,0.0,9.977216e-05
0,0.0,0.00012028424
1,1.0,0.99981785
1,1.0,0.999816
0,0.0,0.00010010723
1,1.0,0.9998058
1,1.0,0.99981415
1,1.0,0.9998078
0,0.0,9.676497e-05
1,1.0,0.9998145
1,1.0,0.9998287
0,0.0,0.00011681069
1,1.0,0.9998051
0,0.0,8.7576875e-05
0,0.0,9.2307346e-05
0,0.0,3.0571457e-05
0,0.0,9.8892764e-05
0,0.0,0.00013499301
1,1.0,0.9998094
1,1.0,0.9998142
1,1.0,0.9998142
1,1.0,0.9998161
1,1.0,0.9998142
1,1.0,0.99981016
1,1.0,0.9998146
1,1.0,0.9998143
0,0.0,0.00032222204
1,1.0,0.9998155
1,1.0,0.99981683
0,0.0,0.0001025756
0,0.0,0.00021072566
0,0.0,0.000119490636
1,1.0,0.9998138
0,0.0,0.00012289188
0,0.0,4.476885e-05
0,0.0,3.5458528e-05
1,1.0,0.99974716
0,0.0,0.00011949166
0,0.0,4.4783243e-05
1,1.0,0.99981475
0,0.0,8.994389e-05
0,0.0,0.00015917717
0,0.0,3.5555775e-05
0,0.0,3.5460085e-05
1,1.0,0.99980783
0,0.0,0.00012845841
0,0.0,8.02139e-05
1,1.0,0.9998144
1,1.0,0.99981415
0,0.0,4.4739278e-05
0,0.0,4.487559e-05
0,0.0,0.00012216107
1,1.0,0.99981457
1,1.0,0.99980825
1,1.0,0.99980795
0,0.0,9.663568e-05
1,1.0,0.9998165
0,0.0,5.8967267e-05
1,1.0,0.99981546
1,1.0,0.9998076
1,1.0,0.99981457
0,0.0,0.00012210694
0,0.0,7.464842e-05
0,0.0,9.943252e-05
0,0.0,8.506716e-05
1,1.0,0.9998059
1,1.0,0.9998142
1,1.0,0.9998152
0,0.0,0.00011259137
0,0.0,0.00012714059
1,1.0,0.99981403
1,1.0,0.99981326
0,0.0,6.0460152e-05
1,1.0,0.99982196
1,1.0,0.99981534
1,1.0,0.9998088
1,1.0,0.9998146
1,1.0,0.9998162
0,0.0,9.497529e-05
0,0.0,7.341981e-05
0,0.0,3.548687e-05
0,0.0,0.0001412891
0,0.0,0.0001412961
0,0.0,6.496922e-05
1,1.0,0.9998099
0,0.0,0.00010655336
1,1.0,0.99981564
0,0.0,0.00013162024
1,1.0,0.99981695
0,0.0,0.00011257657
1,1.0,0.9998067
1,1.0,0.9998075
0,0.0,0.0029216642
0,0.0,7.6814824e-05
0,0.0,3.5413206e-05
1,1.0,0.9998082
1,1.0,0.99980533
0,0.0,9.821837e-05
1,1.0,0.999813
0,0.0,0.00025385656
1,1.0,0.9998088
0,0.0,0.00031323728
1,1.0,0.9998141
1,1.0,0.9998059
0,0.0,8.189895e-05
1,1.0,0.9998141
0,0.0,0.00010526833
0,0.0,0.000117516
0,0.0,0.00012210205
1,1.0,0.99981457
1,1.0,0.9998065
0,0.0,8.160232e-05
1,1.0,0.99981385
1,1.0,0.9998142
0,0.0,6.548656e-05
1,1.0,0.999814
0,0.0,0.00013472015
0,0.0,0.00010260838
1,1.0,0.9998146
1,1.0,0.99981487
0,0.0,0.00012034734
1,1.0,0.9998262
0,0.0,4.4817465e-05
1,1.0,0.99981415
0,0.0,0.00037827226
0,0.0,7.8555044e-05
0,0.0,0.0001396956
1,1.0,0.99981415
1,1.0,0.99981564
1,1.0,0.99982804
0,0.0,6.832226e-05
0,0.0,0.00033878625
0,0.0,0.00012391669
0,0.0,0.00031307156
1,1.0,0.9998075
1,1.0,0.99981487
1,1.0,0.9998146
0,0.0,0.000106487336
1,1.0,0.9998139
0,0.0,0.0001278323
1,1.0,0.999813
0,0.0,0.00011798455
0,0.0,3.5464884e-05
1,1.0,0.999815
1,1.0,0.99980766
0,0.0,0.00011790257
1,1.0,0.9998218
0,0.0,0.0001247221
1,1.0,0.9998147
1,1.0,0.99980724
0,0.0,0.00011713527
1,1.0,0.9998067
1,1.0,0.9998167
0,0.0,8.2167026e-05
1,1.0,0.99980944
0,0.0,8.2730905e-05
0,0.0,0.000119313925
0,0.0,8.549802e-05
1,1.0,0.9998204
1,1.0,0.99980795
0,0.0,0.00013180208
0,0.0,0.00010261395
1,1.0,0.99981356
1,1.0,0.9998165
1,1.0,0.9998152
0,0.0,0.00015905322
1,1.0,0.99980676
1,1.0,0.9998142
0,0.0,0.00012023469
0,0.0,0.00012332128
1,1.0,0.9998136
0,0.0,0.000120159515
0,0.0,8.119403e-05
0,0.0,8.701962e-05
1,1.0,0.99981356
1,1.0,0.9998147
0,0.0,0.00012394327
1,1.0,0.9993802
0,0.0,8.989494e-05
0,0.0,0.00012009215
1,1.0,0.99944
1,1.0,0.99980813
1,1.0,0.9998209
1,1.0,0.9998146
0,0.0,0.00035359923
0,0.0,4.4792254e-05
0,0.0,0.00013152965
0,0.0,0.000116307085
0,0.0,0.00011679366
1,1.0,0.99981904
1,1.0,0.9998138
0,0.0,4.448398e-05
1,1.0,0.99981534
0,0.0,9.884262e-05
0,0.0,4.4803022e-05
1,1.0,0.9998147
0,0.0,9.72918e-05
0,0.0,8.540667e-05
1,1.0,0.9998184
0,0.0,0.000112588794
0,0.0,0.00011126494
0,0.0,0.00013396473
1,1.0,0.9998149
1,1.0,0.999808
1,1.0,0.9998134
1,1.0,0.9998074
1,1.0,0.999814
0,0.0,9.09224e-05
1,1.0,0.9998217
0,0.0,9.6389216e-05
1,1.0,0.9998166
1,1.0,0.9998074
0,0.0,6.498521e-05
0,0.0,8.365839e-05
1,1.0,0.99980795
1,1.0,0.9998147
1,1.0,0.9998249
0,0.0,0.00012210775
1,1.0,0.99981946
1,1.0,0.9998202
0,0.0,0.00021133594
0,0.0,5.89395e-05
1,1.0,0.99980754
0,0.0,7.313715e-05
1,1.0,0.99981403
0,0.0,0.0003265161
0,0.0,0.00011949678
0,0.0,0.00012052075
1,1.0,0.99980885
0,0.0,4.4809945e-05
0,0.0,0.000119731514
1,1.0,0.9998094
1,1.0,0.9998135
0,0.0,9.253579e-05
0,0.0,0.00012445419
0,0.0,8.323109e-05
0,0.0,0.00011949461
1,1.0,0.9998194
1,1.0,0.99980617
0,0.0,0.00012346685
1,1.0,0.99981445
1,1.0,0.99981433
1,1.0,0.9998239
0,0.0,0.00011708816
1,1.0,0.99982435
1,1.0,0.9998146
1,1.0,0.999814
1,1.0,0.9998072
0,0.0,0.00027750977
0,0.0,0.00011129433
1,1.0,0.9998145
0,0.0,0.00012332223
1,1.0,0.9998153
0,0.0,0.00012847714
0,0.0,9.57729e-05
0,0.0,0.00010261014
0,0.0,0.00011732823
1,1.0,0.99982333
1,1.0,0.99981445
0,0.0,0.0016822801
1,1.0,0.99980706
1,1.0,0.999815
1,1.0,0.9998146
1,1.0,0.9998079
1,1.0,0.99995387
1,1.0,0.9998068
0,0.0,0.0003339884
0,0.0,5.179046e-05
1,1.0,0.99982643
1,1.0,0.99981505
1,1.0,0.99980766
1,1.0,0.99981326
0,0.0,0.00015876608
1,1.0,0.99982184
1,1.0,0.9998146
0,0.0,0.00012066702
1,1.0,0.999814
1,1.0,0.9998139
1,1.0,0.9998139
0,0.0,0.00013163906
0,0.0,8.5910484e-05
0,0.0,6.451901e-05
0,0.0,0.00011190644
0,0.0,6.498781e-05
1,1.0,0.9998147
1,1.0,0.9998059
1,1.0,0.9998152
1,1.0,0.9998052
1,1.0,0.99981457
0,0.0,0.00010122651
0,0.0,0.00012447935
0,0.0,8.698478e-05
1,1.0,0.9998053
1,1.0,0.9998156
1,1.0,0.9998149
0,0.0,8.540276e-05
0,0.0,6.968126e-05
1,1.0,0.99981153
0,0.0,0.00014007455
0,0.0,0.00013169103
0,0.0,0.000109838016
0,0.0,0.0002833026
1,1.0,0.9998141
1,1.0,0.99980503
1,1.0,0.9998068
1,1.0,0.99980783
1,1.0,0.9998149
1,1.0,0.99981415
0,0.0,3.5482375e-05
0,0.0,0.0003091228
0,0.0,0.00011256422
0,0.0,0.0001239447
1,1.0,0.99981445
1,1.0,0.99981403
1,1.0,0.9998133
0,0.0,4.4797125e-05
1,1.0,0.9998158
1,1.0,0.9998144
0,0.0,0.00011688735
1,1.0,0.9998101
1,1.0,0.999808
1,1.0,0.99981415
0,0.0,0.00011144173
0,0.0,0.000120159515
0,0.0,9.936995e-05
1,1.0,0.99980545
1,1.0,0.99980795
0,0.0,0.0001476701
1,1.0,0.9998142
0,0.0,6.492871e-05
1,1.0,0.99981433
1,1.0,0.9998152
0,0.0,0.00013653886
1,1.0,0.99981314
0,0.0,0.00011824529
1,1.0,0.99980533
1,1.0,0.99980694
1,1.0,0.9998166
1,1.0,0.999813
0,0.0,0.00011720903
1,1.0,0.9998146
1,1.0,0.99980676
1,1.0,0.9998184
0,0.0,0.00012791692
0,0.0,0.000119731514
0,0.0,0.00013178674
0,0.0,4.4715267e-05
1,1.0,0.99981546
0,0.0,4.4685337e-05
0,0.0,0.00010007258
1,1.0,0.999813
0,0.0,0.00010383143
1,1.0,0.9998071
1,1.0,0.99981385
1,1.0,0.99981695
0,0.0,0.000118663214
0,0.0,8.616391e-05
0,0.0,0.00010254108
1,1.0,0.99981445
0,0.0,4.469314e-05
0,0.0,0.00012848193
1,1.0,0.9998062
0,0.0,0.00014033566
0,0.0,0.00011988734
0,0.0,0.00011190879
0,0.0,6.961577e-05
1,1.0,0.9998142
1,1.0,0.999813
1,1.0,0.99981415
0,0.0,0.000102480764
1,1.0,0.99981165
0,0.0,0.00012331869
1,1.0,0.9998092
0,0.0,4.4709297e-05
0,0.0,0.00012450035
1,1.0,0.9998147
0,0.0,0.0001171403
0,0.0,0.00012052305
1,1.0,0.99981606
0,0.0,0.00028321997
0,0.0,0.00010247813
1,1.0,0.99980694
0,0.0,0.00012711732
0,0.0,0.00012327815
0,0.0,6.492908e-05
1,1.0,0.99980754
0,0.0,8.912027e-05
1,1.0,0.9998069
1,1.0,0.99980533
1,1.0,0.99981374
1,1.0,0.9987044
1,1.0,0.9998141
0,0.0,3.540561e-05
0,0.0,0.00012210822
0,0.0,8.731055e-05
1,1.0,0.99981713
1,1.0,0.999813
1,1.0,0.9998158
0,0.0,0.000115493785
1,1.0,0.9998085
1,1.0,0.9998146
1,1.0,0.99981433
1,1.0,0.9998095
1,1.0,0.9998266
0,0.0,7.7726e-05
1,1.0,0.9998147
1,1.0,0.99990183
0,0.0,5.8538542e-05
1,1.0,0.9998053
1,1.0,0.99980664
1,1.0,0.99981385
0,0.0,3.0586292e-05
1,1.0,0.9998155
1,1.0,0.99980956
0,0.0,6.96185e-05
0,0.0,3.5394743e-05
1,1.0,0.99981606
1,1.0,0.99981886
1,1.0,0.9998131
1,1.0,0.9998493
0,0.0,0.00013190128
1,1.0,0.9996655
1,1.0,0.9998127
0,0.0,3.539653e-05
0,0.0,0.0001026116
0,0.0,0.0003287372
0,0.0,0.00010708548
1,1.0,0.99981487
1,1.0,0.999815
0,0.0,9.729217e-05
0,0.0,7.2869974e-05
0,0.0,6.496383e-05
1,1.0,0.99985325
1,1.0,0.99982506
0,0.0,0.00015917943
1,1.0,0.99981475
0,0.0,0.00011273286
1,1.0,0.999814
0,0.0,0.00013153163
1,1.0,0.9998076
0,0.0,3.0570318e-05
0,0.0,4.4706183e-05
1,1.0,0.9998056
0,0.0,7.4313895e-05
1,1.0,0.99982035
1,1.0,0.999815
0,0.0,0.00013811454
1,1.0,0.999813
0,0.0,9.184883e-05
0,0.0,0.00014752372
0,0.0,0.0001315487
0,0.0,0.000118309115
0,0.0,6.478418e-05
0,0.0,0.00013171314
1,1.0,0.9998489
0,0.0,7.3441806e-05
0,0.0,0.00011787817
1,1.0,0.99980885
0,0.0,0.00013974596
1,1.0,0.99981475
0,0.0,9.787058e-05
0,0.0,4.4775854e-05
1,1.0,0.99980795
0,0.0,9.712809e-05
0,0.0,9.8895034e-05
1,1.0,0.9998143
0,0.0,9.497103e-05
1,1.0,0.9998067
1,1.0,0.99981874
0,0.0,0.00013164508
1,1.0,0.9998156
0,0.0,0.00012394258
0,0.0,0.0001179868
1,1.0,0.99981534
0,0.0,0.000112791146
0,0.0,0.00020046653
0,0.0,4.472951e-05
1,1.0,0.99980783
0,0.0,6.140611e-05
1,1.0,0.9998078
1,1.0,0.999816
0,0.0,6.4958316e-05
0,0.0,8.764221e-05
1,1.0,0.9998156
0,0.0,0.0001233201
1,1.0,0.999808
0,0.0,4.482264e-05
0,0.0,0.000100037956
1,1.0,0.9998151
0,0.0,8.5201355e-05
1,1.0,0.99981487
1,1.0,0.999813
1,1.0,0.9998147
0,0.0,7.179848e-05
1,1.0,0.999814
0,0.0,0.00011190516
1,1.0,0.9998139
0,0.0,9.86715e-05
1,1.0,0.99982613
1,1.0,0.9998074
0,0.0,0.000102016755
0,0.0,0.00011713215
1,1.0,0.99981457
1,1.0,0.99981505
0,0.0,0.00013063481
1,1.0,0.999815
0,0.0,0.0001221662
0,0.0,3.05723e-05
0,0.0,8.405117e-05
1,1.0,0.99980503
0,0.0,0.00012452494
0,0.0,3.5474928e-05
1,1.0,0.9998186
0,0.0,7.498503e-05
0,0.0,8.7609704e-05
1,1.0,0.9998137
0,0.0,0.0001193146
1,1.0,0.99981076
0,0.0,9.359629e-05
0,0.0,0.000112593516
1,1.0,0.9998091
1,1.0,0.9998079
1,1.0,0.99980944
1,1.0,0.99980825
0,0.0,9.861554e-05
0,0.0,0.00011272286
0,0.0,8.806763e-05
1,1.0,0.99980825
0,0.0,0.00012210217
0,0.0,0.00012216842
1,1.0,0.9998075
1,1.0,0.9998072
0,0.0,6.56741e-05
1,1.0,0.99948096
1,1.0,0.99981606
1,1.0,0.99981487
1,1.0,0.9998128
1,1.0,0.999809
1,1.0,0.9998056
0,0.0,0.00012367268
1,1.0,0.9998076
0,0.0,0.00012394447
1,1.0,0.9998056
1,1.0,0.9998205
0,0.0,0.000120159515
1,1.0,0.99981564
1,1.0,0.99981433
1,1.0,0.9998149
0,0.0,0.00012381618
0,0.0,0.0003190664
1,1.0,0.99981576
1,1.0,0.9998142
1,1.0,0.9998149
0,0.0,9.009773e-05
1,1.0,0.9998151
0,0.0,0.00011806963
0,0.0,8.5504624e-05
1,1.0,0.9998054
0,0.0,6.512516e-05
0,0.0,0.000121169614
1,1.0,0.99981415
1,1.0,0.999814
1,1.0,0.99981683
0,0.0,0.00012016135
0,0.0,0.00025895223
0,0.0,0.00013186067
0,0.0,8.404516e-05
0,0.0,7.75282e-05
1,1.0,0.9998155
1,1.0,0.9998145
1,1.0,0.9998162
1,1.0,0.9998147
1,1.0,0.9998081
0,0.0,6.841915e-05
0,0.0,0.00013768888
0,0.0,6.5831555e-05
1,1.0,0.999827
0,0.0,0.00033137974
0,0.0,7.063462e-05
1,1.0,0.99980664
1,1.0,0.99980783
0,0.0,0.0001239421
1,1.0,0.9998157
1,1.0,0.9998091
1,1.0,0.9998073
1,1.0,0.9998144
1,1.0,0.99980515
1,1.0,0.9998136
0,0.0,9.6929725e-05
0,0.0,8.212919e-05
1,1.0,0.999813
0,0.0,0.00013490848
0,0.0,0.00011258171
1,1.0,0.9998069
0,0.0,9.5601805e-05
1,1.0,0.9998161
1,1.0,0.9998147
0,0.0,3.0571748e-05
0,0.0,0.0003184941
1,1.0,0.99982005
0,0.0,0.00012366172
0,0.0,0.00013100269
0,0.0,4.475178e-05
0,0.0,0.00012047639
0,0.0,0.00012166782
1,1.0,0.9998262
1,1.0,0.99980617
1,1.0,0.99980515
1,1.0,0.99981385
1,1.0,0.99980664
1,1.0,0.998953
1,1.0,0.9998079
0,0.0,0.00011949609
1,1.0,0.99981415
1,1.0,0.99981296
1,1.0,0.9998093
1,1.0,0.999813
1,1.0,0.9998142
0,0.0,4.4669065e-05
0,0.0,0.00011790605
1,1.0,0.9998154
1,1.0,0.99980754
1,1.0,0.99980956
0,0.0,0.00010261532
1,1.0,0.9998155
0,0.0,6.479264e-05
1,1.0,0.9998135
1,1.0,0.9998068
0,0.0,9.3669056e-05
0,0.0,0.00029528604
1,1.0,0.9998127
1,1.0,0.99981606
1,1.0,0.99981415
0,0.0,0.00013169304
1,1.0,0.99980956
0,0.0,7.9025085e-05
0,0.0,5.897058e-05
1,1.0,0.9998138
0,0.0,0.00011672585
0,0.0,8.6210275e-05
1,1.0,0.9992001
0,0.0,4.4790846e-05
0,0.0,6.2238476e-05
0,0.0,3.5552588e-05
1,1.0,0.99981534
0,0.0,0.00010261708
0,0.0,6.593723e-05
1,1.0,0.9995799
1,1.0,0.9998129
1,1.0,0.9998139
0,0.0,9.9697405e-05
0,0.0,0.0001239421
0,0.0,0.00012332964
1,1.0,0.9998071
1,1.0,0.99981564
1,1.0,0.9998162
0,0.0,0.0001318066
0,0.0,0.00011271716
1,1.0,0.9998151
0,0.0,0.000116834424
1,1.0,0.9998151
0,0.0,0.00012431199
1,1.0,0.99981385
1,1.0,0.9998127
0,0.0,0.00012010337
1,1.0,0.9998149
1,1.0,0.99981916
1,1.0,0.99981356
0,0.0,0.00012010337
1,1.0,0.99982494
0,0.0,9.843552e-05
0,0.0,3.5543708e-05
0,0.0,0.000116790645
1,1.0,0.9998145
1,1.0,0.9998226
1,1.0,0.9998094
0,0.0,3.0570696e-05
1,1.0,0.99981594
0,0.0,7.497545e-05
1,1.0,0.9998135
0,0.0,0.00031998425
1,1.0,0.9998056
1,1.0,0.99980885
1,1.0,0.99981576
0,0.0,3.5540656e-05
0,0.0,8.1891914e-05
0,0.0,0.00023887129
0,0.0,0.00011155347
1,1.0,0.99980676
1,1.0,0.99981445
0,0.0,0.00015860355
0,0.0,9.975294e-05
0,0.0,8.5609296e-05
0,0.0,6.212386e-05
1,1.0,0.99980533
1,1.0,0.999814
1,1.0,0.9998055
0,0.0,0.00011875978
0,0.0,8.8934095e-05
1,1.0,0.9998185
1,1.0,0.9998164
1,1.0,0.99981433
1,1.0,0.9998141
1,1.0,0.99982643
1,1.0,0.99981624
1,1.0,0.9998094
0,0.0,0.00013552401
0,0.0,0.00014128708
0,0.0,0.00014749981
1,1.0,0.999814
0,0.0,4.4818833e-05
0,0.0,0.00011973106
1,1.0,0.9998068
1,1.0,0.999807
0,0.0,0.00013961238
0,0.0,0.00011713784
0,0.0,0.00011272189
0,0.0,0.00014766926
1,1.0,0.999814
0,0.0,0.000118476215
0,0.0,0.00012010017
0,0.0,5.639636e-05
1,1.0,0.999816
1,1.0,0.9998053
0,0.0,0.00012614
1,1.0,0.9996114
1,1.0,0.99980515
0,0.0,0.00011712969
1,1.0,0.9998173
0,0.0,0.00012331999
0,0.0,4.473932e-05
1,1.0,0.99980783
0,0.0,0.00012066023
1,1.0,0.9998057
1,1.0,0.9998254
1,1.0,0.9998082
1,1.0,0.9998146
0,0.0,9.9942896e-05
0,0.0,0.00012052144
0,0.0,0.00010392424
1,1.0,0.9998176
0,0.0,7.588724e-05
1,1.0,0.9998205
1,1.0,0.9998203
0,0.0,0.00012026933
1,1.0,0.99981433
1,1.0,0.99981666
0,0.0,8.583572e-05
1,1.0,0.9998151
0,0.0,7.7370816e-05
1,1.0,0.99947053
0,0.0,0.00011273243
0,0.0,0.000121331366
1,1.0,0.9998149
0,0.0,9.934846e-05
1,1.0,0.99981385
1,1.0,0.9998146
0,0.0,6.4938744e-05
1,1.0,0.99980736
0,0.0,0.00027019563
1,1.0,0.9998149
0,0.0,0.0001127263
0,0.0,0.00011798522
1,1.0,0.9998076
1,1.0,0.9998139
0,0.0,3.5553334e-05
1,1.0,0.9998081
1,1.0,0.9998066
0,0.0,0.0001153021
0,0.0,8.32927e-05
0,0.0,8.252345e-05
1,1.0,0.9998148
0,0.0,0.00011949678
0,0.0,0.00012528422
0,0.0,0.019119788
0,0.0,7.7535595e-05
1,1.0,0.9998144
0,0.0,0.00014751402
0,0.0,0.0001239376
0,0.0,9.2143855e-05
0,0.0,0.00011790223
0,0.0,0.00012028252
0,0.0,0.00012051891
1,1.0,0.99981797
0,0.0,0.0001929431
0,0.0,0.00012035456
0,0.0,0.00011808033
1,1.0,0.99981403
1,1.0,0.99980605
0,0.0,3.5374564e-05
1,1.0,0.9998091
0,0.0,3.0573086e-05
0,0.0,6.5064574e-05
0,0.0,0.0001233194
1,1.0,0.9998083
0,0.0,0.00031155456
0,0.0,0.00012448375
0,0.0,3.0557112e-05
1,1.0,0.99980736
0,0.0,6.498558e-05
1,1.0,0.999815
0,0.0,4.4700173e-05
0,0.0,9.693943e-05
0,0.0,7.195942e-05
0,0.0,0.00019992975
0,0.0,3.5537265e-05
1,1.0,0.99965173
0,0.0,0.00013978314
1,1.0,0.99988115
0,0.0,0.00012528578
1,1.0,0.99981534
1,1.0,0.999817
0,0.0,9.631811e-05
0,0.0,0.0001317992
1,1.0,0.9998099
1,1.0,0.9998085
1,1.0,0.9998056
0,0.0,9.609188e-05
0,0.0,4.480396e-05
0,0.0,0.00012028676
0,0.0,0.000106550506
1,1.0,0.99981254
1,1.0,0.9998129
0,0.0,0.00012472292
1,1.0,0.99980533
0,0.0,9.6743555e-05
0,0.0,6.0170372e-05
0,0.0,0.00013918607
1,1.0,0.99981624
0,0.0,0.00010659778
1,1.0,0.99981564
1,1.0,0.99980605
1,1.0,0.9998154
0,0.0,0.000121695666
1,1.0,0.99981505
0,0.0,8.433731e-05
0,0.0,8.706146e-05
0,0.0,0.0002483892
1,1.0,0.9998145
1,1.0,0.9998087
0,0.0,0.00011789526
1,1.0,0.9998207
0,0.0,0.00011973163
1,1.0,0.9998138
1,1.0,0.9998257
0,0.0,0.0004012979
0,0.0,9.235612e-05
1,1.0,0.99980766
1,1.0,0.99980617
1,1.0,0.99988997
0,0.0,8.880774e-05
0,0.0,4.473164e-05
0,0.0,6.4635526e-05
0,0.0,0.0001228811
0,0.0,0.00012011322
0,0.0,0.000119492346
1,1.0,0.9998082
0,0.0,9.879625e-05
0,0.0,8.702701e-05
1,1.0,0.99981856
1,1.0,0.99980384
1,1.0,0.99981767
0,0.0,9.8753495e-05
0,0.0,0.000117218195
0,0.0,0.0001247234
1,1.0,0.99981374
1,1.0,0.99981403
1,1.0,0.9998165
0,0.0,3.5401423e-05
0,0.0,0.00012381452
1,1.0,0.99981487
1,1.0,0.9998069
0,0.0,0.00011639951
1,1.0,0.9998148
0,0.0,0.0001246756
1,1.0,0.9998213
0,0.0,0.00012216491
1,1.0,0.9998079
1,1.0,0.9998147
1,1.0,0.99981076
0,0.0,9.104161e-05
1,1.0,0.9998074
1,1.0,0.99981385
1,1.0,0.9998149
1,1.0,0.9998146
0,0.0,0.00032545044
1,1.0,0.99980545
1,1.0,0.99980587
1,1.0,0.9998149
1,1.0,0.9998068
1,1.0,0.99981576
1,1.0,0.99980736
1,1.0,0.9998188
0,0.0,0.00021063507
1,1.0,0.99981374
0,0.0,9.010512e-05
0,0.0,0.00013183503
1,1.0,0.9998146
1,1.0,0.99982166
0,0.0,0.0001233025
0,0.0,6.4751875e-05
0,0.0,6.2553896e-05
0,0.0,0.0003775998
0,0.0,3.5395824e-05
0,0.0,0.000114522576
1,1.0,0.99981594
0,0.0,9.9948506e-05
1,1.0,0.99980724
1,1.0,0.99981445
1,1.0,0.9998149
1,1.0,0.9998067
1,1.0,0.9998074
1,1.0,0.99980927
1,1.0,0.99828917
0,0.0,0.00012010818
1,1.0,0.99980545
0,0.0,0.00013774168
0,0.0,0.00011242744
1,1.0,0.99980545
1,1.0,0.99981356
0,0.0,4.498489e-05
1,1.0,0.9998075
0,0.0,0.0001278357
1,1.0,0.9998054
0,0.0,7.502839e-05
0,0.0,0.00010250462
0,0.0,0.00012016581
1,1.0,0.99981976
0,0.0,9.837603e-05
0,0.0,4.4782686e-05
1,1.0,0.99981517
1,1.0,0.99981457
1,1.0,0.99980825
0,0.0,0.00011268644
0,0.0,6.4966065e-05
1,1.0,0.9998213
0,0.0,0.00011177622
1,1.0,0.9998056
1,1.0,0.9998155
1,1.0,0.9998082
1,1.0,0.9998071
0,0.0,0.00011743725
1,1.0,0.9998091
0,0.0,8.578916e-05
0,0.0,0.0001340658
0,0.0,4.4801014e-05
1,1.0,0.9998532
0,0.0,5.893281e-05
1,1.0,0.999761
0,0.0,0.000119495635
1,1.0,0.9998153
0,0.0,0.00032865792
1,1.0,0.9998268
1,1.0,0.9998145
0,0.0,8.935377e-05
1,1.0,0.99981487
0,0.0,0.0001233154
1,1.0,0.9998135
0,0.0,3.057227e-05
0,0.0,0.0001221081
0,0.0,0.00012210391
1,1.0,0.9998088
1,1.0,0.9998155
0,0.0,7.196072e-05
1,1.0,0.9998143
0,0.0,9.887862e-05
1,1.0,0.9998186
1,1.0,0.9998217
0,0.0,4.48202e-05
1,1.0,0.99982554
1,1.0,0.9998095
1,1.0,0.99981415
0,0.0,0.00032953612
1,1.0,0.99980575
1,1.0,0.9998165
1,1.0,0.9998096
1,1.0,0.99981314
1,1.0,0.99981534
0,0.0,0.00012210438
1,1.0,0.999816
1,1.0,0.99981624
0,0.0,5.89883e-05
0,0.0,0.00011790414
0,0.0,9.639556e-05
0,0.0,0.00011930664
0,0.0,0.0001221045
1,1.0,0.9998105
0,0.0,0.00011273222
0,0.0,0.00010657887
1,1.0,0.9998258
1,1.0,0.9998278
1,1.0,0.9998079
1,1.0,0.99981564
1,1.0,0.9998073
0,0.0,6.492982e-05
1,1.0,0.9998097
1,1.0,0.99980694
1,1.0,0.9998154
0,0.0,0.00011091461
0,0.0,0.00010001001
1,1.0,0.99980533
0,0.0,9.874785e-05
1,1.0,0.9998156
0,0.0,8.4633626e-05
0,0.0,0.00032037834
0,0.0,4.4737146e-05
0,0.0,0.00013471695
1,1.0,0.9998096
1,1.0,0.99981546
0,0.0,9.772975e-05
1,1.0,0.9998147
1,1.0,0.9998132
0,0.0,4.491459e-05
0,0.0,6.49875e-05
1,1.0,0.9998142
1,1.0,0.99982
0,0.0,0.00013395042
0,0.0,0.00012889695
1,1.0,0.9998151
1,1.0,0.99981415
0,0.0,6.706441e-05
0,0.0,0.0001200933
0,0.0,0.00014007816
0,0.0,0.000107082415
0,0.0,0.00011185781
0,0.0,0.000117926065
0,0.0,0.000108634515
0,0.0,4.476723e-05
1,1.0,0.9998152
0,0.0,9.711763e-05
1,1.0,0.999806
0,0.0,0.000111713045
1,1.0,0.99981654
1,1.0,0.999823
0,0.0,0.00010011659
1,1.0,0.9998141
0,0.0,9.370068e-05
1,1.0,0.9998054
1,1.0,0.99980897
0,0.0,7.540422e-05
0,0.0,0.00014009299
1,1.0,0.9998135
1,1.0,0.9998153
0,0.0,0.00011273071
0,0.0,6.6048175e-05
0,0.0,8.90625e-05
1,1.0,0.999808
0,0.0,0.000119884375
0,0.0,4.4737317e-05
1,1.0,0.99920464
1,1.0,0.9998222
1,1.0,0.99981844
0,0.0,8.662238e-05
0,0.0,8.8767345e-05
0,0.0,8.6034524e-05
1,1.0,0.99980885
1,1.0,0.99981415
0,0.0,9.734859e-05
0,0.0,0.000117718766
0,0.0,0.0001205219
0,0.0,0.00011025566
1,1.0,0.9998294
0,0.0,0.00013171528
0,0.0,6.490599e-05
1,1.0,0.9998165
1,1.0,0.9998057
0,0.0,3.0573497e-05
0,0.0,7.065146e-05
1,1.0,0.9998096
1,1.0,0.99981385
0,0.0,0.00011761094
0,0.0,0.00015876455
1,1.0,0.99981606
0,0.0,0.00012610487
0,0.0,6.258397e-05
1,1.0,0.99981356
1,1.0,0.9998135
0,0.0,9.0850044e-05
0,0.0,0.00012472495
0,0.0,7.574179e-05
0,0.0,8.343269e-05
0,0.0,7.486943e-05
1,1.0,0.99981296
0,0.0,0.00012394493
1,1.0,0.9998137
0,0.0,0.00010483896
1,1.0,0.9998166
0,0.0,6.707733e-05
0,0.0,4.447723e-05
0,0.0,0.00036958547
0,0.0,9.079461e-05
1,1.0,0.99981767
1,1.0,0.99991065
0,0.0,4.474696e-05
1,1.0,0.9998148
0,0.0,0.00012469558
1,1.0,0.9998088
0,0.0,9.0832196e-05
0,0.0,0.00011790504
1,1.0,0.9998069
0,0.0,0.00011713639
0,0.0,6.581994e-05
0,0.0,0.00015934101
0,0.0,4.569758e-05
0,0.0,0.00012472233
1,1.0,0.99981475
0,0.0,9.1170885e-05
0,0.0,0.00010260564
0,0.0,0.00011258439
0,0.0,0.00016527287
1,1.0,0.99981475
1,1.0,0.9998141
0,0.0,0.00012444114
1,1.0,0.99943274
1,1.0,0.99980706
1,1.0,0.9998156
1,1.0,0.9998099
0,0.0,0.00030644872
1,1.0,0.9998141
1,1.0,0.99981457
0,0.0,8.896142e-05
0,0.0,0.00012331987
0,0.0,6.4844746e-05
0,0.0,0.00012015779
0,0.0,7.288519e-05
1,1.0,0.9998142
1,1.0,0.99981445
1,1.0,0.99785227
1,1.0,0.9986768
1,1.0,0.9998144
0,0.0,8.647433e-05
1,1.0,0.99981046
0,0.0,0.00011096666
0,0.0,6.492952e-05
1,1.0,0.9998151
0,0.0,0.0001278635
0,0.0,0.00013395427
1,1.0,0.99981415
0,0.0,0.000119498145
0,0.0,9.730154e-05
0,0.0,0.00013162463
0,0.0,0.00011258149
1,1.0,0.99981433
1,1.0,0.999814
0,0.0,7.753338e-05
0,0.0,0.0001273074
1,1.0,0.9998068
1,1.0,0.9998144
1,1.0,0.99980944
1,1.0,0.9998166
0,0.0,6.465846e-05
0,0.0,9.736438e-05
1,1.0,0.99981564
0,0.0,0.00011272792
0,0.0,3.554937e-05
1,1.0,0.99980766
0,0.0,0.00012066069
1,1.0,0.9998152
1,1.0,0.99981415
0,0.0,4.4754855e-05
0,0.0,6.275513e-05
1,1.0,0.9998163
0,0.0,9.772006e-05
1,1.0,0.99981624
1,1.0,0.99981606
1,1.0,0.99981594
0,0.0,6.495082e-05
0,0.0,0.00012028974
0,0.0,0.00012216515
1,1.0,0.9987209
1,1.0,0.99981415
0,0.0,8.077693e-05
0,0.0,3.555374e-05
1,1.0,0.9998166
1,1.0,0.9998815
1,1.0,0.99981594
1,1.0,0.9998076
1,1.0,0.99981034
0,0.0,0.00011797869
0,0.0,8.86387e-05
1,1.0,0.9998141
1,1.0,0.9998144
1,1.0,0.9998071
1,1.0,0.99981487
0,0.0,4.4837005e-05
1,1.0,0.9998143
1,1.0,0.9998149
0,0.0,3.5477973e-05
1,1.0,0.9998189
1,1.0,0.99981695
0,0.0,0.00010242713
1,1.0,0.9990318
0,0.0,0.00012469594
0,0.0,0.00034367671
1,1.0,0.99980795
1,1.0,0.9998153
0,0.0,9.076094e-05
0,0.0,0.000112729416
0,0.0,3.5475266e-05
1,1.0,0.99981046
1,1.0,0.999808
1,1.0,0.9998194
0,0.0,0.00014399008
1,1.0,0.9998144
0,0.0,0.0020301307
0,0.0,0.00011096582
0,0.0,0.00011950088
0,0.0,0.00012010818
1,1.0,0.99980754
0,0.0,9.404621e-05
1,1.0,0.99980855
1,1.0,0.99981576
1,1.0,0.9998161
0,0.0,8.56515e-05
0,0.0,3.0573377e-05
0,0.0,7.6063596e-05
1,1.0,0.99981296
0,0.0,0.000104824976
1,1.0,0.99981415
0,0.0,0.000120159166
0,0.0,4.4793538e-05
1,1.0,0.99980503
0,0.0,8.096371e-05
0,0.0,5.8974856e-05
1,1.0,0.9998134
1,1.0,0.9994923
0,0.0,8.432252e-05
1,1.0,0.9998087
1,1.0,0.9998147
0,0.0,8.211079e-05
1,1.0,0.9998066
1,1.0,0.9998077
0,0.0,0.00012052328
0,0.0,9.839198e-05
1,1.0,0.99981874
1,1.0,0.9998091
0,0.0,6.23903e-05
0,0.0,7.4978954e-05
0,0.0,0.00010011802
0,0.0,4.471181e-05
1,1.0,0.99980706
0,0.0,0.000105878
1,1.0,0.99981403
1,1.0,0.99981415
1,1.0,0.9998144
1,1.0,0.9998132
1,1.0,0.99981886
0,0.0,0.00012727741
1,1.0,0.99981874
0,0.0,0.00013919258
0,0.0,0.00012021475
0,0.0,0.00012345565
1,1.0,0.9998065
1,1.0,0.9998069
0,0.0,0.00012210857
1,1.0,0.99981534
1,1.0,0.99981004
0,0.0,0.00011177292
0,0.0,6.224507e-05
1,1.0,0.9998127
0,0.0,0.00015934846
1,1.0,0.99981004
1,1.0,0.9998081
0,0.0,7.6893455e-05
1,1.0,0.9998067
1,1.0,0.9998067
0,0.0,0.00012066357
0,0.0,0.00032456891
1,1.0,0.999807
1,1.0,0.9998128
1,1.0,0.9998172
0,0.0,7.923924e-05
0,0.0,0.00012335023
0,0.0,9.980851e-05
1,1.0,0.99985325
0,0.0,5.89775e-05
1,1.0,0.99981594
1,1.0,0.9998128
1,1.0,0.9998074
0,0.0,6.584304e-05
1,1.0,0.999807
0,0.0,9.772416e-05
1,1.0,0.99985206
0,0.0,0.00013178449
0,0.0,3.055621e-05
0,0.0,0.000101916215
0,0.0,9.82091e-05
1,1.0,0.9998071
0,0.0,8.908884e-05
1,1.0,0.99981487
1,1.0,0.99982667
1,1.0,0.9998142
0,0.0,0.00011949461
0,0.0,0.000120104974
0,0.0,6.4910695e-05
0,0.0,0.00012391337
1,1.0,0.9998088
0,0.0,3.5500478e-05
0,0.0,9.6416064e-05
0,0.0,0.0001350972
0,0.0,7.0186434e-05
0,0.0,0.00012016443
1,1.0,0.99981415
1,1.0,0.9998154
0,0.0,0.000100015925
1,1.0,0.9998057
1,1.0,0.9998068
0,0.0,6.22478e-05
1,1.0,0.9998055
1,1.0,0.99981606
0,0.0,0.00012706169
1,1.0,0.9993284
0,0.0,0.00013435185
0,0.0,0.00030124036
1,1.0,0.999558
1,1.0,0.99981445
0,0.0,9.184383e-05
0,0.0,0.0001202871
0,0.0,6.4955035e-05
1,1.0,0.9998162
1,1.0,0.9998078
0,0.0,0.00032045896
1,1.0,0.99952084
0,0.0,0.00011271802
0,0.0,0.00029033795
1,1.0,0.9998147
0,0.0,0.00012280942
1,1.0,0.9998147
0,0.0,0.0001117791
1,1.0,0.9998132
0,0.0,7.7525394e-05
1,1.0,0.99980855
0,0.0,0.00012780183
1,1.0,0.999816
0,0.0,8.553936e-05
0,0.0,0.0001229335
1,1.0,0.9998171
0,0.0,4.477769e-05
0,0.0,7.194466e-05
0,0.0,9.361709e-05
1,1.0,0.99981517
1,1.0,0.99981594
1,1.0,0.9998106
0,0.0,0.00010254568
0,0.0,0.000107142674
0,0.0,0.000100211524
0,0.0,0.00011721014
1,1.0,0.99981344
1,1.0,0.9998055
1,1.0,0.99982196
1,1.0,0.99980766
1,1.0,0.99981654
0,0.0,0.00012332058
1,1.0,0.99981654
1,1.0,0.9998144
0,0.0,0.00012028263
0,0.0,0.00013169719
1,1.0,0.9998148
1,1.0,0.99981415
0,0.0,0.00011798241
1,1.0,0.99980736
1,1.0,0.99980825
1,1.0,0.99981546
0,0.0,9.9359146e-05
0,0.0,0.00013853992
1,1.0,0.99980813
0,0.0,0.00012446393
0,0.0,0.00014196825
0,0.0,7.310592e-05
1,1.0,0.99980503
1,1.0,0.99980825
1,1.0,0.99963504
0,0.0,0.000102533166
1,1.0,0.999808
1,1.0,0.99981534
1,1.0,0.99981594
1,1.0,0.99981517
0,0.0,0.000107081905
0,0.0,0.00012394233
0,0.0,0.00011973402
0,0.0,3.05702e-05
0,0.0,0.00012849369
0,0.0,0.000110269226
1,1.0,0.9998081
0,0.0,7.169585e-05
0,0.0,0.00027626666
0,0.0,4.809127e-05
0,0.0,9.1869755e-05
0,0.0,8.608418e-05
1,1.0,0.9998088
1,1.0,0.99981385
0,0.0,9.933121e-05
0,0.0,4.4480243e-05
1,1.0,0.99981445
0,0.0,0.0001119089
1,1.0,0.9998146
1,1.0,0.9998143
1,1.0,0.99980515
0,0.0,6.244411e-05
1,1.0,0.9998131
1,1.0,0.99981564
0,0.0,8.628766e-05
0,0.0,0.00012724599
0,0.0,0.00011272243
0,0.0,0.00015911389
1,1.0,0.99981415
1,1.0,0.9998222
1,1.0,0.9998077
0,0.0,8.893877e-05
1,1.0,0.9998055
0,0.0,0.00032463917
1,1.0,0.99981517
0,0.0,0.00011990542
1,1.0,0.99981433
0,0.0,9.8456934e-05
1,1.0,0.99981403
0,0.0,0.00010260613
1,1.0,0.9998083
1,1.0,0.9998188
0,0.0,8.1187995e-05
0,0.0,0.0001117563
0,0.0,0.00011259534
0,0.0,9.8198325e-05
1,1.0,0.9998154
1,1.0,0.9998097
1,1.0,0.9998259
1,1.0,0.9998074
0,0.0,0.0001303935
1,1.0,0.999594
0,0.0,0.00010785284
0,0.0,0.000112593196
0,0.0,0.00012706665
1,1.0,0.9998159
1,1.0,0.99981385
1,1.0,0.9998158
0,0.0,9.703349e-05
0,0.0,6.509927e-05
1,1.0,0.9998068
1,1.0,0.99981326
1,1.0,0.999814
1,1.0,0.999807
0,0.0,0.0001233194
1,1.0,0.999814
0,0.0,0.00012009525
0,0.0,8.4389525e-05
1,1.0,0.99981415
1,1.0,0.9998127
0,0.0,0.00011259491
1,1.0,0.99981874
0,0.0,7.7830424e-05
0,0.0,3.9325823e-05
1,1.0,0.9998085
0,0.0,8.556481e-05
1,1.0,0.9998163
1,1.0,0.9993704
1,1.0,0.99980783
0,0.0,6.544997e-05
1,1.0,0.9998152
0,0.0,0.0001400652
1,1.0,0.99982536
1,1.0,0.99980766
1,1.0,0.9998073
1,1.0,0.9998149
1,1.0,0.999815
1,1.0,0.99981755
0,0.0,9.9520636e-05
0,0.0,0.00012216235
0,0.0,8.497975e-05
1,1.0,0.99981385
0,0.0,8.4464395e-05
0,0.0,0.00012472221
0,0.0,0.00010181131
0,0.0,6.853296e-05
0,0.0,0.00011949461
0,0.0,0.00012522248
0,0.0,9.845261e-05
0,0.0,4.49553e-05
0,0.0,0.00011872717
1,1.0,0.99982536
1,1.0,0.9998141
1,1.0,0.9998167
0,0.0,0.00015868313
0,0.0,9.26056e-05
0,0.0,5.4315977e-05
1,1.0,0.99961954
1,1.0,0.99980843
0,0.0,4.478717e-05
0,0.0,0.0001020006
0,0.0,7.867994e-05
1,1.0,0.99980825
0,0.0,0.000120092496
0,0.0,0.00011189023
0,0.0,7.5658405e-05
1,1.0,0.99981534
1,1.0,0.9998115
1,1.0,0.9998092
0,0.0,8.293066e-05
0,0.0,0.000687957
1,1.0,0.99981433
1,1.0,0.9998079
1,1.0,0.99982023
1,1.0,0.9998132
0,0.0,9.143958e-05
1,1.0,0.9998155
0,0.0,3.547192e-05
0,0.0,0.00011712791
1,1.0,0.99980706
1,1.0,0.9998136
0,0.0,9.108191e-05
0,0.0,0.00014144802
0,0.0,0.00012394517
0,0.0,0.00014768109
0,0.0,6.4915395e-05
1,1.0,0.9998152
1,1.0,0.9998156
1,1.0,0.9998144
1,1.0,0.99981415
1,1.0,0.99981415
1,1.0,0.999824
1,1.0,0.9998157
0,0.0,0.00011258546
0,0.0,0.0001193286
0,0.0,0.00012675324
1,1.0,0.99981475
1,1.0,0.9998156
0,0.0,0.0001186597
0,0.0,0.00010220011
0,0.0,6.543343e-05
0,0.0,0.00011272641
0,0.0,0.00011176119
0,0.0,3.5471443e-05
0,0.0,6.669101e-05
0,0.0,5.8933652e-05
1,1.0,0.99981385
0,0.0,0.00015874609
1,1.0,0.99981165
0,0.0,6.781621e-05
0,0.0,2.1728294e-05
0,0.0,0.00012618462
0,0.0,0.00011973129
1,1.0,0.999814
0,0.0,0.00011191178
0,0.0,0.00012066104
1,1.0,0.9998667
0,0.0,6.966691e-05
1,1.0,0.99980533
1,1.0,0.99981385
0,0.0,5.8964568e-05
1,1.0,0.99981457
0,0.0,0.0001272039
1,1.0,0.9998081
1,1.0,0.9998071
1,1.0,0.9998129
1,1.0,0.99980766
1,1.0,0.99981165
1,1.0,0.99981475
1,1.0,0.99981403
0,0.0,0.00015743251
1,1.0,0.9992567
1,1.0,0.99980754
0,0.0,7.498854e-05
0,0.0,0.000111986716
1,1.0,0.99981123
1,1.0,0.99981415
1,1.0,0.99981725
0,0.0,0.00011973927
1,1.0,0.99980766
0,0.0,0.00021030955
1,1.0,0.9998216
0,0.0,8.515019e-05
1,1.0,0.9995032
0,0.0,0.00013158646
1,1.0,0.9998138
0,0.0,8.668618e-05
1,1.0,0.9998141
0,0.0,6.64458e-05
0,0.0,8.4394596e-05
0,0.0,4.466655e-05
1,1.0,0.9998146
1,1.0,0.99980646
1,1.0,0.99981636
0,0.0,3.5481055e-05
0,0.0,9.3029565e-05
0,0.0,0.00012151756
1,1.0,0.9998144
1,1.0,0.99981475
0,0.0,0.000117211035
1,1.0,0.9998158
0,0.0,7.170029e-05
1,1.0,0.99981457
1,1.0,0.99981433
1,1.0,0.9998156
1,1.0,0.99980736
0,0.0,0.000111770256
1,1.0,0.99981457
1,1.0,0.9998068
1,1.0,0.9998159
1,1.0,0.9998081
0,0.0,8.110566e-05
1,1.0,0.9998071
1,1.0,0.9998255
1,1.0,0.9998142
0,0.0,0.00011272329
1,1.0,0.99981433
1,1.0,0.99982166
0,0.0,0.0001239453
0,0.0,0.00011767972
0,0.0,0.00011720768
0,0.0,3.5479836e-05
0,0.0,0.00013172357
1,1.0,0.99980724
1,1.0,0.99981445
0,0.0,0.000119942924
0,0.0,8.777244e-05
1,1.0,0.9998104
0,0.0,6.236027e-05
0,0.0,0.0001080133
0,0.0,7.553729e-05
0,0.0,0.00012472602
1,1.0,0.999817
1,1.0,0.9998101
0,0.0,0.00011190474
1,1.0,0.99980736
1,1.0,0.9995324
0,0.0,8.300306e-05
0,0.0,7.346766e-05
0,0.0,0.00032259212
0,0.0,9.352178e-05
1,1.0,0.9998156
0,0.0,0.000105826715
0,0.0,9.3211784e-05
0,0.0,0.00010026812
0,0.0,0.00013183175
1,1.0,0.9998138
0,0.0,9.676497e-05
1,1.0,0.9998072
0,0.0,8.103454e-05
0,0.0,7.455339e-05
0,0.0,0.00028885994
0,0.0,0.00014130081
1,1.0,0.9998154
1,1.0,0.9998138
0,0.0,0.00029445643
0,0.0,0.00012783703
0,0.0,0.00011155443
1,1.0,0.9998148
1,1.0,0.99981475
1,1.0,0.99981505
0,0.0,0.00011712276
0,0.0,8.136594e-05
0,0.0,9.192252e-05
1,1.0,0.9998077
0,0.0,6.492896e-05
1,1.0,0.9998493
0,0.0,0.00012783217
1,1.0,0.9998081
1,1.0,0.9998179
0,0.0,0.00012394399
0,0.0,9.9720215e-05
0,0.0,0.0001025054
0,0.0,0.00012381322
1,1.0,0.99981415
1,1.0,0.99981487
1,1.0,0.99980724
1,1.0,0.9998074
1,1.0,0.99981606
0,0.0,6.233149e-05
0,0.0,0.0001376306
1,1.0,0.99980813
1,1.0,0.999816
1,1.0,0.9998147
1,1.0,0.9998131
1,1.0,0.9998074
1,1.0,0.999815
0,0.0,0.00012028493
1,1.0,0.99980766
0,0.0,4.4799348e-05
1,1.0,0.99980795
1,1.0,0.9998053
0,0.0,0.00010541479
1,1.0,0.9995212
1,1.0,0.9998088
0,0.0,9.821837e-05
1,1.0,0.99982554
0,0.0,9.714848e-05
1,1.0,0.99981415
0,0.0,3.0572533e-05
0,0.0,0.00016137447
0,0.0,3.056997e-05
1,1.0,0.999814
1,1.0,0.99981934
1,1.0,0.99981606
0,0.0,0.00011712779
0,0.0,9.263467e-05
0,0.0,0.00012216317
1,1.0,0.9998155
0,0.0,0.00011930983
1,1.0,0.9998076
0,0.0,8.1357495e-05
1,1.0,0.9998077
1,1.0,0.99948967
0,0.0,7.4403244e-05
0,0.0,0.00031264598
1,1.0,0.9998159
0,0.0,9.1628644e-05
0,0.0,4.478162e-05
0,0.0,0.0001349692
0,0.0,0.00021111159
1,1.0,0.9998142
1,1.0,0.9998177
1,1.0,0.9998075
0,0.0,0.000120285156
0,0.0,0.00029374618
1,1.0,0.9998134
0,0.0,0.000120098106
1,1.0,0.9998162
0,0.0,0.00012028733
0,0.0,6.25669e-05
0,0.0,6.498025e-05
0,0.0,9.544203e-05
1,1.0,0.99981385
0,0.0,7.542997e-05
0,0.0,0.00012010727
1,1.0,0.9998058
0,0.0,0.00012149346
1,1.0,0.9998056
1,1.0,0.99980664
0,0.0,8.538769e-05
0,0.0,0.00011798725
0,0.0,4.4779397e-05
0,0.0,9.320947e-05
0,0.0,7.531281e-05
1,1.0,0.99981546
1,1.0,0.99981296
0,0.0,0.0001221074
1,1.0,0.9998072
0,0.0,0.0001201602
1,1.0,0.9998089
1,1.0,0.99980867
1,1.0,0.99981284
1,1.0,0.9998085
1,1.0,0.9998148
1,1.0,0.99981475
0,0.0,0.00012216772
1,1.0,0.9998138
0,0.0,3.5453253e-05
0,0.0,0.000112586
0,0.0,6.484951e-05
1,1.0,0.9998068
1,1.0,0.99981594
1,1.0,0.99980813
0,0.0,0.00034131945
0,0.0,0.00010660377
0,0.0,9.771968e-05
0,0.0,0.000121323734
1,1.0,0.9998096
0,0.0,9.8741344e-05
0,0.0,9.367254e-05
1,1.0,0.9998097
1,1.0,0.9998052
1,1.0,0.9998083
1,1.0,0.99981445
0,0.0,0.00013653445
0,0.0,0.00032868676
0,0.0,9.2472525e-05
1,1.0,0.999814
0,0.0,3.5476452e-05
0,0.0,0.00012445136
1,1.0,0.99981654
0,0.0,0.000117982636
0,0.0,0.00013549274
0,0.0,4.469433e-05
0,0.0,7.4878924e-05
1,1.0,0.9998073
