client_id,true_labels,predicted_labels,scores
3,0,0.0,3.5172463e-05
3,1,1.0,1.0
3,0,0.0,4.627447e-05
3,0,0.0,3.5834837e-05
3,1,1.0,1.0
3,1,1.0,1.0
3,1,1.0,1.0
3,0,0.0,7.1431474e-05
3,0,0.0,4.884907e-05
3,1,1.0,1.0
3,0,0.0,5.278308e-05
3,1,1.0,1.0
3,0,0.0,3.4898956e-05
3,1,1.0,1.0
3,0,0.0,4.023557e-05
3,0,0.0,4.7843572e-05
3,0,0.0,1.2526519e-05
3,0,0.0,4.2470885e-05
3,1,1.0,1.0
3,0,0.0,5.3813663e-05
3,1,1.0,1.0
3,0,0.0,1.6474183e-05
3,1,1.0,1.0
3,1,1.0,1.0
3,0,0.0,4.1459163e-05
3,0,0.0,3.968239e-05
3,1,1.0,1.0
3,1,1.0,1.0
3,0,0.0,4.6606885e-05
3,1,1.0,1.0
3,1,1.0,1.0
3,1,1.0,1.0
3,0,0.0,4.9035858e-05
3,0,0.0,5.6747667e-05
3,0,0.0,4.6082023e-05
3,0,0.0,4.3174816e-05
3,0,0.0,3.4551515e-05
3,0,0.0,4.4658158e-05
3,1,1.0,1.0
3,1,1.0,1.0
3,0,0.0,9.715654e-05
3,1,1.0,1.0
3,0,0.0,9.751267e-05
3,1,1.0,1.0
3,1,1.0,1.0
3,1,1.0,1.0
3,1,1.0,1.0
3,0,0.0,3.178545e-05
3,0,0.0,5.1815055e-05
3,0,0.0,5.015381e-05
3,1,1.0,1.0
3,1,1.0,1.0
3,0,0.0,3.507392e-05
3,0,0.0,4.7296668e-05
3,1,1.0,1.0
3,0,0.0,3.250207e-05
3,0,0.0,5.165482e-05
3,1,1.0,1.0
3,0,0.0,5.7752077e-05
3,0,0.0,4.611051e-05
3,1,1.0,1.0
3,0,0.0,3.0306026e-05
3,0,0.0,4.6839155e-05
3,1,1.0,1.0
3,0,0.0,0.00018344827
3,1,1.0,1.0
3,1,1.0,1.0
3,0,0.0,0.00017238686
3,0,0.0,3.6211928e-05
3,0,0.0,5.9952155e-05
3,0,0.0,4.7611364e-05
3,1,1.0,1.0
3,0,0.0,4.9523987e-05
3,0,0.0,1.8430495e-05
3,1,1.0,1.0
3,1,1.0,1.0
3,1,1.0,1.0
3,0,0.0,1.3277526e-05
3,1,1.0,1.0
3,1,1.0,1.0
3,0,0.0,3.2714088e-05
3,1,1.0,1.0
3,0,0.0,4.4896857e-05
3,1,1.0,1.0
3,1,1.0,1.0
3,1,1.0,1.0
3,1,1.0,1.0
3,1,1.0,1.0
3,0,0.0,5.232831e-05
3,1,1.0,1.0
3,1,1.0,1.0
3,1,1.0,1.0
3,1,1.0,1.0
3,1,1.0,1.0
3,0,0.0,2.9232178e-05
3,1,1.0,1.0
3,0,0.0,4.781584e-05
3,1,1.0,1.0
3,1,1.0,1.0
3,1,1.0,1.0
3,0,0.0,3.645103e-05
3,1,1.0,1.0
3,0,0.0,3.92336e-05
3,1,1.0,1.0
3,0,0.0,4.036147e-05
3,1,1.0,1.0
3,1,1.0,1.0
3,1,1.0,1.0
3,0,0.0,4.0702154e-05
3,0,0.0,4.4904053e-05
3,0,0.0,4.4331777e-05
3,1,1.0,1.0
3,0,0.0,1.2864631e-05
3,0,0.0,4.3865402e-05
3,1,1.0,1.0
3,1,1.0,1.0
3,1,1.0,1.0
3,0,0.0,4.9943188e-05
3,1,1.0,1.0
3,1,1.0,1.0
3,0,0.0,5.6731435e-05
3,1,1.0,1.0
3,0,0.0,4.1229345e-05
3,0,0.0,3.3197255e-05
3,1,1.0,1.0
3,0,0.0,4.6386824e-05
3,0,0.0,6.061394e-05
3,0,0.0,3.8655064e-05
3,1,1.0,1.0
3,0,0.0,1.6752434e-05
3,1,1.0,1.0
3,1,1.0,1.0
3,1,1.0,1.0
3,0,0.0,3.390048e-05
3,0,0.0,4.9121503e-05
3,0,0.0,4.9991606e-05
3,0,0.0,4.62092e-05
3,1,1.0,1.0
3,0,0.0,5.100551e-05
3,1,1.0,1.0
3,1,1.0,1.0
3,0,0.0,4.2344785e-05
3,1,1.0,1.0
3,0,0.0,6.484246e-05
3,1,1.0,1.0
3,1,1.0,1.0
3,0,0.0,5.3277257e-05
3,0,0.0,3.766729e-05
3,1,1.0,1.0
3,0,0.0,0.00095225254
3,0,0.0,6.3119674e-05
3,0,0.0,0.0005976887
3,0,0.0,4.409528e-05
3,0,0.0,4.9432307e-05
3,1,1.0,1.0
3,1,1.0,1.0
3,0,0.0,4.7069487e-05
3,1,1.0,1.0
3,1,1.0,1.0
3,0,0.0,4.0523686e-05
3,0,0.0,6.281176e-05
3,1,1.0,1.0
3,0,0.0,4.9029404e-05
3,1,1.0,1.0
3,1,1.0,1.0
3,0,0.0,4.0167943e-05
3,0,0.0,0.00015085036
3,0,0.0,1.1924887e-05
3,0,0.0,0.00038931594
3,0,0.0,6.4088104e-05
3,0,0.0,4.586247e-05
3,1,1.0,1.0
3,0,0.0,2.4659046e-05
3,1,1.0,1.0
3,0,0.0,2.4836618e-05
3,0,0.0,5.2538566e-05
3,0,0.0,5.102808e-05
3,1,1.0,1.0
3,1,1.0,1.0
3,0,0.0,4.6563164e-05
3,0,0.0,4.4758013e-05
3,0,0.0,0.00017359857
3,1,1.0,1.0
3,1,1.0,1.0
3,0,0.0,5.2560063e-05
3,0,0.0,4.8087924e-05
3,1,1.0,1.0
3,0,0.0,3.5512126e-05
3,0,0.0,4.5713226e-05
3,0,0.0,3.748454e-05
3,1,1.0,1.0
3,1,1.0,1.0
3,0,0.0,3.7892754e-05
3,0,0.0,4.442242e-05
3,1,1.0,1.0
3,1,1.0,1.0
3,0,0.0,2.7839573e-05
3,0,0.0,5.662064e-05
3,1,1.0,1.0
3,0,0.0,3.698575e-05
3,1,1.0,1.0
3,1,1.0,1.0
3,1,1.0,1.0
3,1,1.0,1.0
3,1,1.0,1.0
3,0,0.0,3.6053978e-05
3,1,1.0,1.0
3,1,1.0,1.0
3,1,1.0,1.0
3,1,1.0,1.0
3,0,0.0,3.2303444e-05
3,1,1.0,1.0
3,1,1.0,1.0
3,1,1.0,0.99999994
3,1,1.0,1.0
3,0,0.0,3.5237525e-05
3,1,1.0,1.0
3,1,1.0,1.0
3,0,0.0,4.0041123e-05
3,1,1.0,1.0
3,0,0.0,0.0032893985
3,0,0.0,4.0916624e-05
3,0,0.0,6.1928e-05
3,1,1.0,1.0
3,1,1.0,1.0
3,1,1.0,1.0
3,0,0.0,4.2876727e-05
3,1,1.0,1.0
3,0,0.0,6.233797e-05
3,1,1.0,1.0
3,1,1.0,1.0
3,0,0.0,4.597685e-05
3,0,0.0,6.137326e-05
3,1,1.0,1.0
3,1,1.0,1.0
3,0,0.0,4.3318254e-05
3,1,1.0,1.0
3,1,1.0,1.0
3,1,1.0,1.0
3,0,0.0,5.318954e-05
3,1,1.0,1.0
3,1,1.0,1.0
3,0,0.0,4.600856e-05
3,1,1.0,1.0
3,1,1.0,1.0
3,1,1.0,1.0
3,0,0.0,5.374786e-05
3,0,0.0,5.206142e-05
3,0,0.0,2.6554811e-05
3,1,1.0,1.0
3,1,1.0,1.0
3,0,0.0,5.8431964e-05
3,1,1.0,1.0
3,0,0.0,3.2407366e-05
3,1,1.0,1.0
3,0,0.0,2.3713652e-05
3,1,1.0,1.0
3,0,0.0,2.5168734e-05
3,0,0.0,3.857754e-05
3,0,0.0,6.035968e-05
3,1,1.0,1.0
3,1,1.0,1.0
3,0,0.0,4.0606854e-05
3,0,0.0,4.3147484e-05
3,1,1.0,1.0
3,1,1.0,1.0
3,0,0.0,0.00020741287
3,1,1.0,1.0
3,1,1.0,1.0
3,0,0.0,4.2790703e-05
3,0,0.0,3.7041063e-05
3,0,0.0,4.7549966e-05
3,0,0.0,4.6539066e-05
3,0,0.0,2.6456786e-05
3,0,0.0,4.7915164e-05
3,0,0.0,4.7223115e-05
3,1,1.0,1.0
3,0,0.0,4.1405117e-05
3,1,1.0,1.0
3,1,1.0,1.0
3,0,0.0,4.096015e-05
3,1,1.0,1.0
3,1,1.0,1.0
3,1,1.0,1.0
3,0,0.0,5.449794e-05
3,0,0.0,6.123559e-05
3,1,1.0,1.0
3,1,1.0,1.0
3,0,0.0,4.533225e-05
3,1,1.0,1.0
3,1,1.0,1.0
3,0,0.0,3.879251e-05
3,0,0.0,2.6173811e-05
3,1,1.0,1.0
3,1,1.0,1.0
3,0,0.0,4.3593795e-05
3,1,1.0,1.0
3,1,1.0,1.0
3,1,1.0,1.0
3,1,1.0,1.0
3,1,1.0,1.0
3,1,1.0,1.0
3,1,1.0,1.0
3,0,0.0,5.5809138e-05
3,0,0.0,5.113247e-05
3,1,1.0,1.0
3,1,1.0,1.0
3,0,0.0,1.2029651e-05
3,1,1.0,1.0
3,1,1.0,1.0
3,1,1.0,1.0
3,1,1.0,1.0
3,1,1.0,1.0
3,0,0.0,1.921934e-05
3,1,1.0,1.0
3,1,1.0,1.0
3,1,1.0,1.0
3,0,0.0,5.779108e-05
3,1,1.0,1.0
3,1,1.0,1.0
3,1,1.0,1.0
3,1,1.0,1.0
3,1,1.0,1.0
3,1,1.0,1.0
3,0,0.0,2.4954257e-05
3,1,1.0,1.0
3,0,0.0,4.984793e-05
3,1,1.0,1.0
3,0,0.0,4.0172155e-05
3,1,1.0,1.0
3,1,1.0,1.0
3,1,1.0,1.0
3,0,0.0,4.5285582e-05
3,1,1.0,1.0
3,1,1.0,1.0
3,1,1.0,1.0
3,0,0.0,0.00022526337
3,1,1.0,1.0
3,1,1.0,1.0
3,1,1.0,1.0
3,1,1.0,1.0
3,0,0.0,4.8578146e-05
3,1,1.0,1.0
3,0,0.0,5.4827644e-05
3,1,1.0,1.0
3,1,1.0,1.0
3,1,1.0,1.0
3,1,1.0,1.0
3,0,0.0,1.8458515e-05
3,0,0.0,6.414473e-05
3,0,0.0,0.00016933614
3,0,0.0,4.8105623e-05
3,1,1.0,1.0
3,1,1.0,1.0
3,0,0.0,1.6787411e-05
3,1,1.0,1.0
3,0,0.0,5.5396293e-05
3,0,0.0,4.4158194e-05
3,0,0.0,4.873842e-05
3,0,0.0,5.3303174e-05
3,0,0.0,4.6411955e-05
3,1,1.0,1.0
3,0,0.0,5.376688e-05
3,0,0.0,0.00023138688
3,1,1.0,1.0
3,1,1.0,1.0
3,1,1.0,1.0
3,0,0.0,5.662199e-05
3,1,1.0,1.0
3,1,1.0,1.0
3,0,0.0,6.0574763e-05
3,1,1.0,1.0
3,1,1.0,1.0
3,1,1.0,1.0
3,0,0.0,6.136419e-05
3,0,0.0,5.516492e-05
3,1,1.0,1.0
3,1,1.0,1.0
3,0,0.0,4.50315e-05
3,1,1.0,1.0
3,0,0.0,4.489112e-05
3,1,1.0,1.0
3,0,0.0,5.679634e-05
3,1,1.0,1.0
3,1,1.0,1.0
3,1,1.0,1.0
3,0,0.0,5.1109022e-05
3,0,0.0,4.701947e-05
3,1,1.0,1.0
3,0,0.0,5.279919e-05
3,0,0.0,5.4504228e-05
3,1,1.0,1.0
3,1,1.0,1.0
3,1,1.0,1.0
3,0,0.0,5.444781e-05
3,0,0.0,4.8420807e-05
3,0,0.0,3.9065144e-05
3,1,1.0,1.0
3,0,0.0,4.168625e-05
3,0,0.0,4.2986532e-05
3,1,1.0,1.0
3,1,1.0,1.0
3,1,1.0,1.0
3,0,0.0,4.7917176e-05
3,0,0.0,5.024807e-05
3,0,0.0,2.2701628e-05
3,0,0.0,0.00084579486
3,0,0.0,4.7249516e-05
3,0,0.0,7.672111e-05
3,0,0.0,7.1325834e-05
3,0,0.0,6.208027e-05
3,0,0.0,4.7619396e-05
3,0,0.0,4.4557426e-05
3,0,0.0,5.4805478e-05
3,0,0.0,1.2992697e-05
3,1,1.0,1.0
3,0,0.0,6.592642e-05
3,0,0.0,4.1807354e-05
3,1,1.0,1.0
3,0,0.0,6.564592e-05
3,1,1.0,1.0
3,1,1.0,1.0
3,0,0.0,6.491954e-05
3,1,1.0,1.0
3,1,1.0,1.0
3,0,0.0,1.6734217e-05
3,0,0.0,4.952602e-05
3,1,1.0,1.0
3,0,0.0,1.939292e-05
3,0,0.0,4.592703e-05
3,1,1.0,1.0
3,1,1.0,1.0
3,0,0.0,5.250346e-05
3,1,1.0,1.0
3,0,0.0,0.00010248898
3,1,1.0,1.0
3,0,0.0,4.4036493e-05
3,0,0.0,5.1857773e-05
3,1,1.0,1.0
3,1,1.0,1.0
3,0,0.0,3.6722267e-05
3,1,1.0,1.0
3,0,0.0,4.352106e-05
3,0,0.0,0.00010334406
3,0,0.0,3.60372e-05
3,1,1.0,1.0
3,0,0.0,4.789972e-05
3,0,0.0,5.456226e-05
3,0,0.0,4.8854614e-05
3,1,1.0,1.0
3,0,0.0,0.0001856896
3,0,0.0,4.5080356e-05
3,0,0.0,5.3949872e-05
3,1,1.0,1.0
3,1,1.0,1.0
3,0,0.0,4.3471202e-05
3,1,1.0,1.0
3,1,1.0,1.0
3,1,1.0,1.0
3,0,0.0,5.2453615e-05
3,0,0.0,4.468781e-05
3,1,1.0,1.0
3,1,1.0,1.0
3,0,0.0,3.5766792e-05
3,0,0.0,4.089314e-05
3,0,0.0,5.532017e-05
3,0,0.0,2.3845792e-05
3,0,0.0,0.00068216346
3,0,0.0,3.840187e-05
3,1,1.0,1.0
3,1,1.0,1.0
3,0,0.0,4.1143292e-05
3,0,0.0,5.7899415e-05
3,0,0.0,3.6908976e-05
3,1,1.0,1.0
3,1,1.0,1.0
3,0,0.0,6.2659805e-05
3,1,1.0,1.0
3,0,0.0,3.3862092e-05
3,1,1.0,1.0
3,0,0.0,5.2832936e-05
3,1,1.0,1.0
3,1,1.0,1.0
3,0,0.0,3.591356e-05
3,1,1.0,1.0
3,1,1.0,1.0
3,1,1.0,1.0
3,0,0.0,3.999891e-05
3,0,0.0,4.552959e-05
3,1,1.0,1.0
3,0,0.0,4.9171093e-05
3,1,1.0,1.0
3,0,0.0,5.834655e-05
3,1,1.0,1.0
3,0,0.0,0.00043986662
3,1,1.0,1.0
3,1,1.0,1.0
3,0,0.0,4.967861e-05
3,1,1.0,1.0
3,0,0.0,4.6944373e-05
3,1,1.0,1.0
3,1,1.0,1.0
3,0,0.0,3.218641e-05
3,1,1.0,1.0
3,1,1.0,1.0
3,0,0.0,5.000362e-05
3,1,1.0,1.0
3,1,1.0,1.0
3,0,0.0,4.5411773e-05
3,1,1.0,1.0
3,0,0.0,4.2022482e-05
3,0,0.0,5.617313e-05
3,1,1.0,1.0
3,0,0.0,4.6997902e-05
3,1,1.0,1.0
3,1,1.0,1.0
3,1,1.0,1.0
3,1,1.0,1.0
3,1,1.0,1.0
3,0,0.0,3.8045015e-05
3,0,0.0,2.5763808e-05
3,1,1.0,1.0
3,0,0.0,3.939241e-05
3,1,1.0,1.0
3,0,0.0,5.367733e-05
3,1,1.0,1.0
3,0,0.0,3.5937952e-05
3,0,0.0,3.614441e-05
3,0,0.0,4.7701298e-05
3,0,0.0,4.6447727e-05
3,1,1.0,1.0
3,0,0.0,4.7123787e-05
3,1,1.0,1.0
3,1,1.0,1.0
3,0,0.0,2.9494193e-05
3,0,0.0,4.407922e-05
3,0,0.0,3.8707072e-05
3,1,1.0,1.0
3,1,1.0,1.0
3,0,0.0,5.4664546e-05
3,0,0.0,4.0825616e-05
3,0,0.0,0.00012548496
3,0,0.0,1.7886181e-05
3,1,1.0,1.0
3,0,0.0,4.627963e-05
3,0,0.0,2.6805914e-05
3,1,1.0,1.0
3,0,0.0,3.715218e-05
3,0,0.0,5.133058e-05
3,0,0.0,1.8712713e-05
3,0,0.0,3.202518e-05
3,0,0.0,2.6650097e-05
3,0,0.0,2.5438636e-05
3,1,1.0,1.0
3,1,1.0,1.0
3,1,1.0,1.0
3,0,0.0,5.1013925e-05
3,1,1.0,1.0
3,1,1.0,1.0
3,1,1.0,1.0
3,1,1.0,1.0
3,0,0.0,0.00018913657
3,1,1.0,1.0
3,1,1.0,1.0
3,1,1.0,1.0
3,0,0.0,5.0579074e-05
3,1,1.0,1.0
3,1,1.0,1.0
3,1,1.0,1.0
3,1,1.0,1.0
3,0,0.0,5.1868454e-05
3,0,0.0,4.935336e-05
3,1,1.0,1.0
3,0,0.0,5.6017565e-05
3,1,1.0,1.0
3,1,1.0,1.0
3,0,0.0,3.5046636e-05
3,1,1.0,1.0
3,1,1.0,1.0
3,1,1.0,1.0
3,1,1.0,1.0
3,0,0.0,5.4917437e-05
3,0,0.0,5.9685186e-05
3,0,0.0,3.565329e-05
3,0,0.0,7.6343946e-05
3,0,0.0,3.2643937e-05
3,1,1.0,1.0
3,1,1.0,1.0
3,1,1.0,1.0
3,1,1.0,1.0
3,1,1.0,1.0
3,0,0.0,3.7756192e-05
3,1,1.0,1.0
3,1,1.0,1.0
3,0,0.0,4.447863e-05
3,0,0.0,4.893001e-05
3,0,0.0,1.8578712e-05
3,0,0.0,4.0244166e-05
3,0,0.0,1.2614486e-05
3,0,0.0,5.023907e-05
3,0,0.0,4.4851586e-05
3,1,1.0,1.0
3,0,0.0,4.7598376e-05
3,1,1.0,1.0
3,1,1.0,1.0
3,1,1.0,1.0
3,1,1.0,1.0
3,1,1.0,1.0
3,0,0.0,5.588103e-05
3,1,1.0,1.0
3,0,0.0,4.8237835e-05
3,1,1.0,1.0
3,1,1.0,1.0
3,0,0.0,4.3536173e-05
3,0,0.0,3.6351958e-05
3,0,0.0,3.1515134e-05
3,1,1.0,1.0
3,1,1.0,1.0
3,0,0.0,6.0316295e-05
3,0,0.0,5.866775e-05
3,0,0.0,0.00073872285
3,1,1.0,1.0
3,0,0.0,1.7379061e-05
3,0,0.0,1.923834e-05
3,1,1.0,1.0
3,0,0.0,0.000100571764
3,0,0.0,5.738218e-05
3,0,0.0,4.8261118e-05
3,0,0.0,3.2119322e-05
3,0,0.0,5.287709e-05
3,0,0.0,3.907364e-05
3,0,0.0,3.55957e-05
3,1,1.0,1.0
3,1,1.0,1.0
3,1,1.0,1.0
3,1,1.0,1.0
3,1,1.0,1.0
3,0,0.0,9.2537455e-05
3,0,0.0,2.4267587e-05
3,1,1.0,1.0
3,1,1.0,1.0
3,1,1.0,1.0
3,0,0.0,3.8098566e-05
3,1,1.0,1.0
3,1,1.0,1.0
3,0,0.0,6.662764e-05
3,0,0.0,5.0686023e-05
3,0,0.0,2.7185977e-05
3,0,0.0,5.370902e-05
3,1,1.0,1.0
3,0,0.0,4.0105555e-05
3,1,1.0,1.0
3,1,1.0,1.0
3,0,0.0,5.378534e-05
3,0,0.0,3.7333743e-05
3,1,1.0,1.0
3,1,1.0,1.0
3,1,1.0,1.0
3,1,1.0,1.0
3,1,1.0,1.0
3,1,1.0,1.0
3,1,1.0,1.0
3,1,1.0,1.0
3,0,0.0,4.231778e-05
3,1,1.0,1.0
3,1,1.0,1.0
3,1,1.0,1.0
3,1,1.0,1.0
3,0,0.0,3.0537827e-05
3,0,0.0,6.46846e-05
3,0,0.0,4.9619146e-05
3,1,1.0,1.0
3,1,1.0,1.0
3,0,0.0,4.3807253e-05
3,0,0.0,3.5387216e-05
3,1,1.0,1.0
3,0,0.0,1.3632463e-05
3,0,0.0,1.6167525e-05
3,1,1.0,1.0
3,1,1.0,1.0
3,0,0.0,5.5763332e-05
3,0,0.0,8.530809e-05
3,0,0.0,5.88273e-05
3,0,0.0,4.022188e-05
3,0,0.0,6.0179096e-05
3,0,0.0,0.000121046396
3,0,0.0,5.3529548e-05
3,0,0.0,6.039555e-05
3,0,0.0,4.5961595e-05
3,1,1.0,1.0
3,1,1.0,1.0
3,1,1.0,1.0
3,0,0.0,4.2312815e-05
3,0,0.0,6.4377775e-05
3,1,1.0,1.0
3,1,1.0,1.0
3,0,0.0,3.995149e-05
3,0,0.0,0.00013302962
3,1,1.0,1.0
3,0,0.0,5.2912703e-05
3,1,1.0,1.0
3,0,0.0,2.6399477e-05
3,1,1.0,1.0
3,0,0.0,4.3203483e-05
3,1,1.0,1.0
3,1,1.0,1.0
3,1,1.0,1.0
3,1,1.0,1.0
3,0,0.0,6.344428e-05
3,0,0.0,4.7976253e-05
3,0,0.0,0.0025801102
3,1,1.0,1.0
3,1,1.0,1.0
3,0,0.0,6.197456e-05
3,1,1.0,1.0
3,1,1.0,1.0
3,0,0.0,4.6856312e-05
3,1,1.0,1.0
3,1,1.0,1.0
3,1,1.0,1.0
3,1,1.0,1.0
3,0,0.0,4.7714177e-05
3,1,1.0,1.0
3,1,1.0,1.0
3,0,0.0,5.2879208e-05
3,0,0.0,4.0212595e-05
3,0,0.0,7.937484e-05
3,1,1.0,1.0
3,1,1.0,1.0
3,1,1.0,1.0
3,0,0.0,6.0884882e-05
3,0,0.0,5.0059298e-05
3,0,0.0,4.076154e-05
3,1,1.0,1.0
3,1,1.0,1.0
3,0,0.0,3.5121077e-05
3,1,1.0,1.0
3,1,1.0,1.0
3,1,1.0,1.0
3,1,1.0,1.0
3,1,1.0,1.0
3,1,1.0,1.0
3,1,1.0,1.0
3,0,0.0,5.7540758e-05
3,1,1.0,1.0
3,0,0.0,0.0008277209
3,0,0.0,5.8291767e-05
3,0,0.0,0.00045179014
3,1,1.0,1.0
3,1,1.0,1.0
3,1,1.0,1.0
3,0,0.0,5.284967e-05
3,1,1.0,1.0
3,1,1.0,1.0
3,0,0.0,6.064932e-05
3,0,0.0,4.9930615e-05
3,0,0.0,1.3094112e-05
3,1,1.0,1.0
3,1,1.0,1.0
3,0,0.0,5.2731564e-05
3,0,0.0,4.1293995e-05
3,0,0.0,5.3490763e-05
3,0,0.0,4.7880356e-05
3,0,0.0,5.955459e-05
3,1,1.0,1.0
3,1,1.0,1.0
3,0,0.0,4.7082733e-05
3,1,1.0,1.0
3,0,0.0,3.95064e-05
3,0,0.0,6.0424296e-05
3,1,1.0,1.0
3,1,1.0,1.0
3,1,1.0,1.0
3,0,0.0,4.80114e-05
3,1,1.0,1.0
3,0,0.0,4.8497976e-05
3,1,1.0,1.0
3,0,0.0,3.881619e-05
3,1,1.0,1.0
3,1,1.0,1.0
3,0,0.0,5.3838194e-05
3,1,1.0,1.0
3,0,0.0,5.7439553e-05
3,1,1.0,1.0
3,1,1.0,1.0
3,1,1.0,1.0
3,0,0.0,4.068977e-05
3,0,0.0,4.735028e-05
3,1,1.0,1.0
3,0,0.0,4.744212e-05
3,1,1.0,1.0
3,0,0.0,4.6896905e-05
3,1,1.0,1.0
3,0,0.0,4.670851e-05
3,0,0.0,3.7213566e-05
3,0,0.0,0.00046421148
3,0,0.0,4.0584444e-05
3,0,0.0,5.831323e-05
3,1,1.0,1.0
3,0,0.0,4.2790012e-05
3,1,1.0,1.0
3,0,0.0,1.3133406e-05
3,0,0.0,3.506148e-05
3,1,1.0,1.0
3,0,0.0,0.0001224474
3,1,1.0,1.0
3,0,0.0,4.7231853e-05
3,0,0.0,5.1989235e-05
3,1,1.0,1.0
3,0,0.0,6.2290426e-05
3,0,0.0,6.0911538e-05
3,0,0.0,5.2399915e-05
3,1,1.0,1.0
3,1,1.0,1.0
3,0,0.0,3.6500423e-05
3,1,1.0,1.0
3,1,1.0,1.0
3,1,1.0,1.0
3,1,1.0,1.0
3,1,1.0,1.0
3,1,1.0,1.0
3,0,0.0,6.128794e-05
3,0,0.0,5.0958595e-05
3,1,1.0,1.0
3,0,0.0,3.1494375e-05
3,0,0.0,5.1946365e-05
3,0,0.0,4.3783948e-05
3,1,1.0,1.0
3,1,1.0,1.0
3,1,1.0,1.0
3,0,0.0,0.00047522812
3,0,0.0,1.8811803e-05
3,1,1.0,1.0
3,0,0.0,0.00045777453
3,1,1.0,1.0
3,1,1.0,1.0
3,0,0.0,5.09898e-05
3,0,0.0,4.8411017e-05
3,0,0.0,4.1735973e-05
3,1,1.0,1.0
3,0,0.0,5.928369e-05
3,1,1.0,1.0
3,0,0.0,3.8300306e-05
3,0,0.0,4.5144065e-05
3,0,0.0,1.840006e-05
3,1,1.0,1.0
3,0,0.0,5.03489e-05
3,0,0.0,3.684413e-05
3,1,1.0,1.0
3,0,0.0,5.343642e-05
3,0,0.0,4.764029e-05
3,0,0.0,4.271312e-05
3,0,0.0,0.00016164797
3,1,1.0,1.0
3,0,0.0,5.423208e-05
3,1,1.0,1.0
3,0,0.0,5.7603622e-05
3,0,0.0,4.883016e-05
3,0,0.0,4.9893966e-05
3,1,1.0,1.0
3,1,1.0,1.0
3,1,1.0,1.0
3,0,0.0,5.1586885e-05
3,0,0.0,4.0928568e-05
3,1,1.0,1.0
3,1,1.0,1.0
3,0,0.0,5.792372e-05
3,0,0.0,2.9980334e-05
3,1,1.0,1.0
3,0,0.0,5.6360925e-05
3,1,1.0,1.0
3,0,0.0,4.656037e-05
3,1,1.0,1.0
3,1,1.0,1.0
3,0,0.0,4.6027522e-05
3,1,1.0,1.0
3,1,1.0,1.0
3,1,1.0,1.0
3,0,0.0,3.8719845e-05
3,1,1.0,1.0
3,0,0.0,3.2311025e-05
3,1,1.0,1.0
3,1,1.0,1.0
3,1,1.0,1.0
3,1,1.0,1.0
3,1,1.0,1.0
3,1,1.0,1.0
3,1,1.0,1.0
3,0,0.0,4.6281442e-05
3,0,0.0,4.5819368e-05
3,0,0.0,1.762231e-05
3,1,1.0,1.0
3,1,1.0,1.0
3,1,1.0,1.0
3,0,0.0,4.5791545e-05
3,0,0.0,3.2841275e-05
3,1,1.0,1.0
3,0,0.0,5.5986482e-05
3,1,1.0,1.0
3,1,1.0,1.0
3,1,1.0,1.0
3,0,0.0,0.00010365573
3,0,0.0,2.9031926e-05
3,1,1.0,1.0
3,1,1.0,1.0
3,0,0.0,5.289928e-05
3,1,1.0,1.0
3,1,1.0,1.0
3,1,1.0,1.0
3,1,1.0,1.0
3,1,1.0,1.0
3,1,1.0,1.0
3,1,1.0,1.0
3,1,1.0,1.0
3,1,1.0,1.0
3,1,1.0,1.0
3,1,1.0,1.0
3,1,1.0,1.0
3,1,1.0,1.0
3,1,1.0,1.0
3,1,1.0,1.0
3,0,0.0,5.0378916e-05
3,0,0.0,5.2511667e-05
3,0,0.0,0.00019401086
3,0,0.0,4.48776e-05
3,1,1.0,1.0
3,0,0.0,4.525458e-05
3,0,0.0,4.8002883e-05
3,1,1.0,1.0
3,0,0.0,4.423123e-05
3,0,0.0,5.5952114e-05
3,0,0.0,4.5986013e-05
3,1,1.0,1.0
3,0,0.0,5.786056e-05
3,1,1.0,1.0
3,0,0.0,0.00031410242
3,1,1.0,1.0
3,1,1.0,1.0
3,1,1.0,1.0
3,1,1.0,1.0
3,1,1.0,1.0
3,1,1.0,1.0
3,0,0.0,4.4167246e-05
3,0,0.0,4.625382e-05
3,1,1.0,1.0
3,1,1.0,1.0
3,0,0.0,0.0001062433
3,0,0.0,4.916443e-05
3,0,0.0,3.6555703e-05
3,1,1.0,1.0
3,0,0.0,5.1415973e-05
3,0,0.0,1.230735e-05
3,1,1.0,1.0
3,1,1.0,1.0
3,1,1.0,1.0
3,1,1.0,1.0
3,0,0.0,5.645662e-05
3,1,1.0,1.0
3,0,0.0,6.363872e-05
3,0,0.0,4.178284e-05
3,0,0.0,5.957021e-05
3,1,1.0,1.0
3,1,1.0,1.0
3,0,0.0,3.0601084e-05
3,0,0.0,5.182074e-05
3,1,1.0,1.0
3,0,0.0,4.422642e-05
3,1,1.0,1.0
3,1,1.0,1.0
3,1,1.0,1.0
3,0,0.0,1.9282825e-05
3,0,0.0,1.2606765e-05
3,0,0.0,5.258955e-05
3,0,0.0,3.799226e-05
3,1,1.0,1.0
3,1,1.0,1.0
3,0,0.0,0.00018438172
3,1,1.0,1.0
3,1,1.0,1.0
3,1,1.0,1.0
3,0,0.0,3.0621577e-05
3,1,1.0,1.0
3,1,1.0,1.0
3,0,0.0,6.5909946e-05
3,0,0.0,3.5220128e-05
3,1,1.0,1.0
3,0,0.0,4.9804406e-05
3,1,1.0,1.0
3,1,1.0,1.0
3,0,0.0,5.3636442e-05
3,0,0.0,3.8244612e-05
3,0,0.0,4.488778e-05
3,1,1.0,1.0
3,0,0.0,4.1253847e-05
3,0,0.0,0.0007601475
3,0,0.0,5.1519582e-05
3,0,0.0,5.274896e-05
3,1,1.0,1.0
3,0,0.0,4.5479337e-05
3,0,0.0,4.793491e-05
3,0,0.0,6.0612034e-05
3,1,1.0,1.0
3,0,0.0,4.6974383e-05
3,0,0.0,3.431728e-05
3,1,1.0,1.0
3,1,1.0,1.0
3,0,0.0,3.0486963e-05
3,0,0.0,4.389118e-05
3,1,1.0,1.0
3,1,1.0,1.0
3,0,0.0,1.8705257e-05
3,0,0.0,4.1193656e-05
3,0,0.0,3.0838142e-05
3,0,0.0,3.682867e-05
3,0,0.0,1.3205445e-05
3,1,1.0,1.0
3,1,1.0,1.0
3,0,0.0,5.9978745e-05
3,1,1.0,1.0
3,0,0.0,3.4902685e-05
3,0,0.0,4.7592523e-05
3,1,1.0,1.0
3,0,0.0,5.528046e-05
3,1,1.0,1.0
3,0,0.0,3.151856e-05
3,1,1.0,1.0
3,0,0.0,2.9892519e-05
3,0,0.0,3.8525228e-05
3,0,0.0,4.3307762e-05
3,1,1.0,1.0
3,0,0.0,4.0465064e-05
3,1,1.0,1.0
3,0,0.0,5.1573552e-05
3,1,1.0,1.0
3,0,0.0,8.3747706e-05
3,0,0.0,2.6210104e-05
3,1,1.0,1.0
3,1,1.0,1.0
3,1,1.0,1.0
3,1,1.0,1.0
3,1,1.0,1.0
3,1,1.0,1.0
3,1,1.0,1.0
3,0,0.0,5.3760676e-05
3,0,0.0,4.0561496e-05
3,0,0.0,3.473408e-05
3,0,0.0,5.1688075e-05
3,0,0.0,1.8362478e-05
3,1,1.0,1.0
3,1,1.0,1.0
3,1,1.0,1.0
3,0,0.0,4.1959935e-05
3,1,1.0,1.0
3,0,0.0,2.4924386e-05
3,1,1.0,1.0
3,0,0.0,6.094559e-05
3,1,1.0,1.0
3,1,1.0,1.0
3,0,0.0,0.00016118071
3,1,1.0,1.0
3,1,1.0,1.0
3,0,0.0,4.1781725e-05
3,0,0.0,4.9117476e-05
3,0,0.0,4.6959867e-05
3,0,0.0,5.033258e-05
3,1,1.0,1.0
3,1,1.0,1.0
3,0,0.0,5.1302737e-05
3,0,0.0,4.6859484e-05
3,1,1.0,1.0
3,0,0.0,5.0333827e-05
3,1,1.0,1.0
3,1,1.0,1.0
3,1,1.0,1.0
3,1,1.0,1.0
3,0,0.0,5.080793e-05
3,0,0.0,5.8746853e-05
3,1,1.0,1.0
3,0,0.0,4.4860655e-05
3,0,0.0,4.7597787e-05
3,0,0.0,6.28826e-05
3,0,0.0,0.00013069576
3,0,0.0,5.3564272e-05
3,0,0.0,4.636064e-05
3,1,1.0,1.0
3,1,1.0,1.0
3,0,0.0,2.4172956e-05
3,0,0.0,6.585422e-05
3,0,0.0,1.2985698e-05
3,0,0.0,3.951469e-05
3,0,0.0,1.2808173e-05
3,1,1.0,1.0
3,0,0.0,3.690623e-05
3,1,1.0,1.0
3,0,0.0,4.5437508e-05
3,1,1.0,1.0
3,0,0.0,5.511224e-05
3,1,1.0,1.0
3,0,0.0,5.0324466e-05
3,0,0.0,5.1908337e-05
3,0,0.0,4.927055e-05
3,0,0.0,5.5049884e-05
3,1,1.0,0.99999994
3,1,1.0,1.0
3,0,0.0,2.505209e-05
3,1,1.0,1.0
3,0,0.0,4.3781736e-05
3,0,0.0,3.5350753e-05
3,0,0.0,2.8340037e-05
3,0,0.0,0.00011493689
3,1,1.0,1.0
3,1,1.0,1.0
3,0,0.0,3.9135546e-05
3,0,0.0,0.00014222298
3,1,1.0,1.0
3,0,0.0,6.546713e-05
3,1,1.0,1.0
3,0,0.0,0.00019080118
3,0,0.0,5.243866e-05
3,1,1.0,1.0
3,1,1.0,1.0
3,1,1.0,1.0
3,1,1.0,1.0
3,0,0.0,3.1629486e-05
3,0,0.0,5.989056e-05
3,0,0.0,4.9301805e-05
3,0,0.0,3.630404e-05
3,1,1.0,1.0
3,0,0.0,5.5234512e-05
3,0,0.0,4.9889113e-05
3,1,1.0,1.0
3,0,0.0,5.2265175e-05
3,0,0.0,3.7357462e-05
3,1,1.0,1.0
3,0,0.0,3.6262663e-05
3,0,0.0,2.7998845e-05
3,1,1.0,1.0
3,0,0.0,4.8103513e-05
3,1,1.0,1.0
3,1,1.0,1.0
3,1,1.0,1.0
3,1,1.0,1.0
3,1,1.0,1.0
3,0,0.0,5.1204297e-05
3,1,1.0,1.0
3,1,1.0,1.0
3,0,0.0,6.1110746e-05
3,1,1.0,1.0
3,0,0.0,2.9982079e-05
3,0,0.0,2.7543938e-05
3,0,0.0,4.8265534e-05
3,1,1.0,1.0
3,1,1.0,1.0
3,1,1.0,1.0
3,1,1.0,1.0
3,1,1.0,1.0
3,1,1.0,1.0
3,1,1.0,1.0
3,0,0.0,4.7838006e-05
3,1,1.0,1.0
3,1,1.0,1.0
3,1,1.0,1.0
3,0,0.0,5.6788595e-05
3,0,0.0,6.306143e-05
3,0,0.0,4.1964697e-05
3,1,1.0,1.0
3,0,0.0,5.4420503e-05
3,1,1.0,1.0
3,0,0.0,4.6803387e-05
3,1,1.0,1.0
3,1,1.0,1.0
3,1,1.0,1.0
3,0,0.0,5.8626756e-05
3,1,1.0,1.0
3,0,0.0,5.3944936e-05
3,0,0.0,7.075839e-05
3,0,0.0,5.5016924e-05
3,0,0.0,5.3012907e-05
3,0,0.0,4.655309e-05
3,1,1.0,1.0
3,0,0.0,5.1316732e-05
3,1,1.0,1.0
3,1,1.0,1.0
3,0,0.0,3.019968e-05
3,0,0.0,6.087931e-05
3,0,0.0,4.2596785e-05
3,1,1.0,1.0
3,0,0.0,3.6702313e-05
3,1,1.0,1.0
3,0,0.0,4.6270892e-05
3,1,1.0,1.0
3,1,1.0,1.0
3,1,1.0,1.0
3,0,0.0,5.935066e-05
3,1,1.0,1.0
3,1,1.0,1.0
3,1,1.0,1.0
3,0,0.0,4.848535e-05
3,0,0.0,4.8095124e-05
3,1,1.0,1.0
3,1,1.0,1.0
3,1,1.0,1.0
3,0,0.0,4.1063173e-05
3,1,1.0,1.0
3,0,0.0,3.5107387e-05
3,1,1.0,1.0
3,1,1.0,1.0
3,0,0.0,6.009938e-05
3,0,0.0,4.4834567e-05
3,0,0.0,4.0390652e-05
3,1,1.0,1.0
3,1,1.0,1.0
3,1,1.0,1.0
3,1,1.0,1.0
3,0,0.0,4.3719567e-05
3,0,0.0,6.333493e-05
3,1,1.0,1.0
3,1,1.0,1.0
3,1,1.0,1.0
3,1,1.0,1.0
3,0,0.0,4.1317035e-05
3,0,0.0,7.938718e-05
3,1,1.0,1.0
3,0,0.0,4.484577e-05
3,1,1.0,1.0
3,0,0.0,4.3897544e-05
3,0,0.0,4.53096e-05
3,1,1.0,1.0
3,0,0.0,3.4654604e-05
3,1,1.0,1.0
3,0,0.0,4.3703225e-05
3,0,0.0,0.00047889695
3,1,1.0,1.0
3,1,1.0,1.0
3,0,0.0,0.00019488858
3,1,1.0,1.0
3,1,1.0,1.0
3,0,0.0,4.6089935e-05
3,1,1.0,1.0
3,0,0.0,4.663627e-05
3,1,1.0,1.0
3,1,1.0,1.0
3,1,1.0,1.0
3,0,0.0,5.303981e-05
3,0,0.0,5.283848e-05
3,1,1.0,1.0
3,1,1.0,1.0
3,1,1.0,1.0
3,0,0.0,4.754516e-05
3,1,1.0,1.0
3,1,1.0,1.0
3,0,0.0,4.5519428e-05
3,0,0.0,3.4365457e-05
3,0,0.0,0.0007925146
3,0,0.0,5.683085e-05
3,1,1.0,1.0
3,1,1.0,1.0
3,0,0.0,4.323076e-05
3,1,1.0,1.0
3,1,1.0,1.0
3,1,1.0,1.0
3,1,1.0,1.0
3,0,0.0,4.280421e-05
3,0,0.0,4.9403563e-05
3,0,0.0,1.2552851e-05
3,1,1.0,1.0
3,0,0.0,4.9821367e-05
3,0,0.0,3.839799e-05
3,1,1.0,1.0
3,0,0.0,4.9519313e-05
3,0,0.0,5.4673725e-05
3,0,0.0,4.7619353e-05
3,1,1.0,1.0
3,0,0.0,5.1142615e-05
3,1,1.0,1.0
3,0,0.0,5.441832e-05
3,1,1.0,1.0
3,1,1.0,1.0
3,0,0.0,3.7305945e-05
3,1,1.0,1.0
3,1,1.0,1.0
3,1,1.0,1.0
3,0,0.0,4.9283666e-05
3,1,1.0,1.0
3,1,1.0,1.0
3,1,1.0,1.0
3,1,1.0,1.0
3,0,0.0,3.505747e-05
3,1,1.0,1.0
3,0,0.0,4.7358637e-05
3,0,0.0,0.00011744307
3,1,1.0,1.0
3,0,0.0,5.150863e-05
3,0,0.0,5.132999e-05
3,0,0.0,4.5834706e-05
3,0,0.0,3.2333126e-05
3,1,1.0,1.0
3,1,1.0,1.0
3,0,0.0,5.926888e-05
3,1,1.0,1.0
3,0,0.0,3.4249802e-05
3,0,0.0,0.00010814212
3,1,1.0,1.0
3,1,1.0,1.0
3,1,1.0,1.0
3,1,1.0,1.0
3,0,0.0,4.3014126e-05
3,1,1.0,1.0
3,1,1.0,1.0
3,1,1.0,1.0
3,1,1.0,1.0
3,0,0.0,4.9576007e-05
3,0,0.0,4.821126e-05
3,0,0.0,4.335094e-05
3,1,1.0,1.0
3,0,0.0,4.3095257e-05
3,0,0.0,4.8014514e-05
3,1,1.0,1.0
3,1,1.0,1.0
3,1,1.0,1.0
3,0,0.0,0.00011736683
3,0,0.0,5.917705e-05
3,1,1.0,1.0
3,0,0.0,5.2546635e-05
3,0,0.0,4.433664e-05
3,1,1.0,1.0
3,0,0.0,7.517964e-05
3,1,1.0,1.0
3,1,1.0,1.0
3,1,1.0,1.0
3,0,0.0,5.6331424e-05
3,1,1.0,1.0
3,0,0.0,5.0214734e-05
3,1,1.0,1.0
3,0,0.0,6.071147e-05
3,0,0.0,3.7762962e-05
3,0,0.0,6.188752e-05
3,0,0.0,5.3282136e-05
3,1,1.0,1.0
3,0,0.0,0.000104108636
3,1,1.0,1.0
3,0,0.0,5.067452e-05
3,1,1.0,1.0
3,0,0.0,4.7806356e-05
3,1,1.0,1.0
3,0,0.0,2.5689664e-05
3,0,0.0,2.9292341e-05
3,1,1.0,1.0
3,1,1.0,1.0
3,0,0.0,5.063935e-05
3,0,0.0,5.673733e-05
3,1,1.0,1.0
3,0,0.0,4.7099347e-05
3,0,0.0,3.0985775e-05
3,1,1.0,1.0
3,0,0.0,4.6494395e-05
3,1,1.0,1.0
3,0,0.0,4.9076178e-05
3,0,0.0,2.8887325e-05
3,1,1.0,1.0
3,1,1.0,1.0
3,0,0.0,3.45278e-05
3,1,1.0,1.0
3,0,0.0,4.2725467e-05
3,1,1.0,1.0
3,0,0.0,0.00018047231
3,1,1.0,1.0
3,1,1.0,1.0
3,0,0.0,4.8873346e-05
3,0,0.0,4.3088028e-05
3,0,0.0,4.873991e-05
3,1,1.0,1.0
3,1,1.0,1.0
3,0,0.0,3.661638e-05
3,0,0.0,6.161669e-05
3,0,0.0,8.7523615e-05
3,1,1.0,1.0
3,1,1.0,1.0
3,0,0.0,2.8211494e-05
3,0,0.0,3.9656097e-05
3,0,0.0,4.069637e-05
3,0,0.0,2.6148165e-05
3,1,1.0,1.0
3,0,0.0,1.2031326e-05
3,0,0.0,4.8531012e-05
3,1,1.0,1.0
3,1,1.0,1.0
3,0,0.0,5.8541893e-05
3,1,1.0,1.0
3,0,0.0,5.104916e-05
3,1,1.0,1.0
3,1,1.0,1.0
3,0,0.0,4.86837e-05
3,1,1.0,1.0
3,1,1.0,1.0
3,1,1.0,1.0
3,1,1.0,1.0
3,1,1.0,1.0
3,1,1.0,1.0
3,1,1.0,1.0
3,0,0.0,1.6981649e-05
3,1,1.0,1.0
3,1,1.0,1.0
3,1,1.0,1.0
3,1,1.0,1.0
3,0,0.0,4.8913585e-05
3,1,1.0,1.0
3,0,0.0,4.5726785e-05
3,1,1.0,1.0
3,0,0.0,3.0247986e-05
3,0,0.0,4.0023522e-05
3,1,1.0,1.0
3,0,0.0,6.315978e-05
3,1,1.0,1.0
3,0,0.0,5.9476894e-05
3,1,1.0,1.0
3,1,1.0,1.0
3,0,0.0,3.664202e-05
3,0,0.0,3.8037975e-05
3,1,1.0,1.0
3,0,0.0,0.0003361799
3,1,1.0,1.0
3,1,1.0,1.0
3,0,0.0,4.9960578e-05
3,0,0.0,5.319664e-05
3,0,0.0,5.6124347e-05
3,0,0.0,5.307533e-05
3,0,0.0,1.2369759e-05
3,1,1.0,1.0
3,1,1.0,1.0
3,0,0.0,6.0490544e-05
3,0,0.0,4.841531e-05
3,1,1.0,1.0
3,1,1.0,1.0
3,1,1.0,1.0
3,1,1.0,1.0
3,1,1.0,1.0
3,1,1.0,1.0
3,0,0.0,3.480271e-05
3,1,1.0,1.0
3,1,1.0,1.0
3,0,0.0,0.0026167727
3,1,1.0,1.0
3,0,0.0,4.006683e-05
3,0,0.0,4.2638727e-05
3,1,1.0,1.0
3,0,0.0,3.8737275e-05
3,0,0.0,4.305903e-05
3,1,1.0,1.0
3,1,1.0,1.0
3,1,1.0,1.0
3,1,1.0,1.0
3,0,0.0,4.4494926e-05
3,0,0.0,5.0690134e-05
3,1,1.0,1.0
3,1,1.0,1.0
3,0,0.0,4.4472523e-05
3,1,1.0,1.0
3,0,0.0,4.6281264e-05
3,1,1.0,1.0
3,0,0.0,4.5850753e-05
3,1,1.0,1.0
3,0,0.0,3.869249e-05
3,1,1.0,1.0
3,1,1.0,1.0
3,1,1.0,1.0
3,0,0.0,6.239875e-05
3,0,0.0,5.1537616e-05
3,1,1.0,1.0
3,1,1.0,1.0
3,0,0.0,4.8327256e-05
3,0,0.0,5.035596e-05
3,1,1.0,1.0
3,1,1.0,1.0
3,0,0.0,3.6470046e-05
3,1,1.0,1.0
3,0,0.0,5.5450524e-05
3,0,0.0,0.001363463
3,0,0.0,4.3973163e-05
3,0,0.0,4.725411e-05
3,1,1.0,1.0
3,1,1.0,1.0
3,1,1.0,1.0
3,1,1.0,1.0
3,0,0.0,4.2071882e-05
3,0,0.0,4.3971948e-05
3,1,1.0,1.0
3,0,0.0,5.514409e-05
3,0,0.0,6.2034465e-05
3,1,1.0,1.0
3,0,0.0,3.6286638e-05
3,0,0.0,5.5671626e-05
3,0,0.0,4.9927476e-05
3,1,1.0,1.0
3,1,1.0,1.0
3,1,1.0,1.0
3,1,1.0,1.0
3,1,1.0,1.0
3,1,1.0,1.0
3,1,1.0,1.0
3,0,0.0,4.8865422e-05
3,1,1.0,1.0
3,0,0.0,3.170707e-05
3,0,0.0,3.4070337e-05
3,1,1.0,1.0
3,0,0.0,0.000105247746
3,1,1.0,1.0
3,0,0.0,4.1099054e-05
3,0,0.0,5.088488e-05
3,0,0.0,0.00011076729
3,1,1.0,1.0
3,1,1.0,1.0
3,0,0.0,0.00026770937
3,1,1.0,1.0
3,0,0.0,5.2896252e-05
3,0,0.0,4.4858858e-05
3,0,0.0,4.295543e-05
3,0,0.0,6.316815e-05
3,0,0.0,4.2919233e-05
3,0,0.0,4.9360046e-05
3,1,1.0,1.0
3,1,1.0,1.0
3,0,0.0,4.9043247e-05
3,1,1.0,1.0
3,0,0.0,4.3560343e-05
3,0,0.0,3.3125274e-05
3,1,1.0,1.0
3,1,1.0,1.0
3,1,1.0,1.0
3,1,1.0,1.0
3,1,1.0,1.0
3,1,1.0,1.0
3,1,1.0,1.0
3,1,1.0,1.0
3,1,1.0,1.0
3,0,0.0,5.5119177e-05
3,1,1.0,1.0
3,1,1.0,1.0
3,0,0.0,4.810287e-05
3,1,1.0,1.0
3,0,0.0,4.772232e-05
3,1,1.0,1.0
3,0,0.0,3.0884883e-05
3,1,1.0,1.0
3,0,0.0,5.7816105e-05
3,0,0.0,5.02246e-05
3,1,1.0,1.0
3,0,0.0,0.000119000666
3,1,1.0,1.0
3,1,1.0,1.0
3,0,0.0,3.5722103e-05
3,0,0.0,5.1454084e-05
3,0,0.0,6.6380555e-05
3,0,0.0,5.191734e-05
3,1,1.0,1.0
3,1,1.0,0.99999994
3,1,1.0,1.0
3,0,0.0,3.5424895e-05
3,1,1.0,1.0
3,0,0.0,4.1261166e-05
3,1,1.0,1.0
3,0,0.0,0.005819403
3,1,1.0,1.0
3,1,1.0,1.0
3,1,1.0,1.0
3,0,0.0,6.463448e-05
3,0,0.0,4.6529967e-05
3,1,1.0,1.0
3,0,0.0,9.052704e-05
3,1,1.0,1.0
3,0,0.0,6.4393615e-05
3,1,1.0,1.0
3,0,0.0,5.3845535e-05
3,1,1.0,1.0
3,0,0.0,0.0001380408
3,0,0.0,4.769925e-05
3,0,0.0,4.84965e-05
3,0,0.0,4.366711e-05
3,1,1.0,1.0
3,1,1.0,1.0
3,0,0.0,6.1134066e-05
3,1,1.0,1.0
3,0,0.0,4.631402e-05
3,1,1.0,1.0
3,1,1.0,1.0
3,0,0.0,4.4880337e-05
3,1,1.0,1.0
3,1,1.0,1.0
3,0,0.0,3.194459e-05
3,0,0.0,4.736758e-05
3,0,0.0,4.982099e-05
3,0,0.0,4.179412e-05
3,0,0.0,4.230176e-05
3,0,0.0,3.1879103e-05
3,0,0.0,5.016816e-05
3,1,1.0,1.0
3,1,1.0,1.0
3,0,0.0,5.9610335e-05
3,1,1.0,1.0
3,0,0.0,4.8809587e-05
3,0,0.0,5.906564e-05
3,0,0.0,6.480265e-05
3,0,0.0,5.1836607e-05
3,1,1.0,1.0
3,1,1.0,1.0
3,1,1.0,1.0
3,0,0.0,4.7323825e-05
3,0,0.0,2.5942702e-05
3,0,0.0,3.984959e-05
3,1,1.0,1.0
3,0,0.0,5.522277e-05
3,1,1.0,1.0
3,0,0.0,3.2586428e-05
3,0,0.0,3.140811e-05
3,0,0.0,4.4936867e-05
3,1,1.0,1.0
3,1,1.0,1.0
3,0,0.0,5.361895e-05
3,0,0.0,4.934941e-05
3,1,1.0,1.0
3,1,1.0,1.0
3,0,0.0,3.6752783e-05
3,0,0.0,6.346304e-05
3,0,0.0,5.095257e-05
3,0,0.0,5.4551645e-05
3,0,0.0,4.503717e-05
3,0,0.0,3.5954574e-05
3,1,1.0,1.0
3,1,1.0,0.99999994
3,0,0.0,5.490377e-05
3,0,0.0,2.4772584e-05
3,1,1.0,1.0
3,1,1.0,1.0
3,1,1.0,1.0
3,0,0.0,4.4987035e-05
3,0,0.0,5.4920576e-05
3,1,1.0,1.0
3,1,1.0,1.0
3,1,1.0,1.0
3,1,1.0,1.0
3,0,0.0,3.219832e-05
3,1,1.0,1.0
3,1,1.0,1.0
3,0,0.0,5.211636e-05
3,1,1.0,1.0
3,1,1.0,1.0
3,1,1.0,1.0
3,0,0.0,0.00040226904
3,1,1.0,1.0
3,0,0.0,4.2128053e-05
3,1,1.0,1.0
3,0,0.0,5.6209617e-05
3,1,1.0,1.0
3,1,1.0,1.0
3,1,1.0,1.0
3,1,1.0,1.0
3,1,1.0,1.0
3,0,0.0,0.000115674
3,1,1.0,1.0
3,1,1.0,1.0
3,0,0.0,4.738335e-05
3,1,1.0,1.0
3,0,0.0,5.6676337e-05
3,0,0.0,3.911831e-05
3,0,0.0,6.2446794e-05
3,0,0.0,3.2089072e-05
3,1,1.0,1.0
3,0,0.0,4.738741e-05
3,0,0.0,8.746804e-05
3,0,0.0,4.555052e-05
3,0,0.0,5.5514432e-05
3,0,0.0,5.9357055e-05
3,1,1.0,1.0
3,0,0.0,5.990472e-05
3,0,0.0,5.5419016e-05
3,0,0.0,3.2955573e-05
3,1,1.0,1.0
3,1,1.0,1.0
3,0,0.0,4.359974e-05
3,0,0.0,4.577565e-05
3,1,1.0,1.0
3,0,0.0,4.0667856e-05
3,1,1.0,1.0
3,1,1.0,1.0
3,1,1.0,1.0
3,1,1.0,1.0
3,1,1.0,1.0
3,0,0.0,2.6266855e-05
3,1,1.0,1.0
3,0,0.0,5.2063104e-05
3,1,1.0,1.0
3,0,0.0,8.0572376e-05
3,1,1.0,1.0
3,0,0.0,4.927699e-05
3,0,0.0,5.8448073e-05
3,0,0.0,4.2427324e-05
3,1,1.0,1.0
3,1,1.0,1.0
3,0,0.0,4.5599154e-05
3,0,0.0,3.6948983e-05
3,1,1.0,1.0
3,1,1.0,1.0
3,1,1.0,1.0
3,0,0.0,5.4268094e-05
3,1,1.0,1.0
3,0,0.0,0.00016844383
3,1,1.0,1.0
3,0,0.0,1.7794886e-05
3,0,0.0,4.5236033e-05
3,0,0.0,4.300617e-05
3,0,0.0,6.152921e-05
3,1,1.0,1.0
3,0,0.0,5.566058e-05
3,1,1.0,1.0
3,1,1.0,1.0
3,0,0.0,4.8307073e-05
3,0,0.0,3.833195e-05
3,1,1.0,1.0
3,1,1.0,1.0
3,0,0.0,6.0847335e-05
3,1,1.0,1.0
3,0,0.0,4.8339418e-05
3,1,1.0,1.0
3,1,1.0,1.0
3,0,0.0,5.237754e-05
3,1,1.0,1.0
3,1,1.0,1.0
3,1,1.0,1.0
3,0,0.0,5.4473152e-05
3,0,0.0,4.715606e-05
3,1,1.0,1.0
3,1,1.0,1.0
3,0,0.0,3.6399342e-05
3,0,0.0,4.370489e-05
3,1,1.0,1.0
3,1,1.0,1.0
3,0,0.0,3.8465827e-05
3,0,0.0,5.466465e-05
3,1,1.0,1.0
3,0,0.0,5.667466e-05
3,1,1.0,1.0
3,1,1.0,1.0
3,1,1.0,1.0
3,1,1.0,1.0
3,0,0.0,1.8636953e-05
3,0,0.0,3.1889165e-05
3,1,1.0,1.0
3,1,1.0,1.0
3,0,0.0,4.7532965e-05
3,1,1.0,1.0
3,0,0.0,4.542988e-05
3,0,0.0,0.000101615595
3,1,1.0,1.0
3,1,1.0,1.0
3,0,0.0,5.0456663e-05
3,1,1.0,1.0
3,0,0.0,4.1460113e-05
3,0,0.0,4.0346462e-05
3,0,0.0,4.926515e-05
3,1,1.0,1.0
3,0,0.0,5.2079096e-05
3,1,1.0,1.0
3,0,0.0,5.733574e-05
3,1,1.0,1.0
3,1,1.0,1.0
3,0,0.0,5.203253e-05
3,1,1.0,1.0
3,0,0.0,4.656068e-05
3,1,1.0,1.0
3,1,1.0,1.0
3,1,1.0,1.0
3,1,1.0,1.0
3,0,0.0,2.3308952e-05
3,0,0.0,0.00011332846
3,0,0.0,4.6814235e-05
3,1,1.0,1.0
3,0,0.0,5.2423205e-05
3,1,1.0,1.0
3,0,0.0,4.50391e-05
3,0,0.0,5.012154e-05
3,1,1.0,1.0
3,1,1.0,1.0
3,0,0.0,4.8014695e-05
3,1,1.0,1.0
3,0,0.0,4.4415476e-05
3,0,0.0,4.6844158e-05
3,0,0.0,4.6244862e-05
3,1,1.0,1.0
3,0,0.0,5.0820287e-05
3,0,0.0,3.6364752e-05
3,0,0.0,4.9244623e-05
3,1,1.0,1.0
3,0,0.0,3.6080288e-05
3,1,1.0,1.0
3,0,0.0,5.58967e-05
3,0,0.0,1.402781e-05
3,1,1.0,1.0
3,0,0.0,6.057985e-05
3,1,1.0,1.0
3,1,1.0,1.0
3,0,0.0,4.895787e-05
3,0,0.0,0.00013063893
3,0,0.0,4.8394166e-05
3,0,0.0,0.0001603572
3,1,1.0,1.0
3,1,1.0,1.0
3,1,1.0,1.0
3,1,1.0,1.0
3,1,1.0,1.0
3,1,1.0,1.0
3,0,0.0,4.622317e-05
3,0,0.0,0.0014109592
3,0,0.0,4.587489e-05
3,1,1.0,1.0
3,0,0.0,4.2433556e-05
3,0,0.0,0.00025116286
3,1,1.0,1.0
3,1,1.0,1.0
3,0,0.0,3.7393886e-05
3,1,1.0,1.0
3,0,0.0,4.2394964e-05
3,0,0.0,6.0384664e-05
3,0,0.0,3.993633e-05
3,1,1.0,1.0
3,0,0.0,1.27348385e-05
3,1,1.0,1.0
3,1,1.0,1.0
3,1,1.0,1.0
3,0,0.0,3.0139174e-05
3,0,0.0,1.38942705e-05
3,0,0.0,1.28566335e-05
3,1,1.0,1.0
3,1,1.0,1.0
3,0,0.0,0.0006906497
3,1,1.0,1.0
3,1,1.0,1.0
3,0,0.0,5.151659e-05
3,1,1.0,1.0
3,0,0.0,4.1309035e-05
3,0,0.0,3.9200237e-05
3,1,1.0,1.0
3,1,1.0,1.0
3,0,0.0,4.3904158e-05
3,1,1.0,1.0
3,1,1.0,1.0
3,1,1.0,1.0
3,1,1.0,1.0
3,1,1.0,1.0
3,0,0.0,1.3058197e-05
3,1,1.0,1.0
3,1,1.0,1.0
3,1,1.0,1.0
3,0,0.0,4.047587e-05
3,1,1.0,1.0
3,0,0.0,2.6295249e-05
3,0,0.0,5.4916072e-05
3,1,1.0,1.0
3,0,0.0,4.991324e-05
3,1,1.0,1.0
3,0,0.0,4.7958503e-05
3,1,1.0,1.0
3,1,1.0,1.0
3,0,0.0,5.1446183e-05
3,0,0.0,1.3192945e-05
3,1,1.0,1.0
3,0,0.0,4.557338e-05
3,0,0.0,1.744668e-05
3,1,1.0,1.0
3,1,1.0,1.0
3,0,0.0,3.2872707e-05
3,0,0.0,1.269687e-05
3,1,1.0,1.0
3,1,1.0,1.0
3,0,0.0,4.3368927e-05
3,1,1.0,1.0
3,1,1.0,1.0
3,0,0.0,3.960032e-05
3,0,0.0,4.056374e-05
3,0,0.0,5.5208446e-05
3,0,0.0,9.159196e-05
3,1,1.0,1.0
3,0,0.0,4.6125508e-05
3,0,0.0,4.878878e-05
3,1,1.0,1.0
3,0,0.0,5.5249107e-05
3,0,0.0,4.2245567e-05
3,1,1.0,1.0
3,0,0.0,3.8687365e-05
3,0,0.0,5.60095e-05
3,1,1.0,1.0
3,1,1.0,1.0
3,1,1.0,1.0
3,1,1.0,1.0
3,0,0.0,6.0691676e-05
3,1,1.0,1.0
3,0,0.0,8.261344e-05
3,0,0.0,0.00029249172
3,1,1.0,1.0
3,0,0.0,0.0001380454
3,0,0.0,3.8328806e-05
3,0,0.0,5.112857e-05
3,1,1.0,1.0
3,1,1.0,1.0
3,1,1.0,1.0
3,0,0.0,1.6148342e-05
3,1,1.0,1.0
3,0,0.0,5.3528118e-05
3,1,1.0,1.0
3,0,0.0,4.2199903e-05
3,0,0.0,0.00023375264
3,1,1.0,1.0
3,0,0.0,3.2664833e-05
3,0,0.0,3.5172598e-05
3,0,0.0,3.493702e-05
3,1,1.0,1.0
3,0,0.0,4.595248e-05
3,0,0.0,1.4464679e-05
3,0,0.0,4.6455123e-05
3,0,0.0,0.0001324176
3,0,0.0,4.7883826e-05
3,1,1.0,1.0
3,1,1.0,1.0
3,1,1.0,1.0
3,0,0.0,4.2458938e-05
3,1,1.0,1.0
3,0,0.0,4.7033183e-05
3,0,0.0,4.292517e-05
3,1,1.0,1.0
3,0,0.0,3.5051653e-05
3,0,0.0,5.6249406e-05
3,0,0.0,5.1094157e-05
3,0,0.0,3.9356248e-05
3,1,1.0,1.0
3,1,1.0,1.0
3,0,0.0,5.9532795e-05
3,0,0.0,2.4129336e-05
3,1,1.0,1.0
3,1,1.0,1.0
3,1,1.0,1.0
3,1,1.0,1.0
3,1,1.0,1.0
3,1,1.0,1.0
3,0,0.0,5.6032848e-05
3,0,0.0,5.197768e-05
3,1,1.0,1.0
3,0,0.0,5.5236145e-05
3,0,0.0,4.745905e-05
3,1,1.0,1.0
3,0,0.0,3.7027217e-05
3,1,1.0,1.0
3,0,0.0,4.7229558e-05
3,1,1.0,1.0
3,1,1.0,1.0
3,0,0.0,5.0618444e-05
3,0,0.0,5.8827412e-05
3,0,0.0,0.0001261946
3,1,1.0,1.0
3,0,0.0,6.64463e-05
3,1,1.0,1.0
3,0,0.0,6.2064166e-05
3,1,1.0,1.0
3,1,1.0,1.0
3,0,0.0,4.6973215e-05
3,1,1.0,1.0
3,0,0.0,4.8261852e-05
3,1,1.0,1.0
3,0,0.0,5.2988085e-05
3,1,1.0,1.0
3,0,0.0,4.7369977e-05
3,1,1.0,1.0
3,0,0.0,5.429801e-05
3,1,1.0,1.0
3,1,1.0,1.0
3,0,0.0,4.62972e-05
3,0,0.0,3.6878122e-05
3,0,0.0,6.098314e-05
3,1,1.0,1.0
3,0,0.0,6.2935156e-05
3,0,0.0,3.674311e-05
3,0,0.0,2.8999884e-05
3,0,0.0,0.000492767
3,1,1.0,1.0
3,1,1.0,1.0
3,0,0.0,7.568424e-05
3,1,1.0,1.0
3,1,1.0,1.0
3,1,1.0,1.0
3,1,1.0,1.0
3,0,0.0,5.5574397e-05
3,0,0.0,4.2174153e-05
3,0,0.0,4.2362437e-05
3,0,0.0,9.540673e-05
3,1,1.0,1.0
3,1,1.0,1.0
3,0,0.0,4.9623406e-05
3,0,0.0,3.779863e-05
3,0,0.0,4.6304707e-05
3,1,1.0,1.0
3,0,0.0,5.444459e-05
3,0,0.0,3.5446425e-05
3,1,1.0,1.0
3,1,1.0,1.0
3,0,0.0,4.774257e-05
3,1,1.0,1.0
3,0,0.0,4.4794262e-05
3,0,0.0,0.0008701393
3,1,1.0,1.0
3,0,0.0,5.2615233e-05
3,1,1.0,1.0
3,1,1.0,1.0
3,0,0.0,0.0023076772
3,0,0.0,0.0033128692
3,0,0.0,2.4872668e-05
3,1,1.0,1.0
3,0,0.0,5.3345735e-05
3,0,0.0,4.0568924e-05
3,1,1.0,1.0
3,0,0.0,5.353082e-05
3,0,0.0,9.551733e-05
3,0,0.0,6.4520675e-05
3,1,1.0,1.0
3,1,1.0,1.0
3,0,0.0,4.9974828e-05
3,1,1.0,1.0
3,1,1.0,1.0
3,1,1.0,1.0
3,0,0.0,6.1698294e-05
3,1,1.0,1.0
3,1,1.0,1.0
3,1,1.0,1.0
3,1,1.0,1.0
3,1,1.0,1.0
3,0,0.0,3.7831414e-05
3,0,0.0,3.849372e-05
3,0,0.0,7.127233e-05
3,1,1.0,1.0
3,1,1.0,1.0
3,0,0.0,4.7353038e-05
3,0,0.0,4.817605e-05
3,0,0.0,0.0010195427
3,0,0.0,1.1875428e-05
3,1,1.0,1.0
3,0,0.0,0.00030288356
3,0,0.0,2.8745742e-05
3,0,0.0,4.6208937e-05
3,1,1.0,1.0
3,0,0.0,0.002178872
3,0,0.0,5.14401e-05
3,1,1.0,1.0
3,1,1.0,1.0
3,1,1.0,1.0
3,0,0.0,5.304962e-05
3,0,0.0,0.00016292802
3,0,0.0,1.8029765e-05
3,0,0.0,5.3524847e-05
3,1,1.0,1.0
3,0,0.0,2.7834187e-05
3,0,0.0,2.8687247e-05
3,0,0.0,6.1707826e-05
3,0,0.0,3.9791492e-05
3,1,1.0,1.0
3,0,0.0,4.705131e-05
3,1,1.0,1.0
3,0,0.0,1.6356711e-05
3,1,1.0,1.0
3,1,1.0,1.0
3,0,0.0,4.820105e-05
3,0,0.0,0.00030217346
3,0,0.0,5.3480562e-05
3,1,1.0,1.0
3,1,1.0,1.0
3,1,1.0,1.0
3,1,1.0,1.0
3,0,0.0,3.7418573e-05
3,1,1.0,1.0
3,1,1.0,1.0
3,1,1.0,1.0
3,1,1.0,1.0
3,0,0.0,4.122797e-05
3,0,0.0,4.3709268e-05
3,1,1.0,1.0
3,1,1.0,1.0
3,1,1.0,1.0
3,0,0.0,4.2786094e-05
3,1,1.0,1.0
3,1,1.0,1.0
3,1,1.0,1.0
3,0,0.0,5.3269127e-05
3,0,0.0,3.5182125e-05
3,0,0.0,5.2386928e-05
3,0,0.0,4.496696e-05
3,0,0.0,4.0679955e-05
3,0,0.0,3.934634e-05
3,0,0.0,2.8511877e-05
3,0,0.0,3.615027e-05
3,0,0.0,6.2155144e-05
3,0,0.0,2.7417489e-05
3,1,1.0,1.0
3,0,0.0,3.1617994e-05
3,0,0.0,0.0026374955
3,0,0.0,0.00030188958
3,1,1.0,1.0
3,1,1.0,1.0
3,0,0.0,5.327167e-05
3,1,1.0,1.0
3,1,1.0,1.0
3,1,1.0,1.0
3,0,0.0,5.894815e-05
3,0,0.0,5.418385e-05
3,1,1.0,1.0
3,0,0.0,4.9344846e-05
3,0,0.0,5.1630934e-05
3,1,1.0,1.0
3,1,1.0,1.0
3,0,0.0,5.671012e-05
3,1,1.0,1.0
3,1,1.0,1.0
3,1,1.0,1.0
3,0,0.0,5.1349332e-05
3,1,1.0,1.0
3,1,1.0,1.0
3,0,0.0,5.173182e-05
3,1,1.0,1.0
3,1,1.0,1.0
3,0,0.0,4.7239784e-05
3,1,1.0,1.0
3,1,1.0,1.0
3,1,1.0,1.0
3,0,0.0,5.449529e-05
3,1,1.0,1.0
3,1,1.0,1.0
3,1,1.0,1.0
3,1,1.0,1.0
3,0,0.0,4.850783e-05
3,1,1.0,1.0
3,1,1.0,1.0
3,0,0.0,1.8785808e-05
3,1,1.0,1.0
3,1,1.0,1.0
3,0,0.0,3.7610218e-05
3,1,1.0,1.0
3,1,1.0,1.0
3,1,1.0,1.0
3,0,0.0,4.9253216e-05
3,0,0.0,5.235137e-05
3,0,0.0,5.652644e-05
3,1,1.0,1.0
3,1,1.0,1.0
3,1,1.0,1.0
3,1,1.0,1.0
3,1,1.0,1.0
3,0,0.0,4.91031e-05
3,0,0.0,6.150627e-05
3,0,0.0,4.251375e-05
3,1,1.0,1.0
3,0,0.0,4.7682784e-05
3,0,0.0,3.40084e-05
3,0,0.0,4.8068803e-05
3,0,0.0,4.7164966e-05
3,0,0.0,1.9201441e-05
3,1,1.0,1.0
3,1,1.0,1.0
3,0,0.0,4.4710447e-05
3,0,0.0,4.8233323e-05
3,0,0.0,0.00076323195
3,1,1.0,1.0
3,0,0.0,5.2311592e-05
3,0,0.0,4.13692e-05
3,1,1.0,1.0
3,1,1.0,1.0
3,0,0.0,4.9900344e-05
3,1,1.0,1.0
3,1,1.0,1.0
3,0,0.0,1.9370484e-05
3,0,0.0,5.0945768e-05
3,0,0.0,8.223146e-05
3,0,0.0,3.4178443e-05
3,1,1.0,1.0
3,0,0.0,0.0026730471
3,0,0.0,8.9521876e-05
3,1,1.0,1.0
3,1,1.0,1.0
3,1,1.0,1.0
3,1,1.0,1.0
3,0,0.0,5.2819738e-05
3,0,0.0,5.6446122e-05
3,1,1.0,1.0
3,1,1.0,1.0
3,0,0.0,5.059152e-05
3,0,0.0,5.308687e-05
3,1,1.0,1.0
3,0,0.0,5.079732e-05
3,0,0.0,0.00067648885
3,1,1.0,1.0
3,0,0.0,4.8236085e-05
3,0,0.0,5.4095617e-05
3,1,1.0,1.0
3,0,0.0,4.337112e-05
3,1,1.0,1.0
3,1,1.0,1.0
3,1,1.0,1.0
3,1,1.0,1.0
3,0,0.0,0.0024355045
3,1,1.0,1.0
3,0,0.0,3.832369e-05
3,0,0.0,2.8034701e-05
3,1,1.0,1.0
3,1,1.0,1.0
3,0,0.0,4.3235217e-05
3,0,0.0,1.7833501e-05
3,1,1.0,1.0
3,1,1.0,1.0
3,0,0.0,5.4498094e-05
3,1,1.0,1.0
3,0,0.0,8.0016944e-05
3,0,0.0,5.6360117e-05
3,0,0.0,8.1484126e-05
3,0,0.0,5.4221484e-05
3,1,1.0,1.0
3,0,0.0,1.355402e-05
3,0,0.0,4.8926184e-05
3,0,0.0,5.3241598e-05
3,1,1.0,1.0
3,0,0.0,4.1930172e-05
3,1,1.0,1.0
3,1,1.0,1.0
3,0,0.0,0.0001183309
3,0,0.0,4.4557895e-05
3,1,1.0,1.0
3,0,0.0,4.1078834e-05
3,1,1.0,1.0
3,1,1.0,1.0
3,0,0.0,5.542742e-05
3,1,1.0,1.0
3,0,0.0,4.8080863e-05
3,0,0.0,4.1852676e-05
3,0,0.0,3.9343453e-05
3,0,0.0,2.5548135e-05
3,1,1.0,1.0
3,1,1.0,1.0
3,0,0.0,4.8118378e-05
3,1,1.0,1.0
3,1,1.0,1.0
3,0,0.0,5.625123e-05
3,0,0.0,6.886734e-05
3,1,1.0,1.0
3,0,0.0,4.909303e-05
3,1,1.0,1.0
3,0,0.0,4.7283273e-05
3,0,0.0,4.182283e-05
3,1,1.0,1.0
3,0,0.0,0.0068796123
3,1,1.0,0.99999994
3,0,0.0,0.0032838455
3,1,1.0,1.0
3,0,0.0,5.8634694e-05
3,0,0.0,5.328112e-05
3,0,0.0,4.2678876e-05
3,0,0.0,5.5407283e-05
3,0,0.0,6.998273e-05
3,0,0.0,1.805113e-05
3,1,1.0,1.0
3,0,0.0,4.866332e-05
3,1,1.0,1.0
3,0,0.0,5.174297e-05
3,1,1.0,1.0
3,0,0.0,3.5335048e-05
3,1,1.0,1.0
3,1,1.0,1.0
3,0,0.0,4.7535144e-05
3,0,0.0,3.6173726e-05
3,0,0.0,5.1156665e-05
3,0,0.0,5.240586e-05
3,1,1.0,1.0
3,0,0.0,4.9507034e-05
3,1,1.0,1.0
3,1,1.0,1.0
3,1,1.0,1.0
3,1,1.0,1.0
3,0,0.0,5.9029833e-05
3,0,0.0,4.7168294e-05
3,1,1.0,1.0
3,0,0.0,5.4060496e-05
3,0,0.0,6.420917e-05
3,1,1.0,1.0
3,0,0.0,2.5945448e-05
3,1,1.0,1.0
3,0,0.0,0.00015204013
3,0,0.0,6.038259e-05
3,0,0.0,5.6828085e-05
3,1,1.0,1.0
3,1,1.0,1.0
3,0,0.0,4.9437775e-05
3,0,0.0,3.9436345e-05
3,0,0.0,0.0005358788
3,1,1.0,1.0
3,0,0.0,0.00028255672
3,1,1.0,1.0
3,1,1.0,1.0
3,0,0.0,4.791416e-05
3,0,0.0,4.0611383e-05
3,0,0.0,5.4455806e-05
3,0,0.0,4.562055e-05
3,1,1.0,1.0
3,0,0.0,5.490623e-05
3,1,1.0,1.0
3,1,1.0,1.0
3,1,1.0,1.0
3,0,0.0,5.394473e-05
3,0,0.0,5.39614e-05
3,1,1.0,1.0
3,0,0.0,5.706442e-05
3,0,0.0,4.5198347e-05
3,1,1.0,1.0
3,1,1.0,1.0
3,1,1.0,1.0
3,0,0.0,5.2769392e-05
3,0,0.0,5.013731e-05
3,1,1.0,1.0
3,1,1.0,1.0
3,1,1.0,1.0
3,1,1.0,1.0
3,0,0.0,6.3884676e-05
3,0,0.0,5.2673113e-05
3,1,1.0,1.0
3,1,1.0,1.0
3,0,0.0,3.994509e-05
3,1,1.0,1.0
3,0,0.0,3.9624232e-05
3,1,1.0,1.0
3,1,1.0,1.0
3,0,0.0,2.536613e-05
3,0,0.0,5.060469e-05
3,1,1.0,1.0
3,1,1.0,1.0
3,1,1.0,1.0
3,1,1.0,1.0
3,0,0.0,3.835067e-05
3,1,1.0,1.0
3,0,0.0,3.966661e-05
3,0,0.0,4.1141877e-05
3,1,1.0,1.0
3,1,1.0,1.0
3,0,0.0,3.0521347e-05
3,0,0.0,4.7928603e-05
3,1,1.0,1.0
3,0,0.0,4.109921e-05
3,0,0.0,3.373156e-05
3,0,0.0,6.1284954e-05
3,1,1.0,1.0
3,0,0.0,1.9061557e-05
3,0,0.0,5.285113e-05
3,0,0.0,3.5349065e-05
3,0,0.0,4.7090092e-05
3,1,1.0,1.0
3,1,1.0,1.0
3,1,1.0,1.0
3,0,0.0,4.6333455e-05
3,0,0.0,5.1348547e-05
3,0,0.0,3.4864795e-05
3,0,0.0,1.8686e-05
3,1,1.0,1.0
3,1,1.0,1.0
3,1,1.0,1.0
3,0,0.0,6.3134125e-05
3,1,1.0,1.0
3,0,0.0,6.320665e-05
3,0,0.0,3.161516e-05
3,1,1.0,1.0
3,1,1.0,1.0
3,0,0.0,4.6315698e-05
3,0,0.0,4.393431e-05
3,1,1.0,1.0
3,0,0.0,6.369495e-05
3,1,1.0,1.0
3,0,0.0,9.858188e-05
3,0,0.0,3.5954676e-05
3,0,0.0,6.0640996e-05
3,1,1.0,1.0
3,0,0.0,4.2522268e-05
3,0,0.0,4.5995883e-05
3,0,0.0,4.637501e-05
3,0,0.0,4.629309e-05
3,1,1.0,1.0
3,1,1.0,1.0
3,0,0.0,2.720325e-05
3,0,0.0,4.1595395e-05
3,0,0.0,4.7090904e-05
3,1,1.0,1.0
3,1,1.0,1.0
3,0,0.0,4.9216877e-05
3,0,0.0,5.0287428e-05
3,1,1.0,1.0
3,0,0.0,4.3318505e-05
3,1,1.0,1.0
3,0,0.0,0.00010141994
3,1,1.0,1.0
3,0,0.0,4.1020783e-05
3,0,0.0,6.52958e-05
3,0,0.0,5.0974093e-05
3,1,1.0,1.0
3,1,1.0,0.99999994
3,1,1.0,1.0
3,0,0.0,0.00039377745
3,1,1.0,1.0
3,0,0.0,5.988502e-05
3,1,1.0,1.0
3,1,1.0,1.0
3,0,0.0,5.717483e-05
3,0,0.0,4.3553948e-05
3,1,1.0,1.0
3,0,0.0,0.0060973046
3,1,1.0,1.0
3,0,0.0,6.382178e-05
3,0,0.0,4.6079826e-05
3,1,1.0,1.0
3,0,0.0,4.7552778e-05
3,0,0.0,0.00028071392
3,1,1.0,1.0
3,0,0.0,5.7483612e-05
3,1,1.0,1.0
3,0,0.0,4.4323322e-05
3,0,0.0,4.551383e-05
3,1,1.0,1.0
3,1,1.0,1.0
3,0,0.0,4.1478543e-05
3,0,0.0,3.138479e-05
3,0,0.0,5.218449e-05
3,1,1.0,1.0
3,0,0.0,2.940606e-05
3,0,0.0,3.6418507e-05
3,1,1.0,1.0
3,0,0.0,5.526085e-05
3,0,0.0,0.00027733282
3,1,1.0,1.0
3,0,0.0,3.780584e-05
3,1,1.0,1.0
3,0,0.0,4.780768e-05
3,0,0.0,0.00041519204
3,1,1.0,1.0
3,0,0.0,3.454453e-05
3,1,1.0,1.0
3,1,1.0,1.0
3,1,1.0,1.0
3,1,1.0,1.0
3,0,0.0,4.5641875e-05
3,0,0.0,5.1282095e-05
3,0,0.0,4.303883e-05
3,0,0.0,4.4233464e-05
3,0,0.0,4.9349317e-05
3,1,1.0,1.0
3,0,0.0,4.096312e-05
3,0,0.0,5.887405e-05
3,1,1.0,1.0
3,1,1.0,1.0
3,1,1.0,1.0
3,0,0.0,4.691658e-05
3,0,0.0,0.0003257196
3,0,0.0,4.282283e-05
3,0,0.0,4.4804903e-05
3,1,1.0,1.0
3,1,1.0,1.0
3,1,1.0,1.0
3,0,0.0,3.6705216e-05
3,1,1.0,1.0
3,1,1.0,1.0
3,0,0.0,5.154853e-05
3,1,1.0,1.0
3,0,0.0,4.2038995e-05
3,1,1.0,1.0
3,1,1.0,1.0
3,1,1.0,1.0
3,0,0.0,4.414375e-05
3,0,0.0,4.8517963e-05
3,1,1.0,1.0
3,1,1.0,1.0
3,0,0.0,6.239673e-05
3,0,0.0,4.5647794e-05
3,0,0.0,8.962651e-05
3,1,1.0,1.0
3,1,1.0,1.0
3,0,0.0,0.00031535124
3,1,1.0,1.0
3,1,1.0,1.0
3,0,0.0,4.858713e-05
3,1,1.0,1.0
3,1,1.0,1.0
3,1,1.0,1.0
3,1,1.0,1.0
3,1,1.0,1.0
3,1,1.0,1.0
3,1,1.0,1.0
3,1,1.0,1.0
3,1,1.0,1.0
3,1,1.0,1.0
3,0,0.0,5.366694e-05
3,1,1.0,1.0
3,1,1.0,1.0
3,1,1.0,1.0
3,1,1.0,1.0
3,0,0.0,4.2674765e-05
3,1,1.0,1.0
3,0,0.0,1.7322867e-05
3,1,1.0,1.0
3,1,1.0,1.0
3,1,1.0,1.0
3,1,1.0,1.0
3,0,0.0,4.8793714e-05
3,0,0.0,3.7059468e-05
3,1,1.0,1.0
3,0,0.0,4.5015055e-05
3,0,0.0,4.4020915e-05
3,1,1.0,1.0
3,0,0.0,4.3828182e-05
3,0,0.0,4.0991024e-05
3,1,1.0,1.0
3,0,0.0,4.0133942e-05
3,1,1.0,1.0
3,0,0.0,5.8187412e-05
3,0,0.0,3.680318e-05
3,0,0.0,3.39883e-05
3,0,0.0,3.9313036e-05
3,0,0.0,3.3032815e-05
3,0,0.0,3.150783e-05
3,1,1.0,1.0
3,1,1.0,1.0
3,0,0.0,5.117921e-05
3,1,1.0,1.0
3,1,1.0,0.99999994
3,1,1.0,1.0
3,1,1.0,1.0
3,1,1.0,1.0
3,0,0.0,3.981844e-05
3,0,0.0,4.8874044e-05
3,1,1.0,1.0
3,0,0.0,4.6173347e-05
3,0,0.0,3.8295926e-05
3,1,1.0,1.0
3,1,1.0,1.0
3,1,1.0,1.0
3,0,0.0,7.1375776e-05
3,0,0.0,4.5075154e-05
3,1,1.0,1.0
3,0,0.0,4.0564515e-05
3,0,0.0,4.6497233e-05
3,0,0.0,3.3699504e-05
3,0,0.0,0.00016766538
3,0,0.0,4.440125e-05
3,0,0.0,4.267322e-05
3,0,0.0,4.742742e-05
3,1,1.0,1.0
3,0,0.0,2.7248787e-05
3,1,1.0,1.0
3,0,0.0,3.1898988e-05
3,1,1.0,1.0
3,1,1.0,1.0
3,1,1.0,1.0
3,1,1.0,1.0
3,0,0.0,4.9846745e-05
3,0,0.0,6.448456e-05
3,0,0.0,4.99091e-05
3,0,0.0,5.0555398e-05
3,1,1.0,1.0
3,0,0.0,8.267018e-05
3,0,0.0,6.176023e-05
3,0,0.0,4.8135866e-05
3,1,1.0,1.0
3,0,0.0,4.2439344e-05
3,1,1.0,1.0
3,0,0.0,3.213758e-05
3,0,0.0,1.656679e-05
3,1,1.0,1.0
3,0,0.0,5.530382e-05
3,0,0.0,3.322322e-05
3,0,0.0,2.4104265e-05
3,1,1.0,1.0
3,1,1.0,1.0
3,0,0.0,3.6569723e-05
3,0,0.0,4.896455e-05
3,1,1.0,1.0
3,1,1.0,1.0
3,1,1.0,1.0
3,1,1.0,1.0
3,0,0.0,4.8897124e-05
3,0,0.0,5.5588498e-05
3,1,1.0,1.0
3,1,1.0,1.0
3,0,0.0,4.658573e-05
3,1,1.0,1.0
3,1,1.0,1.0
3,1,1.0,1.0
3,1,1.0,1.0
3,1,1.0,1.0
3,1,1.0,1.0
3,1,1.0,1.0
3,1,1.0,1.0
3,0,0.0,4.4924185e-05
3,0,0.0,5.4642976e-05
3,0,0.0,4.7377882e-05
3,0,0.0,5.04102e-05
3,1,1.0,1.0
3,0,0.0,4.3553282e-05
3,0,0.0,5.793051e-05
3,1,1.0,1.0
3,0,0.0,5.2275685e-05
3,1,1.0,1.0
3,1,1.0,1.0
3,1,1.0,1.0
3,0,0.0,3.4710898e-05
3,0,0.0,5.710814e-05
3,1,1.0,1.0
3,1,1.0,1.0
3,0,0.0,1.8285642e-05
3,1,1.0,1.0
3,1,1.0,1.0
3,0,0.0,2.6751646e-05
3,0,0.0,5.023859e-05
3,0,0.0,0.00030236368
3,1,1.0,1.0
3,1,1.0,1.0
3,0,0.0,0.00014023799
3,1,1.0,1.0
3,0,0.0,3.0563264e-05
3,1,1.0,1.0
3,0,0.0,5.1590327e-05
3,0,0.0,0.0003680963
3,0,0.0,6.472841e-05
3,1,1.0,1.0
3,0,0.0,6.277296e-05
3,0,0.0,4.391236e-05
3,1,1.0,1.0
3,1,1.0,1.0
3,1,1.0,1.0
3,0,0.0,3.9459104e-05
3,0,0.0,4.1312425e-05
3,0,0.0,1.6596267e-05
3,0,0.0,5.203016e-05
3,1,1.0,1.0
3,1,1.0,1.0
3,1,1.0,1.0
3,1,1.0,1.0
3,0,0.0,0.00021319365
3,1,1.0,1.0
3,0,0.0,3.741561e-05
3,1,1.0,1.0
3,1,1.0,1.0
3,1,1.0,1.0
3,1,1.0,1.0
3,0,0.0,1.2196317e-05
3,1,1.0,1.0
3,1,1.0,1.0
3,0,0.0,6.361008e-05
3,0,0.0,5.441832e-05
3,0,0.0,4.1326533e-05
3,1,1.0,1.0
3,1,1.0,1.0
3,1,1.0,1.0
3,1,1.0,1.0
3,1,1.0,1.0
3,1,1.0,1.0
3,0,0.0,2.8248593e-05
3,0,0.0,0.0038769338
3,0,0.0,1.3561572e-05
3,1,1.0,1.0
3,1,1.0,1.0
3,1,1.0,1.0
3,0,0.0,5.7741447e-05
3,0,0.0,5.4820743e-05
3,0,0.0,4.3284144e-05
3,0,0.0,0.000108342974
3,1,1.0,1.0
3,0,0.0,3.6299818e-05
3,1,1.0,1.0
3,1,1.0,1.0
3,0,0.0,7.512762e-05
3,1,1.0,1.0
3,0,0.0,3.7308506e-05
3,0,0.0,5.4921416e-05
3,1,1.0,1.0
3,1,1.0,1.0
3,0,0.0,4.87665e-05
3,0,0.0,1.6295196e-05
3,0,0.0,4.852398e-05
3,1,1.0,1.0
3,0,0.0,5.9362323e-05
3,0,0.0,3.1547635e-05
3,0,0.0,0.00020619172
3,1,1.0,1.0
3,1,1.0,1.0
3,0,0.0,3.3090324e-05
3,1,1.0,1.0
3,1,1.0,1.0
3,1,1.0,1.0
3,1,1.0,1.0
3,1,1.0,1.0
3,0,0.0,4.5473615e-05
3,1,1.0,1.0
3,0,0.0,0.00010849289
3,0,0.0,4.262982e-05
3,0,0.0,5.914918e-05
3,1,1.0,1.0
3,1,1.0,1.0
3,0,0.0,4.2397147e-05
3,1,1.0,1.0
3,0,0.0,4.862264e-05
3,0,0.0,2.571545e-05
3,0,0.0,4.132464e-05
3,1,1.0,1.0
3,1,1.0,1.0
3,0,0.0,4.530027e-05
3,0,0.0,4.2172105e-05
3,0,0.0,4.043166e-05
3,0,0.0,3.0260537e-05
3,0,0.0,4.1784635e-05
3,1,1.0,1.0
3,0,0.0,5.119795e-05
3,1,1.0,1.0
3,0,0.0,5.4521177e-05
3,1,1.0,1.0
3,0,0.0,4.9691593e-05
3,0,0.0,4.8761198e-05
3,1,1.0,1.0
3,1,1.0,1.0
3,0,0.0,0.000106835796
3,1,1.0,1.0
3,0,0.0,1.6675383e-05
3,0,0.0,4.6326917e-05
3,0,0.0,7.75847e-05
3,1,1.0,1.0
3,0,0.0,4.33102e-05
3,1,1.0,1.0
3,0,0.0,0.00012623458
3,0,0.0,3.42196e-05
3,1,1.0,1.0
3,0,0.0,4.5218436e-05
3,1,1.0,1.0
3,1,1.0,1.0
3,1,1.0,1.0
3,0,0.0,6.487401e-05
3,1,1.0,1.0
3,1,1.0,1.0
3,1,1.0,1.0
3,1,1.0,1.0
3,0,0.0,4.8396385e-05
3,1,1.0,1.0
3,0,0.0,6.028225e-05
3,1,1.0,1.0
3,1,1.0,1.0
3,1,1.0,1.0
3,1,1.0,1.0
3,1,1.0,0.99999994
3,1,1.0,1.0
3,1,1.0,1.0
3,0,0.0,5.801216e-05
3,1,1.0,1.0
3,1,1.0,1.0
3,1,1.0,1.0
3,0,0.0,6.3141226e-05
3,1,1.0,1.0
3,0,0.0,4.3625987e-05
3,1,1.0,1.0
3,0,0.0,4.116586e-05
3,1,1.0,1.0
3,1,1.0,1.0
3,0,0.0,5.249715e-05
3,0,0.0,4.60989e-05
3,1,1.0,1.0
3,1,1.0,1.0
3,1,1.0,1.0
3,0,0.0,0.0002637068
3,0,0.0,3.9170416e-05
3,0,0.0,6.2283536e-05
3,1,1.0,1.0
3,1,1.0,1.0
3,0,0.0,4.3991076e-05
3,1,1.0,1.0
3,1,1.0,1.0
3,1,1.0,1.0
3,1,1.0,1.0
3,0,0.0,5.7180558e-05
3,1,1.0,1.0
3,1,1.0,1.0
3,0,0.0,0.0005433818
3,1,1.0,1.0
3,1,1.0,1.0
3,1,1.0,1.0
3,1,1.0,1.0
3,1,1.0,1.0
3,0,0.0,6.261274e-05
3,1,1.0,1.0
3,0,0.0,4.475242e-05
3,1,1.0,1.0
3,0,0.0,0.0004126885
3,1,1.0,1.0
3,1,1.0,1.0
3,0,0.0,3.7326798e-05
3,1,1.0,1.0
3,1,1.0,1.0
3,0,0.0,5.2671152e-05
3,0,0.0,1.7598879e-05
3,1,1.0,1.0
3,1,1.0,1.0
3,1,1.0,1.0
3,0,0.0,5.7439553e-05
3,1,1.0,1.0
3,0,0.0,5.363634e-05
3,0,0.0,6.103498e-05
3,0,0.0,4.2317377e-05
3,0,0.0,5.9507875e-05
3,0,0.0,5.7805188e-05
3,1,1.0,1.0
3,1,1.0,1.0
3,1,1.0,1.0
3,0,0.0,6.058805e-05
3,0,0.0,5.141617e-05
3,0,0.0,0.000103971826
3,1,1.0,1.0
3,0,0.0,2.890648e-05
3,0,0.0,4.3411175e-05
3,1,1.0,1.0
3,1,1.0,1.0
3,0,0.0,5.0063354e-05
3,0,0.0,7.644696e-05
3,1,1.0,1.0
3,0,0.0,4.631014e-05
3,1,1.0,1.0
3,0,0.0,5.3003198e-05
3,1,1.0,1.0
3,1,1.0,1.0
3,1,1.0,1.0
3,0,0.0,6.1695355e-05
3,0,0.0,5.9663107e-05
3,1,1.0,1.0
3,1,1.0,0.99999994
3,1,1.0,1.0
3,0,0.0,4.376316e-05
3,1,1.0,1.0
3,1,1.0,1.0
3,0,0.0,5.201944e-05
3,1,1.0,1.0
3,0,0.0,5.252619e-05
3,1,1.0,1.0
3,0,0.0,3.7730275e-05
3,0,0.0,4.5079883e-05
3,1,1.0,1.0
3,0,0.0,1.1955541e-05
3,1,1.0,1.0
3,1,1.0,1.0
3,1,1.0,1.0
3,1,1.0,1.0
3,0,0.0,5.975376e-05
3,1,1.0,1.0
3,1,1.0,1.0
3,0,0.0,3.2871576e-05
3,0,0.0,4.3655324e-05
3,1,1.0,1.0
3,1,1.0,1.0
3,0,0.0,0.000107718806
3,0,0.0,4.631782e-05
3,0,0.0,6.426412e-05
3,0,0.0,2.4630843e-05
3,0,0.0,5.006708e-05
3,1,1.0,1.0
3,0,0.0,5.3788266e-05
3,1,1.0,1.0
3,0,0.0,0.0032985117
3,0,0.0,4.3870255e-05
3,0,0.0,4.9816426e-05
3,1,1.0,1.0
3,0,0.0,0.0045379167
3,0,0.0,5.1990177e-05
3,1,1.0,1.0
3,0,0.0,4.81254e-05
3,0,0.0,4.7254878e-05
3,1,1.0,1.0
3,0,0.0,4.9892442e-05
3,1,1.0,1.0
3,0,0.0,5.14798e-05
3,1,1.0,1.0
3,1,1.0,1.0
3,1,1.0,1.0
3,1,1.0,1.0
3,0,0.0,6.8746405e-05
3,1,1.0,1.0
3,1,1.0,1.0
3,0,0.0,3.841462e-05
3,0,0.0,4.7754547e-05
3,1,1.0,1.0
3,0,0.0,5.6599314e-05
3,0,0.0,4.634517e-05
3,1,1.0,1.0
3,1,1.0,1.0
3,0,0.0,4.6528592e-05
3,1,1.0,1.0
3,0,0.0,5.7397716e-05
3,1,1.0,1.0
3,0,0.0,1.916988e-05
3,1,1.0,1.0
3,1,1.0,1.0
3,1,1.0,1.0
3,1,1.0,1.0
3,0,0.0,5.2199422e-05
3,1,1.0,1.0
3,0,0.0,5.238553e-05
3,0,0.0,5.3342945e-05
3,0,0.0,9.173775e-05
3,1,1.0,1.0
3,0,0.0,4.819278e-05
3,1,1.0,1.0
3,0,0.0,3.9141705e-05
3,1,1.0,1.0
3,0,0.0,4.3296943e-05
3,0,0.0,5.027122e-05
3,0,0.0,3.4118035e-05
3,0,0.0,0.00061840453
3,1,1.0,1.0
3,1,1.0,1.0
3,1,1.0,1.0
3,1,1.0,1.0
3,1,1.0,1.0
3,1,1.0,1.0
3,1,1.0,1.0
3,1,1.0,1.0
3,1,1.0,1.0
3,0,0.0,3.9938233e-05
3,1,1.0,1.0
3,1,1.0,1.0
3,1,1.0,1.0
3,0,0.0,5.504012e-05
3,0,0.0,5.5902354e-05
3,1,1.0,1.0
3,0,0.0,4.7280115e-05
3,1,1.0,1.0
3,1,1.0,1.0
3,1,1.0,1.0
3,0,0.0,0.00075984764
3,1,1.0,1.0
3,0,0.0,5.4675133e-05
3,0,0.0,5.429982e-05
3,0,0.0,0.000102210826
3,0,0.0,4.875869e-05
3,1,1.0,1.0
3,1,1.0,1.0
3,0,0.0,4.6018788e-05
3,1,1.0,1.0
3,1,1.0,1.0
3,1,1.0,1.0
3,0,0.0,3.006514e-05
3,0,0.0,6.0748185e-05
3,0,0.0,4.1579926e-05
3,1,1.0,1.0
3,1,1.0,1.0
3,0,0.0,3.3484714e-05
3,0,0.0,4.4265962e-05
3,0,0.0,3.5537538e-05
3,0,0.0,5.842996e-05
3,0,0.0,5.980934e-05
3,1,1.0,1.0
3,0,0.0,4.574689e-05
3,1,1.0,1.0
3,1,1.0,1.0
3,1,1.0,1.0
3,1,1.0,1.0
3,0,0.0,4.5802422e-05
3,1,1.0,1.0
3,0,0.0,4.882066e-05
3,1,1.0,1.0
3,1,1.0,1.0
3,1,1.0,1.0
3,0,0.0,1.8832661e-05
3,1,1.0,1.0
3,0,0.0,0.0002963106
3,1,1.0,1.0
3,0,0.0,3.6870493e-05
3,1,1.0,1.0
3,1,1.0,1.0
3,1,1.0,1.0
3,1,1.0,1.0
3,1,1.0,1.0
3,1,1.0,1.0
3,0,0.0,4.438584e-05
3,0,0.0,1.731973e-05
3,0,0.0,5.405705e-05
3,1,1.0,1.0
3,1,1.0,1.0
3,1,1.0,1.0
3,1,1.0,1.0
3,1,1.0,1.0
3,1,1.0,1.0
3,1,1.0,1.0
3,0,0.0,4.3599157e-05
3,0,0.0,9.7585595e-05
3,1,1.0,1.0
3,1,1.0,1.0
3,0,0.0,3.4623157e-05
3,0,0.0,3.3663084e-05
3,1,1.0,1.0
3,1,1.0,1.0
3,1,1.0,1.0
3,0,0.0,0.00010650286
3,1,1.0,1.0
3,0,0.0,6.055801e-05
3,0,0.0,4.366057e-05
3,0,0.0,5.3092645e-05
3,1,1.0,1.0
3,1,1.0,1.0
3,1,1.0,1.0
3,0,0.0,5.145575e-05
3,1,1.0,1.0
3,0,0.0,4.5862907e-05
3,1,1.0,1.0
3,0,0.0,2.5302877e-05
3,0,0.0,5.4176107e-05
3,1,1.0,1.0
3,1,1.0,1.0
3,0,0.0,3.800741e-05
3,1,1.0,1.0
3,0,0.0,8.210092e-05
3,0,0.0,3.7021287e-05
3,0,0.0,4.228724e-05
3,1,1.0,1.0
3,1,1.0,1.0
3,1,1.0,1.0
3,0,0.0,1.1998074e-05
3,0,0.0,4.7967653e-05
3,1,1.0,1.0
3,0,0.0,4.3180087e-05
3,1,1.0,1.0
3,1,1.0,1.0
3,0,0.0,2.8271232e-05
3,0,0.0,4.7451264e-05
3,1,1.0,1.0
3,1,1.0,1.0
3,0,0.0,5.8024336e-05
3,0,0.0,4.471987e-05
3,0,0.0,4.904231e-05
3,0,0.0,1.730223e-05
3,1,1.0,1.0
3,0,0.0,3.778623e-05
3,0,0.0,6.174998e-05
3,1,1.0,1.0
3,1,1.0,1.0
3,1,1.0,1.0
3,0,0.0,3.559964e-05
3,0,0.0,2.5572142e-05
3,0,0.0,0.00012606784
3,0,0.0,6.2001054e-05
3,1,1.0,1.0
3,1,1.0,1.0
3,1,1.0,1.0
3,0,0.0,5.0862753e-05
3,0,0.0,4.6971425e-05
3,1,1.0,1.0
3,0,0.0,5.617586e-05
3,1,1.0,1.0
3,1,1.0,1.0
3,1,1.0,1.0
3,1,1.0,1.0
3,0,0.0,6.923292e-05
3,0,0.0,5.567173e-05
3,0,0.0,4.6160098e-05
3,0,0.0,5.4017728e-05
3,0,0.0,0.00020711483
3,0,0.0,4.319582e-05
3,1,1.0,1.0
3,1,1.0,1.0
3,0,0.0,4.4737444e-05
3,1,1.0,1.0
3,0,0.0,4.9143902e-05
3,0,0.0,5.4390828e-05
3,0,0.0,0.00014363354
3,1,1.0,1.0
3,0,0.0,2.6970612e-05
3,0,0.0,5.775372e-05
3,0,0.0,2.8420503e-05
3,0,0.0,4.9250302e-05
3,0,0.0,5.4630626e-05
3,1,1.0,1.0
3,0,0.0,5.0233702e-05
3,0,0.0,4.4062912e-05
3,0,0.0,4.6925037e-05
3,0,0.0,5.7021723e-05
3,1,1.0,1.0
3,1,1.0,1.0
3,0,0.0,4.7418514e-05
3,1,1.0,1.0
3,1,1.0,1.0
3,1,1.0,1.0
3,0,0.0,4.9759594e-05
3,1,1.0,1.0
3,0,0.0,0.0030204672
3,0,0.0,0.00072657317
3,1,1.0,1.0
3,1,1.0,1.0
3,0,0.0,4.085159e-05
3,0,0.0,0.00021238798
3,1,1.0,1.0
3,1,1.0,1.0
3,0,0.0,4.4542812e-05
3,1,1.0,1.0
3,0,0.0,5.5042117e-05
3,1,1.0,0.99999994
3,0,0.0,4.9748873e-05
3,1,1.0,1.0
3,0,0.0,5.3608983e-05
3,1,1.0,1.0
3,1,1.0,1.0
3,1,1.0,1.0
3,1,1.0,1.0
3,1,1.0,1.0
3,1,1.0,1.0
3,1,1.0,1.0
3,0,0.0,4.20087e-05
3,1,1.0,1.0
3,1,1.0,1.0
3,1,1.0,1.0
3,0,0.0,4.9216218e-05
3,0,0.0,5.3848515e-05
3,1,1.0,1.0
3,1,1.0,1.0
3,1,1.0,1.0
3,0,0.0,6.41823e-05
3,1,1.0,1.0
3,0,0.0,5.0450504e-05
3,0,0.0,0.00011419717
3,0,0.0,4.704534e-05
3,0,0.0,4.206149e-05
3,0,0.0,4.9353785e-05
3,0,0.0,5.0962524e-05
3,1,1.0,1.0
3,1,1.0,1.0
3,0,0.0,4.0450483e-05
3,1,1.0,1.0
3,0,0.0,3.8582395e-05
3,1,1.0,1.0
3,1,1.0,1.0
3,1,1.0,1.0
3,1,1.0,1.0
3,1,1.0,1.0
3,0,0.0,1.376564e-05
3,0,0.0,4.499021e-05
3,1,1.0,1.0
3,0,0.0,5.8727022e-05
3,0,0.0,4.385327e-05
3,0,0.0,5.9194204e-05
3,0,0.0,5.8291324e-05
3,0,0.0,4.4727974e-05
3,1,1.0,1.0
3,1,1.0,1.0
3,1,1.0,1.0
3,1,1.0,1.0
3,1,1.0,1.0
3,1,1.0,1.0
3,1,1.0,1.0
3,0,0.0,6.665268e-05
3,1,1.0,1.0
3,1,1.0,1.0
3,1,1.0,1.0
3,1,1.0,1.0
3,1,1.0,1.0
3,1,1.0,1.0
3,0,0.0,3.2825592e-05
3,0,0.0,4.739731e-05
3,0,0.0,4.6112356e-05
3,0,0.0,4.1118812e-05
3,0,0.0,5.9073638e-05
3,0,0.0,5.1804684e-05
3,1,1.0,1.0
3,1,1.0,1.0
3,0,0.0,5.9896272e-05
3,1,1.0,1.0
3,0,0.0,0.002513095
3,1,1.0,1.0
3,0,0.0,4.7993086e-05
3,1,1.0,1.0
3,0,0.0,6.04861e-05
3,1,1.0,0.99999994
3,0,0.0,3.536525e-05
3,1,1.0,1.0
3,0,0.0,3.388503e-05
3,0,0.0,0.0003022294
3,1,1.0,1.0
3,1,1.0,1.0
3,0,0.0,4.9864717e-05
3,1,1.0,1.0
3,1,1.0,1.0
3,1,1.0,1.0
3,1,1.0,1.0
3,1,1.0,1.0
3,0,0.0,3.4268327e-05
3,0,0.0,4.7299014e-05
3,1,1.0,1.0
3,0,0.0,5.1252468e-05
3,0,0.0,5.3601674e-05
3,1,1.0,1.0
3,0,0.0,6.80035e-05
3,1,1.0,1.0
3,1,1.0,1.0
3,0,0.0,3.9136066e-05
3,0,0.0,4.5502977e-05
3,1,1.0,1.0
3,0,0.0,3.66175e-05
3,1,1.0,1.0
3,1,1.0,1.0
3,0,0.0,3.4444267e-05
3,0,0.0,4.635193e-05
3,1,1.0,1.0
3,1,1.0,1.0
3,1,1.0,1.0
3,0,0.0,5.108227e-05
3,0,0.0,4.3391265e-05
3,0,0.0,1.7142913e-05
3,1,1.0,1.0
3,1,1.0,1.0
3,1,1.0,1.0
3,0,0.0,0.00011286947
3,1,1.0,1.0
3,0,0.0,4.0105784e-05
3,0,0.0,5.358624e-05
3,1,1.0,1.0
3,0,0.0,0.0026513608
3,0,0.0,4.5037985e-05
3,1,1.0,1.0
3,1,1.0,1.0
3,0,0.0,5.52967e-05
3,1,1.0,1.0
3,0,0.0,4.3307104e-05
3,0,0.0,5.495474e-05
3,1,1.0,1.0
3,0,0.0,6.1502804e-05
3,1,1.0,1.0
3,1,1.0,1.0
3,1,1.0,1.0
3,1,1.0,1.0
3,0,0.0,3.5337674e-05
3,1,1.0,1.0
3,0,0.0,4.6208937e-05
3,1,1.0,1.0
3,0,0.0,4.9377937e-05
3,0,0.0,0.00034872512
3,0,0.0,4.4986304e-05
3,0,0.0,6.2381856e-05
3,1,1.0,1.0
3,1,1.0,1.0
3,0,0.0,0.00052075146
3,0,0.0,5.8791637e-05
3,1,1.0,1.0
3,0,0.0,5.0558243e-05
3,1,1.0,1.0
3,1,1.0,1.0
3,1,1.0,1.0
3,1,1.0,1.0
3,0,0.0,3.1899537e-05
3,1,1.0,1.0
3,1,1.0,1.0
3,0,0.0,0.0007447828
3,1,1.0,1.0
3,1,1.0,1.0
3,1,1.0,1.0
3,1,1.0,1.0
3,1,1.0,1.0
3,1,1.0,1.0
3,1,1.0,1.0
3,1,1.0,1.0
3,1,1.0,1.0
3,1,1.0,1.0
3,0,0.0,0.00011891683
3,1,1.0,1.0
3,1,1.0,1.0
3,0,0.0,2.7027256e-05
3,1,1.0,1.0
3,1,1.0,1.0
3,0,0.0,4.571436e-05
3,0,0.0,3.537284e-05
3,1,1.0,1.0
3,0,0.0,4.6487123e-05
3,0,0.0,1.4372522e-05
3,0,0.0,5.3538737e-05
3,0,0.0,3.4791923e-05
3,1,1.0,1.0
3,1,1.0,1.0
3,0,0.0,4.6140907e-05
3,0,0.0,2.5966416e-05
3,1,1.0,1.0
3,0,0.0,5.2845888e-05
3,0,0.0,4.9670554e-05
3,1,1.0,1.0
3,1,1.0,1.0
3,0,0.0,3.8718885e-05
3,0,0.0,5.1823263e-05
3,1,1.0,1.0
3,0,0.0,4.607684e-05
3,0,0.0,4.9020568e-05
3,0,0.0,0.00022623842
3,0,0.0,3.323821e-05
3,0,0.0,4.9659804e-05
3,0,0.0,4.3704767e-05
3,0,0.0,6.329272e-05
3,1,1.0,1.0
3,1,1.0,1.0
3,1,1.0,1.0
3,0,0.0,5.1213672e-05
3,0,0.0,4.8988553e-05
3,0,0.0,5.179046e-05
3,1,1.0,1.0
3,0,0.0,5.39183e-05
3,1,1.0,1.0
3,0,0.0,4.321885e-05
3,1,1.0,1.0
2,0,0.0,2.054964716080576e-05
2,0,0.0,9.761044202605262e-05
2,1,1.0,0.9999960660934448
2,0,0.0,0.000124202502775
2,0,0.0,1.2322277143539395e-05
2,0,0.0,5.3109604778001085e-05
2,0,0.0,6.436378316720948e-05
2,0,0.0,1.960275585588533e-05
2,0,0.0,2.7902140573132783e-05
2,1,1.0,0.9999929070472716
2,1,1.0,0.9999929666519164
2,0,0.0,5.1768587582046166e-05
2,1,1.0,0.9987851977348328
2,0,0.0,0.0001082700691767
2,0,0.0,4.794066626345739e-05
2,1,1.0,0.9999966621398926
2,0,0.0,7.199119863798842e-05
2,0,0.0,6.190345447976142e-05
2,1,1.0,0.9999929666519164
2,1,1.0,0.7565386891365051
2,0,0.0,1.2843386684835424e-05
2,0,0.0,7.277776148839621e-06
2,0,0.0,0.0001332130486844
2,0,0.0,2.7868129109265283e-05
2,0,0.0,6.322938133962452e-05
2,0,0.0,8.213898399844766e-05
2,0,0.0,5.053438144386746e-05
2,0,0.0,0.0001515066978754
2,1,1.0,0.9999876022338868
2,0,0.0,0.0001188147070934
2,0,0.0,8.796716429060325e-05
2,0,0.0,7.701615686528385e-05
2,0,0.0,7.358803850365803e-05
2,0,0.0,0.0002107202308252
2,1,1.0,0.9999344348907472
2,0,0.0,8.433168841293082e-05
2,0,0.0,0.0001374559215037
2,0,0.0,4.846122465096414e-05
2,0,0.0,0.0001141870452556
2,1,1.0,0.9999290704727172
2,0,0.0,2.528071308915969e-05
2,0,0.0,9.804712317418308e-05
2,1,1.0,0.9999968409538268
2,1,0.0,0.001109957578592
2,1,1.0,0.9999929666519164
2,0,0.0,2.135971408279147e-05
2,1,1.0,0.8150458335876465
2,0,0.0,0.0001707691844785
2,1,1.0,0.9999292492866516
2,0,0.0,0.0001579740201123
2,0,0.0,6.514299457194284e-05
2,1,1.0,0.9999968409538268
2,0,0.0,1.698932464933023e-05
2,0,0.0,0.0001709492207737
2,1,1.0,0.9999501705169678
2,0,0.0,0.0001504887477494
2,0,0.0,0.0001462052459828
2,0,0.0,0.0001029520935844
2,0,0.0,4.954561882186681e-05
2,0,0.0,7.357400318142027e-05
2,0,0.0,9.941346070263536e-05
2,0,0.0,0.0001224619918502
2,0,0.0,4.818519300897606e-05
2,0,0.0,3.9569251384818926e-05
2,1,1.0,0.9999932050704956
2,0,0.0,5.057598536950536e-05
2,1,1.0,0.9999940991401672
2,0,0.0,0.0001874046283774
2,0,0.0,8.706428343430161e-05
2,0,0.0,4.465402525966056e-05
2,0,0.0,8.714875730220228e-05
2,1,1.0,0.9999894499778748
2,0,0.0,0.0001168874587165
2,0,0.0,6.835869135102257e-05
2,1,1.0,0.9999968409538268
2,0,0.0,7.63603238738142e-05
2,0,0.0,0.0001368333032587
2,0,0.0,6.405083695426583e-05
2,0,0.0,5.125290772411972e-05
2,0,0.0,4.312917735660449e-05
2,0,0.0,0.0002435143251204
2,0,0.0,4.5404281991068274e-05
2,0,0.0,3.4630022128112614e-05
2,1,1.0,0.9999929666519164
2,0,0.0,8.169902866939083e-05
2,0,0.0,8.86283851286862e-06
2,1,1.0,0.9999931454658508
2,0,0.0,2.5279843612224795e-05
2,0,0.0,2.072913230222184e-05
2,1,1.0,0.9999968409538268
2,1,1.0,0.9999967217445374
2,1,1.0,0.9999929666519164
2,0,0.0,1.0077093975269236e-05
2,0,0.0,4.728309068013914e-05
2,1,0.0,0.4642576277256012
2,0,0.0,0.0001075361287803
2,0,0.0,2.04401949304156e-05
2,1,1.0,0.9990614652633668
2,1,1.0,0.9999929070472716
2,0,0.0,0.0001379124005325
2,0,0.0,6.443667371058837e-05
2,1,1.0,0.9999927282333374
2,0,0.0,4.8312187573174015e-05
2,0,0.0,5.379975846153684e-05
2,1,1.0,0.9999968409538268
2,0,0.0,3.356572415214032e-05
2,0,0.0,0.0001356652064714
2,0,0.0,6.521708564832807e-05
2,0,0.0,4.4890221033710986e-05
2,0,0.0,4.454748341231607e-05
2,0,0.0,3.95429196942132e-05
2,0,0.0,2.16605967580108e-05
2,1,0.0,0.0579862557351589
2,1,1.0,0.9999556541442872
2,0,0.0,1.6308318663504906e-05
2,0,0.0,7.738232670817524e-05
2,0,0.0,5.033094566897489e-05
2,0,0.0,5.829376823385246e-05
2,1,1.0,0.99999737739563
2,1,1.0,0.6443240642547607
2,0,0.0,9.265656990464775e-05
2,1,0.0,0.000348368223058
2,0,0.0,1.1587269909796303e-05
2,1,1.0,0.9999862313270568
2,1,1.0,0.5226130485534668
2,0,0.0,3.542080958141014e-05
2,0,0.0,0.0001250259665539
2,0,0.0,8.85206027305685e-05
2,0,0.0,7.733910024398938e-05
2,0,0.0,1.1657684808596969e-05
2,1,1.0,0.9999929666519164
2,0,0.0,2.122952355421148e-05
2,1,1.0,0.9999712705612184
2,0,0.0,2.187247264373582e-05
2,0,0.0,5.16971958859358e-05
2,1,1.0,0.9999914765357972
2,0,0.0,0.0001234249502886
2,0,0.0,4.914207602269016e-05
2,1,1.0,0.9999454021453856
2,0,0.0,2.20712990994798e-05
2,0,0.0,1.160694500867976e-05
2,0,0.0,4.857745079789311e-05
2,0,0.0,7.473225559806451e-05
2,0,0.0,4.095788608537987e-05
2,0,0.0,7.169250602601096e-05
2,0,0.0,7.762260065646842e-05
2,0,0.0,7.778027065796778e-05
2,1,0.0,0.0370947755873203
2,0,0.0,0.0001988844160223
2,1,1.0,0.9999967217445374
2,0,0.0,6.59851502859965e-05
2,0,0.0,9.929001680575313e-05
2,1,1.0,0.9999961853027344
2,1,1.0,0.9999973177909852
2,1,0.0,0.0669978782534599
2,1,1.0,0.9999960660934448
2,0,0.0,6.314971687970683e-05
2,1,1.0,0.9999366402626038
2,0,0.0,4.881670247414149e-05
2,0,0.0,5.171923839952797e-05
2,0,0.0,4.143280239077285e-05
2,0,0.0,3.938598456443288e-05
2,0,0.0,0.0002148856729036
2,0,0.0,4.8691686970414594e-05
2,0,0.0,0.0001409602118656
2,0,0.0,8.407065615756437e-05
2,0,0.0,4.819585592485964e-05
2,0,0.0,3.114988430752419e-05
2,0,0.0,4.112810711376369e-05
2,1,1.0,0.9999927878379822
2,0,0.0,0.0001774017873685
2,0,0.0,0.000162707423442
2,0,0.0,7.759720756439492e-05
2,0,0.0,4.112677561352029e-05
2,0,0.0,7.29430394130759e-05
2,0,0.0,4.936140976496972e-05
2,0,0.0,2.160285657737404e-05
2,1,1.0,0.9999929666519164
2,0,0.0,1.2664389032579493e-05
2,0,0.0,0.0002319505583727
2,0,0.0,0.0001188675232697
2,0,0.0,1.2053433238179425e-05
2,0,0.0,6.572730490006506e-05
2,1,1.0,0.9999464750289916
2,0,0.0,3.156786260660738e-05
2,0,0.0,3.0105678888503465e-05
2,0,0.0,5.9386613429524e-05
2,0,0.0,0.0001075202380889
2,0,0.0,4.601119508151896e-05
2,0,0.0,0.0001444029767299
2,1,1.0,0.9999580979347228
2,0,0.0,2.0607381884474307e-05
2,0,0.0,4.662217907025479e-05
2,0,0.0,8.009549492271617e-05
2,1,1.0,0.7130315899848938
2,0,0.0,8.579930727137253e-05
2,0,0.0,2.92523400275968e-05
2,0,0.0,2.7653373763314448e-05
2,0,0.0,4.1095565393334255e-05
2,0,0.0,7.516508048865944e-05
2,0,0.0,8.914899808587506e-05
2,1,1.0,0.999996781349182
2,0,0.0,2.0300714822951704e-05
2,1,1.0,0.9999973177909852
2,0,0.0,5.4332558647729456e-05
2,0,0.0,6.0023259720765054e-05
2,1,1.0,0.9999968409538268
2,1,1.0,0.9999877214431764
2,0,0.0,0.0001240744168171
2,0,0.0,8.450145105598494e-05
2,1,1.0,0.999996781349182
2,1,1.0,0.9999966621398926
2,0,0.0,1.0846732038771734e-05
2,0,0.0,2.8725655283778902e-05
2,1,1.0,0.9999932646751404
2,0,0.0,0.0003045641933567
2,0,0.0,3.888276842189953e-05
2,0,0.0,2.638613659655676e-05
2,1,1.0,0.9999966621398926
2,1,1.0,0.8406660556793213
2,0,0.0,0.0002037455269601
2,1,1.0,0.9999969005584716
2,0,0.0,9.604946535546333e-05
2,0,0.0,0.0001203759093186
2,0,0.0,0.0001660023990552
2,0,0.0,2.027674054261297e-05
2,0,0.0,2.574249083409086e-05
2,0,0.0,7.114256004570052e-05
2,0,0.0,0.0001506159314885
2,0,0.0,4.403384809847921e-05
2,0,0.0,0.0001433363649994
2,1,1.0,0.999891757965088
2,0,0.0,0.0001148141964222
2,0,0.0,4.801584145752713e-05
2,0,0.0,6.15729222772643e-05
2,1,1.0,0.9999969005584716
2,0,0.0,4.472579894354567e-05
2,1,1.0,0.7617594003677368
2,0,0.0,0.0001549098233226
2,1,1.0,0.9999961256980896
2,0,0.0,2.503938230802305e-05
2,0,0.0,9.075652633327992e-05
2,0,0.0,4.405434083309956e-05
2,0,0.0,3.830129571724683e-05
2,1,1.0,0.9999600648880004
2,0,0.0,0.0001691970246611
2,1,1.0,0.9999868869781494
2,1,1.0,0.9999326467514038
2,0,0.0,4.58706053905189e-05
2,0,0.0,7.828694651834667e-05
2,0,0.0,4.271214493201114e-05
2,0,0.0,0.0003582576755434
2,0,0.0,0.0001299288269365
2,0,0.0,0.0001960863446583
2,1,1.0,0.999993085861206
2,0,0.0,3.4872507967520505e-05
2,1,1.0,0.9999816417694092
2,1,1.0,0.999996781349182
2,0,0.0,1.7714255591272376e-05
2,0,0.0,1.1719864232873078e-05
2,1,1.0,0.9999939799308776
2,1,1.0,0.99999338388443
2,0,0.0,6.851499347249046e-05
2,1,1.0,0.999955952167511
2,1,1.0,0.9999868273735046
2,1,1.0,0.9992791414260864
2,0,0.0,4.041650754516013e-05
2,0,0.0,9.489779768045992e-05
2,0,0.0,7.822390216460917e-06
2,1,1.0,0.998188614845276
2,0,0.0,2.1735506379627623e-05
2,0,0.0,4.6162738726707175e-05
2,0,0.0,3.747492519323714e-05
2,0,0.0,0.0001334696280537
2,0,0.0,4.000406261184253e-05
2,1,0.0,0.0003746216825675
2,0,0.0,0.0001297533744946
2,0,0.0,6.268060678848997e-05
2,0,0.0,4.5723470975644886e-05
2,0,0.0,3.084564377786592e-05
2,1,1.0,0.9998743534088136
2,0,0.0,4.2080911953235045e-05
2,0,0.0,9.096880967263132e-05
2,0,0.0,5.871761459275149e-05
2,1,1.0,0.9999929070472716
2,1,1.0,0.9999966621398926
2,0,0.0,3.945477874367498e-05
2,0,0.0,2.0112693164264783e-05
2,0,0.0,1.2288677680771798e-05
2,0,0.0,0.0001007570317597
2,0,0.0,6.535579450428486e-05
2,0,0.0,2.750508974713739e-05
2,0,0.0,0.0001902088260976
2,1,1.0,0.9999871253967284
2,0,0.0,0.0001146577415056
2,0,0.0,2.0324076103861444e-05
2,1,1.0,0.9999383687973022
2,0,0.0,1.0036849744210484e-05
2,0,0.0,3.540024044923484e-05
2,1,1.0,0.6691373586654663
2,0,0.0,6.374592339852825e-05
2,0,0.0,0.0001142120891017
2,0,0.0,0.0001930828002514
2,1,1.0,0.8543901443481445
2,0,0.0,2.681767546164337e-05
2,0,0.0,1.918474845297169e-05
2,0,0.0,8.019714732654393e-05
2,0,0.0,9.948163642548025e-05
2,0,0.0,8.575326501158997e-05
2,1,1.0,0.999987244606018
2,0,0.0,2.7422798666520976e-05
2,1,1.0,0.9999931454658508
2,1,1.0,0.9999967217445374
2,1,1.0,0.999996781349182
2,0,0.0,4.939786231261678e-05
2,0,0.0,4.833587445318699e-05
2,0,0.0,7.152792386477813e-05
2,1,1.0,0.9999967217445374
2,0,0.0,4.832748527405784e-05
2,0,0.0,0.000235294617596
2,0,0.0,0.0001455978344893
2,0,0.0,9.185644739773124e-05
2,0,0.0,4.13261768699158e-05
2,1,1.0,0.9999663829803468
2,1,1.0,0.9999930262565612
2,0,0.0,7.259108679136261e-05
2,0,0.0,6.842261063866317e-05
2,0,0.0,3.601621210691519e-05
2,0,0.0,0.0001262835721718
2,1,0.0,0.1661905199289322
2,1,1.0,0.9999930262565612
2,0,0.0,0.0001358654699288
2,0,0.0,0.0001297924900427
2,0,0.0,3.68645487469621e-05
2,0,0.0,6.2146908021532e-05
2,0,0.0,2.0659685105783865e-05
2,0,0.0,0.0001506043045083
2,0,0.0,1.2662069821089972e-05
2,1,1.0,0.9999929666519164
2,0,0.0,1.999401138164103e-05
2,0,0.0,3.993819700554013e-05
2,0,0.0,4.023353540105745e-05
2,1,0.0,0.0769677385687828
2,0,0.0,2.0510527974693105e-05
2,0,0.0,7.337977149290964e-05
2,0,0.0,4.021520362584852e-05
2,0,0.0,1.4234086847864091e-05
2,0,0.0,9.511812822893262e-05
2,0,0.0,2.1558833395829424e-05
2,0,0.0,7.339404692174867e-05
2,0,0.0,2.085369123960845e-05
2,0,0.0,2.0414168830029663e-05
2,1,1.0,0.996389627456665
2,0,0.0,4.385954525787383e-05
2,1,1.0,0.9999932050704956
2,1,1.0,0.9999968409538268
2,0,0.0,9.566344670020044e-05
2,0,0.0,9.957494330592452e-05
2,0,0.0,4.4195432565175e-05
2,0,0.0,3.774092692765407e-05
2,0,0.0,5.830972804687917e-05
2,0,0.0,6.333921919576824e-05
2,0,0.0,7.95702071627602e-05
2,1,1.0,0.9999968409538268
2,0,0.0,0.0001359800371574
2,0,0.0,4.319067011238076e-05
2,1,1.0,0.999992847442627
2,0,0.0,2.023503475356847e-05
2,0,0.0,1.9809702280326743e-05
2,1,1.0,0.9999968409538268
2,0,0.0,2.3538699679193087e-05
2,1,1.0,0.999899923801422
2,0,0.0,0.0001131562385126
2,0,0.0,6.139094330137596e-05
2,0,0.0,8.576193067710847e-05
2,0,0.0,0.0001756423735059
2,0,0.0,4.423916107043624e-05
2,0,0.0,5.641653115162626e-05
2,1,1.0,0.999992847442627
2,0,0.0,3.657627894426696e-05
2,0,0.0,0.0001245305174961
2,0,0.0,0.0002350374270463
2,0,0.0,0.0001627123856451
2,0,0.0,8.487799277645536e-06
2,1,1.0,0.9999619126319884
2,0,0.0,6.67810018057935e-05
2,0,0.0,2.059052712866105e-05
2,1,1.0,0.999993085861206
2,0,0.0,4.465474921744317e-05
2,1,1.0,0.9999929070472716
2,0,0.0,2.018873601628001e-05
2,1,1.0,0.6374654769897461
2,0,0.0,6.64278632029891e-05
2,0,0.0,6.202932127052918e-05
2,0,0.0,8.592211815994233e-05
2,0,0.0,9.25977437873371e-05
2,0,0.0,3.745113281183876e-05
2,1,1.0,0.9999930262565612
2,0,0.0,0.000142095144838
2,0,0.0,1.1911735782632604e-05
2,0,0.0,0.0001068338606273
2,1,1.0,0.999907910823822
2,0,0.0,0.0001127568320953
2,0,0.0,7.205253496067598e-05
2,0,0.0,1.4916246072971262e-05
2,0,0.0,5.98553288000403e-06
2,0,0.0,0.0003423871239647
2,1,1.0,0.9999933242797852
2,0,0.0,0.0001199191319756
2,0,0.0,4.150937093072571e-05
2,0,0.0,0.0001077177803381
2,1,1.0,0.9999301433563232
2,1,1.0,0.999996781349182
2,0,0.0,5.1623108447529376e-05
2,1,1.0,0.9999533891677856
2,1,1.0,0.999992847442627
2,0,0.0,0.0001331663079326
2,0,0.0,2.06511358555872e-05
2,1,1.0,0.9999933242797852
2,0,0.0,3.650839789770544e-05
2,0,0.0,2.854221202142071e-05
2,1,1.0,0.9999930262565612
2,0,0.0,8.834427717374638e-05
2,1,1.0,0.9999968409538268
2,0,0.0,8.470920147374272e-05
2,0,0.0,1.9192781110177748e-05
2,0,0.0,9.128406236413866e-05
2,0,0.0,8.018284279387444e-05
2,1,1.0,0.9999932050704956
2,0,0.0,3.8484799006255344e-05
2,0,0.0,0.0001009827901725
2,0,0.0,5.19525601703208e-05
2,0,0.0,3.301489414297976e-05
2,0,0.0,4.078915299032815e-05
2,0,0.0,0.0001390471879858
2,0,0.0,4.116421041544527e-05
2,1,1.0,0.9999968409538268
2,1,1.0,0.9999927878379822
2,1,1.0,0.9999932050704956
2,1,1.0,0.999996781349182
2,0,0.0,1.7595892131794244e-05
2,0,0.0,2.794823922158685e-05
2,0,0.0,7.281717262230814e-05
2,0,0.0,1.9950168280047365e-05
2,0,0.0,1.5923189494060352e-05
2,1,1.0,0.9999932646751404
2,1,1.0,0.999996781349182
2,0,0.0,2.6808980692294423e-05
2,1,0.0,0.2044368535280227
2,0,0.0,0.0001642191346036
2,0,0.0,0.0002523500588722
2,1,1.0,0.9999966621398926
2,1,0.0,0.0303199589252471
2,0,0.0,0.000155385598191
2,1,1.0,0.9999871850013732
2,0,0.0,3.436273618717678e-05
2,1,1.0,0.999994456768036
2,0,0.0,3.219700010959059e-05
2,0,0.0,6.057591963326559e-05
2,0,0.0,1.2164256077085156e-05
2,0,0.0,0.0002448210143484
2,0,0.0,0.0001412710553267
2,0,0.0,0.0001888273691292
2,1,1.0,0.9999931454658508
2,0,0.0,1.3964116988063324e-05
2,0,0.0,0.0003577620955184
2,0,0.0,4.1752336983336136e-05
2,0,0.0,3.083029150729999e-05
2,0,0.0,2.4099324946291745e-05
2,0,0.0,6.319743260974064e-05
2,1,1.0,0.999996781349182
2,0,0.0,1.2645573406189214e-05
2,1,1.0,0.9999930262565612
2,0,0.0,0.0001619324466446
2,0,0.0,5.773632801719941e-05
2,0,0.0,3.340494731673971e-05
2,1,1.0,0.9999545812606812
2,0,0.0,2.15999116335297e-05
2,1,1.0,0.9999931454658508
2,1,1.0,0.9999968409538268
2,0,0.0,1.581759352120571e-05
2,0,0.0,5.3810996178071946e-05
2,0,0.0,1.9745855752262287e-05
2,1,1.0,0.999996781349182
2,0,0.0,2.078612487821374e-05
2,1,1.0,0.9985402822494508
2,0,0.0,2.090970883728005e-05
2,0,0.0,3.674437175504863e-05
2,0,0.0,0.0002268441021442
2,0,0.0,1.7312315321760252e-05
2,0,0.0,7.184127753134817e-05
2,1,1.0,0.9999968409538268
2,1,1.0,0.9999930262565612
2,0,0.0,9.22990802791901e-05
2,0,0.0,2.9315116989891976e-05
2,0,0.0,5.0423470383975655e-05
2,0,0.0,4.41810188931413e-05
2,0,0.0,0.0003481796011328
2,0,0.0,1.8429880583425984e-05
2,0,0.0,1.068643541657366e-05
2,1,1.0,0.9999967217445374
2,0,0.0,2.070457412628457e-05
2,0,0.0,4.571819590637461e-05
2,0,0.0,5.330556450644508e-05
2,0,0.0,4.51995110779535e-05
2,0,0.0,0.000105250357592
2,0,0.0,6.313971971394494e-05
2,1,1.0,0.9999968409538268
2,1,1.0,0.9999933242797852
2,0,0.0,3.168739203829318e-05
2,0,0.0,0.000138125338708
2,1,1.0,0.9999927878379822
2,0,0.0,0.0001221891579916
2,0,0.0,3.320367613923736e-05
2,1,1.0,0.999996781349182
2,0,0.0,0.0001774391566868
2,1,1.0,0.9999934434890748
2,1,1.0,0.999967098236084
2,0,0.0,1.23761428767466e-05
2,1,1.0,0.9999931454658508
2,1,1.0,0.999994695186615
2,0,0.0,0.0002392868191236
2,0,0.0,3.2549749448662624e-05
2,0,0.0,0.0002157991402782
2,0,0.0,0.0001633332285564
2,0,0.0,4.240018097334541e-05
2,0,0.0,2.324746128579136e-05
2,0,0.0,4.892137803835794e-05
2,0,0.0,8.882494148565456e-05
2,0,0.0,0.0001111737292376
2,0,0.0,3.146018207189627e-05
2,0,0.0,8.387518755625933e-05
2,0,0.0,0.0001509325229562
2,0,0.0,8.420745143666863e-05
2,0,0.0,2.0667528588091955e-05
2,0,0.0,0.0001449338014936
2,0,0.0,0.0001193126736325
2,1,1.0,0.9999305605888368
2,0,0.0,5.041082476964221e-05
2,0,0.0,0.0001239548728335
2,0,0.0,0.0002590653311926
2,1,1.0,0.9999918937683104
2,0,0.0,4.814215571968816e-05
2,0,0.0,5.5838794651208445e-05
2,0,0.0,9.248725837096572e-05
2,0,0.0,8.116020580928307e-06
2,0,0.0,5.5657928896835074e-05
2,0,0.0,6.558767199749127e-05
2,0,0.0,5.765890819020569e-05
2,1,1.0,0.9991953372955322
2,1,1.0,0.9999898076057434
2,0,0.0,6.828936602687463e-05
2,0,0.0,1.445410271116998e-05
2,1,1.0,0.9978395104408264
2,0,0.0,0.0001030288040055
2,0,0.0,2.465620127622969e-05
2,0,0.0,0.0001841975754359
2,1,1.0,0.9999930262565612
2,0,0.0,6.083485641283914e-05
2,1,1.0,0.8390213251113892
2,0,0.0,2.1252839360386133e-05
2,0,0.0,0.0001415890437783
2,1,1.0,0.9999968409538268
2,0,0.0,0.0001130278978962
2,0,0.0,2.520353700674605e-05
2,0,0.0,6.773084169253707e-05
2,0,0.0,0.0001233922375831
2,0,0.0,3.822116559604183e-05
2,1,1.0,0.9999933242797852
2,0,0.0,4.487927071750164e-05
2,0,0.0,0.0001448294933652
2,0,0.0,0.0001969488366739
2,0,0.0,3.814600859186612e-05
2,0,0.0,0.0002227765216957
2,1,1.0,0.9999864101409912
2,1,1.0,0.99999338388443
2,1,1.0,0.9999931454658508
2,1,1.0,0.9999967217445374
2,0,0.0,2.903594031522516e-05
2,0,0.0,3.917725553037599e-05
2,0,0.0,1.346560111414874e-05
2,0,0.0,1.973740290850401e-05
2,0,0.0,4.252088911016472e-05
2,1,1.0,0.9999932050704956
2,1,1.0,0.9999932050704956
2,1,1.0,0.999996781349182
2,0,0.0,7.197273225756362e-05
2,1,1.0,0.9999951124191284
2,0,0.0,5.5410611821571365e-05
2,0,0.0,4.5476994273485616e-05
2,0,0.0,6.222203955985606e-05
2,0,0.0,0.0003557641175575
2,0,0.0,0.0001020835188683
2,0,0.0,2.657320328580681e-05
2,0,0.0,0.0001027556427288
2,0,0.0,7.685584569117054e-05
2,1,0.0,0.0590875893831253
2,1,1.0,0.9999930262565612
2,0,0.0,4.550965968519449e-05
2,0,0.0,0.0002366176777286
2,0,0.0,0.0001226445165229
2,0,0.0,1.0414437383587938e-05
2,0,0.0,7.794317934894934e-05
2,0,0.0,1.425780646968633e-05
2,0,0.0,1.4857710993965156e-05
2,0,0.0,2.0324270735727623e-05
2,0,0.0,1.5419378541992046e-05
2,0,0.0,8.796464680926874e-05
2,0,0.0,5.033742490923032e-05
2,0,0.0,1.719949250400532e-05
2,0,0.0,0.000124327634694
2,0,0.0,3.3755954063963145e-05
2,0,0.0,0.000136195711093
2,0,0.0,0.0001020907220663
2,0,0.0,1.364428590022726e-05
2,0,0.0,0.0001612103515071
2,0,0.0,4.14917194575537e-05
2,0,0.0,0.0001465319946873
2,0,0.0,1.4135066521703266e-05
2,0,0.0,5.697742017218843e-05
2,1,1.0,0.7018637657165527
2,0,0.0,2.916237099270802e-05
2,0,0.0,2.1201178242336027e-05
2,0,0.0,7.333179382840171e-05
2,0,0.0,5.362120282370597e-05
2,0,0.0,4.770634768647142e-05
2,1,1.0,0.9999927878379822
2,0,0.0,1.971031997527461e-05
2,0,0.0,1.1919463759113569e-05
2,1,0.0,0.0362554416060447
2,1,1.0,0.9999931454658508
2,0,0.0,5.440188033389859e-05
2,0,0.0,9.396383393323048e-05
2,1,1.0,0.9999962449073792
2,0,0.0,0.0001473537704441
2,1,0.0,0.0753186717629432
2,0,0.0,6.082053005229682e-05
2,1,1.0,0.999992847442627
2,0,0.0,3.361088965903036e-05
2,0,0.0,2.38704560615588e-05
2,1,1.0,0.999996781349182
2,0,0.0,0.0001227266329806
2,1,1.0,0.999993860721588
2,0,0.0,4.078261554241181e-05
2,0,0.0,0.0001143068802775
2,0,0.0,1.742798849591054e-05
2,0,0.0,6.606423994526267e-05
2,0,0.0,8.94566037459299e-05
2,0,0.0,0.0001140658132499
2,0,0.0,2.3137294192565605e-05
2,1,1.0,0.9999932646751404
2,0,0.0,5.170780059415847e-05
2,1,1.0,0.9999871253967284
2,0,0.0,8.516009256709367e-05
2,0,0.0,2.0837765987380408e-05
2,1,1.0,0.9999930262565612
2,0,0.0,6.150983972474933e-05
2,0,0.0,5.118296394357458e-05
2,0,0.0,8.192453606170602e-06
2,0,0.0,9.666441656008828e-06
2,0,0.0,5.694178616977297e-05
2,0,0.0,7.418496534228325e-05
2,1,1.0,0.9955866932868958
2,0,0.0,6.11463692621328e-05
2,1,1.0,0.9999966621398926
2,1,1.0,0.9999968409538268
2,0,0.0,7.463583460776135e-05
2,0,0.0,1.939249523275066e-05
2,0,0.0,3.805016604019329e-05
2,1,1.0,0.9583288431167604
2,0,0.0,9.544139174977316e-05
2,0,0.0,2.5205699785146866e-05
2,0,0.0,3.991930861957371e-05
2,1,1.0,0.7264206409454346
2,1,1.0,0.9999932646751404
2,0,0.0,5.319187039276585e-05
2,0,0.0,0.0001630937185836
2,1,0.0,0.0018457199912518
2,0,0.0,7.122856186470017e-05
2,0,0.0,6.368340837070718e-05
2,0,0.0,9.692963067209348e-05
2,0,0.0,6.569822289748117e-05
2,1,1.0,0.5653277039527893
2,0,0.0,2.9702330721193e-05
2,1,1.0,0.999929130077362
2,1,1.0,0.9999967217445374
2,0,0.0,2.913146454375237e-05
2,0,0.0,1.7509300960227847e-05
2,1,1.0,0.9999092221260072
2,0,0.0,3.769140312215313e-05
2,0,0.0,2.1235009626252577e-05
2,1,1.0,0.9999876022338868
2,0,0.0,5.836680065840483e-05
2,0,0.0,7.384357013506815e-05
2,0,0.0,7.878610631451011e-05
2,0,0.0,1.953221908479464e-05
2,0,0.0,0.0001110726370825
2,0,0.0,0.0001473904267186
2,0,0.0,2.036369187408127e-05
2,0,0.0,0.0001168111339211
2,0,0.0,0.0001672089274507
2,0,0.0,3.784894943237305e-05
2,0,0.0,2.981988654937595e-05
2,1,0.0,0.0193493478000164
2,0,0.0,0.0001277073024539
2,0,0.0,7.320728764170781e-05
2,0,0.0,0.0001068210185621
2,1,1.0,0.9999969005584716
2,0,0.0,7.42542470106855e-05
2,0,0.0,3.916395507985726e-05
2,0,0.0,0.0002008275332627
2,0,0.0,0.0001254987146239
2,0,0.0,0.0001104092734749
2,1,1.0,0.9999967217445374
2,0,0.0,2.90130810753908e-05
2,0,0.0,4.513175736065023e-05
2,0,0.0,2.795767431962304e-05
2,1,1.0,0.9999939799308776
2,0,0.0,0.0001563206460559
2,0,0.0,2.641974788275548e-05
2,1,1.0,0.9999870657920836
2,1,1.0,0.999996781349182
2,1,1.0,0.999996781349182
2,0,0.0,9.924505138769746e-05
2,0,0.0,1.4496245967166033e-05
2,0,0.0,8.71234715305036e-06
2,1,1.0,0.6593496799468994
2,0,0.0,6.350492185447365e-05
2,0,0.0,0.0001006497695925
2,0,0.0,7.419331086566672e-05
2,1,1.0,0.999996781349182
2,0,0.0,2.588741881481837e-05
2,0,0.0,0.0001511436566943
2,1,1.0,0.9999968409538268
2,1,1.0,0.999992847442627
2,0,0.0,3.645568722276949e-05
2,0,0.0,0.0001546962448628
2,0,0.0,8.29713317216374e-05
2,0,0.0,7.116854976629838e-05
2,1,1.0,0.9999930262565612
2,0,0.0,7.161474059103057e-05
2,0,0.0,7.882224053901155e-06
2,0,0.0,1.990913187910337e-05
2,1,1.0,0.9999932050704956
2,1,0.0,0.1463144421577453
2,0,0.0,6.260450754780322e-05
2,1,1.0,0.9999969005584716
2,0,0.0,0.0001010786436381
2,0,0.0,3.9473598008044064e-05
2,1,1.0,0.8191711902618408
2,0,0.0,1.9791614249697886e-05
2,0,0.0,1.973296093638055e-05
2,1,1.0,0.9999871850013732
2,0,0.0,0.0001335471752099
2,1,1.0,0.9999925494194032
2,1,1.0,0.9999871253967284
2,1,1.0,0.9999968409538268
2,0,0.0,3.074218693654984e-05
2,0,0.0,1.6302268704748712e-05
2,0,0.0,0.0001783811458153
2,0,0.0,3.599066621973179e-05
2,0,0.0,0.0001308533683186
2,0,0.0,3.968575765611604e-05
2,0,0.0,0.0001257751137018
2,0,0.0,0.0003484823100734
2,0,0.0,2.0198693164275028e-05
2,0,0.0,0.000110874971142
2,0,0.0,2.045142355200369e-05
2,1,1.0,0.6772599220275879
2,0,0.0,0.0003133203135803
2,0,0.0,0.0001296753325732
2,1,1.0,0.9999322295188904
2,0,0.0,4.820059075427707e-06
2,0,0.0,4.1844054067041725e-05
2,1,1.0,0.7327777743339539
2,1,1.0,0.9999653697013856
2,0,0.0,0.0002042658306891
2,1,1.0,0.9999931454658508
2,0,0.0,2.5525754608679563e-05
2,0,0.0,4.023441579192877e-05
2,0,0.0,4.755876216222532e-05
2,1,1.0,0.9999933242797852
2,0,0.0,0.0001302070158999
2,1,1.0,0.9999961853027344
2,0,0.0,2.050458351732232e-05
2,0,0.0,4.185583020444028e-05
2,1,1.0,0.9999946355819702
2,1,1.0,0.9999552965164183
2,0,0.0,0.0001333622494712
2,0,0.0,0.0001871349959401
2,0,0.0,0.0001259509299416
2,0,0.0,2.798082641675137e-05
2,0,0.0,0.0001411291304975
2,0,0.0,0.0001004230434773
2,0,0.0,4.494351014727727e-05
2,0,0.0,0.0001623885909793
2,0,0.0,6.287787255132571e-05
2,0,0.0,4.242428985890001e-05
2,0,0.0,7.54907086957246e-05
2,0,0.0,7.051938882796094e-05
2,0,0.0,0.0001261861762031
2,0,0.0,2.1339294107747264e-05
2,0,0.0,1.4447748981183396e-05
2,1,1.0,0.9999942779541016
2,0,0.0,1.2864545169577468e-05
2,1,1.0,0.6828793287277222
2,1,1.0,0.9999932646751404
2,1,1.0,0.9999929666519164
2,0,0.0,4.382513725431636e-05
2,1,1.0,0.8312473297119141
2,0,0.0,8.146097388816997e-05
2,1,1.0,0.9999966621398926
2,1,1.0,0.9999883770942688
2,0,0.0,3.318025846965611e-05
2,1,1.0,0.9999568462371826
2,1,1.0,0.9999967217445374
2,0,0.0,9.842889994615687e-06
2,0,0.0,2.955591116915457e-05
2,0,0.0,7.0950109147815965e-06
2,0,0.0,1.3316391232365277e-05
2,0,0.0,0.0001196494558826
2,1,0.0,0.085335224866867
2,0,0.0,4.9798232794273645e-05
2,0,0.0,0.0001312996901106
2,1,1.0,0.9960546493530272
2,1,1.0,0.9999930262565612
2,0,0.0,0.0001128011499531
2,0,0.0,9.099276212509722e-05
2,0,0.0,0.0001916130131576
2,0,0.0,0.0001236072566825
2,0,0.0,1.3864900211046916e-05
2,0,0.0,3.615785681176931e-05
2,1,1.0,0.999992847442627
2,0,0.0,4.506952245719731e-05
2,1,1.0,0.9999301433563232
2,0,0.0,0.0001586820726515
2,0,0.0,3.9210444811033085e-05
2,0,0.0,1.5101457393029705e-05
2,1,1.0,0.9999929070472716
2,0,0.0,1.2042965863656718e-05
2,0,0.0,4.693671871791594e-05
2,0,0.0,3.841755096800625e-05
2,0,0.0,6.682253297185525e-05
2,1,1.0,0.999993860721588
2,0,0.0,8.682193583808839e-05
2,1,1.0,0.999992311000824
2,1,1.0,0.999996781349182
2,1,1.0,0.9999932050704956
2,0,0.0,3.758200546144508e-05
2,1,1.0,0.9999930262565612
2,0,0.0,0.0001031503998092
2,0,0.0,3.881696466123685e-05
2,0,0.0,9.943412442225964e-05
2,1,0.0,0.0228148233145475
2,0,0.0,5.318360126693733e-05
2,0,0.0,3.2411011488875374e-05
2,0,0.0,7.041624485282227e-05
2,0,0.0,2.818366374413017e-05
2,0,0.0,0.000106871346361
2,0,0.0,0.000119005999295
2,0,0.0,0.0001670035417191
2,0,0.0,2.950974703708198e-05
2,0,0.0,5.954062726232223e-05
2,1,1.0,0.9999902248382568
2,0,0.0,0.0001173615673906
2,0,0.0,1.985872950172052e-05
2,0,0.0,0.0001357010478386
2,0,0.0,2.076058808597736e-05
2,0,0.0,8.275766595033929e-05
2,1,0.0,0.0488739982247352
2,0,0.0,6.892515375511721e-05
2,1,1.0,0.9999932646751404
2,0,0.0,4.248542245477438e-05
2,0,0.0,1.3277664947963784e-05
2,0,0.0,1.5912110029603355e-05
2,0,0.0,3.655472755781375e-05
2,0,0.0,8.765675011090934e-05
2,0,0.0,0.0001380289613734
2,1,1.0,0.9999930262565612
2,0,0.0,6.383881554938853e-05
2,0,0.0,4.611081749317236e-05
2,0,0.0,0.0001910192368086
2,0,0.0,2.972517177113332e-05
2,0,0.0,2.326864341739565e-05
2,1,1.0,0.9999932646751404
2,0,0.0,4.563991751638241e-05
2,0,0.0,0.000129888561787
2,0,0.0,2.079695150314365e-05
2,0,0.0,3.830597052001394e-05
2,0,0.0,6.704556290060282e-05
2,0,0.0,2.541501635278109e-05
2,0,0.0,0.0001123234978877
2,0,0.0,0.0001445924426661
2,0,0.0,8.339092892128974e-05
2,1,1.0,0.9999932050704956
2,0,0.0,0.0001191323754028
2,0,0.0,0.0001238994445884
2,0,0.0,2.4583090635132976e-05
2,1,1.0,0.999966323375702
2,0,0.0,7.27352817193605e-05
2,0,0.0,0.000154039618792
2,1,1.0,0.999996781349182
2,1,1.0,0.999928653240204
2,0,0.0,5.634684566757642e-05
2,1,1.0,0.9999346733093262
2,0,0.0,1.8001877833739854e-05
2,0,0.0,3.8893154851393774e-05
2,0,0.0,0.0001679220149526
2,0,0.0,1.850644184742123e-05
2,0,0.0,4.436552626430057e-05
2,0,0.0,4.170442480244674e-05
2,0,0.0,3.986149022239261e-05
2,0,0.0,8.290971163660288e-05
2,0,0.0,8.268027886515483e-05
2,1,1.0,0.9999493360519408
2,1,1.0,0.8281655311584473
2,0,0.0,1.652420178288594e-05
2,0,0.0,9.486332601227332e-06
2,0,0.0,5.213793338043615e-05
2,0,0.0,5.373791645979509e-05
2,0,0.0,4.515737236943096e-05
2,0,0.0,8.417179924435914e-05
2,0,0.0,0.00011579097918
2,0,0.0,3.985677540185861e-05
2,0,0.0,2.053569915005937e-05
2,0,0.0,8.058589446591213e-05
2,0,0.0,9.202083310810848e-05
2,0,0.0,4.851967605645768e-05
2,0,0.0,4.708798587671481e-05
2,0,0.0,5.137053813086823e-05
2,0,0.0,0.0001026782701956
2,0,0.0,8.51751901791431e-05
2,0,0.0,8.338242332683876e-05
2,0,0.0,8.145485480781645e-06
2,0,0.0,4.049552080687136e-05
2,0,0.0,8.713545685168356e-05
2,0,0.0,8.202173194149509e-05
2,0,0.0,0.0001271058135898
2,1,1.0,0.9999968409538268
2,1,1.0,0.9999951124191284
2,0,0.0,2.5615026970626783e-05
2,0,0.0,5.032989065512084e-05
2,0,0.0,2.2439100575866178e-05
2,0,0.0,5.678388333762996e-05
2,0,0.0,4.009595795650967e-05
2,0,0.0,2.0026282072649337e-05
2,1,1.0,0.9999968409538268
2,0,0.0,1.9552178855519745e-05
2,0,0.0,8.963574509834871e-05
2,0,0.0,0.0001737931888783
2,1,1.0,0.8138800859451294
2,1,1.0,0.9999419450759888
2,0,0.0,5.256788426777348e-05
2,0,0.0,9.105177014134824e-05
2,0,0.0,0.0001442320644855
2,0,0.0,4.301745138945989e-05
2,1,1.0,0.9999950528144836
2,0,0.0,9.375850640935825e-05
2,0,0.0,0.0001571824832353
2,0,0.0,5.511933341040276e-05
2,0,0.0,0.0001902509247884
2,0,0.0,1.0724014828156214e-05
2,0,0.0,3.115368963335641e-05
2,0,0.0,1.4338229448185302e-05
2,1,1.0,0.998504638671875
2,0,0.0,1.6736306861275807e-05
2,1,1.0,0.9999932050704956
2,0,0.0,8.422495011473075e-05
2,0,0.0,1.9526034520822577e-05
2,0,0.0,8.578383858548477e-05
2,0,0.0,9.494712139712648e-05
2,0,0.0,4.100408114027232e-05
2,1,1.0,0.9999942183494568
2,0,0.0,9.73064834397519e-06
2,1,1.0,0.9999932050704956
2,1,1.0,0.9991846680641174
2,1,1.0,0.9999931454658508
2,0,0.0,2.8727245080517605e-05
2,0,0.0,9.050830703927204e-05
2,1,1.0,0.9999870657920836
2,0,0.0,9.065394260687754e-05
2,0,0.0,0.000156726615387
2,1,1.0,0.999996781349182
2,0,0.0,4.387539956951514e-05
2,1,1.0,0.9999960064888
2,0,0.0,3.287693834863603e-05
2,0,0.0,4.116036507184617e-05
2,0,0.0,6.575901352334768e-05
2,0,0.0,0.0001623356511117
2,0,0.0,4.485928366193548e-05
2,0,0.0,4.2056519305333495e-05
2,0,0.0,1.6421477994299494e-05
2,0,0.0,4.111614543944597e-05
2,1,1.0,0.9999273419380188
2,1,1.0,0.9999932050704956
2,0,0.0,2.3581385903526098e-05
2,1,1.0,0.9999551773071288
2,1,1.0,0.9999929666519164
2,0,0.0,1.811257061490324e-05
2,0,0.0,7.662511052330956e-05
2,0,0.0,6.025001493981108e-05
2,0,0.0,2.6463952963240445e-05
2,1,1.0,0.9999932050704956
2,0,0.0,4.6551092964364216e-05
2,1,1.0,0.9502873420715332
2,0,0.0,7.323835598072037e-05
2,1,1.0,0.9999933242797852
2,0,0.0,0.0001420816115569
2,0,0.0,8.310721023008227e-05
2,0,0.0,3.1771236535860226e-05
2,1,1.0,0.999996781349182
2,1,1.0,0.9999942779541016
2,0,0.0,8.580445864936337e-05
2,0,0.0,4.383039777167141e-05
2,1,1.0,0.9999960064888
2,0,0.0,1.924973548739217e-05
2,0,0.0,3.1439936719834805e-05
2,1,1.0,0.9999961256980896
2,0,0.0,0.0001601354742888
2,0,0.0,0.0001131646495196
2,0,0.0,8.060856634983793e-05
2,0,0.0,1.6712574506527744e-05
2,0,0.0,1.525035077065695e-05
2,0,0.0,0.0001453289150958
2,0,0.0,4.086507397005335e-05
2,0,0.0,6.25269312877208e-05
2,0,0.0,0.0001067778357537
2,1,1.0,0.9999963641166688
2,0,0.0,0.0002341514482395
2,0,0.0,4.155388523940928e-05
2,1,1.0,0.9999968409538268
2,1,1.0,0.9999931454658508
2,0,0.0,6.62768870824948e-05
2,0,0.0,1.111029905587202e-05
2,0,0.0,4.715426257462241e-05
2,1,1.0,0.9999858736991882
2,0,0.0,3.279483280493878e-05
2,0,0.0,8.725320367375389e-05
2,0,0.0,6.563284114236012e-05
2,1,1.0,0.9999377727508544
2,0,0.0,4.776169589604251e-05
2,0,0.0,1.2335538485785946e-05
2,0,0.0,9.238774509867652e-05
2,1,1.0,0.9999966621398926
2,0,0.0,9.878965647658332e-05
2,0,0.0,1.3309358109836468e-05
2,0,0.0,1.437692299077753e-05
2,0,0.0,8.802975935395807e-05
2,0,0.0,6.396110984496772e-05
2,0,0.0,2.6946985599352047e-05
2,1,1.0,0.9999929070472716
2,0,0.0,1.8063667084788904e-05
2,0,0.0,7.516014011343941e-05
2,0,0.0,2.501160270185209e-05
2,1,0.0,0.0376791432499885
2,0,0.0,2.9429316782625392e-05
2,0,0.0,0.0001293731183977
2,0,0.0,0.0001073346211342
2,0,0.0,5.074546061223373e-05
2,1,1.0,0.999993085861206
2,0,0.0,4.876078310189769e-05
2,0,0.0,4.034019002574496e-05
2,1,1.0,0.999996781349182
2,0,0.0,3.694528277264908e-05
2,0,0.0,0.0001233270450029
2,1,1.0,0.9999967217445374
2,0,0.0,7.874621951486915e-05
2,0,0.0,7.740410364931449e-05
2,0,0.0,9.51386318774894e-05
2,0,0.0,9.431627404410392e-05
2,0,0.0,9.017251431941986e-05
2,0,0.0,5.195899939280935e-05
2,0,0.0,0.0001350414386251
2,0,0.0,3.558206663001329e-05
2,0,0.0,0.0003307008882984
2,1,1.0,0.9999929070472716
2,0,0.0,2.049588329100516e-05
2,0,0.0,9.597905591363089e-05
2,0,0.0,2.077031240332872e-05
2,0,0.0,9.567010420141742e-05
2,0,0.0,0.0001493112504249
2,0,0.0,4.116613490623422e-05
2,0,0.0,1.999645246542059e-05
2,0,0.0,2.099751145578921e-05
2,1,1.0,0.999996781349182
2,0,0.0,7.855085277697071e-05
2,1,1.0,0.999995231628418
2,0,0.0,2.023302840825636e-05
2,1,1.0,0.9999969601631165
2,0,0.0,2.1047670088591985e-05
2,0,0.0,0.0001361863542115
2,0,0.0,3.861865843646228e-05
2,0,0.0,4.5949986088089645e-05
2,0,0.0,1.2267577403690666e-05
2,0,0.0,2.667610897333361e-05
2,1,1.0,0.9999879002571106
2,0,0.0,0.0001462190557504
2,0,0.0,2.0339080947451293e-05
2,0,0.0,1.302368582400959e-05
2,0,0.0,9.681470146460924e-06
2,0,0.0,3.772024138015695e-05
2,1,1.0,0.9999968409538268
2,1,1.0,0.9999932646751404
2,0,0.0,4.4324715418042615e-05
2,0,0.0,2.027548362093512e-05
2,0,0.0,4.9179852794623e-05
2,1,1.0,0.9999969005584716
2,0,0.0,0.00010048472177
2,0,0.0,1.7650818335823715e-05
2,0,0.0,0.0001091341255232
2,1,1.0,0.7356351613998413
2,0,0.0,8.455345232505351e-05
2,0,0.0,1.982035973924212e-05
2,0,0.0,0.0002267139207106
2,1,1.0,0.605000376701355
2,0,0.0,6.167871470097452e-05
2,1,1.0,0.9999929666519164
2,0,0.0,1.3403897355601655e-05
2,0,0.0,1.615399196452927e-05
2,0,0.0,3.8437301554949954e-05
2,0,0.0,1.9988767235190608e-05
2,0,0.0,0.0001021447606035
2,0,0.0,8.957704994827509e-05
2,0,0.0,2.6682979296310805e-05
2,0,0.0,6.294182094279677e-05
2,0,0.0,2.001875873247627e-05
2,0,0.0,4.906817775918171e-05
2,0,0.0,3.876776827382855e-05
2,1,1.0,0.9999967217445374
2,0,0.0,3.207355985068716e-05
2,0,0.0,2.1000274500693195e-05
2,1,1.0,0.9999946355819702
2,0,0.0,0.0001265339233214
2,0,0.0,4.224451913614757e-05
2,0,0.0,7.528622063546209e-06
2,1,1.0,0.9999967217445374
2,0,0.0,9.259880607714877e-05
2,0,0.0,5.142681402503513e-05
2,0,0.0,1.3030494301347062e-05
2,1,1.0,0.9999932646751404
2,1,1.0,0.9999695420265198
2,1,1.0,0.9999932646751404
2,1,0.0,0.049590952694416
2,0,0.0,0.000156650727149
2,1,1.0,0.9999931454658508
2,0,0.0,6.0014108385075815e-06
2,0,0.0,0.0001608237798791
2,0,0.0,1.3150977792975029e-05
2,0,0.0,8.387374691665173e-05
2,0,0.0,5.440644599730149e-05
2,0,0.0,1.2387975402816664e-05
2,1,1.0,0.9983848929405212
2,1,1.0,0.999996781349182
2,0,0.0,0.0001051777289831
2,1,1.0,0.9999931454658508
2,1,1.0,0.9999929666519164
2,0,0.0,4.045947207487188e-05
2,1,1.0,0.999942183494568
2,0,0.0,0.0001716338738333
2,0,0.0,3.097581793554127e-05
2,1,1.0,0.9999968409538268
2,0,0.0,8.508679457008839e-05
2,0,0.0,4.1694122046465054e-05
2,1,0.0,0.1023901924490928
2,0,0.0,0.000121983452118
2,0,0.0,0.0001470006682211
2,0,0.0,0.0001850213739089
2,0,0.0,5.464594505610876e-05
2,0,0.0,5.694705396308564e-05
2,0,0.0,6.001342262607068e-05
2,0,0.0,0.0009358681272715
2,0,0.0,4.118180004297756e-05
2,0,0.0,0.000226745250984
2,0,0.0,0.0001446323003619
2,1,1.0,0.9999264478683472
2,0,0.0,5.5655062169535086e-05
2,0,0.0,2.056966332020238e-05
2,0,0.0,8.574819366913289e-05
2,1,1.0,0.9999932050704956
2,0,0.0,0.0001781170431058
2,0,0.0,4.82248178741429e-05
2,0,0.0,0.0001158039958681
2,0,0.0,0.0001005453013931
2,0,0.0,0.0001901459181681
2,0,0.0,0.0001233722286997
2,0,0.0,1.733797398628667e-05
2,0,0.0,9.285735723096876e-05
2,0,0.0,1.2660911124839911e-05
2,0,0.0,0.0001582043623784
2,0,0.0,6.081212268327363e-05
2,0,0.0,8.682458428665996e-05
2,0,0.0,2.792708619381301e-05
2,1,1.0,0.840430498123169
2,0,0.0,4.7461173380725086e-05
2,1,1.0,0.9999929666519164
2,0,0.0,1.7960670447791927e-05
2,1,1.0,0.9999967217445374
2,0,0.0,2.069263246085029e-05
2,0,0.0,0.0002190306549891
2,0,0.0,0.0001629468169994
2,0,0.0,4.255614112480544e-05
2,0,0.0,1.99609585251892e-05
2,0,0.0,7.622632256243378e-05
2,0,0.0,3.3198364690179005e-05
2,0,0.0,0.0001085574622265
2,0,0.0,0.0001100763402064
2,0,0.0,1.2822336429962888e-05
2,1,1.0,0.9999873042106628
2,0,0.0,8.65066540427506e-05
2,1,1.0,0.9999886751174928
2,0,0.0,3.610806379583664e-05
2,1,1.0,0.9999617338180542
2,0,0.0,8.655286364955828e-06
2,0,0.0,2.0840012439293787e-05
2,1,1.0,0.999996781349182
2,0,0.0,1.3684539226233028e-05
2,0,0.0,1.6463158317492343e-05
2,0,0.0,2.7390360628487546e-05
2,0,0.0,3.77190881408751e-05
2,0,0.0,2.0078410670976155e-05
2,1,1.0,0.9999311566352844
2,1,1.0,0.9999930262565612
2,0,0.0,4.732202069135383e-05
2,0,0.0,0.000119359785458
2,1,1.0,0.9999930262565612
2,0,0.0,6.981661863392219e-05
2,0,0.0,0.0001410459954058
2,1,1.0,0.9999968409538268
2,1,1.0,0.8486698865890503
2,1,0.0,0.0553351119160652
2,0,0.0,6.326719449134544e-05
2,0,0.0,5.010762833990157e-06
2,0,0.0,8.035798964556307e-05
2,0,0.0,0.0002780659415293
2,0,0.0,0.0002347167464904
2,0,0.0,4.705395986093208e-05
2,0,0.0,0.0001376873115077
2,0,0.0,4.338890721555799e-05
2,0,0.0,4.274722596164793e-05
2,0,0.0,1.783118750608992e-05
2,0,0.0,0.0001671499630901
2,1,1.0,0.9999968409538268
2,0,0.0,5.492162381415256e-05
2,0,0.0,7.240220384119311e-06
2,0,0.0,1.2621802852663675e-05
2,1,1.0,0.999992847442627
2,0,0.0,2.8860036763944663e-05
2,1,1.0,0.9999968409538268
2,0,0.0,1.7583412045496516e-05
2,0,0.0,0.0001407936506439
2,0,0.0,0.0001839611504692
2,0,0.0,5.47347117390018e-05
2,0,0.0,7.245111191878095e-05
2,0,0.0,2.971998401335441e-05
2,1,1.0,0.9999932646751404
2,0,0.0,2.0860115910181776e-05
2,1,1.0,0.999996781349182
2,0,0.0,4.353837357484736e-05
2,0,0.0,5.513021460501477e-05
2,0,0.0,6.42092300040531e-06
2,0,0.0,8.720968617126346e-05
2,0,0.0,9.4933551736176e-05
2,0,0.0,2.014227356994525e-05
2,0,0.0,4.845120656682411e-06
2,0,0.0,4.244079900672659e-05
2,1,1.0,0.9999927878379822
2,1,1.0,0.9994134902954102
2,1,1.0,0.9999967217445374
2,1,1.0,0.9999536275863647
2,0,0.0,8.473861089441925e-05
2,1,1.0,0.999996781349182
2,1,1.0,0.7744615077972412
2,0,0.0,0.000125321035739
2,0,0.0,2.135845170414541e-05
2,1,1.0,0.9999946355819702
2,0,0.0,0.0002074868389172
2,1,1.0,0.9999931454658508
2,0,0.0,8.4098064689897e-05
2,1,1.0,0.999993085861206
2,1,1.0,0.9999968409538268
2,0,0.0,0.0001060500726453
2,0,0.0,2.1071851733722724e-05
2,0,0.0,1.9832878024317324e-05
2,0,0.0,0.0001791372633306
2,0,0.0,0.000165838500834
2,0,0.0,6.0170677897986025e-06
2,1,1.0,0.999996781349182
2,0,0.0,2.7883919756277464e-05
2,1,1.0,0.999994456768036
2,0,0.0,1.5419202100019902e-05
2,0,0.0,4.284693204681389e-05
2,0,0.0,4.091763912583701e-05
2,0,0.0,2.0568075342453085e-05
2,0,0.0,2.0960378606105223e-05
2,0,0.0,6.708750879624858e-05
2,0,0.0,2.603023494884837e-05
2,0,0.0,4.515396722126752e-05
2,0,0.0,1.312640688411193e-05
2,1,1.0,0.6801942586898804
2,0,0.0,7.111549348337576e-05
2,0,0.0,0.0001380579196847
2,1,0.0,0.0382274836301803
2,0,0.0,0.0001396669540554
2,0,0.0,3.115487561444752e-05
2,0,0.0,2.584227877377998e-05
2,1,1.0,0.999993085861206
2,1,1.0,0.5974161624908447
2,0,0.0,7.631257903994992e-05
2,0,0.0,7.57358648115769e-05
2,1,0.0,0.0007914255838841
2,1,1.0,0.9999932646751404
2,0,0.0,2.0304489225964065e-05
2,0,0.0,8.402680396102369e-05
2,0,0.0,4.841988265980035e-05
2,1,1.0,0.999995231628418
2,0,0.0,9.930166561389342e-05
2,0,0.0,3.628494232543744e-05
2,0,0.0,8.812501619104296e-05
2,0,0.0,8.388749847654253e-05
2,0,0.0,0.0001055474640452
2,1,1.0,0.9999893307685852
2,0,0.0,8.45139438752085e-05
2,0,0.0,0.0001374699495499
2,1,1.0,0.9969168305397034
2,0,0.0,3.44759137078654e-05
2,1,1.0,0.9999967217445374
2,0,0.0,3.2364991056965664e-05
2,0,0.0,1.3337526979739778e-05
2,0,0.0,0.0001044129530782
2,0,0.0,2.236707769043278e-05
2,0,0.0,9.544409294903744e-06
2,0,0.0,1.516546581115108e-05
2,0,0.0,4.873019133810885e-05
2,0,0.0,4.816010914510116e-05
2,0,0.0,0.0002695737057365
2,1,1.0,0.9999929070472716
2,0,0.0,0.0001537261850899
2,0,0.0,0.0001141748507507
2,0,0.0,4.896776954410598e-05
2,0,0.0,0.000138073330163
2,1,1.0,0.998652160167694
2,0,0.0,8.827437704894692e-05
2,0,0.0,2.842085450538434e-05
2,0,0.0,6.428477354347706e-05
2,0,0.0,2.022199441853445e-05
2,0,0.0,5.534634328796528e-05
2,1,1.0,0.9999961256980896
2,0,0.0,4.152639303356409e-05
2,0,0.0,9.16173667064868e-05
2,0,0.0,3.0169772799126804e-05
2,0,0.0,4.834435094380751e-05
2,0,0.0,1.2217888070154004e-05
2,0,0.0,4.470081330509856e-05
2,0,0.0,3.7121302739251405e-05
2,0,0.0,4.919627463095821e-05
2,1,1.0,0.8348144292831421
2,1,1.0,0.999992847442627
2,1,1.0,0.9999969005584716
2,0,0.0,4.5377961214398965e-05
2,0,0.0,2.4112336177495308e-05
2,1,1.0,0.9999960064888
2,0,0.0,8.397490455536172e-05
2,1,1.0,0.9999933242797852
2,0,0.0,4.331333911977708e-05
2,1,1.0,0.99999338388443
2,0,0.0,0.0001015893358271
2,0,0.0,3.0653984140371904e-05
2,1,1.0,0.999987781047821
2,0,0.0,6.403435691026971e-05
2,0,0.0,5.178567516850308e-05
2,0,0.0,3.611377906054258e-05
2,0,0.0,6.088279405958019e-05
2,0,0.0,3.932743493351154e-05
2,1,1.0,0.9999939203262328
2,1,1.0,0.999997854232788
2,0,0.0,0.0001314500259468
2,1,1.0,0.9999968409538268
2,1,1.0,0.7780483365058899
2,0,0.0,6.849793862784281e-05
2,0,0.0,5.974851592327468e-05
2,0,0.0,4.778274524142034e-05
2,0,0.0,0.0001574055058881
2,1,1.0,0.9999930262565612
2,0,0.0,2.0496820070547983e-05
2,0,0.0,7.744600225123577e-06
2,1,1.0,0.9999314546585084
2,0,0.0,2.0728362869704146e-05
2,0,0.0,4.561750392895192e-05
2,0,0.0,4.967562199453823e-05
2,1,1.0,0.999996781349182
2,0,0.0,4.025164889753796e-05
2,1,1.0,0.9999935626983644
2,0,0.0,7.075035682646558e-05
2,0,0.0,1.992645593418274e-05
2,0,0.0,1.8915350665338337e-05
2,1,1.0,0.9999932646751404
2,0,0.0,0.0001293181121582
2,0,0.0,2.699822471186053e-05
2,0,0.0,8.070163312368095e-05
2,0,0.0,3.814760930254124e-05
2,0,0.0,1.8004351659328677e-05
2,0,0.0,1.945269468706101e-05
2,0,0.0,1.4535658920067362e-05
2,0,0.0,1.8998458472196944e-05
2,0,0.0,2.8111293431720696e-05
2,0,0.0,3.0525276088155806e-05
2,1,1.0,0.9999931454658508
2,0,0.0,5.101732676848769e-05
2,0,0.0,2.0498189769568853e-05
2,0,0.0,0.0001460370840504
2,1,1.0,0.9999968409538268
2,0,0.0,0.0001167060399893
2,1,1.0,0.9999418258666992
2,0,0.0,3.360935079399496e-05
2,0,0.0,0.0001839641336118
2,1,1.0,0.999993085861206
2,1,1.0,0.9999573230743408
2,1,1.0,0.9999966621398926
2,0,0.0,6.963656051084399e-05
2,1,0.0,0.0308056082576513
2,0,0.0,0.000376638432499
2,0,0.0,7.839631871320307e-05
2,0,0.0,0.0001853310532169
2,0,0.0,5.4908327001612633e-05
2,1,0.0,0.0001278319250559
2,1,1.0,0.9999932646751404
2,0,0.0,9.981945913750678e-05
2,1,1.0,0.999997079372406
2,0,0.0,8.708710811333731e-05
2,1,1.0,0.999993085861206
2,0,0.0,5.085411976324394e-05
2,1,1.0,0.9999969005584716
2,0,0.0,4.28734565502964e-05
2,0,0.0,9.96526359813288e-05
2,0,0.0,2.5408351575606503e-05
2,0,0.0,4.528985664364882e-05
2,1,1.0,0.999993085861206
2,0,0.0,0.0001805762731237
2,0,0.0,1.4690737771161366e-05
2,0,0.0,0.0001122249959735
2,0,0.0,4.454765439732e-05
2,1,1.0,0.9999968409538268
2,0,0.0,8.524873555870727e-05
2,0,0.0,6.333281635306776e-05
2,1,1.0,0.9999949932098388
2,1,1.0,0.9999968409538268
2,0,0.0,9.021593723446132e-05
2,0,0.0,3.910499071935192e-05
2,1,1.0,0.999992847442627
2,1,1.0,0.9999932050704956
2,1,1.0,0.999996781349182
2,0,0.0,1.2764896382577716e-05
2,1,1.0,0.9999931454658508
2,0,0.0,8.452941983705387e-05
2,0,0.0,9.493617835687472e-05
2,1,1.0,0.9932403564453124
2,0,0.0,4.332102616899647e-05
2,0,0.0,4.0329035982722417e-05
2,0,0.0,1.131588578573428e-05
2,1,0.0,0.3204520642757416
2,0,0.0,0.0002042679698206
2,0,0.0,7.683129661018029e-05
2,0,0.0,5.327415783540346e-05
2,1,1.0,0.9978495240211488
2,0,0.0,4.525186523096636e-05
2,1,1.0,0.999994158744812
2,1,1.0,0.9999566674232484
2,0,0.0,2.0658168068621308e-05
2,0,0.0,3.685825504362583e-05
2,0,0.0,0.0001105598130379
2,0,0.0,6.448603380704299e-05
2,1,1.0,0.999996781349182
2,0,0.0,2.158411734853871e-05
2,0,0.0,0.0001014111403492
2,0,0.0,9.051185043063016e-05
2,0,0.0,5.681648690369912e-05
2,1,1.0,0.9999968409538268
2,0,0.0,0.0001130535601987
2,0,0.0,2.0094728824915364e-05
2,0,0.0,8.795742905931547e-05
2,0,0.0,1.998499283217825e-05
2,1,1.0,0.9999972581863404
2,0,0.0,6.017260966473259e-05
2,1,1.0,0.999996781349182
2,1,1.0,0.9984184503555298
2,0,0.0,2.0006236809422265e-05
2,1,1.0,0.9999350905418396
2,0,0.0,4.6320601541083306e-05
2,1,1.0,0.9999969005584716
2,0,0.0,6.011812729411759e-05
2,0,0.0,3.303571429569274e-05
2,0,0.0,6.42064114799723e-05
2,0,0.0,0.0001339697046205
2,0,0.0,3.7929057725705206e-05
2,1,1.0,0.9999958276748656
2,0,0.0,1.4193610695656387e-05
2,0,0.0,5.7876062783179805e-05
2,1,1.0,0.999993085861206
2,0,0.0,2.7953517928835936e-05
2,0,0.0,6.674700853182003e-05
2,0,0.0,1.9284791051177308e-05
2,1,1.0,0.9999932646751404
2,0,0.0,3.851604196825065e-05
2,0,0.0,9.787039743969216e-05
2,0,0.0,2.854689410014544e-05
2,0,0.0,6.655429751845077e-05
2,1,1.0,0.8076293468475342
2,0,0.0,4.6393768570851535e-05
2,0,0.0,0.0001116288040066
2,0,0.0,0.0001042896692524
2,0,0.0,8.62298475112766e-05
2,0,0.0,1.5837382306926884e-05
2,0,0.0,8.994354720925912e-05
2,0,0.0,0.0001558289659442
2,1,1.0,0.999993860721588
2,0,0.0,3.691316305776127e-05
2,0,0.0,2.5698755052872e-05
2,0,0.0,0.0001093164028134
2,0,0.0,3.9372313040075824e-05
2,0,0.0,0.0001604771241545
2,1,1.0,0.9999324679374696
2,0,0.0,0.0001706394541542
2,1,1.0,0.6231240034103394
2,0,0.0,0.000102395300928
2,0,0.0,2.856982246157713e-05
2,1,1.0,0.9999938011169434
2,0,0.0,9.514516568742692e-05
2,0,0.0,9.926751772582064e-06
2,1,0.0,0.2011105418205261
2,0,0.0,1.5955811250023544e-05
2,0,0.0,5.97537582507357e-05
2,0,0.0,1.9384766346774995e-05
2,0,0.0,2.071678136417177e-05
2,1,1.0,0.9999943971633912
2,0,0.0,3.733092671609484e-05
2,0,0.0,4.650641494663432e-05
2,1,1.0,0.999984323978424
2,1,1.0,0.9999791383743286
2,1,1.0,0.9999897480010986
2,0,0.0,9.359521936858072e-05
2,0,0.0,4.681297014030861e-06
2,0,0.0,9.389530896442012e-05
2,0,0.0,0.0001489577407483
2,0,0.0,2.2282683858065863e-05
2,0,0.0,6.368923641275615e-05
2,0,0.0,0.0001431799610145
2,0,0.0,2.0367089746287093e-05
2,1,0.0,0.0013147523859515
2,0,0.0,5.169763971935026e-05
2,1,1.0,0.9999969005584716
2,1,1.0,0.9999966621398926
2,1,1.0,0.9999930262565612
2,0,0.0,0.0001528836000943
2,0,0.0,2.013272933254484e-05
2,1,1.0,0.9999932646751404
2,0,0.0,5.258006785879843e-05
2,0,0.0,1.3091751497995574e-05
2,0,0.0,0.0001107502757804
2,0,0.0,2.2718541003996503e-05
2,1,1.0,0.9999959468841552
2,0,0.0,7.757886487524956e-05
2,1,1.0,0.9999936819076538
2,1,1.0,0.999996781349182
2,1,1.0,0.7140300273895264
2,0,0.0,6.589033728232607e-05
2,1,1.0,0.9999932050704956
2,0,0.0,3.979645771323703e-05
2,0,0.0,2.9379712941590697e-05
2,0,0.0,4.074552998645231e-05
2,0,0.0,2.0799054254894145e-05
2,0,0.0,4.651670315070078e-05
2,0,0.0,0.0001212084462167
2,0,0.0,8.580989742767997e-06
2,0,0.0,0.0001835429138736
2,0,0.0,1.384229472023435e-05
2,1,1.0,0.9999967217445374
2,0,0.0,2.011236756516155e-05
2,0,0.0,0.0001150714451796
2,0,0.0,4.122093014302664e-05
2,1,1.0,0.9999595880508424
2,1,1.0,0.9999967217445374
2,0,0.0,5.624130426440388e-05
2,1,1.0,0.999996781349182
2,0,0.0,5.9057649195892736e-05
2,0,0.0,9.21837636269629e-05
2,0,0.0,2.992757617903408e-05
2,1,1.0,0.998775064945221
2,1,1.0,0.9999966621398926
2,0,0.0,3.56714881490916e-05
2,0,0.0,0.0001891174324555
2,1,1.0,0.999933421611786
2,0,0.0,3.076409484492615e-05
2,0,0.0,4.014205842395313e-05
2,0,0.0,5.09429482917767e-05
2,0,0.0,3.069253943976946e-05
2,1,1.0,0.9999932646751404
2,0,0.0,0.0001151672768173
2,0,0.0,1.9885887013515458e-05
2,0,0.0,1.3511961697076911e-05
2,1,1.0,0.9992814660072328
2,0,0.0,0.0001059714268194
2,0,0.0,1.417872863385128e-05
2,0,0.0,8.708245877642184e-05
2,0,0.0,4.117127537028864e-05
2,0,0.0,6.06280991632957e-05
2,0,0.0,6.93801703164354e-05
2,0,0.0,5.980922287562862e-05
2,0,0.0,3.1636063795303926e-05
2,0,0.0,1.3747836419497617e-05
2,1,1.0,0.9999932050704956
2,0,0.0,9.34815834625624e-05
2,1,1.0,0.6521905064582825
2,0,0.0,4.043601802550256e-05
2,1,1.0,0.9999932646751404
2,0,0.0,3.115493746008724e-05
2,0,0.0,4.3532269046409056e-05
2,1,1.0,0.9999967217445374
2,0,0.0,1.7703498087939806e-05
2,0,0.0,0.0001385669893352
2,0,0.0,1.4116316378931517e-05
2,1,1.0,0.9999931454658508
2,1,1.0,0.9999898076057434
2,1,1.0,0.9999929666519164
2,0,0.0,0.0001755158154992
2,0,0.0,7.845906657166779e-05
2,0,0.0,0.0002119166601914
2,0,0.0,0.0001249336055479
2,0,0.0,7.302913581952453e-05
2,1,0.0,0.0203953795135021
2,0,0.0,4.497403642744757e-05
2,0,0.0,3.069095691898838e-05
2,1,1.0,0.9999932646751404
2,1,1.0,0.8438820838928223
2,0,0.0,0.0001357025903416
2,0,0.0,1.0529724931984674e-05
2,1,1.0,0.9071351289749146
2,0,0.0,2.64218142547179e-05
2,0,0.0,0.0001084834730136
2,1,1.0,0.9999968409538268
2,0,0.0,7.756369450362399e-05
2,0,0.0,1.571518623677548e-05
2,1,1.0,0.9999932646751404
2,0,0.0,3.939792804885656e-05
2,1,1.0,0.9999378323554992
2,0,0.0,4.535546759143472e-05
2,1,1.0,0.9999324083328248
2,0,0.0,7.231554627651349e-05
2,1,1.0,0.999994933605194
2,0,0.0,2.0870602384093218e-05
2,0,0.0,4.5502500142902136e-05
2,0,0.0,0.0001228530891239
2,0,0.0,4.03161502617877e-05
2,0,0.0,4.702546902990434e-06
2,1,1.0,0.9999911189079284
2,0,0.0,3.485548586468212e-05
2,0,0.0,4.1043400415219367e-05
2,0,0.0,6.890622898936272e-05
2,0,0.0,1.919150236062705e-05
2,1,1.0,0.9999715089797974
2,0,0.0,7.952381565701216e-06
2,0,0.0,0.000265548354946
2,1,1.0,0.999996781349182
2,1,1.0,0.9999930262565612
2,0,0.0,2.0561996279866435e-05
2,0,0.0,6.457366544054821e-05
2,1,1.0,0.999996781349182
2,1,1.0,0.9963082671165466
2,1,1.0,0.999993085861206
2,1,1.0,0.9999964237213136
2,0,0.0,2.0454212062759325e-05
2,1,1.0,0.9999932646751404
2,0,0.0,2.0168916307738986e-05
2,1,1.0,0.9999967217445374
2,0,0.0,3.710884266183712e-05
2,0,0.0,0.0001191186238429
2,0,0.0,5.021612378186546e-05
2,0,0.0,0.0001068121564458
2,0,0.0,1.9211258404538967e-05
2,1,0.0,0.0697222501039505
2,0,0.0,4.597557563101873e-05
2,0,0.0,2.017437873291783e-05
2,0,0.0,0.0001653780200285
2,0,0.0,0.0001497207267675
2,0,0.0,1.0908090189332142e-05
2,0,0.0,3.187144102412276e-05
2,0,0.0,4.493382584769279e-05
2,0,0.0,9.057884744834156e-05
2,0,0.0,6.639606726821512e-05
2,0,0.0,7.036697934381664e-05
2,0,0.0,3.518585072015412e-05
2,0,0.0,0.0001722309389151
2,1,0.0,0.0602548718452453
2,0,0.0,0.000102246303868
2,1,1.0,0.999996781349182
2,0,0.0,0.0001332628453383
2,1,1.0,0.9999934434890748
2,1,1.0,0.643114447593689
2,1,1.0,0.9999877214431764
2,0,0.0,3.943845149478875e-05
2,0,0.0,3.762492269743234e-05
2,1,1.0,0.6728668212890625
2,0,0.0,3.764398206840269e-05
2,0,0.0,0.0001078463537851
2,1,1.0,0.9999927878379822
2,0,0.0,4.984955012332648e-05
2,0,0.0,0.0001613700005691
2,1,1.0,0.999996781349182
2,0,0.0,2.1276648112689145e-05
2,1,1.0,0.9999321103096008
2,1,1.0,0.9999947547912598
2,0,0.0,2.034319368249271e-05
2,0,0.0,0.0001602945121703
2,0,0.0,0.0001117926440201
2,0,0.0,1.2907113159599248e-05
2,0,0.0,1.3304738786246162e-05
2,0,0.0,9.636321919970214e-05
2,0,0.0,1.435170452168677e-05
2,0,0.0,3.979623215855099e-05
2,1,1.0,0.9999968409538268
2,0,0.0,0.0002141946897609
2,1,1.0,0.9999900460243224
2,0,0.0,0.0001332059327978
2,0,0.0,1.6210940884775482e-05
2,0,0.0,0.0002424488920951
2,0,0.0,2.023136767093092e-05
2,0,0.0,6.396159733412787e-05
2,0,0.0,2.698216303542722e-05
2,0,0.0,0.0001081791415344
2,0,0.0,7.626441220054403e-05
2,0,0.0,2.077784120047e-05
2,0,0.0,2.3774269720888697e-05
2,0,0.0,0.0001250766508746
2,0,0.0,1.772718496795278e-05
2,1,1.0,0.9999930262565612
2,1,1.0,0.9999930262565612
2,0,0.0,4.662924766307697e-05
2,0,0.0,8.786153921391815e-05
2,0,0.0,4.670935231843032e-05
2,1,1.0,0.999995768070221
2,1,1.0,0.999996781349182
2,0,0.0,0.000103432983451
2,0,0.0,4.270122735761106e-05
2,0,0.0,0.0001880036579677
2,0,0.0,5.311537825036794e-05
2,0,0.0,0.0002214723353972
2,0,0.0,4.3341307900846e-05
2,0,0.0,0.0001073051462299
2,0,0.0,5.276309821056202e-05
2,0,0.0,4.1659510316094384e-05
2,1,0.0,0.0268845800310373
2,0,0.0,4.262900620233268e-05
2,0,0.0,3.235959229641594e-05
2,1,1.0,0.9999898672103882
2,0,0.0,1.440784581063781e-05
2,0,0.0,2.011255855904892e-05
2,0,0.0,3.3186144719365984e-05
2,0,0.0,2.894007047871128e-05
2,0,0.0,2.812100137816742e-05
2,1,1.0,0.9998932480812072
2,1,1.0,0.999995231628418
2,1,1.0,0.9999954104423524
2,0,0.0,8.07661417638883e-05
2,1,1.0,0.9999968409538268
2,0,0.0,2.0621930161723867e-05
2,0,0.0,0.0002291529235662
2,1,1.0,0.9999968409538268
2,0,0.0,4.287386400392279e-05
2,0,0.0,0.0002040233084699
2,0,0.0,0.0001657193060964
2,0,0.0,0.0001683744631009
2,1,0.0,0.0498379841446876
2,0,0.0,7.064324017846957e-05
2,0,0.0,0.0001885947131086
2,0,0.0,9.017835691338404e-05
2,0,0.0,4.364629421615973e-05
2,0,0.0,4.386017099022865e-05
2,1,1.0,0.741113007068634
2,0,0.0,0.0001112702302634
2,1,1.0,0.9999968409538268
2,1,1.0,0.999996781349182
2,0,0.0,3.7319146940717474e-05
2,0,0.0,6.311148899840191e-05
2,1,1.0,0.9999876022338868
2,1,1.0,0.9999929666519164
2,1,1.0,0.5669101476669312
2,1,1.0,0.9999959468841552
2,0,0.0,0.0002488898753654
2,0,0.0,0.0001015698580886
2,0,0.0,3.827292312053032e-05
2,1,1.0,0.9999929666519164
2,0,0.0,1.388954115100205e-05
2,0,0.0,9.49767418205738e-05
2,0,0.0,6.931807001819834e-05
2,0,0.0,2.002284418267664e-05
2,0,0.0,4.865663868258707e-05
2,0,0.0,0.000103212580143
2,0,0.0,0.0001803164632292
2,0,0.0,0.0001611175539437
2,1,1.0,0.9999626278877258
2,0,0.0,0.0002381438098382
2,0,0.0,7.770182492095046e-06
2,1,1.0,0.999996781349182
2,0,0.0,6.053427932783961e-05
2,1,1.0,0.7370795607566833
2,1,1.0,0.999996781349182
2,1,1.0,0.7624114751815796
2,1,1.0,0.9999968409538268
2,0,0.0,2.982460864586756e-05
2,1,1.0,0.999987542629242
2,1,1.0,0.9999967217445374
2,1,1.0,0.9999968409538268
2,1,1.0,0.9999929070472716
2,0,0.0,1.1971684216405263e-05
2,0,0.0,9.714152838569134e-05
2,0,0.0,1.9393439288251105e-05
2,0,0.0,7.523454314650735e-06
2,0,0.0,9.002301521832123e-05
2,0,0.0,3.4296666854061186e-05
2,0,0.0,9.499340376351027e-05
2,0,0.0,1.0522557204240002e-05
2,0,0.0,2.0654031686717644e-05
2,0,0.0,0.0002203708863817
2,0,0.0,0.0001613496860954
2,0,0.0,7.369752438535215e-06
2,0,0.0,2.657627010194119e-05
2,0,0.0,9.310882160207257e-05
2,1,1.0,0.9999968409538268
2,0,0.0,0.0001033978842315
2,0,0.0,0.0002474423090461
2,0,0.0,7.388795893348288e-06
2,0,0.0,0.0001231001806445
2,0,0.0,4.232584979035892e-05
2,0,0.0,5.458427767734975e-05
2,0,0.0,7.455088507413166e-06
2,0,0.0,4.934315074933693e-05
2,0,0.0,4.349455048213713e-05
2,0,0.0,2.9124352295184508e-05
2,0,0.0,0.0003416018153075
2,1,1.0,0.9999528527259828
2,0,0.0,5.229822636465542e-05
2,0,0.0,5.1418424845905975e-05
2,0,0.0,4.76535533380229e-05
2,0,0.0,5.57929088245146e-05
2,1,1.0,0.999997079372406
2,0,0.0,3.548041058820672e-05
2,0,0.0,9.285807027481496e-05
2,1,1.0,0.9999940991401672
2,0,0.0,4.61993295175489e-05
2,0,0.0,0.0001463669323129
2,0,0.0,7.664835720788687e-05
2,0,0.0,4.105690459255129e-05
2,1,1.0,0.9999933242797852
2,0,0.0,4.224379154038616e-05
2,1,1.0,0.9999576807022096
2,0,0.0,2.413534093648196e-05
2,0,0.0,1.9082857761532068e-05
2,0,0.0,0.0002007519215112
2,0,0.0,5.051313200965524e-05
2,0,0.0,9.022067388286814e-05
2,1,1.0,0.99994957447052
2,0,0.0,2.027308619290125e-05
2,0,0.0,0.0001052979496307
2,0,0.0,2.982284422614612e-05
2,1,1.0,0.9998940229415894
2,0,0.0,8.178438292816281e-05
2,1,1.0,0.9999602437019348
2,0,0.0,6.138942262623459e-05
2,0,0.0,7.107590499799699e-05
2,1,1.0,0.9999930262565612
2,0,0.0,5.0102851673727855e-05
2,1,1.0,0.9999932050704956
2,0,0.0,9.944854537025094e-05
2,1,1.0,0.999996781349182
2,0,0.0,9.509899246040732e-05
2,0,0.0,1.683318077994045e-05
2,0,0.0,2.1376241420512088e-05
2,0,0.0,9.37336590141058e-05
2,0,0.0,0.000119252166769
2,0,0.0,5.583932579611428e-05
2,1,1.0,0.9999642968177797
2,0,0.0,0.0001644502626731
2,0,0.0,0.0001688238116912
2,0,0.0,4.651972267311066e-05
2,1,0.0,0.0197825860232114
2,0,0.0,4.55209483334329e-05
2,0,0.0,3.097339504165575e-05
2,0,0.0,0.0001723760215099
2,0,0.0,0.0001778283767635
2,0,0.0,3.412525984458625e-05
2,0,0.0,0.0001917226618388
2,0,0.0,7.11542961653322e-05
2,0,0.0,2.000749736907892e-05
2,0,0.0,9.743537702888716e-06
2,0,0.0,0.0001268621854251
2,0,0.0,2.737333488767036e-05
2,1,1.0,0.999948501586914
2,0,0.0,4.491043364396319e-05
2,0,0.0,4.619796527549624e-05
2,0,0.0,9.554411371937022e-05
2,0,0.0,3.623860175139271e-05
2,0,0.0,8.880341920303181e-05
2,0,0.0,7.223146531032398e-05
2,0,0.0,3.611343709053472e-05
2,0,0.0,2.8389267754391767e-05
2,0,0.0,9.114724525716156e-05
2,0,0.0,9.769508324097842e-05
2,0,0.0,2.560083885327913e-05
2,0,0.0,5.88601287745405e-05
2,0,0.0,3.80263700208161e-05
2,0,0.0,4.2370920709799975e-05
2,0,0.0,0.0002004799171118
2,0,0.0,9.30523601709865e-05
2,0,0.0,0.0001052494553732
2,0,0.0,7.925858517410234e-05
2,1,1.0,0.9999933242797852
2,0,0.0,0.0002307133981958
2,0,0.0,2.892577685997821e-05
2,1,1.0,0.9999966621398926
2,0,0.0,0.000153815941303
2,1,1.0,0.731316089630127
2,0,0.0,2.065568696707487e-05
2,1,1.0,0.999996781349182
2,1,0.0,0.0475538857281208
2,0,0.0,2.071796552627348e-05
2,0,0.0,7.777233986416832e-05
2,1,1.0,0.9999966621398926
2,1,1.0,0.999965488910675
2,1,1.0,0.9999932050704956
2,0,0.0,1.996868559217546e-05
2,0,0.0,2.004148882406298e-05
2,0,0.0,4.3643423850880936e-05
2,1,1.0,0.9261519908905028
2,1,1.0,0.6049649715423584
2,0,0.0,3.858132913592272e-05
2,0,0.0,0.0001232638023793
2,0,0.0,2.996910370711703e-05
2,0,0.0,4.0704482671571895e-05
2,1,1.0,0.9999312162399292
2,0,0.0,2.828263859555591e-05
2,0,0.0,0.000157789007062
2,0,0.0,6.697781645925716e-05
2,0,0.0,2.056876110145822e-05
2,1,1.0,0.9999957084655762
2,0,0.0,6.326352013275027e-05
2,0,0.0,0.0002070901537081
2,0,0.0,4.168970917817205e-05
2,1,1.0,0.9999967217445374
2,0,0.0,7.279467536136508e-05
2,0,0.0,0.0001613692293176
2,1,1.0,0.99999338388443
2,0,0.0,4.930382419843227e-05
2,0,0.0,6.12712829024531e-05
2,1,1.0,0.9999648928642272
2,0,0.0,3.945380012737587e-05
2,1,1.0,0.9931631684303284
2,0,0.0,2.671710171853192e-05
2,0,0.0,0.0001007796163321
2,1,0.0,0.0002889202733058
2,0,0.0,1.7390517314197496e-05
2,1,1.0,0.9999422430992126
2,0,0.0,3.450979420449585e-05
2,0,0.0,2.5795499823288992e-05
2,0,0.0,3.905810444848612e-05
2,0,0.0,6.893738463986665e-05
2,0,0.0,8.583367161918432e-05
2,1,1.0,0.999996781349182
2,0,0.0,7.371200626948848e-05
2,0,0.0,4.0109265682986006e-05
2,0,0.0,5.749978663516231e-05
2,1,1.0,0.9999930262565612
2,0,0.0,1.7176020264741965e-05
2,1,1.0,0.99999338388443
2,1,1.0,0.9999929070472716
2,0,0.0,2.070982736768201e-05
2,1,1.0,0.9999967217445374
2,0,0.0,5.7143821322824806e-05
2,1,1.0,0.9999968409538268
2,0,0.0,0.0001000674310489
2,0,0.0,0.0003471261297818
2,0,0.0,1.5219898159557488e-05
2,0,0.0,2.809266879921779e-05
2,1,1.0,0.5773847699165344
2,0,0.0,2.899371793319005e-05
2,0,0.0,0.0001617131783859
2,1,0.0,0.0006801374838687
2,0,0.0,2.0433762983884662e-05
2,1,1.0,0.9999932646751404
2,1,1.0,0.999937891960144
2,0,0.0,3.305273276055232e-05
2,0,0.0,0.0001003032230073
2,1,1.0,0.9999968409538268
2,0,0.0,2.2697948224958964e-05
2,0,0.0,9.89064428722486e-05
2,0,0.0,4.3879419536096975e-05
2,0,0.0,0.000120649994642
2,0,0.0,4.333796096034348e-05
2,1,1.0,0.999996781349182
2,0,0.0,0.0001592138869455
2,0,0.0,6.583331560250372e-05
2,1,1.0,0.999996781349182
2,0,0.0,2.7260821298114024e-05
2,0,0.0,0.0001338893926003
2,0,0.0,9.92161949397996e-05
2,0,0.0,4.200938201393001e-05
2,0,0.0,3.092900806223042e-05
2,1,1.0,0.9999967217445374
2,1,1.0,0.9999871253967284
2,0,0.0,3.967164229834452e-05
2,0,0.0,1.986680035770405e-05
2,1,1.0,0.9999968409538268
2,1,1.0,0.9999951124191284
2,0,0.0,7.726540388830472e-06
2,0,0.0,0.0001162223852588
2,1,1.0,0.999996781349182
2,1,1.0,0.9999969005584716
2,0,0.0,2.026475522143301e-05
2,0,0.0,1.8928865756606683e-05
2,0,0.0,5.937098467256874e-05
2,0,0.0,1.9200617316528223e-05
2,0,0.0,0.0001519128854852
2,1,1.0,0.9999930262565612
2,1,1.0,0.9999969005584716
2,0,0.0,0.0001750017836457
2,0,0.0,0.0001490111608291
2,0,0.0,6.567523087142035e-05
2,0,0.0,6.427661719499156e-05
2,0,0.0,2.0686002244474366e-05
2,0,0.0,0.0001561758399475
2,0,0.0,8.942893146013375e-06
2,0,0.0,1.7682188627077267e-05
2,1,1.0,0.9999929070472716
2,0,0.0,3.0100540243438445e-05
2,0,0.0,3.914887201972306e-05
2,1,0.0,0.0838223099708557
2,0,0.0,9.461930312681945e-05
2,0,0.0,4.892100332654081e-05
2,0,0.0,0.0001207747700391
2,1,1.0,0.9999937415122986
2,1,1.0,0.9999947547912598
2,0,0.0,6.748829036951065e-05
2,0,0.0,2.024159584834706e-05
2,0,0.0,6.196842150529847e-05
2,0,0.0,6.373340147547424e-05
2,1,1.0,0.999968647956848
2,0,0.0,6.539169407915324e-05
2,0,0.0,6.244601536309347e-05
2,0,0.0,0.0001236949756275
2,0,0.0,0.0001043074807967
2,1,1.0,0.9990513920783995
2,0,0.0,1.7245643903152086e-05
2,1,1.0,0.999993085861206
2,1,1.0,0.9999929070472716
2,1,1.0,0.999993860721588
2,0,0.0,3.522056431393139e-05
2,1,1.0,0.9999929666519164
2,1,1.0,0.9999258518218994
2,0,0.0,2.099767152685672e-05
2,0,0.0,4.436522795003839e-05
2,0,0.0,6.577638851013035e-05
2,1,0.0,0.095870167016983
2,1,1.0,0.9999968409538268
2,0,0.0,5.6008004321483895e-05
2,0,0.0,0.000243104645051
2,0,0.0,3.540493344189599e-05
2,0,0.0,4.301896842662245e-05
2,0,0.0,5.35001017851755e-05
2,0,0.0,0.0001287543273065
2,0,0.0,3.926507997675799e-05
2,0,0.0,0.0001691820216365
2,1,1.0,0.9999950528144836
2,0,0.0,1.906792203953956e-05
2,0,0.0,3.9026162994559854e-05
2,0,0.0,7.615961658302695e-05
2,0,0.0,0.0001625783770577
2,0,0.0,3.974253195337951e-05
2,1,1.0,0.9999929666519164
2,1,1.0,0.999996781349182
2,0,0.0,7.940898649394512e-05
2,0,0.0,0.0001124126501963
2,1,1.0,0.9999529719352722
2,0,0.0,2.0063251213287003e-05
2,0,0.0,7.888631080277264e-05
2,0,0.0,0.0001034839879139
2,1,1.0,0.9999931454658508
2,0,0.0,9.008612687466666e-05
2,1,1.0,0.9999945163726808
2,0,0.0,0.0001355546410195
2,0,0.0,3.128999378532171e-05
2,0,0.0,1.2216443792567588e-05
2,0,0.0,6.060931627871469e-05
2,0,0.0,3.308647501398809e-05
2,1,1.0,0.999993085861206
2,0,0.0,1.848537976911757e-05
2,1,0.0,0.0556514933705329
2,1,1.0,0.99999338388443
2,0,0.0,1.9991093722637743e-05
2,1,1.0,0.7699299454689026
2,1,1.0,0.9999980330467224
2,0,0.0,3.857676711049862e-05
2,0,0.0,2.515004234737717e-05
2,0,0.0,1.293784771405626e-05
2,0,0.0,4.067890768055804e-05
2,1,1.0,0.9999967217445374
2,0,0.0,2.132291774614714e-05
2,0,0.0,2.123197191394865e-05
2,0,0.0,5.888017039978877e-05
2,1,1.0,0.9999405145645142
2,0,0.0,9.710968697618227e-06
2,0,0.0,8.763167897996027e-06
2,1,1.0,0.9999964833259584
2,1,1.0,0.9999946355819702
2,0,0.0,9.43758204812184e-05
2,1,1.0,0.9999973177909852
2,1,1.0,0.9999931454658508
2,0,0.0,3.2877534977160394e-05
2,0,0.0,0.0001059608184732
2,0,0.0,8.187176717910916e-05
2,0,0.0,2.2505833840114065e-05
2,1,1.0,0.9999930262565612
2,0,0.0,4.5389257138594985e-05
2,0,0.0,0.0002105681924149
2,0,0.0,1.27907424030127e-05
2,1,1.0,0.9999936819076538
2,0,0.0,5.644504562951624e-05
2,0,0.0,9.731490717967972e-05
2,1,1.0,0.9999932050704956
2,0,0.0,0.0003357634413987
2,1,1.0,0.9999939203262328
2,0,0.0,8.049227471929044e-05
2,0,0.0,6.811194907641038e-05
2,0,0.0,2.03706840693485e-05
2,0,0.0,6.650873547187075e-05
2,1,1.0,0.9999967217445374
2,0,0.0,7.1570226282347e-05
2,0,0.0,0.0001210419068229
2,0,0.0,1.1878463737957644e-05
2,0,0.0,7.99104236648418e-05
2,1,1.0,0.9999938011169434
2,0,0.0,8.545529999537393e-05
2,1,1.0,0.9999966621398926
2,0,0.0,7.772444223519415e-05
2,1,1.0,0.9999929666519164
2,0,0.0,3.377231041667983e-05
2,0,0.0,1.082258404494496e-05
2,0,0.0,9.396231325808913e-05
2,0,0.0,3.641444709501229e-05
2,1,1.0,0.6200785636901855
2,0,0.0,2.4302511519636028e-05
2,1,1.0,0.9999943971633912
2,0,0.0,0.0001662065624259
2,0,0.0,0.0001796180586097
2,0,0.0,1.2184481420263182e-05
2,1,1.0,0.999996781349182
2,1,1.0,0.9999932646751404
2,0,0.0,9.154505823971704e-05
2,0,0.0,6.290983583312482e-05
2,1,1.0,0.6832188963890076
2,0,0.0,9.479441359871998e-06
2,0,0.0,6.956294237170368e-05
2,0,0.0,0.0001131747922045
2,0,0.0,4.684719897340983e-05
2,1,1.0,0.9999962449073792
2,0,0.0,0.0001591062900843
2,0,0.0,2.947054599644616e-05
2,0,0.0,0.0001018592811306
2,0,0.0,2.016089638345875e-05
2,1,1.0,0.9989883303642272
2,0,0.0,0.0001342710311291
2,0,0.0,3.375189771759324e-05
2,0,0.0,9.666582627687605e-05
2,1,1.0,0.9999968409538268
2,0,0.0,4.3113879655720666e-05
2,1,1.0,0.9999932646751404
2,0,0.0,2.929155925812665e-05
2,0,0.0,0.0001897621114039
2,1,1.0,0.9999930262565612
2,0,0.0,3.997096428065561e-05
2,0,0.0,0.0001620195689611
2,1,1.0,0.9999967217445374
2,0,0.0,6.103870691731572e-05
2,1,1.0,0.9999968409538268
2,0,0.0,4.334540062700398e-05
2,0,0.0,3.931175888283178e-05
2,0,0.0,0.000101599311165
2,0,0.0,0.0001565793354529
2,0,0.0,4.293483289075084e-05
2,0,0.0,0.0002199152077082
2,0,0.0,2.081573984469287e-05
2,0,0.0,4.709346103481949e-05
2,1,1.0,0.9999929666519164
2,1,1.0,0.9999684691429138
2,1,1.0,0.7311804294586182
2,0,0.0,9.382988355355336e-05
2,0,0.0,1.045240514940815e-05
2,0,0.0,9.535852586850524e-05
2,0,0.0,2.549439341237303e-05
2,0,0.0,0.0001657091925153
2,0,0.0,0.0001040395582094
2,0,0.0,7.090719736879691e-05
2,0,0.0,0.0001601015974301
2,0,0.0,7.657471724087372e-05
2,0,0.0,2.1059417122160085e-05
2,0,0.0,8.085199806373566e-05
2,1,1.0,0.99999338388443
2,0,0.0,1.2888724995718803e-05
2,0,0.0,7.065381942084059e-05
2,1,1.0,0.9999929666519164
2,0,0.0,0.0001413505524396
2,0,0.0,0.0001042439325829
2,0,0.0,3.193512020516209e-05
2,0,0.0,2.0809764464502223e-05
2,0,0.0,0.000136422648211
2,1,1.0,0.999996781349182
2,0,0.0,2.6815936507773586e-05
2,0,0.0,7.03971745679155e-05
2,0,0.0,0.0001384611969115
2,0,0.0,0.0001481966755818
2,1,1.0,0.9999319911003112
2,0,0.0,2.110193599946797e-05
2,0,0.0,0.0001380521280225
2,1,1.0,0.9999931454658508
2,0,0.0,1.7445616322220303e-05
2,0,0.0,0.0002000947133637
2,0,0.0,6.981018032092834e-06
2,1,1.0,0.9999914169311525
2,0,0.0,4.5341585064306855e-05
2,0,0.0,1.3053180737188086e-05
2,1,1.0,0.999996781349182
2,1,1.0,0.9999901056289672
2,0,0.0,0.0001013428991427
2,0,0.0,0.0001551185559947
2,0,0.0,4.383717168821022e-05
2,0,0.0,4.213307693134993e-05
2,0,0.0,9.207815310219304e-05
2,0,0.0,0.0001508663262939
2,0,0.0,0.0001749894436215
2,1,1.0,0.9999932646751404
2,0,0.0,0.0003500462917145
2,0,0.0,0.0001372286933474
2,1,1.0,0.9999967217445374
2,0,0.0,1.961573252629023e-05
2,0,0.0,3.772441414184868e-05
2,0,0.0,2.4003953512874432e-05
2,0,0.0,0.0001070811922545
2,0,0.0,6.937977013876662e-05
2,0,0.0,1.7719594325171784e-05
2,0,0.0,9.695570952317212e-06
2,0,0.0,3.076923167100176e-05
2,0,0.0,5.857556971022859e-05
2,0,0.0,7.252224895637482e-05
2,1,1.0,0.9999969005584716
2,1,1.0,0.999987244606018
2,0,0.0,5.4050968174124137e-05
2,0,0.0,8.676573634147644e-05
2,1,1.0,0.999996781349182
2,0,0.0,4.29959582106676e-05
2,1,1.0,0.999996781349182
2,0,0.0,2.553693047957495e-05
2,0,0.0,4.252506550983526e-05
2,1,1.0,0.999992847442627
2,0,0.0,0.0001810229296097
2,0,0.0,0.0001068921410478
2,0,0.0,7.176226790761575e-05
2,0,0.0,0.0002266894880449
2,0,0.0,3.857095362036489e-05
2,1,1.0,0.999955713748932
2,1,1.0,0.9999931454658508
2,1,1.0,0.9999967217445374
2,0,0.0,6.886950723128393e-05
2,1,1.0,0.9999544024467468
1,0,0.0,0.0009360330877825
1,0,0.0,0.0004723876772914
1,0,0.0,0.0002667676890268
1,0,0.0,2.467876038281247e-05
1,0,0.0,3.784176806220785e-05
1,0,0.0,0.0006203274824656
1,0,0.0,0.0002733469009399
1,1,1.0,0.9999932050704956
1,0,0.0,5.9256730310153216e-05
1,0,0.0,0.0007991486927494
1,0,0.0,0.0006630926509387
1,0,0.0,0.0024359712842851
1,0,0.0,0.0004771333769895
1,0,0.0,7.77162131271325e-05
1,1,1.0,0.9999943971633912
1,0,0.0,0.0001002629505819
1,0,0.0,1.4376758372236507e-05
1,0,0.0,0.0001513552124379
1,0,0.0,0.000651660724543
1,0,0.0,0.0001643997820792
1,0,0.0,0.0010320957517251
1,0,0.0,0.0001942980015883
1,0,0.0,0.000447442929726
1,0,0.0,0.0002815891348291
1,0,0.0,4.3624237150652334e-05
1,1,1.0,0.99999737739563
1,0,0.0,0.0003081981849391
1,0,0.0,0.0005287156091071
1,0,0.0,0.0004129175504203
1,0,0.0,0.0004211992491036
1,0,0.0,8.77682541613467e-05
1,0,0.0,0.0009482906316407
1,0,0.0,0.001761203049682
1,0,0.0,0.0006941913743503
1,0,0.0,0.0003144799557048
1,0,0.0,0.0002177322021452
1,0,0.0,0.0006149265682324
1,0,0.0,0.000208024852327
1,0,0.0,0.0014279643073678
1,1,1.0,0.999995768070221
1,0,0.0,0.0002891666663344
1,0,0.0,0.0006827790639363
1,0,0.0,6.513870175695047e-05
1,0,0.0,0.0002439672680338
1,0,0.0,0.0003313920460641
1,0,0.0,0.0018020819406956
1,0,0.0,0.0002126840263372
1,0,0.0,0.0006315438076853
1,1,1.0,0.9999918341636658
1,0,0.0,2.3751199478283525e-05
1,0,0.0,0.0004103001847397
1,0,0.0,0.0002278766041854
1,0,0.0,0.0002418771910015
1,0,0.0,0.0004064453823957
1,0,0.0,0.0009114549029618
1,0,0.0,0.0002779095375444
1,0,0.0,0.00022877153242
1,0,0.0,0.0009864761959761
1,1,1.0,0.9999945759773254
1,1,1.0,0.999994933605194
1,0,0.0,0.0003441780863795
1,0,0.0,5.294177753967233e-05
1,0,0.0,0.0006614824524149
1,0,0.0,0.0376632027328014
1,1,1.0,0.999994933605194
1,0,0.0,0.0001237419492099
1,0,0.0,6.134739669505507e-05
1,0,0.0,1.348382193100406e-05
1,0,0.0,0.0025337194092571
1,0,0.0,0.0007731402292847
1,0,0.0,0.0050246771425008
1,0,0.0,0.0002472769410815
1,0,0.0,0.001384521019645
1,0,0.0,0.005230697337538
1,0,0.0,0.0001720305444905
1,1,1.0,0.9999950528144836
1,0,0.0,0.0002229435194749
1,0,0.0,0.0020031007006764
1,0,0.0,0.0002749819250311
1,0,0.0,7.491077849408612e-05
1,0,0.0,0.0004815693828277
1,0,0.0,0.0002407417778158
1,0,0.0,0.0004598988743964
1,0,0.0,5.668616722687148e-05
1,1,1.0,0.9999931454658508
1,0,0.0,0.000647431006655
1,0,0.0,0.0007148212753236
1,0,0.0,0.0003390114288777
1,0,0.0,0.0009105713106691
1,0,0.0,0.0008270027465187
1,0,0.0,0.0003171932185068
1,0,0.0,0.0008822233066894
1,0,0.0,0.0008766124956309
1,0,0.0,1.832187808759045e-05
1,0,0.0,0.0114472545683383
1,0,0.0,0.0003344673023093
1,0,0.0,0.001180101535283
1,0,0.0,0.0011505568400025
1,0,0.0,0.0003655774926301
1,0,0.0,0.0004454826412256
1,0,0.0,0.0007606379804201
1,0,0.0,0.0001548906147945
1,0,0.0,0.0003069885133299
1,0,0.0,9.633179433876649e-05
1,0,0.0,0.0004120695230085
1,0,0.0,0.0008672336116433
1,0,0.0,0.0019020485924556
1,1,1.0,0.9999921321868896
1,0,0.0,0.00076166074723
1,0,0.0,0.0007936500478535
1,1,1.0,0.999993622303009
1,0,0.0,0.0010146328713744
1,0,0.0,0.0004086943808943
1,0,0.0,0.0014343850780278
1,0,0.0,0.0002203740441473
1,0,0.0,0.0003888454521074
1,0,0.0,0.0004267869517207
1,0,0.0,0.0041547655127942
1,0,0.0,0.0006505787605419
1,0,0.0,0.0012185912346467
1,0,0.0,0.000109587352199
1,0,0.0,0.0004416015581227
1,0,0.0,0.0006449967622756
1,1,1.0,0.9999979138374328
1,0,0.0,0.000684063823428
1,0,0.0,0.0010400910396128
1,0,0.0,1.796130345610436e-05
1,0,0.0,1.9674673239933327e-05
1,0,0.0,0.0003653292660601
1,0,0.0,0.0004452654975466
1,0,0.0,0.0005213000113144
1,1,1.0,0.999997079372406
1,0,0.0,0.0342320352792739
1,0,0.0,0.0001192769486806
1,0,0.0,0.0008914276841096
1,0,0.0,0.0001437602913938
1,0,0.0,7.459868356818333e-05
1,0,0.0,0.0005259095341898
1,0,0.0,0.0005102761206217
1,0,0.0,0.0007551264134235
1,0,0.0,0.0004838806635234
1,0,0.0,0.0001968641590792
1,0,0.0,0.0003289942687842
1,0,0.0,0.0013535828329622
1,1,1.0,0.9999935626983644
1,0,0.0,0.0008588366908952
1,1,1.0,0.999991536140442
1,1,1.0,0.999994158744812
1,0,0.0,0.0009116972214542
1,0,0.0,0.0005426447605714
1,0,0.0,0.0002404506667517
1,0,0.0,0.0001290718355448
1,1,1.0,0.999992847442627
1,1,1.0,0.9999953508377076
1,0,0.0,4.284721944713965e-05
1,0,0.0,0.0006014362443238
1,0,0.0,0.001134491409175
1,0,0.0,0.0010113057214766
1,0,0.0,0.0009964273776859
1,0,0.0,0.0003821591089945
1,0,0.0,0.0029147495515644
1,0,0.0,0.0008594605023972
1,1,1.0,0.999991536140442
1,0,0.0,0.000165854464285
1,0,0.0,1.783054176485166e-05
1,0,0.0,0.0004120467638131
1,0,0.0,0.0075829345732927
1,0,0.0,0.0002957179385703
1,0,0.0,0.0004251833888702
1,0,0.0,0.0002269563701702
1,1,1.0,0.9999943971633912
1,0,0.0,0.0005201524472795
1,0,0.0,0.0013674520887434
1,0,0.0,0.0004214852815493
1,0,0.0,0.0005012915935367
1,0,0.0,0.0003591991844587
1,0,0.0,0.0002212032559327
1,0,0.0,0.0002424881822662
1,0,0.0,0.0017763430951163
1,0,0.0,0.0005081972340121
1,0,0.0,0.0001797693403204
1,0,0.0,0.0003267702413722
1,0,0.0,0.000395326729631
1,1,1.0,0.9999914169311525
1,0,0.0,0.0001770997478161
1,0,0.0,0.0002316000754944
1,0,0.0,0.0003595290763769
1,0,0.0,1.5614350559189916e-05
1,0,0.0,0.000297001824947
1,0,0.0,0.000201053218916
1,0,0.0,0.0007757856510579
1,0,0.0,0.0005151198129169
1,0,0.0,0.0003305394784547
1,0,0.0,0.0001909760903799
1,0,0.0,0.0005894750356674
1,0,0.0,0.0198531299829483
1,1,1.0,0.9999914765357972
1,1,1.0,0.9999929070472716
1,0,0.0,0.0008522773277945
1,0,0.0,0.0005534004303626
1,0,0.0,0.0003851512155961
1,0,0.0,0.0001307993661612
1,0,0.0,0.0008794733439572
1,0,0.0,0.0003607403195928
1,0,0.0,0.0005001304089091
1,0,0.0,0.0001051727085723
1,0,0.0,0.0002196561981691
1,0,0.0,0.0003926954232156
1,0,0.0,0.0002308392577106
1,0,0.0,0.0001264515449292
1,0,0.0,0.0001577325892867
1,0,0.0,0.0011267653899267
1,0,0.0,1.6565669284318574e-05
1,0,0.0,0.0004188641032669
1,0,0.0,0.0004287140618544
1,0,0.0,0.0003090609097853
1,0,0.0,0.002297373721376
1,0,0.0,0.0005581350415013
1,0,0.0,0.000984200160019
1,0,0.0,4.362973049865104e-05
1,0,0.0,0.0001179066093754
1,1,1.0,0.999991774559021
1,1,1.0,0.9999951124191284
1,0,0.0,0.0001607584417797
1,0,0.0,7.128619472496212e-05
1,0,0.0,0.0004238843102939
1,0,0.0,0.0006953304982744
1,1,1.0,0.9999939799308776
1,0,0.0,0.0003657985071185
1,0,0.0,0.0003926188510376
1,0,0.0,0.0002831829478964
1,0,0.0,0.000604802975431
1,0,0.0,0.0013270331546664
1,0,0.0,0.0001824711507651
1,0,0.0,0.0005700942128896
1,0,0.0,0.0074009015224874
1,0,0.0,0.0003004599129781
1,0,0.0,0.0008392582531087
1,0,0.0,0.0002980741264764
1,0,0.0,8.964804874267429e-05
1,0,0.0,0.0005247092922218
1,0,0.0,0.0014721406623721
1,0,0.0,5.857249925611541e-05
1,0,0.0,0.0003395896637812
1,0,0.0,0.0001999743690248
1,0,0.0,8.722574420971796e-05
1,0,0.0,0.0003483403124846
1,0,0.0,0.0007727752672508
1,0,0.0,0.0004743950848933
1,0,0.0,0.0009087260114029
1,0,0.0,0.0004269945202395
1,0,0.0,0.0012138654710724
1,0,0.0,0.0004770819796249
1,0,0.0,0.0022455372381955
1,0,0.0,0.0014514081412926
1,0,0.0,0.0011861869134008
1,0,0.0,0.0001789116067811
1,1,1.0,0.9999952912330629
1,0,0.0,0.0010134247131645
1,0,0.0,0.0011936600785702
1,0,0.0,4.069000351591967e-05
1,0,0.0,0.0004439838230609
1,0,0.0,0.0002924002183135
1,0,0.0,0.0005229752277955
1,0,0.0,0.0003989311808254
1,1,1.0,0.9999962449073792
1,0,0.0,0.0003084662894252
1,0,0.0,0.0003417052794247
1,0,0.0,0.0004674019874073
1,1,1.0,0.9999979734420776
1,0,0.0,0.0002725084777921
1,1,1.0,0.9999940395355223
1,0,0.0,0.0001199322869069
1,0,0.0,0.0011107058962807
1,0,0.0,0.0006736934301443
1,0,0.0,0.0007766333874315
1,0,0.0,0.0001782939216354
1,0,0.0,1.8949638615595177e-05
1,1,1.0,0.999994456768036
1,0,0.0,5.617280476144515e-05
1,0,0.0,0.0001191705450764
1,0,0.0,0.0003968370729126
1,0,0.0,0.0004214064974803
1,1,1.0,0.999991774559021
1,0,0.0,0.0004800528404302
1,0,0.0,0.0009762643021531
1,0,0.0,0.0002535215753596
1,0,0.0,0.0006768477614969
1,0,0.0,0.0002299745829077
1,0,0.0,0.0008152198861353
1,0,0.0,0.0003030719235539
1,0,0.0,0.0002710607950575
1,1,1.0,0.999994158744812
1,0,0.0,0.0003624504606705
1,0,0.0,0.0008327837567776
1,0,0.0,7.557029312010854e-05
1,0,0.0,0.0007363580516539
1,0,0.0,0.0003103553899563
1,0,0.0,0.0003564667131286
1,0,0.0,0.0007443113136105
1,1,1.0,0.9999943971633912
1,1,1.0,0.9999914765357972
1,0,0.0,0.0009832123760133
1,0,0.0,0.0007939428323879
1,0,0.0,0.0005640517920255
1,0,0.0,0.0045042852871119
1,0,0.0,0.0003349143662489
1,0,0.0,0.000571500218939
1,0,0.0,0.0001523726532468
1,0,0.0,0.0002385972184129
1,0,0.0,0.0002928360190708
1,0,0.0,0.0001090161749743
1,0,0.0,0.0023392674047499
1,0,0.0,0.0004032271681353
1,1,1.0,0.9999945759773254
1,1,1.0,0.99999338388443
1,0,0.0,0.0004447117389645
1,0,0.0,0.0008067267481237
1,0,0.0,0.0002645360364113
1,0,0.0,0.0001837467279983
1,0,0.0,0.0015784181887283
1,0,0.0,0.0006446347688324
1,0,0.0,0.0001453509466955
1,0,0.0,0.0003781985142268
1,0,0.0,0.0001349232770735
1,0,0.0,0.0010233412031084
1,0,0.0,0.0002816267078742
1,0,0.0,0.0005969346966594
1,0,0.0,0.0001341582537861
1,0,0.0,0.0009631306747905
1,0,0.0,0.000163003365742
1,0,0.0,0.0005572619847953
1,0,0.0,0.0002551406796555
1,0,0.0,0.0001104666589526
1,0,0.0,0.0002531631616875
1,0,0.0,0.0009057346615009
1,0,0.0,6.186485552461818e-05
1,0,0.0,6.81777746649459e-05
1,0,0.0,1.842661004047841e-05
1,0,0.0,0.0002244060888187
1,0,0.0,0.0007436965242959
1,0,0.0,0.0004354561970103
1,0,0.0,6.961351755307987e-05
1,0,0.0,0.0027368078008294
1,0,0.0,0.0003262055979575
1,0,0.0,0.0006663977401331
1,0,0.0,0.0003515998250804
1,0,0.0,4.80540438729804e-05
1,0,0.0,0.0001651573984418
1,0,0.0,0.0007938988856039
1,0,0.0,0.000125702805235
1,0,0.0,0.0002841961104422
1,0,0.0,0.0003532821428962
1,0,0.0,0.0011884187115356
1,0,0.0,4.29963693022728e-05
1,0,0.0,0.0004242810537107
1,0,0.0,6.874922837596387e-05
1,0,0.0,0.002652209252119
1,0,0.0,0.0003453484969213
1,0,0.0,0.0006526212673634
1,0,0.0,0.000542661640793
1,0,0.0,0.0014196478296071
1,0,0.0,0.0005397594068199
1,0,0.0,0.0007365959463641
1,1,1.0,0.9999964237213136
1,0,0.0,0.0644753500819206
1,0,0.0,0.0002595425175968
1,0,0.0,0.000319729297189
1,0,0.0,0.0004301215813029
1,1,1.0,0.999994158744812
1,1,1.0,0.9999939799308776
1,0,0.0,0.0002569961361587
1,0,0.0,0.001316386158578
1,0,0.0,0.0005853198235854
1,1,1.0,0.9999969601631165
1,0,0.0,5.8258476201444864e-05
1,0,0.0,0.0003892535751219
1,0,0.0,0.0005965354503132
1,0,0.0,0.0002084316511172
1,0,0.0,0.0001893121225293
1,0,0.0,9.110041719395669e-05
1,0,0.0,0.0002914711658377
1,1,1.0,0.9999939799308776
1,0,0.0,0.0009328376618213
1,0,0.0,0.0003725158749148
1,0,0.0,0.0003410101053304
1,0,0.0,0.000933684175834
1,0,0.0,0.0002272421697853
1,0,0.0,2.5251531042158604e-05
1,0,0.0,0.0026861529331654
1,0,0.0,0.0002920764964073
1,0,0.0,0.0001658865512581
1,0,0.0,1.446418264094973e-05
1,1,1.0,0.9999931454658508
1,0,0.0,0.0006822232389822
1,0,0.0,0.004037928301841
1,0,0.0,0.0009091448155231
1,0,0.0,0.0002159341674996
1,0,0.0,0.0001862699864432
1,0,0.0,0.0006966165965422
1,1,1.0,0.9999955892562866
1,0,0.0,5.795062315883115e-05
1,0,0.0,0.0002327709371456
1,0,0.0,0.0010641881963238
1,0,0.0,0.0001820400211727
1,0,0.0,0.0032664183527231
1,0,0.0,0.0001268329069716
1,0,0.0,0.0006928344373591
1,0,0.0,0.0001814416609704
1,0,0.0,0.0002811028098221
1,0,0.0,0.0003155364829581
1,0,0.0,0.000557591964025
1,0,0.0,0.0002535979729145
1,1,1.0,0.9999912977218628
1,0,0.0,0.0002367943816352
1,0,0.0,0.0007306506158784
1,0,0.0,0.0061018755659461
1,0,0.0,0.0004518946225289
1,0,0.0,0.000333200325258
1,0,0.0,0.0010704939486458
1,1,1.0,0.9999913573265076
1,0,0.0,0.0113423205912113
1,0,0.0,0.0030705169774591
1,0,0.0,0.0010413670679554
1,0,0.0,0.0002730663982219
1,0,0.0,0.0002764869423117
1,1,1.0,0.9999926686286926
1,0,0.0,0.0005207185167819
1,0,0.0,0.0003749954048544
1,0,0.0,0.0008162712329067
1,1,1.0,0.9999942779541016
1,0,0.0,0.0005138737033121
1,1,1.0,0.9999960660934448
1,0,0.0,1.663608600210864e-05
1,0,0.0,0.0004312158853281
1,0,0.0,0.0011082232231274
1,0,0.0,0.0004387493245303
1,0,0.0,0.0001778178702807
1,0,0.0,0.0001229340850841
1,0,0.0,1.6133302779053338e-05
1,0,0.0,0.0001255461247637
1,0,0.0,9.168974065687507e-05
1,0,0.0,8.756876923143864e-05
1,0,0.0,0.0008252920815721
1,0,0.0,0.0005530515918508
1,1,1.0,0.9999969005584716
1,0,0.0,0.0005505462759174
1,0,0.0,0.0002455482899677
1,0,0.0,0.0001601738040335
1,0,0.0,0.0002969570923596
1,1,1.0,0.999994456768036
1,0,0.0,0.000198015346541
1,0,0.0,0.0006251015583984
1,0,0.0,0.0002651132235769
1,0,0.0,0.0003424922178965
1,0,0.0,0.0007569646695628
1,0,0.0,0.0001710349752102
1,0,0.0,0.0008480353862978
1,0,0.0,0.0006957842269912
1,0,0.0,0.0001898676273413
1,0,0.0,0.0002339347702218
1,0,0.0,0.0004499624483287
1,0,0.0,0.0006104824133217
1,0,0.0,0.000348106783349
1,0,0.0,0.0005933639477007
1,1,1.0,0.9999975562095642
1,1,1.0,0.9999943375587464
1,0,0.0,0.0002361900842515
1,0,0.0,0.0003054683329537
1,0,0.0,0.0002593003446236
1,0,0.0,0.00035602907883
1,0,0.0,0.0001228842738782
1,0,0.0,0.0001323985197814
1,1,1.0,0.999995768070221
1,0,0.0,0.000543683359865
1,0,0.0,0.0007740200962871
1,0,0.0,0.0004447511455509
1,0,0.0,0.0002828022406902
1,1,1.0,0.999991536140442
1,0,0.0,0.0003617319453042
1,0,0.0,0.002512163715437
1,0,0.0,0.0008950423798523
1,0,0.0,0.0004853690625168
1,0,0.0,0.0010649838950484
1,0,0.0,0.0008530899649485
1,0,0.0,0.0001132788820541
1,0,0.0,0.0001319293369306
1,0,0.0,0.001973386388272
1,0,0.0,0.0002018738450715
1,0,0.0,0.0005580047727562
1,0,0.0,0.0003707874275278
1,1,1.0,0.9999945163726808
1,0,0.0,0.0005282032070681
1,0,0.0,0.0056435330770909
1,0,0.0,0.0003258431970607
1,0,0.0,0.0005963537842035
1,0,0.0,0.0004257242253515
1,0,0.0,0.0019372679525986
1,0,0.0,8.982372673926875e-05
1,0,0.0,0.0003983244823757
1,0,0.0,0.0004293929669074
1,1,1.0,0.9999926686286926
1,0,0.0,0.0005627326900139
1,0,0.0,0.0003587057290133
1,0,0.0,0.0003137525345664
1,0,0.0,0.0005518968100659
1,0,0.0,0.000212304352317
1,0,0.0,0.0011455978965386
1,0,0.0,1.7454718545195647e-05
1,0,0.0,0.0009084991761483
1,0,0.0,0.0002930661430582
1,0,0.0,0.0001913599407998
1,1,1.0,0.9999952912330629
1,0,0.0,0.0005283685168251
1,0,0.0,1.5819767213542946e-05
1,0,0.0,0.0001746374036883
1,1,1.0,0.9999927282333374
1,0,0.0,0.0005195657722651
1,0,0.0,0.0007950208964757
1,0,0.0,0.0028242296539247
1,0,0.0,0.0003829855413641
1,0,0.0,0.0006802541320212
1,0,0.0,0.0007606130675412
1,0,0.0,0.0008627692004665
1,0,0.0,0.0008243492920883
1,0,0.0,0.0002699736505746
1,0,0.0,0.0012647653929889
1,0,0.0,0.0001670603960519
1,0,0.0,0.0003964449570048
1,0,0.0,0.00168273888994
1,1,1.0,0.9999932646751404
1,0,0.0,1.3663830031873658e-05
1,1,1.0,0.999995768070221
1,1,1.0,0.999995768070221
1,0,0.0,0.0007167722214944
1,0,0.0,0.0008582763257436
1,0,0.0,0.0004762407043017
1,0,0.0,0.0005190845695324
1,0,0.0,0.0002924381697084
1,0,0.0,0.001615681219846
1,0,0.0,0.0002129202330252
1,0,0.0,0.0004020821652375
1,0,0.0,0.0014424944529309
1,0,0.0,0.0010139114456251
1,0,0.0,0.0021862066350877
1,0,0.0,0.0001425791415385
1,1,1.0,0.9999943971633912
1,0,0.0,0.0004609748721122
1,0,0.0,0.0009183725342154
1,0,0.0,0.000284203182673
1,0,0.0,0.0002355013129999
1,0,0.0,0.000323425134411
1,0,0.0,0.0003047219652216
1,1,1.0,0.9999943375587464
1,0,0.0,0.0003744722635019
1,0,0.0,1.508501918578986e-05
1,0,0.0,0.0002592037199065
1,0,0.0,0.0004211519262753
1,0,0.0,0.0005880275275558
1,0,0.0,0.0003725627902895
1,0,0.0,0.0002352883311687
1,0,0.0,0.0005709417164325
1,0,0.0,0.0005772457225248
1,1,1.0,0.9999915957450868
1,0,0.0,0.0001911949075292
1,0,0.0,0.0004142712277825
1,0,0.0,0.0008498008246533
1,0,0.0,0.0006706739077344
1,0,0.0,0.0112208304926753
1,0,0.0,0.0004482982913032
1,0,0.0,1.6510955902049318e-05
1,0,0.0,0.0041743079200387
1,0,0.0,0.0001905244716908
1,0,0.0,0.0002479252289049
1,0,0.0,4.0500272007193416e-05
1,0,0.0,0.0003152213757857
1,0,0.0,0.0003592440043576
1,0,0.0,0.0007867151289246
1,0,0.0,0.0002541397116146
1,0,0.0,0.0003024686302524
1,0,0.0,5.064959259470925e-05
1,0,0.0,0.0004160113458056
1,1,1.0,0.9999915957450868
1,0,0.0,0.0002524181327316
1,0,0.0,0.0014660271117463
1,0,0.0,1.3960549040348267e-05
1,0,0.0,0.0002207816287409
1,0,0.0,0.0006778977694921
1,0,0.0,0.0007051616557873
1,0,0.0,0.0005823269020766
1,0,0.0,0.0003859285498037
1,0,0.0,0.0006981678307056
1,0,0.0,0.0003223065286874
1,0,0.0,0.0019677793607115
1,0,0.0,0.0003504065389279
1,0,0.0,0.0015449447091668
1,0,0.0,0.0001624785800231
1,0,0.0,0.0002311515854671
1,0,0.0,0.0010060223285108
1,0,0.0,0.0005160568398423
1,0,0.0,0.0002322006039321
1,0,0.0,0.0001961600064532
1,0,0.0,0.0002208694349974
1,0,0.0,0.0002113534719683
1,0,0.0,0.0007869752589613
1,1,1.0,0.9999937415122986
1,0,0.0,0.0004217497189529
1,0,0.0,0.0002998360723722
1,0,0.0,0.000323393032886
1,0,0.0,0.0004787913057953
1,0,0.0,0.0003962014743592
1,0,0.0,0.0003739911771845
1,0,0.0,0.0004132114409003
1,1,1.0,0.9999932050704956
1,0,0.0,0.0007028265390545
1,0,0.0,0.0012550643878057
1,0,0.0,0.0004222924180794
1,0,0.0,0.0002712406858336
1,0,0.0,0.0014738840982317
1,0,0.0,0.0004709478816948
1,1,1.0,0.9999918937683104
1,0,0.0,7.337990973610431e-05
1,0,0.0,0.0005456379149109
1,0,0.0,0.0012106535723432
1,0,0.0,0.0003417386324144
1,0,0.0,0.0003188751288689
1,0,0.0,0.0001867668906925
1,0,0.0,0.0001166924630524
1,0,0.0,0.000634596159216
1,1,1.0,0.9999914765357972
1,0,0.0,0.0005023867706768
1,0,0.0,0.0006526604993268
1,0,0.0,0.000495922518894
1,0,0.0,0.0001758248545229
1,0,0.0,0.0001952480961335
1,1,1.0,0.9999936819076538
1,0,0.0,0.0013122289674356
1,0,0.0,0.0004472344298847
1,1,1.0,0.9999916553497314
1,0,0.0,0.0005457102088257
1,0,0.0,0.0008318200707435
1,0,0.0,9.116123692365365e-05
1,0,0.0,0.0001490566210122
1,0,0.0,1.6963940652203746e-05
1,1,1.0,0.9999945163726808
1,0,0.0,0.0010449935216456
1,0,0.0,0.0005928627797402
1,0,0.0,0.0007114534382708
1,0,0.0,6.996283627813682e-05
1,0,0.0,0.0004967757267877
1,0,0.0,1.3959550415165722e-05
1,0,0.0,0.0002714569855015
1,0,0.0,0.0001752470998326
1,0,0.0,0.0013746387558057
1,0,0.0,0.0009544675704091
1,0,0.0,0.0006186276441439
1,0,0.0,0.0003977873711846
1,0,0.0,0.0002986000035889
1,0,0.0,0.0009391605854034
1,0,0.0,0.000159928415087
1,1,1.0,0.9999958276748656
1,0,0.0,0.0007118884823285
1,0,0.0,0.0002491165942046
1,0,0.0,0.000435551861301
1,0,0.0,0.0007100922521203
1,0,0.0,0.0001865042286226
1,0,0.0,0.0005647435900755
1,0,0.0,0.0002744405064731
1,0,0.0,0.0005728038959205
1,0,0.0,0.0006205544923432
1,1,1.0,0.9999940395355223
1,1,1.0,0.9999979138374328
1,0,0.0,0.0008766292012296
1,0,0.0,0.0001832569978432
1,1,1.0,0.9999876618385316
1,1,1.0,0.9999876022338868
1,0,0.0,0.0001417860185028
1,0,0.0,0.0005259874742478
1,0,0.0,0.0005025165155529
1,0,0.0,0.0007740923319943
1,1,1.0,0.9999964833259584
1,0,0.0,0.0002891669282689
1,0,0.0,0.0002246685762656
1,0,0.0,0.0004377806908451
1,1,1.0,0.999992311000824
1,0,0.0,0.0004953565075993
1,0,0.0,0.0003370399062987
1,0,0.0,0.0017864409601315
1,0,0.0,0.0025941485073417
1,1,1.0,0.9999971985816956
1,0,0.0,0.0002742461801972
1,0,0.0,0.0026646447367966
1,0,0.0,0.0002149311621906
1,0,0.0,0.0006998765747994
1,0,0.0,0.0005714762955904
1,0,0.0,0.000169394450495
1,0,0.0,0.0002518308756407
1,0,0.0,0.000280580978142
1,0,0.0,0.0008369482820853
1,1,1.0,0.999991536140442
1,1,1.0,0.9999939203262328
1,0,0.0,0.0001786737848306
1,0,0.0,0.0005495783989317
1,0,0.0,9.13707190193236e-05
1,1,1.0,0.9999932050704956
1,0,0.0,0.0007812131661921
1,0,0.0,0.0009831837378442
1,0,0.0,0.000499963061884
1,0,0.0,0.0008412952302023
1,0,0.0,0.0008925619767978
1,1,1.0,0.9999977350234984
1,0,0.0,0.0005977092660032
1,0,0.0,0.0022747351322323
1,0,0.0,0.0005084900767542
1,0,0.0,0.000580123742111
1,0,0.0,0.0004491886647883
1,0,0.0,0.0002954502124339
1,0,0.0,0.0015268319984897
1,0,0.0,8.09575358289294e-05
1,0,0.0,0.0004379134043119
1,1,1.0,0.9999956488609314
1,0,0.0,0.0003347892488818
1,0,0.0,0.0011587415356189
1,0,0.0,0.000629971793387
1,0,0.0,8.930479816626757e-05
1,0,0.0,0.0007495550671592
1,0,0.0,0.0010359797161072
1,0,0.0,0.0002474988868925
1,0,0.0,0.0005196933052502
1,0,0.0,0.0001851959095802
1,0,0.0,2.253562342957593e-05
1,0,0.0,9.105507342610508e-05
1,0,0.0,0.0004803584015462
1,1,1.0,0.9999951720237732
1,0,0.0,0.0003176151076331
1,0,0.0,0.0004484435776248
1,1,1.0,0.9999897480010986
1,0,0.0,0.0008570138015784
1,0,0.0,0.0008809998398646
1,0,0.0,0.0006205935496836
1,0,0.0,0.000256896164501
1,1,1.0,0.9999943971633912
1,0,0.0,0.0013512932928279
1,0,0.0,0.0006616442115046
1,0,0.0,0.0013158209621906
1,0,0.0,0.0002716408052947
1,1,1.0,0.999992311000824
1,0,0.0,6.3963612774387e-05
1,0,0.0,0.0011192092206329
1,0,0.0,0.0003350666956976
1,0,0.0,0.0005192296230234
1,0,0.0,0.0005306417588144
1,0,0.0,0.0007630559266544
1,0,0.0,0.0007042966317385
1,0,0.0,0.0006214180612005
1,0,0.0,0.0001267680927412
1,0,0.0,1.4211055713531096e-05
1,0,0.0,0.0019397709984332
1,0,0.0,0.0006806805031374
1,0,0.0,0.0009431419894099
1,0,0.0,0.0001714258542051
1,0,0.0,0.0019015148282051
1,1,1.0,0.9999940991401672
1,0,0.0,0.0008641197928227
1,0,0.0,0.0003236845368519
1,0,0.0,0.0003359190595801
1,0,0.0,0.0009740270907059
1,0,0.0,1.4849919352855068e-05
1,0,0.0,0.0008328293915838
1,0,0.0,0.0002697770541999
1,0,0.0,5.481922562466934e-05
1,1,1.0,0.9999950528144836
1,0,0.0,0.0007650684565305
1,0,0.0,0.0002169251092709
1,0,0.0,0.0007386657525785
1,0,0.0,0.0010396119905635
1,0,0.0,0.0001287263294216
1,0,0.0,0.0007342492463067
1,0,0.0,0.0069811409339308
1,0,0.0,0.0002653645642567
1,0,0.0,0.0005147230112925
1,1,1.0,0.9999949932098388
1,0,0.0,0.0007484967936761
1,0,0.0,0.0003821220889221
1,0,0.0,0.0002065433363895
1,0,0.0,0.0001442703214706
1,0,0.0,0.0016839448362588
1,0,0.0,0.0003282545949332
1,0,0.0,0.000246062001679
1,0,0.0,0.0007369425729848
1,0,0.0,1.9312639778945595e-05
1,0,0.0,2.0045119526912455e-05
1,1,1.0,0.9999934434890748
1,0,0.0,0.0001534910988993
1,0,0.0,0.0002353989548282
1,1,1.0,0.9999945759773254
1,1,1.0,0.999994158744812
1,0,0.0,0.0004393668787088
1,0,0.0,0.0009013935341499
1,0,0.0,0.0067775882780551
1,0,0.0,0.0010173410410061
1,0,0.0,0.0002459133102092
1,0,0.0,0.0007660873234272
1,0,0.0,0.0003657064808066
1,0,0.0,0.000325447646901
1,1,1.0,0.9999943971633912
1,0,0.0,0.0052346372976899
1,0,0.0,8.609239012002945e-05
1,0,0.0,1.4971968994359486e-05
1,0,0.0,0.0001732448581606
1,0,0.0,0.0004900551284663
1,0,0.0,0.0001910123246489
1,0,0.0,0.0006352694472298
1,0,0.0,0.0009270855225622
1,0,0.0,0.0005632499232888
1,0,0.0,0.0017343300860375
1,1,1.0,0.9999909996986388
1,0,0.0,0.0002058999525615
1,0,0.0,0.0005037956871092
1,1,1.0,0.9999963641166688
1,0,0.0,0.0001588249579071
1,0,0.0,2.6703140974859707e-05
1,0,0.0,0.0006475109839811
1,0,0.0,0.001291342661716
1,0,0.0,0.000280534120975
1,1,1.0,0.9999916553497314
1,1,1.0,0.9999972581863404
1,0,0.0,0.0002037025842582
1,0,0.0,0.0009098834707401
1,1,1.0,0.9999927878379822
1,0,0.0,0.0014300097245723
1,0,0.0,0.0001576568029122
1,0,0.0,2.028906237683259e-05
1,1,1.0,0.9999973177909852
1,0,0.0,0.0001862181525211
1,0,0.0,0.0005110127967782
1,0,0.0,0.0003229687863495
1,1,1.0,0.999994158744812
1,1,1.0,0.999999225139618
1,0,0.0,0.0018690634751692
1,0,0.0,0.0003741616092156
1,0,0.0,0.0005483613349497
1,0,0.0,4.725816688733176e-05
1,0,0.0,0.0002622968167997
1,0,0.0,1.485358825448202e-05
1,1,1.0,0.9999943375587464
1,0,0.0,0.0009372565546073
1,1,1.0,0.9999912977218628
1,0,0.0,0.0004078432102687
1,0,0.0,0.0014877369394525
1,0,0.0,0.0012236008187755
1,0,0.0,0.000212032260606
1,0,0.0,0.0008589446661062
1,0,0.0,0.0006144345388747
1,0,0.0,0.0004534430627245
1,0,0.0,1.7708631276036613e-05
1,0,0.0,0.0005958987167105
1,0,0.0,0.0004657772660721
1,0,0.0,0.0006140733021311
1,0,0.0,0.0002564647293183
1,0,0.0,0.0006850952631793
1,0,0.0,0.0006773433415219
1,0,0.0,0.0006931006209924
1,0,0.0,0.0008258199086412
1,0,0.0,0.0007433153805322
1,0,0.0,0.0007721724687144
1,0,0.0,0.0006807635072618
1,0,0.0,0.0014703627675771
1,0,0.0,0.000171535386471
1,0,0.0,0.0004987065331079
1,0,0.0,0.0035982958506792
1,0,0.0,0.000216471395106
1,0,0.0,0.0003789882466662
1,0,0.0,0.0011037060758098
1,0,0.0,0.0004589518357533
1,0,0.0,0.0001890366838779
1,0,0.0,0.0001387579250149
1,0,0.0,0.0040109031833708
1,0,0.0,0.0001371164689771
1,0,0.0,0.0013532399898394
1,0,0.0,0.0006634962628595
1,0,0.0,0.0005297369207255
1,0,0.0,0.0001756018755258
1,0,0.0,0.0001364351337542
1,0,0.0,0.0023188407067209
1,0,0.0,0.0009671195293776
1,0,0.0,0.0001722516462905
1,0,0.0,0.0004444945370778
1,0,0.0,0.000648317974992
1,0,0.0,0.0001274193782592
1,0,0.0,0.0004368242225609
1,0,0.0,0.0005579161806963
1,0,0.0,0.0002848732401616
1,0,0.0,0.000811948266346
1,1,1.0,0.999993085861206
1,0,0.0,7.620894757565111e-05
1,0,0.0,0.0007680729613639
1,0,0.0,0.0003630359715316
1,0,0.0,0.0010005577933043
1,1,1.0,0.9999914169311525
1,0,0.0,0.0026068328879773
1,0,0.0,0.0004049174021929
1,0,0.0,0.0014647503849118
1,0,0.0,0.0019449106184765
1,0,0.0,0.0008364583482034
1,0,0.0,0.0009976992150768
1,0,0.0,0.0003861762234009
1,0,0.0,0.000803971721325
1,0,0.0,0.0003231849987059
1,0,0.0,0.0008908142917789
1,0,0.0,0.0009042515885084
1,0,0.0,0.0002015745703829
1,0,0.0,0.0004338915750849
1,0,0.0,0.000278020335827
1,0,0.0,0.0010345332557335
1,1,1.0,0.9999939203262328
1,0,0.0,0.0003055201377719
1,0,0.0,0.0005020112730562
1,0,0.0,0.0002469739702064
1,0,0.0,0.0004522714298218
1,0,0.0,0.0004909470444545
1,0,0.0,0.0006539680180139
1,0,0.0,0.0008869462762959
1,0,0.0,0.0010179799282923
1,0,0.0,0.0003737690567504
1,1,1.0,0.9999982118606568
1,0,0.0,0.0010489862179383
1,0,0.0,0.0002640642924234
1,0,0.0,0.0007571692694909
1,1,1.0,0.9999927878379822
1,0,0.0,0.0001571448665345
1,0,0.0,0.000312380172545
1,0,0.0,2.4578728698543276e-05
1,0,0.0,0.000429721432738
1,0,0.0,0.0003504950727801
1,0,0.0,0.0011252384865656
1,0,0.0,0.0004217298410367
1,0,0.0,0.0012867090990766
1,0,0.0,2.100389974657446e-05
1,0,0.0,0.0001391458936268
1,0,0.0,5.148903073859401e-05
1,0,0.0,0.0021395639050751
1,0,0.0,0.0002307633549207
1,1,1.0,0.9999934434890748
1,0,0.0,0.0004332837706897
1,1,1.0,0.9999945163726808
1,0,0.0,0.0003018771822098
1,0,0.0,0.0006231664447113
1,0,0.0,0.0004208272148389
1,0,0.0,0.0002689519315026
1,0,0.0,0.0004202803829684
1,0,0.0,0.0006234555039554
1,0,0.0,0.0024605211801826
1,1,1.0,0.9999983310699464
1,0,0.0,0.000381077901693
1,0,0.0,0.000457702553831
1,0,0.0,0.0002568915078882
1,1,1.0,0.9999948143959044
1,0,0.0,0.0002149344509234
1,0,0.0,0.0240459237247705
1,0,0.0,0.002722208155319
1,0,0.0,0.0002532070502638
1,0,0.0,0.0007075718604028
1,0,0.0,0.0029274490661919
1,0,0.0,0.0002802782983053
1,0,0.0,5.8904039178742096e-05
1,0,0.0,0.0006328421877697
1,0,0.0,0.0001330865779891
1,0,0.0,0.0003913991095032
1,0,0.0,0.0001654758234508
1,0,0.0,0.0003826521569862
1,0,0.0,0.0001802030164981
1,0,0.0,0.00231315754354
1,1,1.0,0.9999939799308776
1,1,1.0,0.999992847442627
1,0,0.0,0.0026728373486548
1,0,0.0,0.0003675056796055
1,0,0.0,0.0001783360930858
1,0,0.0,0.0003380213456694
1,0,0.0,0.0002355181641178
1,0,0.0,0.0004104622930753
1,0,0.0,0.0003073824336752
1,0,0.0,0.0002235054271295
1,0,0.0,0.0008356012403964
1,0,0.0,0.0002545910247135
1,0,0.0,0.0002350605209358
1,0,0.0,0.0004770276136696
1,0,0.0,0.0002461060939822
1,0,0.0,0.0009485725313425
1,0,0.0,0.0001829331595217
1,0,0.0,0.0002746860845945
1,0,0.0,0.0004480603383854
1,0,0.0,0.0006414430681616
1,0,0.0,0.0002861832035705
1,0,0.0,2.420028977212496e-05
1,0,0.0,0.0005505339358933
1,0,0.0,0.0001873588771559
1,0,0.0,0.0054896725341677
1,0,0.0,0.0004600738466251
1,0,0.0,0.001059720176272
1,0,0.0,0.000493602186907
1,0,0.0,0.0005070198094472
1,0,0.0,0.0002575532125774
1,0,0.0,0.0002907263115048
1,0,0.0,0.0006480839219875
1,0,0.0,0.0008579941350035
1,0,0.0,0.0003873031237162
1,0,0.0,0.0005517136887647
1,0,0.0,0.0006965841166675
1,0,0.0,0.0008684355998411
1,1,1.0,0.9999940991401672
1,0,0.0,0.0004944889224134
1,0,0.0,0.0009217660408467
1,0,0.0,0.0005628101644106
1,0,0.0,6.151606066850945e-05
1,0,0.0,2.501465678506065e-05
1,0,0.0,0.0006108027882874
1,0,0.0,0.0006552044651471
1,0,0.0,1.3779389519186225e-05
1,0,0.0,0.0006245629047043
1,0,0.0,0.0004505210381466
1,0,0.0,0.0004865396476816
1,0,0.0,0.0021797022782266
1,0,0.0,0.0002810960868373
1,0,0.0,0.0002924699510913
1,1,1.0,0.999998927116394
1,0,0.0,0.000367151456885
1,0,0.0,1.4781238860450683e-05
1,0,0.0,0.0016188168665394
1,0,0.0,0.0003079778980463
1,0,0.0,0.0003224835963919
1,0,0.0,0.0002589053765404
1,0,0.0,0.0002397572534391
1,0,0.0,0.0006030721706338
1,0,0.0,0.0002242375776404
1,0,0.0,5.731015698984265e-05
1,0,0.0,0.0004192020569462
1,1,1.0,0.9999940395355223
1,0,0.0,0.0002607002097647
1,0,0.0,0.0003836317919194
1,1,1.0,0.9999953508377076
1,0,0.0,0.0003021455486305
1,0,0.0,0.0003087928926106
1,0,0.0,0.000202364695724
1,0,0.0,0.0002016976068262
1,0,0.0,0.0003331644111312
1,0,0.0,0.0005287630483508
1,1,1.0,0.999992311000824
1,0,0.0,0.0018699745414778
1,0,0.0,0.0003325465659145
1,0,0.0,0.0005359447677619
1,0,0.0,0.0001657572283875
1,0,0.0,0.0005137328407727
1,0,0.0,0.0032798275351524
1,0,0.0,0.0001318445720244
1,0,0.0,0.0005296696908771
1,0,0.0,2.048722490144428e-05
1,0,0.0,0.000422920071287
1,1,1.0,0.999991238117218
1,0,0.0,0.0063568889163434
1,0,0.0,0.0004173753841314
1,0,0.0,0.0023026086855679
1,0,0.0,0.0001652330247452
1,0,0.0,8.732194692129269e-05
1,0,0.0,0.0002326273825019
1,0,0.0,0.0013690686319023
1,0,0.0,0.0003291059692855
1,0,0.0,0.00060576753458
1,0,0.0,0.0006790367187932
1,1,1.0,0.9999942183494568
1,1,1.0,0.999991238117218
1,0,0.0,0.0005778760532848
1,0,0.0,0.0003384347073733
1,0,0.0,0.0001462847576476
1,0,0.0,0.0001818878517951
1,0,0.0,0.0001155828067567
1,0,0.0,0.0007464329246431
1,0,0.0,0.0001805475039873
1,0,0.0,0.0006521518225781
1,0,0.0,0.0002113323134835
1,0,0.0,0.000446211110102
1,1,1.0,0.99999338388443
1,0,0.0,0.0001920494396472
1,0,0.0,0.0002086953318212
1,0,0.0,0.000843835005071
1,0,0.0,0.0003503489133436
1,0,0.0,0.0004740560252685
1,0,0.0,0.0003820312558673
1,1,1.0,0.999996304512024
1,0,0.0,0.001174388686195
1,0,0.0,0.0004142686666455
1,0,0.0,0.0012953400146216
1,1,1.0,0.9999956488609314
1,0,0.0,0.0004122019454371
1,0,0.0,0.0004228781326673
1,1,1.0,0.9999932050704956
1,0,0.0,0.0010103778913617
1,0,0.0,1.664373485255055e-05
1,0,0.0,1.938064451678656e-05
1,0,0.0,0.0008716122247278
1,0,0.0,0.0004036487080156
1,0,0.0,0.0002300289779668
1,0,0.0,0.0005694284336641
1,0,0.0,0.000554215919692
1,1,1.0,0.9999918341636658
1,0,0.0,0.0010143115650862
1,0,0.0,0.0002555988612584
1,0,0.0,0.001353153027594
1,0,0.0,0.0002804392133839
1,0,0.0,0.0010020688641816
1,0,0.0,0.0004647315072361
1,0,0.0,0.0002790991275105
1,0,0.0,0.0008396582561545
1,0,0.0,4.5612854592036456e-05
1,0,0.0,0.0008556208340451
1,0,0.0,0.0003928607329726
1,0,0.0,0.0002289122785441
1,0,0.0,0.0004653066571336
1,0,0.0,0.0007888279506005
1,0,0.0,0.0008161560981534
1,1,1.0,0.999995768070221
1,0,0.0,0.0008334454614669
1,1,1.0,0.9999971985816956
1,0,0.0,0.0001489894202677
1,0,0.0,0.0001939552021212
1,0,0.0,0.0004398940654937
1,0,0.0,0.0014514814829453
1,0,0.0,0.0001140016611316
1,0,0.0,0.0001826250372687
1,0,0.0,0.0021660267375409
1,0,0.0,0.00025262372219
1,0,0.0,0.00088554242393
1,0,0.0,0.0002435665664961
1,0,0.0,7.801233732607216e-05
1,0,0.0,0.000245659291977
1,0,0.0,0.0009970003738999
1,0,0.0,0.000280644337181
1,1,1.0,0.9999918937683104
1,0,0.0,0.0035711096134036
1,0,0.0,0.00606952002272
1,0,0.0,0.0001301804441027
1,0,0.0,0.000345979235135
1,0,0.0,0.0002268583630211
1,1,1.0,0.9999873638153076
1,1,1.0,0.99999338388443
1,1,1.0,0.9999939799308776
1,1,1.0,0.9999945163726808
1,0,0.0,0.0023394811432808
1,0,0.0,4.847758464165963e-05
1,0,0.0,0.0007973089814186
1,0,0.0,1.694394086371176e-05
1,0,0.0,0.0008111761417239
1,0,0.0,0.0006356124649755
1,0,0.0,0.0003421640722081
1,0,0.0,0.0001580849348101
1,0,0.0,0.0164455771446228
1,0,0.0,0.0004443420039024
1,0,0.0,0.0002055365039268
1,0,0.0,0.0005100690177641
1,0,0.0,0.0003224801912438
1,0,0.0,0.0003017240960616
1,0,0.0,0.0004743324243463
1,0,0.0,0.000843213754706
1,0,0.0,0.0002830868470482
1,0,0.0,0.0002221579925389
1,0,0.0,0.0004759264702443
1,1,1.0,0.9999918937683104
1,0,0.0,4.1072686144616455e-05
1,0,0.0,0.0002294242294738
1,0,0.0,0.0007002071361057
1,0,0.0,0.0011136177927255
1,0,0.0,0.0005802879459224
1,0,0.0,0.000189831960597
1,0,0.0,0.0003156273160129
1,1,1.0,0.9999931454658508
1,0,0.0,0.0005398353096097
1,0,0.0,0.000276689970633
1,0,0.0,0.0061344779096543
1,0,0.0,2.4479430067003705e-05
1,0,0.0,0.0011352574219927
1,0,0.0,0.0009371976484544
1,0,0.0,0.0002195253182435
1,0,0.0,0.0002149326028302
1,0,0.0,0.0059162164106965
1,0,0.0,0.0005949381738901
1,0,0.0,0.0086643295362591
1,0,0.0,0.0001465913810534
1,0,0.0,0.0001671459758654
1,1,1.0,0.9999948740005492
1,0,0.0,0.0008120043785311
1,0,0.0,0.0001567470899317
1,0,0.0,0.000591080461163
1,0,0.0,0.0002336176112294
1,0,0.0,0.0004219328693579
1,0,0.0,0.001040450297296
1,0,0.0,0.001314427354373
1,0,0.0,0.0002170989027945
1,0,0.0,0.0004516701737884
1,0,0.0,0.0002623576147016
1,0,0.0,0.0005656604771502
1,0,0.0,0.0010465737432241
1,0,0.0,0.0001949411525856
1,0,0.0,0.0003799448895733
1,0,0.0,0.0009713322506286
1,0,0.0,4.574187187245116e-05
1,0,0.0,0.0001852686837082
1,0,0.0,0.0002809002471622
1,0,0.0,0.0003657512716017
1,0,0.0,0.000123395526316
1,0,0.0,0.0011004928965121
1,0,0.0,0.0003945483476854
1,0,0.0,4.52579915872775e-05
1,0,0.0,0.0004497433255892
1,0,0.0,1.7289446986978874e-05
1,0,0.0,0.0004352368123363
1,0,0.0,1.8043747331830676e-05
1,0,0.0,0.000238665685174
1,0,0.0,0.0006836984539404
1,0,0.0,0.0001361385802738
1,0,0.0,0.0002251961414003
1,0,0.0,0.000312949239742
1,0,0.0,0.0049230642616748
1,0,0.0,0.0002599407162051
1,0,0.0,0.0005156287807039
1,0,0.0,0.0028278522659093
1,0,0.0,0.0001937178749358
1,0,0.0,0.0009917138377204
1,0,0.0,0.0005828517023473
1,0,0.0,0.0002702211495488
1,0,0.0,0.0008673807024024
1,0,0.0,0.0001074741012416
1,0,0.0,0.0002956477401312
1,0,0.0,4.009504118585028e-05
1,0,0.0,0.0002504846197552
1,0,0.0,0.0063390927389264
1,0,0.0,0.00019205272838
1,0,0.0,0.000124407801195
1,0,0.0,0.0003025479381904
1,0,0.0,5.636371861328371e-05
1,0,0.0,0.0007954679895192
1,0,0.0,2.430948916298803e-05
1,0,0.0,0.0002004961570492
1,0,0.0,0.0014884229749441
1,0,0.0,8.4624596638605e-05
1,0,0.0,0.0007469204138033
1,0,0.0,0.0005354635068215
1,0,0.0,0.0009161085472442
1,0,0.0,0.0007844730280339
1,0,0.0,0.0001543859107187
1,0,0.0,0.0008710924885235
1,0,0.0,0.0045487992465496
1,1,1.0,0.9999961256980896
1,0,0.0,0.0002975008683279
1,0,0.0,0.000395733222831
1,0,0.0,1.462390719098039e-05
1,0,0.0,0.0002881406689994
1,1,1.0,0.9999986290931702
1,0,0.0,0.0003146398230455
1,0,0.0,0.0005282059428282
1,1,1.0,0.9999946355819702
1,0,0.0,0.0001930975122377
1,1,1.0,0.999996542930603
1,0,0.0,0.0001815087744034
1,0,0.0,0.0011916607618331
1,0,0.0,0.0001728175557218
1,1,1.0,0.999994158744812
1,0,0.0,0.0002242743212264
1,0,0.0,9.964256605599076e-05
1,0,0.0,0.0003290890017524
1,0,0.0,0.0003287789004389
1,0,0.0,0.0005612869281321
1,0,0.0,0.0003599817864596
1,0,0.0,0.000461156188976
1,0,0.0,0.0003324831777717
1,0,0.0,0.0003386425669305
1,0,0.0,7.297420233953744e-05
1,0,0.0,0.0009871033253148
1,0,0.0,0.0013442368945106
1,0,0.0,0.0005267591914162
1,0,0.0,0.0003345725708641
1,0,0.0,0.0002923291758634
1,0,0.0,0.0001627193560125
1,0,0.0,0.0004851775884162
1,0,0.0,0.0006108688539825
1,0,0.0,9.308174048783258e-05
1,0,0.0,0.0003658248460851
1,0,0.0,0.0008576304535381
1,0,0.0,0.0008395206532441
1,0,0.0,8.399620855925605e-05
1,0,0.0,0.0004009033436886
1,0,0.0,0.0007668838370591
1,0,0.0,0.0016369987279176
1,0,0.0,0.000458515016362
1,0,0.0,0.0001361354661639
1,0,0.0,0.0006314140628091
1,0,0.0,1.793190313037485e-05
1,0,0.0,0.0007786508649587
1,1,1.0,0.9999943375587464
1,0,0.0,9.759797103470191e-05
1,0,0.0,0.0003962919290643
1,0,0.0,0.0002718045434448
1,0,0.0,0.0001682396541582
1,0,0.0,0.0004523787938524
1,0,0.0,0.0011754182633012
1,0,0.0,0.0007093189051374
1,0,0.0,0.0005612930399365
1,0,0.0,0.0002249480894533
1,0,0.0,0.0004825612413696
1,0,0.0,0.0009805794106796
1,0,0.0,0.000291574280709
1,0,0.0,0.0001223042054334
1,0,0.0,0.0003897329152096
1,0,0.0,0.0019189708400517
1,0,0.0,0.0004565567069221
1,0,0.0,0.0003618370101321
1,0,0.0,0.00029901592643
1,0,0.0,0.0004681767895817
1,0,0.0,0.0004119206860195
1,0,0.0,0.000559206935577
1,0,0.0,0.0004919980419799
1,0,0.0,0.0003842897131107
1,0,0.0,0.0006544440984725
1,0,0.0,0.0001806325744837
1,0,0.0,8.814535976853222e-05
1,1,1.0,0.9999969601631165
1,0,0.0,0.0012242984957993
1,0,0.0,1.949393845279701e-05
1,0,0.0,0.0009872203227132
1,1,1.0,0.9999958276748656
1,0,0.0,0.0006475140689872
1,0,0.0,1.4572995496564545e-05
1,0,0.0,0.0001949129218701
1,0,0.0,0.0005182377062737
1,0,0.0,0.0024819201789796
1,0,0.0,0.0004077023186255
1,0,0.0,0.000273094716249
1,0,0.0,0.000367005879525
1,1,1.0,0.9999943971633912
1,0,0.0,0.0008799700299277
1,0,0.0,0.0007893659640103
1,0,0.0,0.0009735178900882
1,0,0.0,0.0001595689245732
1,0,0.0,0.0004341517633292
1,0,0.0,0.0002607675560284
1,0,0.0,0.0003820582060143
1,0,0.0,0.0002872426994144
1,0,0.0,0.0003083116316702
1,0,0.0,1.8387518139206804e-05
1,0,0.0,0.0001297598064411
1,0,0.0,9.239153587259352e-05
1,0,0.0,0.0006438127020373
1,0,0.0,0.0004449341504368
1,1,1.0,0.9999943375587464
1,0,0.0,0.0003991189296357
1,0,0.0,0.0002488075115252
1,0,0.0,0.000202277500648
1,0,0.0,0.0003777387319132
1,0,0.0,0.0003401455178391
1,0,0.0,0.0006421516882255
1,0,0.0,0.0006064345361664
1,0,0.0,0.0009222926455549
1,1,1.0,0.9999975562095642
1,0,0.0,0.00042280901107
1,1,1.0,0.9999917149543762
1,0,0.0,0.0001905660901684
1,0,0.0,0.0017276928992941
1,0,0.0,0.0008301442139782
1,0,0.0,0.000257823470747
1,0,0.0,0.0001264227175852
1,0,0.0,0.0085010072216391
1,1,1.0,0.9999945759773254
1,0,0.0,0.0003305124118924
1,0,0.0,8.571834769099951e-05
1,0,0.0,0.0002952601062133
1,0,0.0,0.0002672281698323
1,1,1.0,0.9999945759773254
1,0,0.0,0.0001526079140603
1,0,0.0,0.0010498105548322
1,0,0.0,0.00101906247437
1,1,1.0,0.999992847442627
1,0,0.0,0.0002814237959682
1,0,0.0,0.0003758364764507
1,0,0.0,0.0006927668000571
1,0,0.0,0.0002899451355915
1,0,0.0,0.0007095797918736
1,0,0.0,0.000574866135139
1,1,1.0,0.9999916553497314
1,0,0.0,0.0008468980668112
1,0,0.0,0.0002763897064141
1,0,0.0,0.0009726138669066
1,0,0.0,0.000518548535183
1,0,0.0,0.0001766637724358
1,0,0.0,0.0004891068674623
1,0,0.0,0.000459567818325
1,0,0.0,0.0005252237315289
1,0,0.0,0.0003903089091181
1,0,0.0,0.0003004378522746
1,0,0.0,0.0008705660584382
1,0,0.0,0.0002730421547312
1,0,0.0,0.0014042858965694
1,0,0.0,0.0005148061318323
1,0,0.0,0.0019888037350028
1,1,1.0,0.9999939203262328
1,0,0.0,0.005794275086373
1,0,0.0,0.0025028178934007
1,0,0.0,0.0006369065376929
1,0,0.0,0.0003254191251471
1,0,0.0,0.0003673121682368
1,0,0.0,0.0001390424149576
1,0,0.0,0.0003517664445098
1,1,1.0,0.9999914169311525
1,0,0.0,0.0004898546030744
1,0,0.0,4.335978883318603e-05
1,0,0.0,0.0005142439040355
1,1,1.0,0.9999972581863404
1,0,0.0,0.0008161969599314
1,0,0.0,0.000131938024424
1,0,0.0,0.0010924531379714
1,0,0.0,0.0003233951865695
1,0,0.0,0.0003031262313015
1,0,0.0,0.0002624411717988
1,0,0.0,8.017229265533388e-05
1,0,0.0,3.880002259393223e-05
1,0,0.0,0.0006967470399104
1,0,0.0,0.0006240544607862
1,0,0.0,6.007972842780873e-05
1,0,0.0,0.0005355027387849
1,0,0.0,0.0002590589283499
1,0,0.0,0.0003515839052852
1,0,0.0,8.975934179034084e-05
1,0,0.0,0.0003656907647382
1,0,0.0,0.0114827491343021
1,0,0.0,5.550432251766324e-05
1,0,0.0,0.0003972723498009
1,0,0.0,8.931058982852846e-05
1,1,1.0,0.999995768070221
1,1,1.0,0.9999952912330629
1,0,0.0,0.0017345093656331
1,0,0.0,4.523792813415639e-05
1,0,0.0,0.0010918935295194
1,0,0.0,0.0009870807407423
1,0,0.0,0.0006707493448629
1,0,0.0,0.000404536636779
1,0,0.0,0.0005366703844629
1,0,0.0,0.000189083017176
1,0,0.0,9.762431727722289e-05
1,0,0.0,0.0003352239145897
1,0,0.0,2.284585752931889e-05
1,0,0.0,0.0005323005025275
1,0,0.0,0.000214375075302
1,1,1.0,0.9999974370002748
1,0,0.0,0.00063454877818
1,1,1.0,0.999993860721588
1,0,0.0,0.0002537063264753
1,0,0.0,0.0008333882433362
1,0,0.0,6.078417209209874e-05
1,0,0.0,0.0001264970196643
1,1,1.0,0.9999979734420776
1,0,0.0,0.0001772076793713
1,0,0.0,0.0001338305446552
1,0,0.0,0.0001984103291761
1,0,0.0,0.0002901669067796
1,0,0.0,0.0002459550451021
1,1,1.0,0.9999934434890748
1,0,0.0,0.0002743076474871
1,0,0.0,0.0054806051775813
1,0,0.0,0.0004131734895054
1,0,0.0,0.0002460573159623
1,0,0.0,0.0005525918677449
1,0,0.0,0.0005633782711811
1,0,0.0,6.321292312350124e-05
1,0,0.0,0.0006035848637111
1,0,0.0,0.0002997354604303
1,0,0.0,0.000309392256895
1,0,0.0,0.0011287158122286
1,0,0.0,1.6199010133277625e-05
1,0,0.0,0.0001600298419361
1,0,0.0,0.0010095147881656
1,0,0.0,0.0001972967438632
1,0,0.0,0.0028416018467396
1,0,0.0,0.0001111545352614
1,0,0.0,0.0001266495673917
1,0,0.0,0.0006015136023052
1,0,0.0,0.0002598473220132
1,0,0.0,0.0011795688187703
1,0,0.0,0.0003853230737149
1,0,0.0,0.0017366812098771
1,0,0.0,0.0001150215248344
1,0,0.0,0.0003845407336484
1,0,0.0,0.000704477133695
1,0,0.0,0.0002041126135736
1,0,0.0,0.0010638928506523
1,1,1.0,0.9999940991401672
1,0,0.0,0.0012819221010431
1,0,0.0,0.000304721383145
1,0,0.0,0.0005642237956635
1,0,0.0,0.0002352241572225
1,0,0.0,0.0003305013815406
1,0,0.0,0.0011340267956256
1,0,0.0,0.0008633690886199
1,0,0.0,0.0009112861007452
1,0,0.0,0.0007162317633628
1,0,0.0,0.0008841222152113
1,0,0.0,0.0010411195689812
1,0,0.0,0.0007486373651772
1,1,1.0,0.999997615814209
1,0,0.0,0.0072915693745017
1,0,0.0,0.0004294261452741
1,0,0.0,0.000175082241185
1,0,0.0,0.0003718470979947
1,0,0.0,4.322581662563607e-05
1,0,0.0,0.0001922636147355
1,0,0.0,0.0008860200759954
1,0,0.0,0.001328264712356
1,0,0.0,0.0002661921898834
1,0,0.0,0.0007070956635288
1,1,1.0,0.9999943971633912
1,0,0.0,0.00070186634548
1,0,0.0,0.0004066463152412
1,0,0.0,0.0048908684402704
1,0,0.0,0.0001316100679105
1,0,0.0,0.0012845877790823
1,1,1.0,0.999991774559021
1,0,0.0,0.0002195831184508
1,0,0.0,0.0013925298117101
1,0,0.0,0.0002337332407478
1,1,1.0,0.999996781349182
1,0,0.0,0.0005922522977925
1,0,0.0,8.094364602584392e-05
1,0,0.0,0.0003599826595745
1,0,0.0,0.0018071057274937
1,0,0.0,0.0002684876671992
1,0,0.0,0.0014497685479
1,0,0.0,0.0008207000209949
1,0,0.0,0.0009166018571704
1,1,1.0,0.9999929070472716
1,0,0.0,0.007606110535562
1,0,0.0,0.0007014544680714
1,0,0.0,4.806476863450371e-05
1,0,0.0,0.0003991202684119
1,0,0.0,0.0005065944278612
1,0,0.0,0.0002431306202197
1,0,0.0,0.000228030476137
1,0,0.0,0.0006023636087775
1,0,0.0,0.000356727396138
1,0,0.0,0.0003048591024708
1,0,0.0,0.0001954936305992
1,0,0.0,0.0002426493883831
1,0,0.0,0.0005857275100424
1,0,0.0,0.0001653277286095
1,0,0.0,0.0009433756349608
1,0,0.0,0.0002988845517393
1,0,0.0,0.001704312628135
1,0,0.0,0.0006157042225822
1,0,0.0,0.0035904997494071
1,0,0.0,0.0005646462086588
1,1,1.0,0.9999949932098388
1,0,0.0,0.0006057955906726
1,0,0.0,0.0003332692722324
1,0,0.0,0.0004122710961382
1,0,0.0,0.000631634320598
1,0,0.0,0.0006674614269286
1,1,1.0,0.9999879598617554
1,1,1.0,0.999993860721588
1,0,0.0,0.0007399931782856
1,0,0.0,0.0005087591707706
1,0,0.0,0.0012537302682176
1,0,0.0,0.0005390850710682
1,0,0.0,0.0003377407556399
1,0,0.0,6.24867097940296e-05
1,0,0.0,0.000245733797783
1,1,1.0,0.9999920725822448
1,0,0.0,0.000630667374935
1,0,0.0,0.0002000405511353
1,0,0.0,0.0014194822870194
1,0,0.0,0.0114511996507644
1,0,0.0,0.0010219188407063
1,0,0.0,0.0007303429883904
1,1,1.0,1.0
1,0,0.0,0.0002318603510502
1,0,0.0,0.0010804351186379
1,0,0.0,0.0002093618095386
1,0,0.0,0.0006877731066197
1,0,0.0,0.0003223172680009
1,0,0.0,0.0004307561612222
1,0,0.0,0.0007801812025718
1,0,0.0,0.0009009899222292
1,0,0.0,0.0008471951005049
1,0,0.0,0.0002454097266308
1,0,0.0,0.0005936351371929
1,1,1.0,0.9999914169311525
1,0,0.0,0.0003170324198435
1,0,0.0,0.0004069658752996
1,1,1.0,0.9999990463256836
1,1,1.0,0.9999920725822448
1,0,0.0,0.0002170916850445
1,0,0.0,0.0005766100366599
1,0,0.0,1.4844001270830631e-05
1,0,0.0,0.0008936328813433
1,0,0.0,6.796180969104171e-05
1,1,1.0,0.9999914765357972
1,1,1.0,0.999993860721588
1,0,0.0,0.0002505670709069
1,0,0.0,0.0002447722654324
1,0,0.0,0.0005345287499949
1,1,1.0,0.999993085861206
1,0,0.0,0.00032578324317
1,0,0.0,0.0002590130025055
1,0,0.0,0.0004625180445145
1,0,0.0,1.873276596597861e-05
1,0,0.0,0.0002662277256604
1,1,1.0,0.9999963641166688
1,1,1.0,0.9999926686286926
1,0,0.0,0.0004403769562486
1,0,0.0,0.0001335932611254
1,0,0.0,0.0037673283368349
1,0,0.0,0.0053700641728937
1,0,0.0,0.0002902510168496
1,0,0.0,8.74159304657951e-05
1,0,0.0,0.0013953109737485
1,1,1.0,0.9999917149543762
1,0,0.0,0.0005813539028167
1,0,0.0,0.0005225763306953
1,0,0.0,6.690593727398664e-05
1,0,0.0,0.0013036305317655
1,0,0.0,0.0006281512323766
1,0,0.0,0.0011589349014684
1,0,0.0,0.0002602754975669
1,0,0.0,1.8832177374861203e-05
1,0,0.0,0.000926224689465
1,0,0.0,0.0002439244562992
1,0,0.0,0.000147460727021
1,0,0.0,2.205859163950663e-05
1,0,0.0,0.0002028195885941
1,0,0.0,0.0001885907549876
1,0,0.0,1.6483078070450574e-05
1,0,0.0,0.0008586444309912
1,0,0.0,0.0004274779639672
1,0,0.0,0.0065772566013038
1,0,0.0,0.0008154393872246
1,0,0.0,0.0013602905673906
1,0,0.0,0.0004011262208223
1,0,0.0,0.0002001000684686
1,1,1.0,0.9999950528144836
1,0,0.0,0.0006165098748169
1,0,0.0,0.0005646558711305
1,0,0.0,0.000227819677093
1,0,0.0,0.0002483738062437
1,1,1.0,0.9999945759773254
1,0,0.0,0.0002136731054633
1,1,1.0,0.9999939799308776
1,1,1.0,0.999993085861206
1,0,0.0,0.0002082413702737
1,0,0.0,0.0004093679890502
1,0,0.0,0.0004600229731295
1,0,0.0,0.0003045076155103
1,0,0.0,0.0001058314592228
1,0,0.0,0.0006972735282033
1,0,0.0,0.0006807502941228
1,0,0.0,0.000207606353797
1,0,0.0,0.0008046631119213
1,0,0.0,0.0008254808490164
1,0,0.0,0.0001671067730057
1,0,0.0,0.0005763503722846
1,0,0.0,0.0003083753981627
1,0,0.0,0.0007222766289487
1,0,0.0,0.0001890644489321
1,0,0.0,0.0005947255995124
1,0,0.0,0.0001405279472237
1,0,0.0,0.0003559832985047
1,0,0.0,0.0002993622329086
1,0,0.0,0.0006093203555792
1,0,0.0,0.0003010678337886
1,0,0.0,0.0002956874668598
1,0,0.0,8.09737466624938e-05
1,0,0.0,0.001024627010338
1,0,0.0,2.003464578592684e-05
1,0,0.0,0.000287882547127
1,0,0.0,0.0014663522597402
1,0,0.0,0.0009085382334887
1,0,0.0,0.0005332123255357
1,0,0.0,0.0007104859105311
1,1,1.0,0.9999915957450868
1,0,0.0,2.1428102627396584e-05
1,0,0.0,0.0007238815305754
1,0,0.0,0.0005957933608442
1,0,0.0,1.993405930988956e-05
1,0,0.0,0.0003608304541558
1,1,1.0,0.9999984502792358
1,0,0.0,0.000503059301991
1,0,0.0,0.0002241734327981
1,0,0.0,0.0003840327844955
1,0,0.0,0.0010812185937538
1,1,1.0,0.999996304512024
1,0,0.0,0.0003726347058545
1,0,0.0,0.0006095024291425
1,0,0.0,0.000438204006059
1,0,0.0,0.0002462535048834
1,0,0.0,0.0006621415959671
1,1,1.0,0.9999912977218628
1,0,0.0,0.0013465309748426
1,0,0.0,0.0001997563522309
1,0,0.0,0.0002452041662763
1,0,0.0,0.0001808192027965
1,0,0.0,0.0003813199291471
1,0,0.0,0.000780880334787
1,0,0.0,1.960851477633696e-05
1,0,0.0,0.0002565518079791
1,1,1.0,0.9999945163726808
1,0,0.0,0.0018864924786612
1,0,0.0,0.0006644901004619
1,0,0.0,0.0005664249765686
1,0,0.0,0.0004757695132866
1,0,0.0,0.000500833557453
1,0,0.0,0.0011173619423061
1,0,0.0,0.0003310251340735
1,0,0.0,0.0002944011648651
1,0,0.0,0.0002759936323855
1,0,0.0,0.0001824231439968
1,0,0.0,0.0003026192134711
1,0,0.0,0.0007756962440907
1,0,0.0,0.0014956726226955
1,0,0.0,0.0007829469395801
1,0,0.0,0.0004026844108011
1,0,0.0,0.0001961734815267
1,0,0.0,0.0009508508956059
1,0,0.0,0.0003504521155264
1,0,0.0,0.0001336469140369
1,0,0.0,0.0005546258180402
1,0,0.0,0.0005014623748138
1,0,0.0,0.0009332560002803
1,0,0.0,0.0002350208378629
1,1,1.0,0.9999948740005492
1,0,0.0,0.0003197344776708
1,0,0.0,0.0003507007786538
1,0,0.0,0.0002807931450661
1,0,0.0,0.0005334634915925
1,1,1.0,0.9999982714653016
1,0,0.0,0.0006431546062231
1,0,0.0,0.0005918371607549
1,0,0.0,0.0004659015976358
1,0,0.0,0.0005179177387617
1,0,0.0,0.0025453136768192
1,0,0.0,0.0003198750491719
1,0,0.0,0.0047468659467995
1,1,1.0,0.9999913573265076
1,0,0.0,0.0003800620906986
1,0,0.0,0.0008822191157378
1,1,1.0,0.9999958872795104
1,0,0.0,0.0002842308022081
1,0,0.0,0.0005307148676365
1,0,0.0,0.0003146005037706
1,0,0.0,3.833023220067844e-05
1,1,1.0,0.9999915957450868
1,0,0.0,0.0002379542711423
1,0,0.0,0.0005164241301827
1,1,1.0,0.999998927116394
1,0,0.0,0.0005544618470594
1,0,0.0,0.0004446142411325
1,0,0.0,0.0002492947969585
1,0,0.0,0.0004730158252641
1,0,0.0,0.0005637475405819
1,0,0.0,0.0001911181607283
1,0,0.0,5.950997365289368e-05
1,0,0.0,0.0003683386894408
1,0,0.0,0.0007497014594264
1,0,0.0,0.0006501104799099
1,0,0.0,0.0008988616755232
1,1,1.0,0.9999924302101136
1,1,1.0,0.9999914765357972
1,0,0.0,0.0030392566695809
1,0,0.0,0.0007712582591921
1,0,0.0,0.0002451501204632
1,0,0.0,0.0001688558259047
1,0,0.0,0.0001228130568051
1,0,0.0,1.7013388060149737e-05
1,0,0.0,0.0008184633916243
1,0,0.0,0.0014603087911382
1,0,0.0,0.000482380768517
1,0,0.0,4.0280490793520585e-05
1,0,0.0,4.9739239329937845e-05
1,0,0.0,0.0009035630500875
1,0,0.0,0.0005782600492238
1,0,0.0,0.0008424230618402
1,0,0.0,0.0029031138401478
1,0,0.0,0.0072354828007519
1,0,0.0,0.0004422328202053
1,0,0.0,0.0003931040409952
1,0,0.0,0.0001356694701826
1,0,0.0,0.000292184529826
1,0,0.0,0.0008376523619517
1,1,1.0,0.999993085861206
1,0,0.0,0.0007306628394871
1,0,0.0,8.672942203702405e-05
1,0,0.0,0.0001278216950595
1,0,0.0,6.910804950166494e-05
1,0,0.0,0.0007454373990185
1,0,0.0,0.0007173947524279
1,0,0.0,0.0010453818831592
1,0,0.0,0.0002780155627988
1,1,1.0,0.9999982714653016
1,0,0.0,0.0002495773078408
1,0,0.0,0.0011710955295711
1,0,0.0,0.0002992349327541
1,0,0.0,0.0002884971909224
1,0,0.0,0.0003566067025531
1,0,0.0,0.000274190766504
1,1,1.0,0.9999927878379822
1,0,0.0,0.0007746329065412
1,1,1.0,0.9999957084655762
1,0,0.0,0.0002209661179222
1,1,1.0,0.9999974370002748
1,0,0.0,0.0002722783829085
1,0,0.0,0.0005149386706762
1,0,0.0,0.0005347998230718
1,0,0.0,0.000966154388152
1,0,0.0,0.0009414859814569
1,0,0.0,0.0016147238202393
1,0,0.0,0.0005132373189553
1,0,0.0,0.0009237742051482
1,1,1.0,0.9999955892562866
1,0,0.0,0.0005875138449482
1,0,0.0,0.0012792405905202
1,0,0.0,0.0010589391458779
1,0,0.0,0.0011813280871137
1,0,0.0,9.336166840512304e-05
1,0,0.0,0.0004875210288446
1,1,1.0,0.9999947547912598
1,0,0.0,0.0009847494075074
1,0,0.0,0.000218413566472
1,0,0.0,0.0002564317255746
1,0,0.0,0.0003969201352447
1,0,0.0,0.0005141228321008
1,0,0.0,0.000256826140685
1,0,0.0,0.0022733004298061
1,0,0.0,0.0003694056067615
1,0,0.0,0.0015248241834342
1,0,0.0,0.0009491158998571
1,0,0.0,0.0178664159029722
1,0,0.0,5.5676617193967104e-05
1,0,0.0,0.000300300103845
0,1,0.0,0.12697315216064453
0,1,1.0,0.9995526671409607
0,1,1.0,0.9997251629829407
0,1,1.0,0.9989870190620422
0,1,1.0,0.9990319013595581
0,1,0.0,0.2554257810115814
0,1,1.0,0.9312081336975098
0,1,0.0,0.2730043828487396
0,0,0.0,2.341060280741658e-05
0,0,0.0,5.4557836847379804e-05
0,1,1.0,0.9928287863731384
0,1,1.0,0.9881864786148071
0,1,1.0,0.8204237222671509
0,0,0.0,0.00011013776384061202
0,0,0.0,2.3988231987459585e-05
0,0,0.0,1.8603410353534855e-05
0,1,1.0,0.8880605697631836
0,0,0.0,2.385061452514492e-05
0,1,1.0,0.9344708919525146
0,0,0.0,1.3398746887105517e-05
0,1,0.0,0.23499998450279236
0,0,0.0,0.0011271486291661859
0,1,1.0,0.9995893239974976
0,1,1.0,0.9999446272850037
0,0,0.0,2.4240134735009633e-05
0,1,1.0,0.9034013152122498
0,1,1.0,0.9999804496765137
0,0,0.0,2.026605034188833e-05
0,1,1.0,0.9279515147209167
0,0,0.0,0.0007397883455269039
0,1,0.0,0.20515978336334229
0,1,1.0,0.9856424927711487
0,1,0.0,0.15446484088897705
0,1,1.0,0.9202678203582764
0,1,1.0,0.9983008503913879
0,1,1.0,0.983457088470459
0,1,1.0,0.9992563724517822
0,1,1.0,0.9476597905158997
0,1,1.0,0.9988593459129333
0,1,1.0,0.9999678730964661
0,1,1.0,0.9785128235816956
0,0,0.0,0.00045089522609487176
0,1,1.0,0.9989395141601562
0,0,0.0,2.2630361854680814e-05
0,1,1.0,0.9042065739631653
0,0,0.0,2.5778505005291663e-05
0,0,0.0,2.253169077448547e-05
0,0,0.0,0.00013933467562310398
0,1,1.0,0.9999536871910095
0,1,1.0,0.8110809922218323
0,1,1.0,0.9987562894821167
0,1,1.0,0.8588309288024902
0,0,0.0,1.3278791811899282e-05
0,1,1.0,0.9008014798164368
0,1,0.0,0.2096930742263794
0,1,0.0,0.0844796672463417
0,1,1.0,0.9833285808563232
0,1,1.0,0.9985111355781555
0,1,1.0,0.919195294380188
0,0,0.0,6.562846101587638e-05
0,0,0.0,2.185610355809331e-05
0,1,1.0,0.9119535684585571
0,1,0.0,0.04926203563809395
0,0,0.0,0.0011576935648918152
0,1,1.0,0.998602569103241
0,1,1.0,0.9273160696029663
0,0,0.0,2.2873216948937625e-05
0,0,0.0,4.5277764002094045e-05
0,1,0.0,0.08546395599842072
0,0,0.0,0.00046348568866960704
0,0,0.0,2.3603572117281146e-05
0,1,1.0,0.8832989931106567
0,1,0.0,0.41822150349617004
0,0,0.0,2.3600623535458e-05
0,1,0.0,0.18581460416316986
0,1,0.0,0.12320894002914429
0,0,0.0,0.00112775934394449
0,0,0.0,1.64622633747058e-05
0,1,0.0,0.2781738340854645
0,0,0.0,0.00010656433005351573
0,0,0.0,5.37001142220106e-05
0,0,0.0,2.2339834686135873e-05
0,1,1.0,0.9376112818717957
0,1,1.0,0.9814721941947937
0,1,1.0,0.9999964237213135
0,1,1.0,0.9986668825149536
0,1,1.0,0.9998249411582947
0,1,0.0,0.08811227232217789
0,1,1.0,0.9364346265792847
0,1,1.0,0.9999502897262573
0,0,0.0,1.977403007913381e-05
0,0,0.0,2.0705443603219464e-05
0,0,0.0,7.88106772233732e-05
0,0,0.0,2.2258089302340522e-05
0,1,1.0,0.8798172473907471
0,1,1.0,0.9960344433784485
0,0,0.0,2.3064198103384115e-05
0,0,0.0,1.3748610399488825e-05
0,1,1.0,0.9978079199790955
0,1,1.0,0.9612170457839966
0,0,0.0,1.902420262922533e-05
0,1,1.0,0.998214602470398
0,1,1.0,0.9991497993469238
0,1,1.0,0.9998164772987366
0,1,0.0,0.4780503511428833
0,1,1.0,0.9386338591575623
0,0,0.0,1.764306034601759e-05
0,0,0.0,2.368765854043886e-05
0,1,1.0,0.9491721987724304
0,1,1.0,0.9999522566795349
0,1,1.0,0.5752568244934082
0,0,0.0,1.4206149899109732e-05
0,0,0.0,2.1393983843154274e-05
0,0,0.0,0.00010532686428632587
0,0,0.0,0.0010510414140298963
0,0,0.0,5.058177703176625e-05
0,0,0.0,0.002832298167049885
0,1,1.0,0.9995294809341431
0,0,0.0,4.375786011223681e-05
0,0,0.0,2.310549643880222e-05
0,1,1.0,0.9990608096122742
0,0,0.0,2.4349417799385265e-05
0,1,1.0,0.9120990037918091
0,0,0.0,2.208951445936691e-05
0,1,1.0,0.9988707304000854
0,0,0.0,5.358138878364116e-05
0,0,0.0,1.700654138403479e-05
0,1,1.0,0.858386218547821
0,0,0.0,0.000993185443803668
0,0,0.0,5.778650665888563e-05
0,1,1.0,0.9988018870353699
0,1,1.0,0.9999590516090393
0,1,1.0,0.9999800324440002
0,1,1.0,0.9915443062782288
0,1,1.0,0.893693745136261
0,0,0.0,8.091770723694935e-05
0,1,0.0,0.11861170083284378
0,1,1.0,0.8126156330108643
0,0,0.0,2.022544686042238e-05
0,1,0.0,0.09908217191696167
0,1,1.0,0.7957098484039307
0,1,1.0,0.8669767379760742
0,1,1.0,0.8928338885307312
0,1,1.0,0.9985538721084595
0,0,0.0,2.016233884205576e-05
0,1,1.0,0.8779252171516418
0,1,0.0,0.09807965159416199
0,1,0.0,0.15497516095638275
0,1,1.0,0.9986770153045654
0,0,0.0,1.594510285940487e-05
0,0,0.0,3.41604245477356e-05
0,0,0.0,5.784037057310343e-05
0,0,0.0,0.00013114605098962784
0,0,0.0,2.389706060057506e-05
0,1,1.0,0.8957315683364868
0,0,0.0,2.3174194211605936e-05
0,1,1.0,0.998905599117279
0,1,0.0,0.12980321049690247
0,1,1.0,0.9999281764030457
0,1,1.0,0.9800559282302856
0,0,0.0,1.2030855941702612e-05
0,0,0.0,2.3414353563566692e-05
0,0,0.0,2.362036866543349e-05
0,0,0.0,2.2216441720956936e-05
0,1,1.0,0.9992131590843201
0,0,0.0,2.1440080672618933e-05
0,1,1.0,0.9089521169662476
0,0,0.0,2.0814011804759502e-05
0,0,0.0,0.0012162757338955998
0,0,0.0,8.659290324430913e-05
0,0,0.0,2.403854341537226e-05
0,1,1.0,0.884361982345581
0,1,1.0,0.9209279417991638
0,0,0.0,1.2419689483067486e-05
0,0,0.0,1.664516457822174e-05
0,0,0.0,6.0747315728804097e-05
0,1,0.0,0.0767027735710144
0,1,0.0,0.31064659357070923
0,1,1.0,0.9321475625038147
0,0,0.0,2.1414782167994417e-05
0,1,1.0,0.9987764954566956
0,1,1.0,0.789905846118927
0,1,1.0,0.9999595880508423
0,0,0.0,1.7896503777592443e-05
0,1,1.0,0.99997878074646
0,1,1.0,0.9993270635604858
0,1,1.0,0.9998202919960022
0,0,0.0,2.1699135686503723e-05
0,0,0.0,1.9994869944639504e-05
0,0,0.0,5.471440817927942e-05
0,0,0.0,1.2793585483450443e-05
0,1,0.0,0.13634032011032104
0,0,0.0,0.00010112067684531212
0,1,1.0,0.9427525997161865
0,0,0.0,0.0002726805687416345
0,0,0.0,7.085461402311921e-05
0,0,0.0,0.0001297000708291307
0,1,1.0,0.649581789970398
0,0,0.0,0.050632867962121964
0,0,0.0,2.180786214012187e-05
0,1,1.0,0.8152771592140198
0,0,0.0,2.5646118956501596e-05
0,1,1.0,0.6021804809570312
0,0,0.0,1.4665261915070005e-05
0,1,1.0,0.9250681400299072
0,0,0.0,0.00011708335659932345
0,1,0.0,0.09612343460321426
0,1,1.0,0.9983276724815369
0,0,0.0,1.4514492249873001e-05
0,1,1.0,0.9174193739891052
0,1,1.0,0.9929041266441345
0,0,0.0,1.6494983356096782e-05
0,0,0.0,2.4156779545592144e-05
0,1,1.0,0.8234978914260864
0,0,0.0,2.235498686786741e-05
0,1,1.0,0.8862084150314331
0,1,1.0,0.9531050324440002
0,1,1.0,0.9588384032249451
0,0,0.0,7.472591096302494e-05
0,0,0.0,2.028078233706765e-05
0,0,0.0,7.23545890650712e-05
0,1,0.0,0.10292480140924454
0,1,1.0,0.9999423027038574
0,1,1.0,0.7061708569526672
0,1,1.0,0.8875924944877625
0,0,0.0,0.00030411360785365105
0,0,0.0,1.9652281480375677e-05
0,0,0.0,5.1081344281556085e-05
0,1,1.0,0.9841635823249817
0,0,0.0,1.5712488675490022e-05
0,0,0.0,0.00013739823771174997
0,1,1.0,0.9998812079429626
0,0,0.0,2.219710404460784e-05
0,1,0.0,0.15555138885974884
0,1,1.0,0.961643397808075
0,1,1.0,0.9991737008094788
0,1,0.0,0.13572853803634644
0,0,0.0,2.0068264348083176e-05
0,1,0.0,0.263876736164093
0,1,1.0,0.7202798128128052
0,0,0.0,2.2144795366330072e-05
0,1,0.0,0.13144221901893616
0,1,1.0,0.9995787739753723
0,0,0.0,2.0626572222681716e-05
0,1,1.0,0.6730753779411316
0,0,0.0,0.00025001412723213434
0,1,0.0,0.23139995336532593
0,1,1.0,0.9988645315170288
0,1,0.0,0.1267894059419632
0,0,0.0,2.1665453459718265e-05
0,0,0.0,6.365353328874335e-05
0,0,0.0,8.727500244276598e-05
0,0,0.0,2.340359424124472e-05
0,1,1.0,0.9996321797370911
0,1,1.0,0.8888017535209656
0,1,1.0,0.9306156635284424
0,0,0.0,0.0020385587122291327
0,1,1.0,0.9988779425621033
0,0,0.0,6.083033076720312e-05
0,0,0.0,2.2264437575358897e-05
0,0,0.0,1.609080209163949e-05
0,0,0.0,2.474611574143637e-05
0,1,1.0,0.9989700317382812
0,1,1.0,0.9522510766983032
0,0,0.0,0.000128410043544136
0,0,0.0,0.00010078594641527161
0,0,0.0,9.807077731238678e-05
0,0,0.0,1.8107268260791898e-05
0,0,0.0,2.0596222384483553e-05
0,0,0.0,0.001248349086381495
0,1,1.0,0.9307472705841064
0,0,0.0,1.581607102707494e-05
0,1,1.0,0.9834575653076172
0,0,0.0,2.565296927059535e-05
0,1,1.0,0.9628728628158569
0,1,1.0,0.8566338419914246
0,1,0.0,0.09203215688467026
0,1,1.0,0.9626736640930176
0,0,0.0,2.0143810615991242e-05
0,0,0.0,0.008181213401257992
0,0,0.0,2.305326961504761e-05
0,0,0.0,1.78992522705812e-05
0,1,1.0,0.9999610781669617
0,1,1.0,0.9981623888015747
0,1,1.0,0.9387317299842834
0,0,0.0,0.00019551020523067564
0,0,0.0,7.969672151375562e-05
0,0,0.0,5.074633372714743e-05
0,1,1.0,0.9623001217842102
0,1,1.0,0.9293396472930908
0,1,1.0,0.7561900019645691
0,1,1.0,0.9975376129150391
0,0,0.0,2.1491790903382935e-05
0,1,1.0,0.9984273910522461
0,1,0.0,0.11856856942176819
0,1,1.0,0.9871521592140198
0,1,1.0,0.9999642968177795
0,0,0.0,2.0854287868132815e-05
0,0,0.0,2.4530421796953306e-05
0,0,0.0,2.37965869018808e-05
0,0,0.0,5.691296246368438e-05
0,1,1.0,0.8694146275520325
0,1,1.0,0.9985144734382629
0,0,0.0,2.240963112853933e-05
0,1,0.0,0.1361633688211441
0,0,0.0,2.393989598203916e-05
0,0,0.0,2.2249494577408768e-05
0,0,0.0,2.5048218958545476e-05
0,1,1.0,0.8686099648475647
0,0,0.0,0.00024889057385735214
0,0,0.0,6.49083376629278e-05
0,0,0.0,2.3721409888821654e-05
0,1,0.0,0.4249419569969177
0,1,1.0,0.9304067492485046
0,1,1.0,0.9985195994377136
0,1,1.0,0.9841614365577698
0,1,1.0,0.9999600052833557
0,0,0.0,5.905223952140659e-05
0,1,1.0,0.5030103921890259
0,0,0.0,1.4462912986346055e-05
0,1,1.0,0.9999257922172546
0,1,1.0,0.8775197863578796
0,1,0.0,0.06480352580547333
0,1,1.0,0.9926260709762573
0,0,0.0,1.7236270650755614e-05
0,1,1.0,0.9487327337265015
0,0,0.0,1.9655450159916654e-05
0,0,0.0,6.918467988725752e-05
0,0,0.0,2.153331479348708e-05
0,0,0.0,3.3799984521465376e-05
0,1,1.0,0.8957624435424805
0,0,0.0,1.3568570466304664e-05
0,1,1.0,0.9999501705169678
0,0,0.0,2.0719231542898342e-05
0,0,0.0,1.3647031664731912e-05
0,1,1.0,0.998368501663208
0,1,0.0,0.09265197068452835
0,1,1.0,0.8481111526489258
0,1,0.0,0.15564322471618652
0,0,0.0,4.8804278776515275e-05
0,0,0.0,0.0031166982371360064
0,1,1.0,0.9999691247940063
0,1,1.0,0.6235678195953369
0,0,0.0,1.4023623407410923e-05
0,1,1.0,0.8403934836387634
0,1,1.0,0.9969907999038696
0,0,0.0,2.601799860713072e-05
0,0,0.0,6.793304783059284e-05
0,0,0.0,1.3606732863991056e-05
0,1,0.0,0.0937795639038086
0,1,1.0,0.9998940825462341
0,1,1.0,0.9308145046234131
0,0,0.0,2.201365896326024e-05
0,1,1.0,0.8967151045799255
0,0,0.0,2.373525785515085e-05
0,1,1.0,0.9993732571601868
0,1,1.0,0.9987853765487671
0,0,0.0,4.007317329524085e-05
0,1,1.0,0.8780446648597717
0,1,1.0,0.9419848918914795
0,1,1.0,0.9183379411697388
0,0,0.0,0.0024396288208663464
0,1,1.0,0.9765843152999878
0,0,0.0,0.0019582859240472317
0,0,0.0,2.2595339032704942e-05
0,1,1.0,0.8757094740867615
0,0,0.0,1.2023033377772663e-05
0,0,0.0,1.6695785234333016e-05
0,0,0.0,2.1419153199531138e-05
0,1,1.0,0.9324852824211121
0,0,0.0,2.321699503227137e-05
0,0,0.0,6.63857426843606e-05
0,1,1.0,0.8589771389961243
0,0,0.0,1.3174110790714622e-05
0,1,1.0,0.9999696612358093
0,1,1.0,0.9989361763000488
0,1,1.0,0.880377471446991
0,1,1.0,0.8103641271591187
0,1,1.0,0.5223751068115234
0,1,1.0,0.9843858480453491
0,0,0.0,2.0664039766415954e-05
0,1,0.0,0.10336481779813766
0,0,0.0,4.864977381657809e-05
0,0,0.0,2.229971141787246e-05
0,1,1.0,0.9992985725402832
0,0,0.0,2.2558868295163848e-05
0,0,0.0,1.4398836356122047e-05
0,1,1.0,0.9995870590209961
0,0,0.0,1.565814636705909e-05
0,1,1.0,0.9162312746047974
0,1,1.0,0.9994798302650452
0,1,1.0,0.999793529510498
0,1,0.0,0.42569297552108765
0,1,1.0,0.9324069619178772
0,1,1.0,0.8808438777923584
0,1,1.0,0.8353028297424316
0,0,0.0,2.4380227841902524e-05
0,1,1.0,0.9412112832069397
0,1,0.0,0.4330262541770935
0,0,0.0,5.286479427013546e-05
0,1,1.0,0.999395489692688
0,0,0.0,9.064668120117858e-05
0,0,0.0,2.2880743927089497e-05
0,0,0.0,2.3987431632122025e-05
0,1,1.0,0.9999425411224365
0,1,0.0,0.16876547038555145
0,1,0.0,0.1172533854842186
0,1,1.0,0.9628438353538513
0,1,1.0,0.8268771171569824
0,1,1.0,0.9999767541885376
0,1,1.0,0.8489793539047241
0,0,0.0,3.489260052447207e-05
0,1,1.0,0.9813011288642883
0,1,1.0,0.9987727403640747
0,1,1.0,0.8923438787460327
0,0,0.0,5.240246173343621e-05
0,0,0.0,2.3290089302463457e-05
0,1,0.0,0.12802447378635406
0,0,0.0,1.818276541598607e-05
0,0,0.0,1.2961361790075898e-05
0,1,1.0,0.8939745426177979
0,0,0.0,0.0002777614863589406
0,1,0.0,0.0897740051150322
0,1,1.0,0.9989826679229736
0,1,1.0,0.883712649345398
0,0,0.0,0.00011832367454189807
0,0,0.0,2.716019116633106e-05
0,1,0.0,0.07829626649618149
0,0,0.0,0.001046939054504037
0,0,0.0,1.67798552865861e-05
0,0,0.0,0.0012183976359665394
0,1,1.0,0.9987413287162781
0,1,0.0,0.09606806188821793
0,1,0.0,0.12467975914478302
0,1,0.0,0.14384491741657257
0,1,0.0,0.18397918343544006
0,1,0.0,0.08053809404373169
0,0,0.0,2.5903373170876876e-05
0,1,1.0,0.9993290305137634
0,1,1.0,0.9986293315887451
0,0,0.0,2.3970234906300902e-05
0,1,1.0,0.7459978461265564
0,1,1.0,0.978569507598877
0,0,0.0,3.6967765481676906e-05
0,1,1.0,0.9327712059020996
0,1,1.0,0.9985768795013428
0,1,1.0,0.9241031408309937
0,0,0.0,2.2723546862835065e-05
0,0,0.0,2.0970896002836525e-05
0,1,1.0,0.8613874912261963
0,1,0.0,0.13778138160705566
0,1,1.0,0.9994394779205322
0,1,1.0,0.9360325336456299
0,1,1.0,0.999815046787262
0,1,0.0,0.191426619887352
0,0,0.0,0.001179940183646977
0,0,0.0,2.5334698875667527e-05
0,1,1.0,0.9995673298835754
0,1,1.0,0.8080022931098938
0,0,0.0,0.00015150121180340648
0,0,0.0,2.9362123314058408e-05
0,0,0.0,2.2109768906375393e-05
0,0,0.0,6.277841021073982e-05
0,1,1.0,0.9981860518455505
0,0,0.0,2.244513416371774e-05
0,1,1.0,0.9939768314361572
0,0,0.0,3.80422206944786e-05
0,1,1.0,0.9981900453567505
0,0,0.0,0.0023021220695227385
0,1,1.0,0.9542825222015381
0,1,1.0,0.9985538125038147
0,1,1.0,0.999323308467865
0,1,0.0,0.26215091347694397
0,1,1.0,0.9999604225158691
0,0,0.0,1.3034570656600408e-05
0,1,0.0,0.1421552300453186
0,1,0.0,0.1026512160897255
0,1,1.0,0.8520451784133911
0,1,1.0,0.7514551877975464
0,0,0.0,9.609985136194155e-05
0,1,1.0,0.8718010783195496
0,0,0.0,2.4390692487941124e-05
0,0,0.0,6.370035407599062e-05
0,1,1.0,0.9997525215148926
0,1,1.0,0.9999714493751526
0,0,0.0,0.00010023169306805357
0,0,0.0,2.2179119696374983e-05
0,1,1.0,0.8618882894515991
0,1,1.0,0.8662532567977905
0,0,0.0,2.048874921456445e-05
0,1,1.0,0.9981176853179932
0,1,1.0,0.9988389611244202
0,0,0.0,2.1543582988670096e-05
0,0,0.0,2.1322064640116878e-05
0,0,0.0,0.0024872170761227608
0,0,0.0,1.8305163393961266e-05
0,1,1.0,0.9220516085624695
0,1,1.0,0.8459004163742065
0,0,0.0,1.9572757082642056e-05
0,1,1.0,0.8628621697425842
0,0,0.0,7.242196443257853e-05
0,1,1.0,0.8502871990203857
0,0,0.0,0.00012889622303191572
0,1,1.0,0.999570906162262
0,0,0.0,2.056054654531181e-05
0,0,0.0,1.5434605302289128e-05
0,0,0.0,6.34083480690606e-05
0,0,0.0,2.2177766368258744e-05
0,0,0.0,6.534918065881357e-05
0,1,1.0,0.9068687558174133
0,0,0.0,4.172686021775007e-05
0,0,0.0,0.00012542359763756394
0,0,0.0,0.00015721935778856277
0,0,0.0,1.6445097571704537e-05
0,1,1.0,0.643894612789154
0,0,0.0,2.2449201424024068e-05
0,1,1.0,0.9417303204536438
0,1,1.0,0.8777143359184265
0,0,0.0,2.4223611035267822e-05
0,0,0.0,1.3038201359449886e-05
0,1,1.0,0.8314597606658936
0,1,1.0,0.9223100543022156
0,1,1.0,0.9066442251205444
0,1,1.0,0.9679518938064575
0,0,0.0,1.2099086234229617e-05
0,1,1.0,0.9999585151672363
0,1,0.0,0.1919180452823639
0,0,0.0,2.1735837435699068e-05
0,1,1.0,0.9985432028770447
0,1,1.0,0.9999722838401794
0,1,1.0,0.9975678324699402
0,0,0.0,7.530915172537789e-05
0,0,0.0,2.3007563868304715e-05
0,1,1.0,0.9131593704223633
0,1,1.0,0.9863231182098389
0,0,0.0,2.352669253014028e-05
0,0,0.0,1.728948154777754e-05
0,1,1.0,0.9984570145606995
0,1,1.0,0.9999694228172302
0,1,1.0,0.999292254447937
0,0,0.0,1.6188430890906602e-05
0,1,0.0,0.08320537209510803
0,1,1.0,0.8592522740364075
0,1,1.0,0.8830296397209167
0,1,1.0,0.9985870122909546
0,1,1.0,0.7346829771995544
0,1,1.0,0.9349781274795532
0,1,1.0,0.8752737641334534
0,1,1.0,0.9304500222206116
0,1,0.0,0.12980064749717712
0,1,1.0,0.9998149871826172
0,1,1.0,0.9603874683380127
0,0,0.0,3.0670769774587825e-05
0,1,1.0,0.9993132948875427
0,0,0.0,2.2827216525911354e-05
0,0,0.0,1.43877314258134e-05
0,1,1.0,0.9085209369659424
0,1,1.0,0.9947752952575684
0,0,0.0,2.116671203111764e-05
0,0,0.0,2.023746674240101e-05
0,1,1.0,0.9989230036735535
0,0,0.0,1.975883606064599e-05
0,0,0.0,0.0011857399949803948
0,1,1.0,0.9999860525131226
0,0,0.0,2.2487683963845484e-05
0,1,0.0,0.20436786115169525
0,1,0.0,0.10120820999145508
0,1,1.0,0.9999532103538513
0,0,0.0,2.3513726773671806e-05
0,1,0.0,0.08885987102985382
0,0,0.0,1.7143813238362782e-05
0,1,1.0,0.6392467021942139
0,1,1.0,0.929289698600769
0,0,0.0,7.11435786797665e-05
0,0,0.0,0.0007361658499576151
0,1,1.0,0.7274906635284424
0,0,0.0,5.85359193792101e-05
0,1,1.0,0.9999302625656128
0,1,1.0,0.9991852641105652
0,1,1.0,0.9981350898742676
0,1,1.0,0.9999600648880005
0,1,1.0,0.959672212600708
0,1,1.0,0.8913172483444214
0,1,1.0,0.9999134540557861
0,0,0.0,3.505335553199984e-05
0,1,1.0,0.9347273111343384
0,1,1.0,0.9460014700889587
0,0,0.0,2.0521485566860065e-05
0,1,1.0,0.8602001070976257
0,1,0.0,0.08577516674995422
0,1,1.0,0.8982967734336853
0,0,0.0,5.1524890295695513e-05
0,0,0.0,2.50501798291225e-05
0,0,0.0,0.0011708433739840984
0,1,1.0,0.8781962394714355
0,1,0.0,0.48889869451522827
0,1,1.0,0.9566115140914917
0,1,1.0,0.9988407492637634
0,0,0.0,4.0539878682466224e-05
0,1,0.0,0.09087450802326202
0,1,1.0,0.9998159408569336
0,1,1.0,0.946213960647583
0,1,1.0,0.9992478489875793
0,0,0.0,0.00018857905524782836
0,1,1.0,0.9996007680892944
0,0,0.0,1.9390092347748578e-05
0,1,1.0,0.9986234903335571
0,1,0.0,0.12699005007743835
0,1,1.0,0.9306771159172058
0,1,1.0,0.997593104839325
0,0,0.0,5.837131175212562e-05
0,1,0.0,0.08135086297988892
0,1,1.0,0.9592800140380859
0,1,1.0,0.9955326914787292
0,1,1.0,0.9989015460014343
0,1,1.0,0.9484180212020874
0,0,0.0,6.648666749242693e-05
0,0,0.0,2.251579462608788e-05
0,1,1.0,0.9988822937011719
0,0,0.0,5.0542141252662987e-05
0,1,1.0,0.9185022115707397
0,1,0.0,0.12791214883327484
0,0,0.0,0.0010476021561771631
0,1,1.0,0.9978243708610535
0,1,1.0,0.999986469745636
0,0,0.0,3.981824920629151e-05
0,0,0.0,2.3389115085592493e-05
0,1,0.0,0.1640206277370453
0,0,0.0,3.0332828828250058e-05
0,1,0.0,0.10446556657552719
0,0,0.0,5.931026316829957e-05
0,0,0.0,0.00014705646026413888
0,0,0.0,8.050456381170079e-05
0,0,0.0,5.625632547889836e-05
0,0,0.0,1.966448689927347e-05
0,0,0.0,2.169516301364638e-05
0,0,0.0,4.748947321786545e-05
0,1,1.0,0.685786783695221
0,1,1.0,0.9999575018882751
0,1,1.0,0.9729946851730347
0,1,1.0,0.9989714026451111
0,0,0.0,2.071444941975642e-05
0,0,0.0,5.248278466751799e-05
0,0,0.0,2.2209576854947954e-05
0,0,0.0,3.890305742970668e-05
0,0,0.0,2.29510242206743e-05
0,1,0.0,0.4344252347946167
0,0,0.0,1.9874718418577686e-05
0,1,1.0,0.9220286011695862
0,0,0.0,1.9800712834694423e-05
0,0,0.0,1.2221546057844535e-05
0,1,1.0,0.9878310561180115
0,1,1.0,0.9987266063690186
0,0,0.0,0.0001308925566263497
0,1,1.0,0.8828203678131104
0,1,1.0,0.6570912599563599
0,0,0.0,2.2020503820385784e-05
0,0,0.0,2.0444598703761585e-05
0,0,0.0,2.019395469687879e-05
0,1,1.0,0.9511533379554749
0,1,1.0,0.9999517202377319
0,1,1.0,0.9987561702728271
0,1,0.0,0.2598715126514435
0,0,0.0,1.5708488717791624e-05
0,1,1.0,0.9980738162994385
0,1,1.0,0.9511245489120483
0,0,0.0,1.540998346172273e-05
0,0,0.0,2.29048036999302e-05
0,0,0.0,6.450750515796244e-05
0,1,1.0,0.9288234710693359
0,1,0.0,0.4782937169075012
0,1,1.0,0.9380444884300232
0,1,0.0,0.08683643490076065
0,0,0.0,3.4734144719550386e-05
0,0,0.0,0.0009703915566205978
0,1,1.0,0.9518954753875732
0,1,1.0,0.9984604120254517
0,1,0.0,0.11325711011886597
0,1,1.0,0.999614953994751
0,1,1.0,0.9999521374702454
0,0,0.0,2.057763049378991e-05
0,0,0.0,2.3935353965498507e-05
0,1,1.0,0.9999876022338867
0,1,1.0,0.9729370474815369
0,0,0.0,7.794235716573894e-05
0,1,1.0,0.9992166757583618
0,1,1.0,0.9857920408248901
0,0,0.0,2.008819683396723e-05
0,0,0.0,6.675273471046239e-05
0,0,0.0,1.320499177381862e-05
0,1,1.0,0.9988296627998352
0,0,0.0,6.125270010670647e-05
0,0,0.0,4.895553502137773e-05
0,0,0.0,2.1659439880750142e-05
0,0,0.0,0.00012775319919455796
0,0,0.0,1.6316966139129363e-05
0,0,0.0,0.0003221102524548769
0,0,0.0,4.867585448664613e-05
0,1,1.0,0.9281213879585266
0,0,0.0,6.237454363144934e-05
0,0,0.0,1.7716130969347432e-05
0,1,1.0,0.8861463069915771
0,1,0.0,0.1451808661222458
0,0,0.0,0.0004441493656486273
0,1,1.0,0.9992821216583252
0,0,0.0,2.2873500711284578e-05
0,0,0.0,2.466619662300218e-05
0,1,0.0,0.1843053698539734
0,1,1.0,0.6059751510620117
0,0,0.0,1.898711889225524e-05
0,1,0.0,0.13314342498779297
0,1,1.0,0.8435915112495422
0,1,1.0,0.9986186027526855
0,1,1.0,0.8793981671333313
0,1,1.0,0.5150085091590881
0,1,1.0,0.9988067150115967
0,1,0.0,0.10568249970674515
0,0,0.0,0.00025034925783984363
0,1,1.0,0.9089710712432861
0,0,0.0,2.1178342649363913e-05
0,1,0.0,0.23500655591487885
0,0,0.0,2.3541078917332925e-05
0,0,0.0,2.3918080842122436e-05
0,1,1.0,0.8559607863426208
0,0,0.0,2.3664422769797966e-05
0,1,0.0,0.2063896656036377
0,0,0.0,2.215818858530838e-05
0,1,0.0,0.20977702736854553
0,1,1.0,0.9720380306243896
0,1,1.0,0.9975631237030029
0,0,0.0,1.4744899999641348e-05
0,1,1.0,0.9225760698318481
0,1,1.0,0.9987062811851501
0,0,0.0,0.0009152953862212598
0,1,1.0,0.9719008803367615
0,1,1.0,0.9459322094917297
0,0,0.0,6.371238850988448e-05
0,1,1.0,0.9699235558509827
0,1,0.0,0.09853821247816086
0,0,0.0,1.5253696801664773e-05
0,1,1.0,0.7147043943405151
0,0,0.0,0.0011211865348741412
0,1,1.0,0.9991790652275085
0,1,1.0,0.9816899299621582
0,0,0.0,1.72254913195502e-05
0,0,0.0,2.056293851637747e-05
0,0,0.0,1.5212700418487657e-05
0,1,1.0,0.8955370783805847
0,1,0.0,0.14052699506282806
0,0,0.0,2.5536588509567082e-05
0,1,1.0,0.9549633264541626
0,1,1.0,0.999961793422699
0,1,1.0,0.9225663542747498
0,1,1.0,0.7389650344848633
0,0,0.0,2.160743133572396e-05
0,1,1.0,0.9999858140945435
0,0,0.0,2.0357769244583324e-05
0,0,0.0,3.5816661693388596e-05
0,0,0.0,2.1028812625445426e-05
0,1,1.0,0.9861261248588562
0,1,1.0,0.9994465112686157
0,0,0.0,2.2607127903029323e-05
0,1,1.0,0.990182101726532
0,0,0.0,7.450569682987407e-05
0,0,0.0,0.0004054807941429317
0,0,0.0,0.0033964698668569326
0,0,0.0,1.7353075236314908e-05
0,1,0.0,0.2985674738883972
0,0,0.0,1.5402432836708613e-05
0,0,0.0,1.3235198821348604e-05
0,0,0.0,1.6408972442150116e-05
0,0,0.0,2.1868781914236024e-05
0,1,1.0,0.755382776260376
0,0,0.0,1.3154251064406708e-05
0,0,0.0,2.245609721285291e-05
0,0,0.0,2.08014935196843e-05
0,0,0.0,2.30965088121593e-05
0,1,0.0,0.13634778559207916
0,1,1.0,0.9988311529159546
0,1,0.0,0.13315998017787933
0,0,0.0,2.4422628484899178e-05
0,0,0.0,7.496765465475619e-05
0,1,1.0,0.9987227916717529
0,0,0.0,1.5281128071364947e-05
0,0,0.0,4.103478931938298e-05
0,1,1.0,0.8097531199455261
0,0,0.0,2.7087016860605218e-05
0,0,0.0,6.948233203729615e-05
0,0,0.0,0.00783960148692131
0,1,1.0,0.9167477488517761
0,1,1.0,0.998507559299469
0,1,0.0,0.08222474157810211
0,0,0.0,1.4617701708630193e-05
0,0,0.0,6.432708323700354e-05
0,1,1.0,0.8997157216072083
0,0,0.0,3.90992863685824e-05
0,1,1.0,0.9991719126701355
0,0,0.0,1.937938759510871e-05
0,1,1.0,0.9750252962112427
0,1,1.0,0.9999477863311768
0,1,1.0,0.9699199795722961
0,1,1.0,0.9999529123306274
0,0,0.0,7.90723497630097e-05
0,0,0.0,1.6869820683496073e-05
0,1,1.0,0.9999848008155823
0,1,1.0,0.8853198289871216
0,1,1.0,0.9434748291969299
0,1,1.0,0.9839582443237305
0,0,0.0,1.7835065591498278e-05
0,1,1.0,0.9355269074440002
0,1,1.0,0.8829581141471863
0,0,0.0,9.527926886221394e-05
0,0,0.0,2.3522406991105527e-05
0,0,0.0,7.41979165468365e-05
0,1,1.0,0.8605273365974426
0,1,1.0,0.9790058135986328
0,1,1.0,0.9528167247772217
0,1,0.0,0.0821879655122757
0,1,1.0,0.5431725978851318
0,1,0.0,0.2630447447299957
0,1,1.0,0.5681642293930054
0,0,0.0,7.834730058675632e-05
0,1,0.0,0.1960020363330841
0,1,1.0,0.9541618824005127
0,1,1.0,0.9385351538658142
0,0,0.0,6.947736255824566e-05
0,0,0.0,0.00028151232982054353
0,0,0.0,4.606322181643918e-05
0,1,1.0,0.9185299277305603
0,1,1.0,0.9845340847969055
0,1,1.0,0.936906635761261
0,1,0.0,0.16179770231246948
0,0,0.0,1.1672692380670924e-05
0,1,1.0,0.9981064200401306
0,0,0.0,2.0623148884624243e-05
0,0,0.0,2.103222141158767e-05
0,1,1.0,0.9999560117721558
0,0,0.0,2.2542308215633966e-05
0,1,1.0,0.6515546441078186
0,1,1.0,0.945993959903717
0,1,1.0,0.8701605796813965
0,1,0.0,0.1377137154340744
0,0,0.0,1.311809683102183e-05
0,0,0.0,2.1017907783971168e-05
0,1,1.0,0.5884174108505249
0,0,0.0,2.2816639102529734e-05
0,0,0.0,2.4995102648972534e-05
0,1,0.0,0.12302815914154053
0,0,0.0,8.02993745310232e-05
0,0,0.0,2.135836984962225e-05
0,0,0.0,5.077416426502168e-05
0,0,0.0,1.3565517292590812e-05
0,0,0.0,5.837849312229082e-05
0,0,0.0,8.611767407273874e-05
0,0,0.0,0.0023147009778767824
0,1,1.0,0.874072790145874
0,1,1.0,0.9790798425674438
0,1,1.0,0.9999865889549255
0,0,0.0,1.6041387425502762e-05
0,1,0.0,0.12359055131673813
0,0,0.0,6.959772144909948e-05
0,0,0.0,5.950254126219079e-05
0,0,0.0,0.0011752950958907604
0,0,0.0,1.3269082046463154e-05
0,0,0.0,2.8054895665263757e-05
0,0,0.0,1.4066136827750597e-05
0,0,0.0,1.1982077012362424e-05
0,0,0.0,2.055995719274506e-05
0,0,0.0,0.0035001870710402727
0,1,1.0,0.9426286816596985
0,0,0.0,1.849818363552913e-05
0,0,0.0,2.395455703663174e-05
0,1,1.0,0.9978153705596924
0,0,0.0,0.001136243692599237
0,0,0.0,0.0016352508682757616
0,1,1.0,0.8794338703155518
0,0,0.0,2.1468133127200417e-05
0,0,0.0,0.0015907168854027987
0,1,1.0,0.9405830502510071
0,0,0.0,0.00044445067760534585
0,1,1.0,0.9602127075195312
0,0,0.0,4.702157457359135e-05
0,1,1.0,0.8220484256744385
0,0,0.0,2.313094046257902e-05
0,1,1.0,0.998184323310852
0,1,1.0,0.8870129585266113
0,1,1.0,0.9670408964157104
0,0,0.0,1.4762826140213292e-05
0,1,1.0,0.9995296597480774
0,1,1.0,0.9999659657478333
0,1,0.0,0.21092508733272552
0,0,0.0,2.2642319891019724e-05
0,1,1.0,0.9985421299934387
0,0,0.0,6.1778788222e-05
0,1,1.0,0.8908006548881531
0,1,1.0,0.9891484379768372
0,0,0.0,1.7535738152218983e-05
0,1,0.0,0.18105274438858032
0,0,0.0,2.175444024032913e-05
0,1,1.0,0.9524322152137756
0,1,1.0,0.9999703764915466
0,0,0.0,6.721500540152192e-05
0,0,0.0,2.718195719353389e-05
0,1,1.0,0.9818309545516968
0,1,1.0,0.9988342523574829
0,1,0.0,0.12191014736890793
0,1,1.0,0.9992117881774902
0,1,1.0,0.7575075626373291
0,1,1.0,0.9599140882492065
0,1,1.0,0.8616615533828735
0,1,0.0,0.18252623081207275
0,0,0.0,6.625698006246239e-05
0,1,1.0,0.9186311364173889
0,1,1.0,0.9967842102050781
0,0,0.0,1.4966572962293867e-05
0,1,1.0,0.9996523857116699
0,1,0.0,0.09792476892471313
0,1,1.0,0.9239614009857178
0,1,1.0,0.9796468019485474
0,1,0.0,0.0918085128068924
0,1,1.0,0.9339593648910522
0,1,1.0,0.8897078633308411
0,0,0.0,5.2713618060806766e-05
0,0,0.0,1.5560328392894007e-05
0,0,0.0,2.7255829991190694e-05
0,0,0.0,2.30012465181062e-05
0,1,1.0,0.8470791578292847
0,0,0.0,5.741030690842308e-05
0,1,1.0,0.8181979656219482
0,1,0.0,0.14993219077587128
0,1,1.0,0.9985540509223938
0,0,0.0,2.1405900042736903e-05
0,0,0.0,2.2645690478384495e-05
0,0,0.0,1.3215662875154521e-05
0,1,0.0,0.1743408888578415
0,0,0.0,1.829769644245971e-05
0,1,1.0,0.954580545425415
0,1,1.0,0.9998534917831421
0,1,1.0,0.9999552369117737
0,0,0.0,6.170247070258483e-05
0,1,1.0,0.9999764561653137
0,0,0.0,3.677879794850014e-05
0,0,0.0,1.6968664567684755e-05
0,1,1.0,0.9021868705749512
0,0,0.0,2.1482324882526882e-05
0,1,0.0,0.2343524843454361
0,0,0.0,6.56555057503283e-05
0,0,0.0,7.002799247857183e-05
0,1,0.0,0.0994180291891098
0,0,0.0,2.3090693503036164e-05
0,0,0.0,0.002230139449238777
0,0,0.0,1.4336001186165959e-05
0,1,1.0,0.8672472238540649
0,0,0.0,2.4395088985329494e-05
0,1,0.0,0.10002404451370239
0,1,0.0,0.1860392838716507
0,0,0.0,6.083253538236022e-05
0,1,1.0,0.9005647897720337
0,0,0.0,1.4669736629002728e-05
0,0,0.0,0.0011627222411334515
0,1,1.0,0.9993941187858582
0,1,0.0,0.20159821212291718
0,0,0.0,1.965601222764235e-05
0,0,0.0,2.2132886442705058e-05
0,0,0.0,1.3567859241447877e-05
0,0,0.0,2.2339472707244568e-05
0,1,1.0,0.9713494777679443
0,0,0.0,2.374189170950558e-05
0,0,0.0,0.0009137230226770043
0,0,0.0,8.117994730127975e-05
0,1,1.0,0.8514308929443359
0,0,0.0,1.6144629626069218e-05
0,0,0.0,2.1823569113621488e-05
0,0,0.0,2.2314348825602792e-05
0,1,1.0,0.8632990717887878
0,1,1.0,0.8873920440673828
0,0,0.0,0.00022627162979915738
0,1,0.0,0.11412780731916428
0,1,1.0,0.914014458656311
0,1,1.0,0.9995576739311218
0,1,1.0,0.9955089688301086
0,1,0.0,0.07484249770641327
0,1,1.0,0.9108424186706543
0,1,1.0,0.8982720375061035
0,0,0.0,1.9619923477876e-05
0,1,0.0,0.3733985722064972
0,1,0.0,0.11653903871774673
0,1,1.0,0.9525825381278992
0,0,0.0,0.00010600448149489239
0,0,0.0,1.761914973030798e-05
0,0,0.0,0.0010764487087726593
0,0,0.0,2.8729682526318356e-05
0,0,0.0,9.43447885219939e-05
0,1,1.0,0.7747665643692017
0,1,1.0,0.9998247027397156
0,0,0.0,1.3564068467530888e-05
0,0,0.0,8.488281309837475e-05
0,0,0.0,0.00014100792759563774
0,1,1.0,0.9845402836799622
0,1,1.0,0.8679076433181763
0,1,1.0,0.9993829727172852
0,0,0.0,1.904084456327837e-05
0,0,0.0,0.00031429383670911193
0,1,0.0,0.14655724167823792
0,0,0.0,0.0002519922854844481
0,1,0.0,0.17130357027053833
0,1,1.0,0.9714453816413879
0,1,1.0,0.8982144594192505
0,1,1.0,0.9283477663993835
0,1,1.0,0.9018597602844238
0,0,0.0,0.003536840667948127
0,1,1.0,0.9988523125648499
0,0,0.0,0.00010695301170926541
0,1,1.0,0.9929665923118591
0,0,0.0,6.375637894961983e-05
0,0,0.0,2.4392064005951397e-05
0,1,1.0,0.9990373849868774
0,0,0.0,2.1889143681619316e-05
0,0,0.0,6.74631301080808e-05
0,1,1.0,0.9248336553573608
0,1,1.0,0.889060914516449
0,1,0.0,0.10182300955057144
0,0,0.0,1.9161563614034094e-05
0,0,0.0,1.4448176443693228e-05
0,0,0.0,4.8254169087158516e-05
0,0,0.0,1.806538966775406e-05
0,1,0.0,0.21444019675254822
0,1,1.0,0.9989284873008728
0,0,0.0,1.265272749151336e-05
0,0,0.0,2.333365955564659e-05
0,1,0.0,0.0965084657073021
0,1,0.0,0.12204651534557343
0,1,1.0,0.9987733364105225
0,1,1.0,0.9850578904151917
0,1,1.0,0.9816150069236755
0,0,0.0,2.0259209122741595e-05
0,1,1.0,0.9320486783981323
0,1,1.0,0.9997218251228333
0,1,1.0,0.9985458850860596
0,0,0.0,0.000519931607414037
0,1,1.0,0.999176025390625
0,0,0.0,7.799715967848897e-05
0,0,0.0,1.953428545675706e-05
0,0,0.0,2.294551086379215e-05
0,0,0.0,1.9649211026262492e-05
0,0,0.0,2.2820404410595074e-05
0,1,1.0,0.871066689491272
0,1,1.0,0.9983929991722107
0,0,0.0,6.336688238661736e-05
0,1,1.0,0.8838284015655518
0,1,1.0,0.9625533223152161
0,1,0.0,0.22126881778240204
0,1,1.0,0.9984045028686523
0,0,0.0,1.841703851823695e-05
0,1,1.0,0.9339384436607361
0,1,1.0,0.8793504238128662
0,1,1.0,0.9999619722366333
0,0,0.0,1.9449058527243324e-05
0,0,0.0,1.2924973816552665e-05
0,1,1.0,0.8825403451919556
0,0,0.0,2.029357165156398e-05
0,0,0.0,1.3927064173913095e-05
0,0,0.0,1.7402428056811914e-05
0,0,0.0,1.8973471014760435e-05
0,0,0.0,3.408249176573008e-05
0,1,1.0,0.9999723434448242
0,0,0.0,0.0001967228454304859
0,0,0.0,0.00014538559480570257
0,0,0.0,2.312447759322822e-05
0,1,1.0,0.9586856365203857
0,0,0.0,2.0618508642655797e-05
0,1,1.0,0.771734356880188
0,1,1.0,0.793533205986023
0,0,0.0,2.1822237613378093e-05
0,0,0.0,1.7582626242074184e-05
0,1,1.0,0.9986600279808044
0,1,0.0,0.03113585151731968
0,1,1.0,0.9985629916191101
0,1,1.0,0.6681106090545654
0,1,1.0,0.9999316930770874
0,0,0.0,6.217310146894306e-05
0,0,0.0,6.535641296068206e-05
0,1,1.0,0.9835171103477478
0,0,0.0,1.9754954337258823e-05
0,0,0.0,0.0011893738992512226
0,1,1.0,0.9983443021774292
0,0,0.0,2.0286044673412107e-05
0,1,1.0,0.9873260259628296
0,0,0.0,0.00012308960140217096
0,1,1.0,0.9999312162399292
0,0,0.0,2.2332016669679433e-05
0,1,1.0,0.8428442478179932
0,0,0.0,1.6084848539321683e-05
0,0,0.0,1.6642274204059504e-05
0,1,1.0,0.9875523447990417
0,1,1.0,0.9150912761688232
0,0,0.0,2.2475249352282844e-05
0,0,0.0,4.372452895040624e-05
0,1,0.0,0.20448440313339233
0,1,1.0,0.8417232036590576
0,0,0.0,0.00017350127745885402
0,1,1.0,0.9876802563667297
0,0,0.0,2.275533915963024e-05
0,1,1.0,0.9480042457580566
0,0,0.0,2.0813098672078922e-05
0,0,0.0,2.1578414816758595e-05
0,0,0.0,0.00041132737533189356
0,0,0.0,5.2370745834195986e-05
0,1,1.0,0.9526869654655457
0,0,0.0,1.8431830540066585e-05
0,1,1.0,0.999944806098938
0,0,0.0,5.4864518460817635e-05
0,1,0.0,0.09417659789323807
0,1,1.0,0.8802154064178467
0,1,1.0,0.9986761808395386
0,1,0.0,0.08424811065196991
0,0,0.0,2.0363166186143644e-05
0,1,1.0,0.8407575488090515
0,0,0.0,6.482830212917179e-05
0,1,1.0,0.9649137854576111
0,1,1.0,0.9999273419380188
0,1,0.0,0.25660669803619385
0,0,0.0,3.0614977731602266e-05
0,0,0.0,6.066875721444376e-05
0,1,1.0,0.9985318183898926
0,0,0.0,4.06202525482513e-05
0,1,1.0,0.997287929058075
0,0,0.0,6.576660234713927e-05
0,0,0.0,0.00010384222696302459
0,0,0.0,8.423876715824008e-05
0,1,0.0,0.04417731985449791
0,1,1.0,0.99931401014328
0,1,0.0,0.2744345963001251
0,0,0.0,7.6303695095703e-05
0,0,0.0,0.0001122830217354931
0,1,1.0,0.8123332858085632
0,1,0.0,0.08693952113389969
0,1,0.0,0.24518094956874847
0,1,1.0,0.9987906217575073
0,0,0.0,0.00011154432286275551
0,0,0.0,1.7240939996554516e-05
0,1,1.0,0.920496940612793
0,1,0.0,0.09425299614667892
0,1,1.0,0.9538750052452087
0,1,1.0,0.8696383237838745
0,0,0.0,0.00019472622079774737
0,1,0.0,0.30287986993789673
0,1,1.0,0.8795774579048157
0,1,0.0,0.09126370400190353
0,0,0.0,2.489651888026856e-05
0,1,1.0,0.86546391248703
0,1,1.0,0.959874153137207
0,0,0.0,3.69168228644412e-05
0,1,0.0,0.10264173895120621
0,1,1.0,0.9999856352806091
0,0,0.0,1.884565244836267e-05
0,1,0.0,0.11534661054611206
0,1,1.0,0.9052792191505432
0,0,0.0,2.456497350067366e-05
0,1,1.0,0.8937522172927856
0,0,0.0,1.5339792298618704e-05
0,1,0.0,0.45027631521224976
0,0,0.0,5.022800178267062e-05
0,1,1.0,0.9987393617630005
0,0,0.0,0.00012248418352100998
0,1,1.0,0.9245284795761108
0,1,1.0,0.9999663233757019
0,1,1.0,0.9707667231559753
0,1,1.0,0.9999821782112122
0,1,1.0,0.9999551773071289
0,0,0.0,1.7993605069932528e-05
0,1,1.0,0.9941041469573975
0,1,1.0,0.9228825569152832
0,0,0.0,2.293888246640563e-05
0,1,1.0,0.9988447427749634
0,0,0.0,0.00010871150152524933
0,1,0.0,0.08238855004310608
0,1,1.0,0.9630364775657654
0,1,1.0,0.9085878133773804
0,1,0.0,0.18116524815559387
0,1,1.0,0.9995616674423218
0,1,1.0,0.9021841883659363
0,0,0.0,4.976362833986059e-05
0,0,0.0,9.343024430563673e-05
0,1,0.0,0.07648808509111404
0,1,1.0,0.9986490607261658
0,1,1.0,0.8476667404174805
0,0,0.0,2.2969505153014325e-05
0,0,0.0,2.0196901459712535e-05
0,1,1.0,0.9999693632125854
0,0,0.0,1.8780434402287938e-05
0,1,0.0,0.179615780711174
0,1,1.0,0.9477360844612122
0,1,1.0,0.998731255531311
0,1,1.0,0.998727560043335
0,1,1.0,0.8957298994064331
0,1,1.0,0.9986512660980225
0,1,0.0,0.06154851242899895
0,1,1.0,0.9999531507492065
0,0,0.0,0.00010489067062735558
0,1,0.0,0.10633183270692825
0,1,0.0,0.2727302014827728
0,1,1.0,0.9516676068305969
0,1,1.0,0.9840681552886963
0,0,0.0,5.337270340532996e-05
0,1,0.0,0.24110305309295654
0,0,0.0,2.530058554839343e-05
0,1,0.0,0.08730962127447128
0,1,1.0,0.986423671245575
0,1,1.0,0.8983716368675232
0,0,0.0,0.0001468067930545658
0,1,1.0,0.9952326416969299
0,0,0.0,0.0070375194773077965
0,1,1.0,0.9999483227729797
0,0,0.0,2.2401723981602117e-05
0,0,0.0,2.2949230697122402e-05
0,0,0.0,0.00010045732778962702
0,1,1.0,0.8959708213806152
0,1,0.0,0.09127906709909439
0,1,0.0,0.1050773561000824
0,1,1.0,0.8692469596862793
0,1,0.0,0.11845969408750534
0,1,1.0,0.9976186156272888
0,1,1.0,0.7155264616012573
0,0,0.0,1.9065993910771795e-05
0,0,0.0,8.33387894090265e-05
0,1,1.0,0.898198127746582
0,0,0.0,3.875275797327049e-05
0,1,1.0,0.9999526143074036
0,0,0.0,2.1350266251829453e-05
0,1,0.0,0.0919586643576622
0,1,1.0,0.9999457001686096
0,0,0.0,1.8639033442013897e-05
0,0,0.0,2.057223355222959e-05
0,1,1.0,0.5589724183082581
0,0,0.0,0.0004021921777166426
0,0,0.0,3.682898750412278e-05
0,0,0.0,9.222850349033251e-05
0,1,1.0,0.8615834712982178
0,0,0.0,1.2108861483284272e-05
0,1,1.0,0.9999765157699585
0,0,0.0,0.000665369676426053
0,0,0.0,2.1740108422818594e-05
0,0,0.0,2.5055196601897478e-05
0,0,0.0,2.0059462258359417e-05
0,1,1.0,0.9572081565856934
0,0,0.0,1.2052628335368354e-05
0,0,0.0,0.0011363252997398376
0,0,0.0,6.764904537703842e-05
0,0,0.0,8.386102854274213e-05
0,0,0.0,0.004122243262827396
0,0,0.0,5.831562157254666e-05
0,1,1.0,0.9126006960868835
0,1,1.0,0.9986414909362793
0,1,1.0,0.9973893165588379
0,1,1.0,0.8260809183120728
0,1,1.0,0.8329119682312012
0,0,0.0,1.542165773571469e-05
0,1,1.0,0.9999861121177673
0,1,1.0,0.9374860525131226
0,0,0.0,6.362130079651251e-05
0,1,0.0,0.09741254895925522
0,0,0.0,2.0188195776427165e-05
0,0,0.0,7.392324914690107e-05
0,1,1.0,0.9999860525131226
0,1,1.0,0.9999009370803833
0,0,0.0,2.2111538783065043e-05
0,0,0.0,2.036439036601223e-05
0,1,1.0,0.9121567606925964
0,1,1.0,0.9985522031784058
0,0,0.0,0.0007349338266067207
0,0,0.0,5.74014920857735e-05
0,0,0.0,2.152423985535279e-05
0,0,0.0,5.450615208246745e-05
0,1,1.0,0.9993618726730347
0,1,1.0,0.918121337890625
0,1,1.0,0.9866073131561279
0,1,1.0,0.9878010749816895
0,1,1.0,0.9480783939361572
0,1,1.0,0.8543936014175415
0,1,0.0,0.09564665704965591
0,1,1.0,0.9404072165489197
0,0,0.0,0.001104820636101067
0,0,0.0,5.882332334294915e-05
0,0,0.0,2.50051398325013e-05
0,0,0.0,1.6594003682257608e-05
0,1,1.0,0.9992234706878662
0,0,0.0,2.118929296557326e-05
0,1,0.0,0.17163918912410736
0,1,1.0,0.9065755605697632
0,0,0.0,2.09931458812207e-05
0,1,1.0,0.8990095853805542
0,1,1.0,0.8953720331192017
0,0,0.0,2.1046525944257155e-05
0,1,1.0,0.9069986343383789
0,1,1.0,0.9026362895965576
0,1,1.0,0.9988943934440613
0,0,0.0,0.0011065311264246702
0,1,1.0,0.9995014667510986
0,1,1.0,0.999300479888916
0,0,0.0,0.0012095596175640821
0,1,1.0,0.8948274850845337
0,0,0.0,1.677420732448809e-05
0,1,1.0,0.9673422574996948
0,1,1.0,0.9397181868553162
0,1,1.0,0.9848982095718384
0,0,0.0,1.304173292737687e-05
0,0,0.0,0.0013201105175539851
0,0,0.0,2.4836121156113222e-05
0,0,0.0,0.00023774406872689724
0,0,0.0,2.6232210075249895e-05
0,1,1.0,0.8485329151153564
0,0,0.0,2.591577504063025e-05
0,0,0.0,2.554455386416521e-05
0,1,1.0,0.9987233281135559
0,1,1.0,0.8944128751754761
0,0,0.0,1.6247047824435867e-05
0,1,1.0,0.9985184669494629
0,1,0.0,0.10713532567024231
0,0,0.0,0.0009700514492578804
0,1,1.0,0.99982750415802
0,1,0.0,0.17656688392162323
0,1,1.0,0.999970555305481
0,0,0.0,2.3062351829139516e-05
0,1,0.0,0.48163941502571106
0,0,0.0,1.8890023056883365e-05
0,0,0.0,5.2894687541993335e-05
0,1,0.0,0.1679312288761139
0,1,1.0,0.9999788999557495
0,1,0.0,0.24753877520561218
0,1,1.0,0.8513897657394409
0,1,1.0,0.9999597072601318
0,1,1.0,0.9016211032867432
0,1,0.0,0.16566993296146393
0,1,1.0,0.9037269949913025
0,1,1.0,0.8732151985168457
0,1,1.0,0.5353760123252869
0,1,1.0,0.885836660861969
0,1,1.0,0.9999619126319885
0,0,0.0,2.6946881916956045e-05
0,1,1.0,0.999338686466217
0,0,0.0,5.034602145315148e-05
0,0,0.0,1.8536045899963938e-05
0,0,0.0,0.012468063272535801
0,1,0.0,0.3051578998565674
0,1,1.0,0.8263401985168457
0,0,0.0,2.0569978005369194e-05
0,0,0.0,8.591917139710858e-05
0,0,0.0,2.312520518898964e-05
0,0,0.0,1.4654999176855199e-05
0,1,0.0,0.17870506644248962
0,1,1.0,0.9998298287391663
0,0,0.0,6.475996633525938e-05
0,1,1.0,0.9052180647850037
0,1,0.0,0.18142907321453094
0,1,1.0,0.9026901721954346
0,1,1.0,0.9944668412208557
0,1,0.0,0.3850749135017395
0,1,0.0,0.10689498484134674
0,1,1.0,0.9999544620513916
0,1,0.0,0.2718602120876312
0,1,0.0,0.14301207661628723
0,1,1.0,0.999828577041626
0,1,0.0,0.0948154628276825
0,0,0.0,4.500870272750035e-05
0,1,1.0,0.9983648657798767
0,0,0.0,9.239267819793895e-05
0,0,0.0,2.0937881345162168e-05
0,1,1.0,0.9298890829086304
0,1,1.0,0.9988101124763489
0,0,0.0,1.5560328392894007e-05
0,1,1.0,0.900590717792511
0,0,0.0,0.0010097055928781629
0,0,0.0,4.112834358238615e-05
0,0,0.0,7.84572766860947e-05
0,1,0.0,0.16028106212615967
0,1,1.0,0.9999694228172302
0,1,1.0,0.8177149891853333
0,1,1.0,0.9005267024040222
0,1,1.0,0.9984752535820007
0,1,1.0,0.8149868249893188
0,1,1.0,0.9993934631347656
0,0,0.0,2.1141860997886397e-05
0,0,0.0,0.00010554182517807931
0,1,1.0,0.8958375453948975
0,1,1.0,0.9989315867424011
0,0,0.0,0.0001031097854138352
0,1,1.0,0.8914491534233093
0,1,0.0,0.20220482349395752
0,1,1.0,0.6651297807693481
0,0,0.0,0.0005788661073893309
0,1,1.0,0.9070885181427002
0,1,0.0,0.07575240731239319
0,1,1.0,0.8541598320007324
0,1,0.0,0.1076204925775528
0,0,0.0,4.797117435373366e-05
0,0,0.0,1.3357652278500609e-05
0,1,0.0,0.23467211425304413
0,1,1.0,0.999225914478302
0,0,0.0,2.1724128600908443e-05
0,1,1.0,0.9622811079025269
0,0,0.0,1.5573319615214132e-05
0,1,0.0,0.1138138622045517
0,1,1.0,0.9396567940711975
0,0,0.0,1.7450891391490586e-05
0,1,0.0,0.13458296656608582
0,0,0.0,5.705207149730995e-05
0,0,0.0,1.5386562154162675e-05
0,1,1.0,0.7984107732772827
0,1,1.0,0.9107690453529358
0,0,0.0,6.0703197959810495e-05
0,0,0.0,1.999300002353266e-05
0,0,0.0,1.603589771548286e-05
0,0,0.0,8.785650425124913e-05
0,0,0.0,6.706882413709536e-05
0,0,0.0,5.392750244936906e-05
0,0,0.0,0.00021084464970044792
0,0,0.0,1.9537565094651654e-05
0,1,1.0,0.9406275749206543
0,0,0.0,6.913099059602246e-05
0,1,1.0,0.846332311630249
0,1,1.0,0.9999561309814453
0,0,0.0,1.968676042451989e-05
0,0,0.0,2.2153857571538538e-05
0,0,0.0,5.104872252559289e-05
0,0,0.0,7.653718785149977e-05
0,0,0.0,1.830050314310938e-05
0,0,0.0,5.899820098420605e-05
0,1,0.0,0.2882618010044098
0,0,0.0,3.062446921830997e-05
0,1,1.0,0.9759385585784912
0,1,1.0,0.832755446434021
0,1,1.0,0.9620230793952942
0,0,0.0,1.894602428365033e-05
0,0,0.0,2.1643250875058584e-05
0,0,0.0,4.054297096445225e-05
0,0,0.0,0.0014366674004122615
0,1,1.0,0.6030778884887695
0,0,0.0,6.43751336610876e-05
0,0,0.0,2.177916030632332e-05
0,1,1.0,0.9999785423278809
0,0,0.0,0.001142109395004809
0,0,0.0,6.664066313533112e-05
0,1,1.0,0.957576334476471
0,1,1.0,0.9306140542030334
0,0,0.0,1.2899889952677768e-05
0,1,1.0,0.9988041520118713
0,0,0.0,2.1255738829495385e-05
0,0,0.0,3.435431790421717e-05
0,0,0.0,1.2609734767465852e-05
0,0,0.0,7.034644659142941e-05
0,0,0.0,0.0006893565296195447
0,1,1.0,0.999819278717041
0,0,0.0,5.9912090364377946e-05
0,1,1.0,0.9988784193992615
0,1,0.0,0.21971015632152557
0,1,1.0,0.9986671209335327
0,1,1.0,0.6777144074440002
0,1,1.0,0.9712414145469666
0,0,0.0,2.2792261006543413e-05
0,0,0.0,1.4763431863684673e-05
0,1,1.0,0.9063496589660645
0,1,1.0,0.9989961385726929
0,1,1.0,0.9394786953926086
0,0,0.0,1.9862025510519743e-05
0,1,0.0,0.1924234926700592
0,1,1.0,0.6688583493232727
0,1,1.0,0.5972329378128052
0,0,0.0,6.246739940252155e-05
0,0,0.0,8.563379378756508e-05
0,1,1.0,0.8454161882400513
0,1,0.0,0.49070385098457336
0,0,0.0,6.0725313232978806e-05
0,1,0.0,0.4793722927570343
0,1,1.0,0.9108378291130066
0,1,1.0,0.9255580902099609
0,1,1.0,0.8590696454048157
0,0,0.0,4.813416671822779e-05
0,0,0.0,0.0004635753866750747
0,0,0.0,2.344102722418029e-05
0,1,0.0,0.07902878522872925
0,0,0.0,0.0009842667495831847
0,0,0.0,0.0009491660166531801
0,0,0.0,2.0775145458173938e-05
0,0,0.0,0.0016661379486322403
0,1,1.0,0.777827799320221
0,0,0.0,1.5999801689758897e-05
0,1,1.0,0.9986388087272644
0,1,1.0,0.9999458193778992
0,0,0.0,8.556015382055193e-05
0,1,0.0,0.04946758970618248
0,1,1.0,0.9914653301239014
0,0,0.0,2.2631871615885757e-05
0,0,0.0,0.00023571180645376444
0,1,1.0,0.999966025352478
0,1,1.0,0.9816444516181946
0,1,1.0,0.9552091360092163
0,1,1.0,0.9984710812568665
0,0,0.0,0.0016687765019014478
0,1,1.0,0.9982081651687622
0,0,0.0,9.493210382061079e-05
0,1,1.0,0.9988237023353577
0,0,0.0,2.2219173843041062e-05
0,0,0.0,1.4303962416306604e-05
0,0,0.0,0.008081905543804169
0,0,0.0,2.8224141715327278e-05
0,1,1.0,0.9985425472259521
0,0,0.0,0.0226726233959198
0,1,1.0,0.9999622106552124
0,1,1.0,0.9373298287391663
0,1,1.0,0.9999765753746033
0,1,1.0,0.9982632398605347
0,1,0.0,0.09372027218341827
0,0,0.0,0.000186600984307006
0,0,0.0,1.459004488424398e-05
0,1,0.0,0.27018970251083374
0,1,0.0,0.13044334948062897
0,1,1.0,0.9698368310928345
0,1,0.0,0.17666563391685486
0,1,0.0,0.17431621253490448
0,0,0.0,1.7983380530495197e-05
0,0,0.0,2.1737600036431104e-05
0,1,1.0,0.999946653842926
0,1,0.0,0.3009631037712097
0,1,0.0,0.15956489741802216
0,0,0.0,8.547486504539847e-05
0,1,1.0,0.9148632884025574
0,1,0.0,0.36027321219444275
0,1,0.0,0.19754917919635773
0,1,0.0,0.18492652475833893
0,0,0.0,0.0005900076357647777
0,0,0.0,6.797860260121524e-05
0,0,0.0,2.3015465558273718e-05
0,0,0.0,2.01273724087514e-05
0,0,0.0,4.124688348383643e-05
0,0,0.0,1.8632441424415447e-05
0,0,0.0,0.020638449117541313
0,1,1.0,0.871290922164917
0,1,1.0,0.909157931804657
0,1,1.0,0.9344106912612915
0,1,1.0,0.9994072914123535
0,0,0.0,0.0035622550640255213
0,1,1.0,0.8332027792930603
0,0,0.0,1.3159859918232542e-05
0,0,0.0,0.0001453124132240191
0,0,0.0,2.302538814547006e-05
0,1,1.0,0.8894045948982239
0,0,0.0,7.98991386545822e-05
0,1,1.0,0.8304107189178467
0,0,0.0,1.483926098444499e-05
0,0,0.0,0.00011090828047599643
0,1,1.0,0.9999502897262573
0,0,0.0,0.0003875877009704709
0,0,0.0,2.2681526388623752e-05
0,1,1.0,0.9320194721221924
0,1,1.0,0.9988446831703186
0,0,0.0,2.166673402825836e-05
0,0,0.0,8.497197268297896e-05
0,0,0.0,2.178844624722842e-05
0,1,1.0,0.5443294048309326
0,1,0.0,0.3460025489330292
0,0,0.0,2.223604496975895e-05
0,1,0.0,0.09772650897502899
0,0,0.0,1.79712242243113e-05
0,0,0.0,0.0015665621031075716
0,1,1.0,0.9990273118019104
0,1,1.0,0.9983717203140259
0,1,0.0,0.08254215866327286
0,1,1.0,0.8183497786521912
0,1,0.0,0.10294334590435028
0,1,1.0,0.9981824159622192
0,1,1.0,0.9998151063919067
0,1,0.0,0.11166466027498245
0,0,0.0,5.160140062798746e-05
0,1,0.0,0.11563848704099655
0,0,0.0,2.1515497792279348e-05
0,1,1.0,0.9842643141746521
0,0,0.0,1.3229129763203673e-05
0,1,1.0,0.8751454949378967
0,1,1.0,0.8855515718460083
0,1,1.0,0.9988945126533508
0,1,1.0,0.9373245239257812
0,1,1.0,0.8810168504714966
0,0,0.0,0.0027162679471075535
0,1,1.0,0.9371278285980225
0,1,1.0,0.9424247145652771
0,0,0.0,2.433860208839178e-05
0,1,1.0,0.9994606375694275
0,0,0.0,0.0316353514790535
0,0,0.0,5.2663919632323086e-05
0,1,1.0,0.9295606017112732
0,1,0.0,0.1536688208580017
0,1,1.0,0.9985616207122803
0,0,0.0,1.7427058992325328e-05
0,1,0.0,0.23214130103588104
0,1,0.0,0.13472549617290497
0,1,1.0,0.9986937642097473
0,0,0.0,2.1107329303049482e-05
0,0,0.0,1.9868884919560514e-05
0,0,0.0,0.00022501307830680162
0,1,1.0,0.9708079099655151
0,0,0.0,0.00011830381117761135
0,0,0.0,1.9937899196520448e-05
0,1,0.0,0.2667272090911865
0,0,0.0,2.390761255810503e-05
0,1,1.0,0.8755452632904053
0,0,0.0,0.001508870511315763
0,1,1.0,0.9417887330055237
0,0,0.0,0.007172490004450083
0,1,1.0,0.882851779460907
0,0,0.0,1.638545472815167e-05
0,1,1.0,0.965969979763031
0,1,1.0,0.9978036880493164
0,1,0.0,0.3592834174633026
0,1,0.0,0.11444864422082901
0,1,1.0,0.9380302429199219
0,1,1.0,0.9122468829154968
0,1,1.0,0.9958510398864746
0,1,1.0,0.8720862865447998
0,1,0.0,0.21899829804897308
0,0,0.0,2.0555349692585878e-05
0,0,0.0,9.902421879814938e-05
0,1,1.0,0.9994019865989685
0,1,1.0,0.9983972311019897
0,1,1.0,0.850287914276123
0,1,0.0,0.3018622398376465
0,1,1.0,0.9998461604118347
0,1,1.0,0.8366016149520874
0,1,0.0,0.28402161598205566
0,0,0.0,2.0260096789570525e-05
0,1,0.0,0.1891668140888214
0,1,1.0,0.6652402281761169
0,1,1.0,0.9646763801574707
0,0,0.0,2.240031426481437e-05
0,1,1.0,0.9985164403915405
0,1,0.0,0.1269877403974533
0,0,0.0,1.7192933228216134e-05
0,0,0.0,2.208102523582056e-05
0,1,0.0,0.4880690276622772
0,0,0.0,1.640468508412596e-05
0,1,1.0,0.9977340698242188
0,1,1.0,0.942811906337738
0,0,0.0,1.9313118173158728e-05
0,0,0.0,1.566574974276591e-05
0,1,1.0,0.929618239402771
0,1,0.0,0.07314220070838928
0,0,0.0,4.755790359922685e-05
0,0,0.0,2.618194957904052e-05
0,0,0.0,2.2755359168513678e-05
0,0,0.0,6.391453644027933e-05
0,0,0.0,5.950134800514206e-05
0,0,0.0,1.9404003978706896e-05
0,1,1.0,0.9998259544372559
0,0,0.0,1.7852829842013307e-05
0,0,0.0,2.0043897166033275e-05
0,1,0.0,0.11571896076202393
0,0,0.0,0.0001316725683864206
0,1,1.0,0.9309532642364502
0,0,0.0,1.605245233804453e-05
0,0,0.0,8.893359336070716e-05
0,1,1.0,0.9983393549919128
0,1,0.0,0.120171919465065
0,1,0.0,0.09824808686971664
0,1,0.0,0.17905090749263763
0,1,1.0,0.6186798810958862
0,0,0.0,5.925910227233544e-05
0,1,1.0,0.999626874923706
0,1,0.0,0.10195201635360718
0,1,1.0,0.9192105531692505
0,1,1.0,0.9999687075614929
0,1,1.0,0.9985013008117676
0,1,1.0,0.7610556483268738
0,1,1.0,0.9981676936149597
0,0,0.0,6.426993786590174e-05
0,0,0.0,5.544285522773862e-05
0,0,0.0,2.218114968854934e-05
0,1,1.0,0.9359544515609741
0,0,0.0,2.3157890609581955e-05
0,1,1.0,0.99894779920578
0,0,0.0,1.8173042917624116e-05
0,1,1.0,0.9999458193778992
0,1,0.0,0.0883539542555809
0,1,1.0,0.9999725818634033
0,1,1.0,0.9999564290046692
0,0,0.0,0.00020294205751270056
0,1,1.0,0.962945818901062
0,1,0.0,0.2766875624656677
0,0,0.0,0.0004800528404302895
0,1,1.0,0.9982050061225891
0,0,0.0,7.915111200418323e-05
0,1,1.0,0.9985698461532593
0,0,0.0,1.9173536202288233e-05
0,0,0.0,1.2954787052876782e-05
0,0,0.0,1.9523744413163513e-05
0,0,0.0,1.534263174107764e-05
0,0,0.0,1.3471919373841956e-05
0,1,1.0,0.999549150466919
0,1,1.0,0.9994751214981079
0,1,1.0,0.9562408328056335
0,1,1.0,0.9919276833534241
0,0,0.0,1.2329388482612558e-05
0,1,0.0,0.4235672950744629
0,1,0.0,0.4740615785121918
0,0,0.0,1.903859265439678e-05
0,0,0.0,1.4403327440959401e-05
0,0,0.0,1.914006679726299e-05
0,0,0.0,5.3599782404489815e-05
0,1,1.0,0.9985406994819641
0,1,1.0,0.9010351300239563
0,1,1.0,0.9644398093223572
0,1,1.0,0.9501652717590332
0,1,1.0,0.9998265504837036
0,1,1.0,0.9182735085487366
0,1,0.0,0.20530475676059723
0,0,0.0,1.9636809156509116e-05
0,0,0.0,1.8907594494521618e-05
0,0,0.0,2.1437177565530874e-05
0,1,0.0,0.26019346714019775
0,0,0.0,9.673700697021559e-05
0,0,0.0,1.3531664990296122e-05
0,1,1.0,0.9156579971313477
0,0,0.0,1.4668954463559203e-05
0,1,1.0,0.8098183870315552
0,1,1.0,0.9368982911109924
0,0,0.0,2.042367123067379e-05
0,0,0.0,2.2648044250672683e-05
0,1,1.0,0.9838025569915771
0,0,0.0,2.1179917894187383e-05
0,0,0.0,5.31049445271492e-05
0,0,0.0,2.2460551917902194e-05
0,1,0.0,0.40513715147972107
0,1,1.0,0.9337142705917358
0,0,0.0,2.2596977942157537e-05
0,0,0.0,1.6509429769939743e-05
0,1,1.0,0.9869007468223572
0,0,0.0,6.303600093815476e-05
0,1,1.0,0.8318148255348206
0,1,1.0,0.8612075448036194
0,1,1.0,0.9981955289840698
0,1,1.0,0.9986023306846619
0,0,0.0,0.00010067212861031294
0,1,0.0,0.18131329119205475
0,1,1.0,0.9336655735969543
0,1,1.0,0.8828831315040588
0,0,0.0,0.002566642127931118
0,0,0.0,1.5113804693100974e-05
0,1,1.0,0.9987947344779968
0,0,0.0,1.9049872207688168e-05
0,0,0.0,0.000284150883089751
0,1,1.0,0.9556073546409607
0,0,0.0,2.3251075617736205e-05
0,0,0.0,1.4553815162798855e-05
0,1,1.0,0.8852533102035522
0,1,1.0,0.9592816829681396
0,0,0.0,2.96511898341123e-05
0,1,1.0,0.997028112411499
0,0,0.0,7.098905916791409e-05
0,0,0.0,0.0004264842136763036
0,0,0.0,0.0006543348426930606
0,1,1.0,0.9283179044723511
0,0,0.0,1.732949385768734e-05
0,0,0.0,2.3757043891237117e-05
0,1,1.0,0.9612999558448792
0,0,0.0,1.9199793314328417e-05
0,1,0.0,0.1179143562912941
0,1,1.0,0.9766051769256592
0,1,1.0,0.8386130332946777
0,1,0.0,0.10904958844184875
0,0,0.0,2.265316288685426e-05
0,1,1.0,0.9999540448188782
0,1,1.0,0.8165913224220276
0,1,1.0,0.9069453477859497
0,1,1.0,0.994735062122345
0,1,1.0,0.8820230960845947
0,1,1.0,0.9540842771530151
0,1,0.0,0.17182017862796783
0,1,1.0,0.9993372559547424
0,0,0.0,6.551478145411238e-05
0,1,1.0,0.9999863505363464
0,0,0.0,2.129166568920482e-05
0,1,1.0,0.9999999403953552
0,0,0.0,0.009389356710016727
0,0,0.0,6.823248259024695e-05
0,1,1.0,0.9984045028686523
0,1,1.0,0.8520169258117676
0,0,0.0,4.85636992380023e-05
0,0,0.0,5.617066199192777e-05
0,1,1.0,0.8892512321472168
0,0,0.0,0.026439739391207695
0,1,1.0,0.9356092214584351
0,0,0.0,9.075877460418269e-05
0,1,1.0,0.9972635507583618
0,1,1.0,0.8900279998779297
0,1,1.0,0.9159743189811707
0,0,0.0,2.043672611762304e-05
0,0,0.0,2.3136919480748475e-05
0,1,1.0,0.9992498755455017
0,0,0.0,2.215121639892459e-05
0,1,1.0,0.860307514667511
0,0,0.0,2.665612191776745e-05
0,1,1.0,0.9992198944091797
0,0,0.0,2.4639677576487884e-05
0,1,1.0,0.85834801197052
0,1,1.0,0.9705130457878113
0,1,0.0,0.2068861871957779
0,1,0.0,0.23257634043693542
0,0,0.0,1.2779792996298056e-05
0,0,0.0,0.0002322234067833051
0,1,0.0,0.24716171622276306
0,1,1.0,0.8671853542327881
0,0,0.0,2.3155085727921687e-05
0,1,1.0,0.9999847412109375
0,1,0.0,0.15914462506771088
0,1,0.0,0.08267678320407867
0,1,1.0,0.9983600378036499
0,0,0.0,0.0002760767820291221
0,1,0.0,0.11825447529554367
0,1,0.0,0.13163407146930695
0,1,1.0,0.6906794309616089
0,0,0.0,1.984540358535014e-05
0,1,1.0,0.9999487996101379
0,0,0.0,0.00016567758575547487
0,1,1.0,0.9270896911621094
0,1,0.0,0.21434466540813446
0,0,0.0,2.3699069060967304e-05
0,0,0.0,1.4255998394219205e-05
0,1,1.0,0.9989643692970276
0,1,1.0,0.9944007396697998
0,1,0.0,0.3354056179523468
0,1,1.0,0.9995573163032532
0,1,1.0,0.9999569654464722
0,1,0.0,0.16599199175834656
0,0,0.0,6.055044650565833e-05
0,1,1.0,0.9594380259513855
0,1,1.0,0.999265193939209
0,0,0.0,1.89913571375655e-05
0,1,0.0,0.17358054220676422
0,1,1.0,0.8751976490020752
0,0,0.0,1.3077937182970345e-05
0,0,0.0,3.526162981870584e-05
0,1,0.0,0.07934261113405228
0,0,0.0,1.3269943337945733e-05
0,1,1.0,0.8897282481193542
0,0,0.0,3.683355316752568e-05
0,0,0.0,2.2711717974743806e-05
0,0,0.0,2.061811574094463e-05
0,0,0.0,0.0007619297248311341
0,1,1.0,0.914355993270874
0,1,1.0,0.7867333889007568
0,0,0.0,2.0512445189524442e-05
0,1,0.0,0.09678196161985397
0,1,1.0,0.8671544790267944
0,1,1.0,0.7603896260261536
0,0,0.0,0.021024493500590324
0,1,0.0,0.22089429199695587
0,0,0.0,2.497406239854172e-05
0,0,0.0,2.1198833564994857e-05
0,0,0.0,0.0001170925097540021
0,0,0.0,6.920452869962901e-05
0,0,0.0,2.1057006961200386e-05
0,0,0.0,2.553220656409394e-05
0,1,0.0,0.20512403547763824
0,1,1.0,0.9980925917625427
0,1,1.0,0.9999476075172424
0,0,0.0,5.8661877119448036e-05
0,0,0.0,1.1952894965361338e-05
0,1,1.0,0.8497048020362854
0,0,0.0,6.87580177327618e-05
0,1,1.0,0.9916152358055115
0,1,1.0,0.9311515688896179
0,0,0.0,7.148864096961915e-05
0,1,0.0,0.3829348385334015
0,0,0.0,8.434969640802592e-05
0,0,0.0,7.31639374862425e-05
0,0,0.0,1.3061796380497981e-05
0,1,0.0,0.2273557186126709
0,0,0.0,5.363807940739207e-05
0,0,0.0,5.358894486562349e-05
0,0,0.0,8.461918332614005e-05
0,0,0.0,6.587299139937386e-05
0,1,1.0,0.8355022072792053
0,0,0.0,2.5705077860038728e-05
0,1,1.0,0.9999806880950928
0,1,1.0,0.9896813035011292
0,0,0.0,1.9136288756271824e-05
0,1,1.0,0.8182663321495056
0,0,0.0,9.263669926440343e-05
0,1,0.0,0.16545937955379486
0,1,0.0,0.14741171896457672
0,1,1.0,0.8726018667221069
0,1,1.0,0.875583291053772
0,0,0.0,6.793900683987886e-05
0,1,1.0,0.9403471350669861
0,1,1.0,0.9136456847190857
0,0,0.0,2.2610751329921186e-05
0,1,1.0,0.9995728135108948
0,1,1.0,0.9999784231185913
0,1,1.0,0.8763388395309448
0,1,1.0,0.8795300722122192
0,1,0.0,0.09888219088315964
0,1,1.0,0.9280344247817993
0,1,1.0,0.9985212683677673
0,0,0.0,2.4743023459450342e-05
0,1,1.0,0.9414339661598206
0,1,1.0,0.873938798904419
0,1,1.0,0.9634262323379517
0,0,0.0,2.3658380086999387e-05
0,0,0.0,6.882283196318895e-05
0,1,1.0,0.8518837094306946
0,1,1.0,0.9796233177185059
0,0,0.0,0.00019164463446941227
0,1,0.0,0.27690789103507996
0,0,0.0,4.91461978526786e-05
0,0,0.0,1.770954258972779e-05
0,1,1.0,0.8994982242584229
0,0,0.0,2.0684641640400514e-05
0,1,1.0,0.9999913573265076
0,1,1.0,0.9085379838943481
0,1,1.0,0.9890053868293762
0,0,0.0,0.00022862655168864876
0,1,1.0,0.9998223781585693
0,1,1.0,0.902779757976532
0,0,0.0,2.4178212697734125e-05
0,0,0.0,0.0024841525591909885
0,1,1.0,0.9095798134803772
0,1,1.0,0.848615288734436
0,1,1.0,0.8672342300415039
0,0,0.0,2.453636443533469e-05
0,1,0.0,0.47971493005752563
0,1,1.0,0.9992392659187317
0,0,0.0,9.954920824384317e-05
0,0,0.0,1.9281627828604542e-05
0,1,1.0,0.8891271948814392
0,1,1.0,0.9318607449531555
0,1,1.0,0.9853493571281433
0,1,1.0,0.9989627599716187
0,0,0.0,0.0001407442323397845
0,1,1.0,0.9291784763336182
0,1,1.0,0.8810431361198425
0,0,0.0,2.110404966515489e-05
0,0,0.0,2.0141620552749373e-05
0,0,0.0,2.096505522786174e-05
0,1,0.0,0.08199211210012436
0,0,0.0,1.5709043509559706e-05
0,1,1.0,0.9457641839981079
0,1,1.0,0.9444034099578857
0,0,0.0,3.58917131961789e-05
0,1,1.0,0.940104067325592
0,1,1.0,0.9196034669876099
0,1,1.0,0.9999578595161438
0,0,0.0,1.1950137377425563e-05
0,0,0.0,6.932124233571813e-05
0,0,0.0,5.0098460633307695e-05
0,1,0.0,0.1010870561003685
0,0,0.0,1.9527878976077773e-05
0,1,0.0,0.3795684576034546
0,1,1.0,0.8813704252243042
0,1,1.0,0.9998838901519775
0,1,0.0,0.28015002608299255
0,0,0.0,4.776470086653717e-05
0,1,0.0,0.08528956025838852
0,1,1.0,0.955141544342041
0,1,0.0,0.19834592938423157
0,0,0.0,2.0262532416381873e-05
0,0,0.0,1.5853567674639635e-05
0,1,0.0,0.08584441989660263
0,1,1.0,0.8619323968887329
0,0,0.0,9.255757322534919e-05
0,0,0.0,2.207799298048485e-05
0,0,0.0,5.6664015573915094e-05
0,0,0.0,2.0442768800421618e-05
0,0,0.0,5.9842317568836734e-05
0,0,0.0,8.616276318207383e-05
0,0,0.0,2.047140515060164e-05
0,0,0.0,0.00015711715968791395
0,0,0.0,6.297736399574205e-05
0,0,0.0,1.2166065971541684e-05
0,1,1.0,0.8994883298873901
0,1,1.0,0.9405166506767273
0,1,1.0,0.9990217089653015
0,0,0.0,1.9080782294622622e-05
0,0,0.0,5.7399192883167416e-05
0,1,1.0,0.899356484413147
0,1,0.0,0.2156251221895218
0,1,0.0,0.17598769068717957
0,1,1.0,0.9999576807022095
0,1,0.0,0.08566255122423172
0,1,1.0,0.9999597072601318
0,1,0.0,0.24752739071846008
0,1,1.0,0.9104956388473511
0,0,0.0,0.0012901300797238946
0,1,1.0,0.9539563655853271
0,0,0.0,2.2739197447663173e-05
0,1,1.0,0.87431800365448
0,1,1.0,0.9988524913787842
0,0,0.0,2.3198892449727282e-05
0,0,0.0,2.056356424873229e-05
0,1,1.0,0.9949650764465332
0,0,0.0,1.907727164507378e-05
0,0,0.0,1.8089353034156375e-05
0,0,0.0,0.0011578998528420925
0,1,1.0,0.8593204617500305
0,1,0.0,0.20492249727249146
0,0,0.0,1.9020864783669822e-05
0,1,1.0,0.9999768733978271
0,1,1.0,0.9982577562332153
0,1,1.0,0.9999547004699707
0,0,0.0,2.170066727558151e-05
0,1,0.0,0.22179797291755676
0,1,1.0,0.7314372062683105
0,0,0.0,5.4490872571477666e-05
0,1,1.0,0.9097253084182739
0,1,1.0,0.9250630736351013
0,1,1.0,0.6456482410430908
0,0,0.0,1.95716002053814e-05
0,0,0.0,1.4206773812475149e-05
0,0,0.0,2.0089517420274206e-05
0,1,1.0,0.8974983096122742
0,0,0.0,5.792631418444216e-05
0,1,1.0,0.9999517202377319
0,0,0.0,2.4585106075392105e-05
0,0,0.0,2.02399751287885e-05
0,0,0.0,2.4516504709026776e-05
0,1,1.0,0.9994503855705261
0,0,0.0,1.5241947039612569e-05
0,0,0.0,0.006632215343415737
0,1,1.0,0.8580040335655212
0,0,0.0,7.901732169557363e-05
0,0,0.0,1.90902101167012e-05
0,1,1.0,0.8969910740852356
0,0,0.0,3.295066926511936e-05
0,0,0.0,9.765299910213798e-05
0,0,0.0,7.539566286141053e-05
0,1,1.0,0.8310145139694214
0,1,1.0,0.7474560737609863
0,0,0.0,4.5141267037251964e-05
0,1,1.0,0.7784212827682495
0,1,1.0,0.9984843730926514
0,1,0.0,0.07703111320734024
0,0,0.0,2.199773007305339e-05
0,0,0.0,0.00019808048091363162
0,0,0.0,2.353376112296246e-05
0,1,1.0,0.8773306608200073
0,1,1.0,0.9932140707969666
0,0,0.0,2.2225489374250174e-05
0,1,0.0,0.07612268626689911
0,1,1.0,0.9984840154647827
0,0,0.0,7.60561233619228e-05
0,0,0.0,2.024985951720737e-05
0,0,0.0,1.2849610357079655e-05
0,1,1.0,0.9982885718345642
0,0,0.0,1.955616971827112e-05
0,1,1.0,0.9461871981620789
0,1,0.0,0.10298571735620499
0,0,0.0,2.4200173356803134e-05
0,1,1.0,0.9593697786331177
0,0,0.0,0.00046825865865685046
0,0,0.0,0.00010399532766314223
0,0,0.0,2.187609970860649e-05
0,1,0.0,0.13964501023292542
0,0,0.0,2.4227214453276247e-05
0,0,0.0,2.3772319764248095e-05
0,1,1.0,0.8299411535263062
0,1,1.0,0.8845475316047668
0,1,0.0,0.09366170316934586
0,0,0.0,2.6575660740491003e-05
0,0,0.0,1.360669375571888e-05
0,1,1.0,0.8704134821891785
0,1,0.0,0.060101427137851715
0,1,1.0,0.9209754467010498
0,1,1.0,0.984955370426178
0,0,0.0,6.476070848293602e-05
0,0,0.0,1.9738494302146137e-05
0,0,0.0,1.4725831533723976e-05
0,0,0.0,1.9611636162153445e-05
0,1,0.0,0.19920693337917328
0,0,0.0,4.217122113914229e-05
0,1,1.0,0.9993098378181458
0,1,0.0,0.14983566105365753
0,1,1.0,0.8433977365493774
0,1,1.0,0.9437038898468018
0,0,0.0,6.491892418125644e-05
0,1,1.0,0.9929531812667847
0,1,1.0,0.9973587989807129
0,1,1.0,0.8663020730018616
0,1,1.0,0.8425748348236084
0,1,1.0,0.9999366402626038
0,0,0.0,1.3159909940441139e-05
0,1,1.0,0.9927440881729126
0,0,0.0,1.551060995552689e-05
0,0,0.0,1.788092777132988e-05
0,1,1.0,0.9984308481216431
0,1,0.0,0.1520017832517624
0,0,0.0,5.0681530410656705e-05
0,1,1.0,0.9984797239303589
0,1,1.0,0.9374118447303772
0,0,0.0,8.411635644733906e-05
0,1,1.0,0.8997112512588501
0,1,1.0,0.9992953538894653
0,0,0.0,0.0002245614887215197
0,1,1.0,0.8873687982559204
0,0,0.0,2.3715845600236207e-05
0,1,1.0,0.5273596048355103
0,0,0.0,2.088985638692975e-05
0,1,1.0,0.9514631628990173
0,1,1.0,0.8911821246147156
0,1,1.0,0.7208783626556396
0,0,0.0,9.321311517851427e-05
0,0,0.0,0.00010938271589111537
0,1,1.0,0.996941864490509
0,1,0.0,0.12651482224464417
0,0,0.0,1.3648749700223561e-05
0,0,0.0,5.0683946028584614e-05
0,0,0.0,8.80801526363939e-05
0,1,0.0,0.17182089388370514
0,1,0.0,0.20440785586833954
0,0,0.0,2.0721088731079362e-05
0,1,1.0,0.9207196235656738
0,1,1.0,0.9404715299606323
0,1,1.0,0.8527042269706726
0,1,0.0,0.103416308760643
0,0,0.0,1.796426840883214e-05
0,1,1.0,0.9934011101722717
0,0,0.0,0.0001883066724985838
0,1,1.0,0.9992268681526184
0,1,1.0,0.8782414197921753
0,1,1.0,0.8810548186302185
0,1,1.0,0.9982799291610718
0,0,0.0,2.1561876565101556e-05
0,0,0.0,1.65208475664258e-05
0,1,1.0,0.9995594024658203
0,1,1.0,0.9986483454704285
0,0,0.0,3.367512545082718e-05
0,1,1.0,0.9992709159851074
0,1,0.0,0.09515350311994553
0,0,0.0,8.322903158841655e-05
0,0,0.0,5.550728747039102e-05
0,0,0.0,2.254321225336753e-05
0,1,0.0,0.2757744789123535
0,0,0.0,2.630917151691392e-05
0,1,0.0,0.15458275377750397
0,1,0.0,0.25838151574134827
0,0,0.0,0.00011522383283590898
0,1,1.0,0.926581084728241
0,1,1.0,0.9452551007270813
0,1,1.0,0.999745786190033
0,0,0.0,6.416926044039428e-05
0,1,1.0,0.8107390999794006
0,0,0.0,0.00012268242426216602
0,1,1.0,0.9998071193695068
0,1,1.0,0.8512938618659973
0,1,1.0,0.9261708855628967
0,1,1.0,0.8730041980743408
0,0,0.0,2.368754576309584e-05
0,0,0.0,0.00023110264737624675
0,1,1.0,0.9876649379730225
0,0,0.0,0.00017403496894985437
0,1,1.0,0.9999576210975647
0,1,1.0,0.9984506368637085
0,0,0.0,2.3733582565910183e-05
0,1,1.0,0.9985647797584534
0,0,0.0,4.881903078057803e-05
0,1,1.0,0.9006115794181824
0,0,0.0,2.2489055481855758e-05
0,1,1.0,0.9991858601570129
0,0,0.0,0.00041651728679426014
0,0,0.0,5.95122437516693e-05
0,0,0.0,1.320947558269836e-05
0,0,0.0,1.5865078239585273e-05
0,0,0.0,1.9622337276814505e-05
0,1,1.0,0.9998282790184021
0,1,1.0,0.9507649540901184
0,1,1.0,0.9468822479248047
0,0,0.0,0.0007373738335445523
0,1,1.0,0.9251384139060974
0,0,0.0,0.000131085907923989
0,0,0.0,5.824225809192285e-05
0,1,1.0,0.9999759793281555
0,1,1.0,0.985340416431427
0,1,1.0,0.9971393346786499
0,0,0.0,1.4456722055911086e-05
0,0,0.0,2.042149026237894e-05
0,1,1.0,0.9710180163383484
0,0,0.0,1.6061119822552428e-05
0,0,0.0,2.1393228962551802e-05
0,1,0.0,0.12154822051525116
0,1,1.0,0.9527849555015564
0,0,0.0,1.671974860073533e-05
0,0,0.0,2.6420277208671905e-05
0,1,1.0,0.9985895156860352
0,1,1.0,0.9982920289039612
0,1,0.0,0.1539471447467804
0,0,0.0,2.1911366275162436e-05
0,1,1.0,0.9210493564605713
0,1,1.0,0.9999598860740662
0,0,0.0,8.010627061594278e-05
0,0,0.0,0.00031400242005474865
0,1,1.0,0.9984762072563171
0,1,1.0,0.9078149795532227
0,1,1.0,0.8998454213142395
0,1,1.0,0.9999605417251587
0,1,0.0,0.1343788504600525
0,1,1.0,0.9414224624633789
0,1,1.0,0.8854302167892456
0,1,1.0,0.9470230937004089
0,1,1.0,0.9166751503944397
0,0,0.0,2.0448809664230794e-05
0,0,0.0,2.151034823327791e-05
0,1,1.0,0.7850239276885986
0,0,0.0,0.00019823522598017007
0,1,1.0,0.9999293684959412
0,0,0.0,7.250378257595003e-05
0,1,1.0,0.9999533295631409
0,1,1.0,0.9783709645271301
0,0,0.0,0.0010545578552410007
0,1,1.0,0.9996230006217957
0,1,1.0,0.9999529719352722
0,0,0.0,2.4003220460144803e-05
0,0,0.0,2.3296464860322885e-05
0,0,0.0,1.93754331121454e-05
0,0,0.0,1.3304434105521068e-05
0,0,0.0,2.2990148863755167e-05
0,1,0.0,0.10029763728380203
0,1,1.0,0.9118972420692444
0,1,1.0,0.9422252178192139
0,1,1.0,0.9345589280128479
0,1,0.0,0.0896124318242073
0,1,1.0,0.9992223381996155
0,1,1.0,0.9999862909317017
0,1,0.0,0.1211109533905983
0,1,1.0,0.9303882122039795
0,0,0.0,1.9461231204331852e-05
0,1,1.0,0.9986044764518738
0,1,1.0,0.9305843114852905
0,1,1.0,0.6667345762252808
0,1,0.0,0.15354278683662415
0,0,0.0,2.268451135023497e-05
0,1,1.0,0.9232072830200195
0,1,0.0,0.1059846356511116
0,0,0.0,1.9439416064415127e-05
0,1,1.0,0.9134225249290466
0,1,0.0,0.12801493704319
0,0,0.0,0.0010656826198101044
0,0,0.0,1.7014619515975937e-05
0,1,0.0,0.11304453760385513
0,0,0.0,2.301651875313837e-05
0,1,1.0,0.7925353050231934
0,0,0.0,2.0544708604575135e-05
0,1,1.0,0.6517174243927002
0,0,0.0,2.200933340645861e-05
0,0,0.0,7.668959005968645e-05
0,0,0.0,2.204887459811289e-05
0,0,0.0,2.3830698410165496e-05
0,1,0.0,0.09280607849359512
0,0,0.0,1.9364462787052616e-05
0,1,1.0,0.9988665580749512
0,0,0.0,2.00341110030422e-05
0,1,1.0,0.9018876552581787
0,0,0.0,5.379057256504893e-05
0,1,1.0,0.9986379146575928
0,1,1.0,0.930510938167572
0,1,1.0,0.933212399482727
0,0,0.0,6.711400055792183e-05
0,0,0.0,9.482270979788154e-05
0,1,0.0,0.1425815224647522
0,0,0.0,7.313770765904337e-05
0,1,1.0,0.9171885848045349
0,1,1.0,0.9992296099662781
0,1,1.0,0.8914929628372192
0,0,0.0,1.3306920664035715e-05
0,0,0.0,0.0010741730220615864
0,0,0.0,2.4036755348788574e-05
0,1,1.0,0.8005236387252808
0,0,0.0,1.7504209608887322e-05
0,1,1.0,0.9908390641212463
0,0,0.0,6.368019239744172e-05
0,0,0.0,1.9422035620664246e-05
0,1,0.0,0.18451595306396484
0,0,0.0,2.20159472519299e-05
0,0,0.0,2.0768033209606074e-05
0,1,1.0,0.9999446272850037
0,1,1.0,0.8809031844139099
0,1,1.0,0.9994664192199707
0,1,1.0,0.9997719526290894
0,1,1.0,0.9827777743339539
0,1,1.0,0.9416496157646179
0,0,0.0,0.006693769712001085
0,0,0.0,2.1081097656860948e-05
0,1,0.0,0.10030724108219147
0,0,0.0,0.0010912774596363306
0,1,1.0,0.9985133409500122
0,1,1.0,0.9457290768623352
0,1,0.0,0.23129144310951233
0,0,0.0,2.0705680071841925e-05
0,1,0.0,0.20646505057811737
0,1,0.0,0.10478673875331879
0,1,1.0,0.9999999403953552
0,0,0.0,1.4585690223611891e-05
0,1,1.0,0.8756972551345825
0,0,0.0,7.02859615557827e-05
0,0,0.0,2.1757465219707228e-05
0,1,1.0,0.9999653100967407
0,0,0.0,0.0013639761600643396
0,1,1.0,0.889022707939148
0,0,0.0,2.16427979466971e-05
0,0,0.0,9.120367758441716e-05
0,1,1.0,0.6438612937927246
0,1,1.0,0.9508371949195862
0,0,0.0,1.5967410945449956e-05
0,1,1.0,0.9515251517295837
0,1,1.0,0.9993653893470764
0,0,0.0,0.0006711119203828275
0,0,0.0,1.989320844586473e-05
0,0,0.0,1.923377021739725e-05
0,1,0.0,0.15633060038089752
0,1,1.0,0.9998322129249573
0,0,0.0,2.2690437617711723e-05
0,0,0.0,9.053540998138487e-05
0,0,0.0,9.608463733457029e-05
0,1,1.0,0.8681110739707947
0,0,0.0,0.010239368304610252
0,0,0.0,5.539750782190822e-05
0,0,0.0,1.5707200873293914e-05
0,0,0.0,2.1481833755387925e-05
0,0,0.0,2.1275795006658882e-05
0,1,0.0,0.09959579259157181
0,0,0.0,1.762499778124038e-05
0,1,1.0,0.9990081191062927
0,1,1.0,0.9989024996757507
0,0,0.0,0.00012717017671093345
0,0,0.0,2.3022379536996596e-05
0,0,0.0,6.836077955085784e-05
0,0,0.0,2.105791099893395e-05
0,1,1.0,0.8656436204910278
0,0,0.0,0.0011636345880106091
0,1,1.0,0.9973405599594116
0,0,0.0,2.330375173187349e-05
0,1,1.0,0.9841373562812805
0,0,0.0,2.291754208272323e-05
0,1,1.0,0.7132948637008667
0,1,1.0,0.9985529780387878
0,1,1.0,0.9998211860656738
0,1,1.0,0.9989460110664368
0,0,0.0,5.174242687644437e-05
0,0,0.0,1.3140121154719964e-05
0,1,1.0,0.7935436367988586
0,1,1.0,0.8740001916885376
0,0,0.0,2.2357353373081423e-05
0,0,0.0,6.925425259396434e-05
0,1,1.0,0.654302716255188
0,1,1.0,0.9999547004699707
0,1,1.0,0.9617273211479187
0,0,0.0,2.4303160898853093e-05
0,1,0.0,0.22557945549488068
0,0,0.0,6.312563346000388e-05
0,1,0.0,0.20982059836387634
0,1,1.0,0.8721387386322021
0,1,1.0,0.9402693510055542
0,0,0.0,2.035806028288789e-05
0,1,1.0,0.9974600672721863
0,1,0.0,0.19942907989025116
0,1,1.0,0.999249279499054
0,0,0.0,4.8562680603936315e-05
0,1,1.0,0.5871669054031372
0,1,0.0,0.3644047677516937
0,1,1.0,0.9311312437057495
0,1,0.0,0.47970089316368103
0,1,1.0,0.9228015542030334
0,0,0.0,5.670060636475682e-05
0,1,1.0,0.9999709725379944
0,1,0.0,0.16636903584003448
0,1,0.0,0.1455436795949936
0,1,1.0,0.998264729976654
0,0,0.0,0.00013653418864123523
0,1,1.0,0.8766132593154907
0,1,1.0,0.9983682036399841
0,0,0.0,1.3831988326273859e-05
0,1,1.0,0.8713539838790894
0,1,0.0,0.08054804801940918
0,0,0.0,1.3116720765538048e-05
0,0,0.0,2.0171955839032307e-05
0,1,1.0,0.9999645948410034
0,1,1.0,0.9985613226890564
0,1,1.0,0.9999794363975525
0,1,1.0,0.8719130754470825
0,0,0.0,4.712657391792163e-05
0,0,0.0,1.9077780962106772e-05
0,1,1.0,0.9626569747924805
0,0,0.0,2.0954341380274855e-05
0,1,1.0,0.8446435928344727
0,0,0.0,4.799880844075233e-05
0,1,1.0,0.9998281002044678
0,1,1.0,0.9079328775405884
0,1,0.0,0.16069787740707397
0,0,0.0,9.928811778081581e-05
0,1,1.0,0.8565655946731567
0,0,0.0,1.5558533050352708e-05
0,0,0.0,0.002590789692476392
0,0,0.0,2.4400696929660626e-05
0,0,0.0,0.0008437687647528946
0,0,0.0,1.8511947928345762e-05
0,1,1.0,0.9999583959579468
0,1,1.0,0.7682421207427979
0,1,1.0,0.9392067790031433
0,1,1.0,0.9998672604560852
0,1,0.0,0.24683284759521484
0,1,1.0,0.6593998670578003
0,1,1.0,0.9984868168830872
0,1,1.0,0.9999489784240723
0,1,1.0,0.8643752336502075
0,1,0.0,0.19910909235477448
0,1,1.0,0.9999281167984009
0,1,1.0,0.9984325170516968
0,0,0.0,2.1845184164703824e-05
0,1,1.0,0.8995510935783386
0,0,0.0,0.0002688111853785813
0,0,0.0,5.680483809555881e-05
0,1,1.0,0.9051937460899353
0,1,1.0,0.9835953116416931
0,1,1.0,0.8905431628227234
0,0,0.0,7.996011845534667e-05
0,0,0.0,0.0006361527484841645
0,1,1.0,0.9995667934417725
0,0,0.0,0.0013405465288087726
0,1,1.0,0.9984217286109924
0,1,1.0,0.9377048015594482
0,0,0.0,2.3965707441675477e-05
0,1,0.0,0.10475843399763107
0,0,0.0,3.819737321464345e-05
0,0,0.0,1.2438986232155003e-05
0,1,1.0,0.9417081475257874
0,1,1.0,0.5784374475479126
0,0,0.0,5.7502857089275494e-05
0,1,1.0,0.8650105595588684
0,0,0.0,1.5255500329658389e-05
0,1,1.0,0.9257992506027222
0,1,1.0,0.872018039226532
0,1,0.0,0.0993034690618515
0,1,1.0,0.9984771013259888
0,0,0.0,0.00024123970069922507
0,0,0.0,2.1558873413596302e-05
0,0,0.0,4.722644735011272e-05
0,1,1.0,0.9995680451393127
0,0,0.0,1.8957662177854218e-05
0,0,0.0,2.0355537344585173e-05
0,1,1.0,0.8698416948318481
0,0,0.0,2.007802868320141e-05
0,0,0.0,2.145677171938587e-05
0,0,0.0,1.3301553735800553e-05
0,0,0.0,2.1670080968760885e-05
0,1,1.0,0.9683593511581421
0,0,0.0,1.2766454347001854e-05
0,1,1.0,0.9301283359527588
0,1,0.0,0.10499486327171326
0,1,1.0,0.9266381859779358
0,1,1.0,0.9999761581420898
0,0,0.0,1.522516777185956e-05
0,0,0.0,2.114936251018662e-05
0,0,0.0,0.0010164434788748622
0,1,1.0,0.9853743314743042
0,1,0.0,0.12027639150619507
0,0,0.0,1.5945284758345224e-05
0,0,0.0,1.5408249964821152e-05
0,1,1.0,0.9312707781791687
0,1,0.0,0.3113735616207123
0,1,1.0,0.8331121206283569
0,1,1.0,0.8796133399009705
0,1,1.0,0.9845272302627563
0,1,0.0,0.11067594587802887
0,0,0.0,0.00011850536247948185
0,0,0.0,5.3344716434367e-05
0,0,0.0,0.0001236310781678185
0,0,0.0,5.939833863521926e-05
0,1,1.0,0.9691818356513977
0,0,0.0,1.9789762518485077e-05
0,1,1.0,0.589618444442749
0,1,0.0,0.21007093787193298
0,1,0.0,0.2047169953584671
0,1,1.0,0.9987565279006958
0,1,1.0,0.9999714493751526
0,1,0.0,0.14853650331497192
0,0,0.0,1.4117810678726528e-05
0,1,0.0,0.3153320848941803
0,0,0.0,2.2693728169542737e-05
0,0,0.0,2.468535240041092e-05
0,1,1.0,0.8462233543395996
0,1,1.0,0.9228231906890869
0,1,1.0,0.8795786499977112
0,1,1.0,0.8989595174789429
0,1,1.0,0.999365508556366
0,1,0.0,0.13645634055137634
0,1,1.0,0.9974374175071716
0,0,0.0,2.2869029635330662e-05
0,0,0.0,1.9621309547801502e-05
0,0,0.0,3.4636264899745584e-05
0,1,0.0,0.12971879541873932
0,1,1.0,0.9833119511604309
0,0,0.0,2.256962761748582e-05
0,0,0.0,0.0002757075126282871
0,0,0.0,0.00013549544382840395
0,0,0.0,4.7089783038245514e-05
0,1,1.0,0.8655603528022766
0,1,0.0,0.08935125172138214
0,0,0.0,1.5654070011805743e-05
0,1,0.0,0.23845788836479187
0,1,1.0,0.999252200126648
0,0,0.0,2.2330739739118144e-05
0,1,0.0,0.08225425332784653
0,1,0.0,0.1398182511329651
0,0,0.0,5.896445509279147e-05
0,1,0.0,0.4310440123081207
0,0,0.0,9.363966819364578e-05
0,1,1.0,0.8735287189483643
0,0,0.0,8.339308260474354e-05
0,1,1.0,0.9177497625350952
0,0,0.0,3.059985829167999e-05
0,0,0.0,1.338325637334492e-05
0,0,0.0,1.9959303244831972e-05
0,1,0.0,0.11485721915960312
0,1,0.0,0.23320065438747406
0,0,0.0,2.204508928116411e-05
0,1,1.0,0.6564387083053589
0,0,0.0,4.032488141092472e-05
0,0,0.0,2.251377736683935e-05
0,1,1.0,0.767839252948761
0,0,0.0,1.6953687008935958e-05
0,1,1.0,0.8745394349098206
0,0,0.0,1.9406557839829475e-05
0,1,0.0,0.10045341402292252
0,1,1.0,0.9993260502815247
0,0,0.0,2.2756748876417987e-05
0,1,1.0,0.9488964676856995
0,1,1.0,0.9458605051040649
0,1,1.0,0.8980720043182373
0,0,0.0,1.898996197269298e-05
0,1,1.0,0.9937919974327087
0,0,0.0,1.9033999706152827e-05
0,0,0.0,1.916236760735046e-05
0,0,0.0,2.150958971469663e-05
0,1,1.0,0.9447361826896667
0,0,0.0,2.178800968977157e-05
0,0,0.0,2.0371986465761438e-05
0,0,0.0,2.201029928983189e-05
0,0,0.0,0.0007596558425575495
0,1,1.0,0.9178730845451355
0,0,0.0,2.349622081965208e-05
0,0,0.0,2.4186214432120323e-05
0,1,0.0,0.07700742036104202
0,1,0.0,0.09632992744445801
0,1,1.0,0.8847404718399048
0,1,0.0,0.45526763796806335
0,0,0.0,5.098994370200671e-05
0,1,1.0,0.9517783522605896
0,0,0.0,4.069070200785063e-05
0,1,1.0,0.884299635887146
0,0,0.0,2.139465868822299e-05
0,1,1.0,0.9995091557502747
0,1,0.0,0.11666449159383774
0,1,1.0,0.9990623593330383
0,1,1.0,0.9709868431091309
0,1,1.0,0.6052147150039673
0,1,1.0,0.8955298662185669
0,0,0.0,1.2553318811114877e-05
0,0,0.0,0.00012001121649518609
0,0,0.0,2.103944461850915e-05
0,1,0.0,0.4123341143131256
0,0,0.0,6.650201248703524e-05
0,1,1.0,0.5843250751495361
0,0,0.0,2.563364978414029e-05
0,1,0.0,0.27290040254592896
0,1,1.0,0.9995858669281006
0,1,1.0,0.9006762504577637
0,1,0.0,0.13547906279563904
0,0,0.0,7.463782094419003e-05
0,1,1.0,0.9985493421554565
0,1,1.0,0.9634850025177002
0,1,1.0,0.9995870590209961
0,0,0.0,1.791414433682803e-05
0,0,0.0,0.00019042784697376192
0,1,1.0,0.9990491271018982
0,1,0.0,0.10099883377552032
0,0,0.0,2.3671487724641338e-05
0,1,1.0,0.9999999403953552
0,1,0.0,0.1081874817609787
0,1,1.0,0.9998947978019714
0,1,0.0,0.27291804552078247
0,1,1.0,0.957981288433075
0,1,1.0,0.875243067741394
0,1,1.0,0.9999538660049438
0,0,0.0,9.41085527301766e-05
0,0,0.0,7.35791982151568e-05
0,0,0.0,0.00202901940792799
0,0,0.0,6.0997161199338734e-05
0,1,1.0,0.9993205070495605
0,0,0.0,6.652624870184809e-05
0,1,1.0,0.935520589351654
0,0,0.0,0.00010398421727586538
0,0,0.0,5.733021680498496e-05
0,1,1.0,0.9999465346336365
0,0,0.0,2.5683910280349664e-05
0,0,0.0,0.00018992178956978023
0,1,1.0,0.8487500548362732
0,1,1.0,0.8894848227500916
0,0,0.0,1.4106061826169025e-05
0,0,0.0,5.830928421346471e-05
0,1,1.0,0.9255210757255554
0,0,0.0,8.17609834484756e-05
0,1,1.0,0.8706791400909424
0,1,1.0,0.9003567695617676
0,1,0.0,0.19409863650798798
0,1,0.0,0.26125773787498474
0,0,0.0,2.2221971448743716e-05
0,1,1.0,0.9998304843902588
0,1,1.0,0.9078410863876343
0,1,1.0,0.960519552230835
0,1,1.0,0.9255440831184387
0,1,0.0,0.27814754843711853
0,1,0.0,0.2640932500362396
0,1,1.0,0.9999793767929077
0,1,1.0,0.99953693151474
0,0,0.0,2.1255798856145702e-05
0,1,0.0,0.27677685022354126
0,1,1.0,0.8441809415817261
0,1,1.0,0.9998992085456848
0,1,1.0,0.9747565984725952
0,1,1.0,0.9992114901542664
0,0,0.0,1.8404887669021264e-05
0,1,0.0,0.08786182105541229
0,1,1.0,0.9510242342948914
0,0,0.0,1.4411817574000452e-05
0,0,0.0,2.215747008449398e-05
0,0,0.0,0.0016705250600352883
0,1,1.0,0.9116564989089966
0,1,1.0,0.9986594319343567
0,1,1.0,0.9119409322738647
0,0,0.0,2.0775343728018925e-05
0,1,1.0,0.93552565574646
0,0,0.0,2.0762825442943722e-05
0,0,0.0,1.3612093425763305e-05
0,1,1.0,0.8663862347602844
0,1,1.0,0.9840617775917053
0,1,0.0,0.48410144448280334
0,0,0.0,2.2214937416720204e-05
0,1,1.0,0.9715457558631897
0,1,1.0,0.8774467706680298
0,1,1.0,0.9813798666000366
0,0,0.0,0.00013579113874584436
0,0,0.0,7.962562813190743e-05
0,0,0.0,7.026211096672341e-05
0,1,0.0,0.09239013493061066
0,1,1.0,0.9999505877494812
0,1,1.0,0.8748750686645508
0,1,1.0,0.9999610781669617
0,1,0.0,0.11275366693735123
0,1,1.0,0.869856059551239
0,0,0.0,2.4114475309033878e-05
0,0,0.0,2.3187058104667813e-05
0,0,0.0,1.5490033547393978e-05
0,1,1.0,0.8128808736801147
0,0,0.0,0.00010897700121859089
0,0,0.0,2.5987497792812064e-05
0,0,0.0,1.526453888800461e-05
0,0,0.0,2.303123073943425e-05
0,1,1.0,0.9999113082885742
0,1,1.0,0.9999998211860657
0,0,0.0,4.934870594297536e-05
0,0,0.0,1.984419213840738e-05
0,0,0.0,1.1537747923284769e-05
0,0,0.0,2.2606676793657243e-05
0,1,1.0,0.974305272102356
0,1,1.0,0.8286342024803162
0,0,0.0,2.3045027774060145e-05
0,0,0.0,3.269780791015364e-05
0,1,0.0,0.10662051290273666
0,1,1.0,0.891861081123352
0,1,1.0,0.8368045091629028
0,1,0.0,0.29400378465652466
0,1,0.0,0.20177368819713593
0,1,1.0,0.8441632390022278
0,1,0.0,0.12497060000896454
0,1,1.0,0.8729183673858643
0,0,0.0,6.148151442175731e-05
0,1,1.0,0.9002078771591187
0,0,0.0,2.5858696972136386e-05
0,1,1.0,0.9926894903182983
0,0,0.0,5.675811553373933e-05
0,1,1.0,0.9984776377677917
0,0,0.0,2.5489800464129075e-05
0,0,0.0,2.5209066734532826e-05
0,1,1.0,0.9999865889549255
0,0,0.0,0.0003845975734293461
0,0,0.0,2.2384127078112215e-05
0,0,0.0,2.224143099738285e-05
0,0,0.0,2.1374997231760062e-05
0,0,0.0,4.1444891394348815e-05
0,0,0.0,0.00011234652629354969
0,0,0.0,1.371424787066644e-05
0,0,0.0,0.0011818845523521304
0,1,1.0,0.7912800312042236
0,0,0.0,1.5153971617110074e-05
0,1,0.0,0.15863187611103058
0,0,0.0,0.00014583516167476773
0,1,1.0,0.9972556829452515
0,1,1.0,0.9999606013298035
0,0,0.0,4.9156697059515864e-05
0,1,1.0,0.9146410822868347
0,1,1.0,0.9042959809303284
0,1,0.0,0.18522879481315613
0,0,0.0,2.1071329683763906e-05
0,1,0.0,0.1672922521829605
0,1,1.0,0.9999467134475708
0,1,1.0,0.9710546135902405
0,0,0.0,0.0007221334963105619
0,1,1.0,0.9486428499221802
0,1,1.0,0.9999455809593201
0,0,0.0,2.0737972590723075e-05
0,1,1.0,0.9999536871910095
0,0,0.0,4.5300657802727073e-05
0,1,1.0,0.9179064631462097
0,1,1.0,0.9691051840782166
0,0,0.0,1.9472407075227238e-05
0,1,1.0,0.9998582601547241
0,1,1.0,0.9991241693496704
0,1,1.0,0.9616144895553589
0,1,1.0,0.9978289008140564
0,1,0.0,0.12464090436697006
0,0,0.0,0.0002462887205183506
0,1,1.0,0.9410815238952637
0,1,0.0,0.2106867879629135
0,0,0.0,2.0644736650865525e-05
0,1,1.0,0.9385114312171936
0,1,1.0,0.9247239232063293
0,1,1.0,0.9999603629112244
0,0,0.0,2.5788709535845555e-05
0,1,1.0,0.9994402527809143
0,0,0.0,1.4649912372988183e-05
0,0,0.0,6.048079376341775e-05
0,1,1.0,0.9981236457824707
0,1,1.0,0.9993088841438293
0,1,1.0,0.8446094989776611
0,1,1.0,0.9029216766357422
0,1,1.0,0.9197372198104858
0,0,0.0,2.0783150830538943e-05
0,0,0.0,1.9978666387032717e-05
0,0,0.0,2.188012695114594e-05
0,1,0.0,0.2913529574871063
0,1,0.0,0.33994364738464355
0,1,1.0,0.9988905191421509
0,0,0.0,1.8762750187306665e-05
0,0,0.0,1.4439222468354274e-05
0,1,1.0,0.9999462366104126
0,0,0.0,0.00019399180018808693
0,1,1.0,0.9622406363487244
0,0,0.0,2.0259054508642294e-05
0,1,1.0,0.9332016110420227
0,1,1.0,0.9985582828521729
0,0,0.0,5.510624760063365e-05
0,1,1.0,0.9985873103141785
0,1,1.0,0.8813411593437195
0,0,0.0,8.509214967489243e-05
0,1,1.0,0.9994726181030273
0,0,0.0,6.67403219267726e-05
0,1,1.0,0.8469042778015137
0,0,0.0,1.632590101507958e-05
0,1,0.0,0.06578213721513748
0,0,0.0,2.4206567104556598e-05
0,1,1.0,0.9983099699020386
0,1,1.0,0.9993988871574402
0,1,0.0,0.2122781127691269
0,1,1.0,0.5603563785552979
0,1,1.0,0.8876751065254211
0,1,1.0,0.8950511813163757
0,0,0.0,4.797034853254445e-05
0,1,1.0,0.8379536867141724
0,1,1.0,0.8338543176651001
0,0,0.0,2.049027352768462e-05
0,0,0.0,2.164358193113003e-05
0,0,0.0,3.291696702945046e-05
0,1,1.0,0.9341048002243042
0,0,0.0,2.3025519112707116e-05
0,1,1.0,0.9422505497932434
0,0,0.0,1.778933801688254e-05
0,1,0.0,0.10122407972812653
0,0,0.0,1.619422073417809e-05
0,0,0.0,1.655938285693992e-05
0,0,0.0,5.405498814070597e-05
0,1,1.0,0.9337486624717712
0,1,0.0,0.2766653001308441
0,1,0.0,0.12460817396640778
0,1,0.0,0.4152352213859558
0,1,0.0,0.10597547888755798
0,0,0.0,1.3952922017779201e-05
0,1,1.0,0.8745413422584534
0,0,0.0,2.2445434296969324e-05
0,0,0.0,0.0007906656828708947
0,1,1.0,0.9226552248001099
0,0,0.0,6.695897172903642e-05
0,1,1.0,0.8583283424377441
0,1,1.0,0.6168150901794434
0,1,1.0,0.8810396194458008
0,1,1.0,0.998576819896698
0,1,1.0,0.9984166026115417
0,1,1.0,0.999287486076355
0,0,0.0,7.569795707240701e-05
0,1,1.0,0.9995927810668945
0,1,0.0,0.12030810117721558
0,1,1.0,0.9407009482383728
0,0,0.0,2.029186907748226e-05
0,1,0.0,0.08088105171918869
0,1,1.0,0.8966394066810608
0,0,0.0,4.668877591029741e-05
0,1,1.0,0.9642186760902405
0,0,0.0,0.0014872815227136016
0,1,1.0,0.9593735933303833
0,0,0.0,2.0761361156473868e-05
0,0,0.0,2.2988066120888107e-05
0,1,1.0,0.9204849004745483
0,1,1.0,0.999292254447937
0,1,1.0,0.9992364645004272
0,0,0.0,7.069324055919424e-05
0,0,0.0,6.761777331121266e-05
0,1,0.0,0.09875970333814621
0,1,1.0,0.651648759841919
0,1,1.0,0.8268134593963623
0,1,1.0,0.9968568086624146
0,1,1.0,0.8570724129676819
0,0,0.0,8.880460518412292e-05
0,0,0.0,2.3508682716055773e-05
0,1,1.0,0.9992585182189941
0,0,0.0,2.2315241949399933e-05
0,1,1.0,0.7417446374893188
0,1,1.0,0.8312338590621948
0,0,0.0,1.5906420230749063e-05
0,1,1.0,0.840776801109314
0,1,1.0,0.9783673286437988
0,0,0.0,2.719424810493365e-05
0,1,1.0,0.9967601299285889
0,1,1.0,0.8734501600265503
0,0,0.0,4.615041325450875e-05
0,1,1.0,0.9915434718132019
0,1,1.0,0.9973118901252747
0,0,0.0,7.374004781013355e-05
0,0,0.0,1.95876564248465e-05
0,1,1.0,0.9999861121177673
0,0,0.0,0.0003267178835812956
0,0,0.0,6.019890133757144e-05
0,0,0.0,0.0011992702493444085
0,1,1.0,0.9032052159309387
0,1,1.0,0.9624167680740356
0,1,1.0,0.8868076205253601
0,1,1.0,0.8914732336997986
0,0,0.0,6.448376370826736e-05
0,1,1.0,0.8978297710418701
0,0,0.0,2.4262288206955418e-05
0,1,1.0,0.9990479350090027
0,1,0.0,0.2440057247877121
0,0,0.0,2.3734737624181435e-05
0,0,0.0,2.5997314878623e-05
0,1,1.0,0.8835744857788086
0,0,0.0,4.3834326788783073e-05
0,1,1.0,0.9434356689453125
0,0,0.0,4.5392072934191674e-05
0,1,1.0,0.9634561538696289
0,1,1.0,0.6810065507888794
0,0,0.0,2.284734000568278e-05
0,1,0.0,0.18993230164051056
0,1,1.0,0.9998161792755127
0,0,0.0,3.590095730032772e-05
0,1,0.0,0.11689586937427521
0,0,0.0,2.0763618522323668e-05
0,0,0.0,2.2141923182061873e-05
0,0,0.0,2.0873130779364146e-05
0,1,1.0,0.8913277387619019
0,0,0.0,1.714999416435603e-05
0,0,0.0,0.0004612192278727889
0,1,1.0,0.9999665021896362
0,0,0.0,2.0810002752114087e-05
0,0,0.0,6.451279477914795e-05
0,0,0.0,0.00010763790487544611
0,1,1.0,0.9074087142944336
0,0,0.0,2.4124457922880538e-05
0,1,0.0,0.10201951116323471
0,0,0.0,2.0640582079067826e-05
0,0,0.0,1.6794729162938893e-05
0,0,0.0,0.0002756310277618468
0,1,1.0,0.8897376656532288
0,1,1.0,0.8259075880050659
0,1,1.0,0.9098619222640991
0,0,0.0,1.729701762087643e-05
0,0,0.0,3.720657332451083e-05
0,1,1.0,0.9999533891677856
0,0,0.0,0.00014429066504817456
0,1,1.0,0.9282273650169373
0,1,1.0,0.999948263168335
0,1,1.0,0.98255854845047
0,1,1.0,0.9986202716827393
0,0,0.0,4.10963075410109e-05
0,0,0.0,0.00022370240185409784
0,0,0.0,1.7562450011610053e-05
0,0,0.0,7.846782682463527e-05
0,1,1.0,0.8415789008140564
0,0,0.0,2.22312992264051e-05
0,1,1.0,0.8679912686347961
0,1,1.0,0.9002922177314758
0,1,1.0,0.8569211959838867
0,1,1.0,0.9581391215324402
0,1,1.0,0.9040120840072632
0,0,0.0,1.7689744709059596e-05
0,1,1.0,0.8914130926132202
0,1,1.0,0.9450562000274658
0,1,1.0,0.9999446868896484
0,1,1.0,0.9884002208709717
0,1,1.0,0.9996307492256165
0,1,1.0,0.9686113595962524
0,0,0.0,2.3216331101139076e-05
0,1,1.0,0.9087511301040649
0,1,0.0,0.1104578971862793
0,1,1.0,0.8962733149528503
0,1,0.0,0.21224147081375122
0,1,1.0,0.9999704957008362
0,0,0.0,2.3417480406351388e-05
0,1,1.0,0.9313428401947021
0,1,1.0,0.8521633148193359
0,1,1.0,0.8603656888008118
0,1,1.0,0.9460987448692322
0,0,0.0,1.5481364243896678e-05
0,1,1.0,0.9999604225158691
0,0,0.0,1.3227313502284233e-05
0,0,0.0,9.150055120699108e-05
0,1,1.0,0.9121260046958923
0,1,1.0,0.9985777735710144
0,1,1.0,0.9999682307243347
0,1,1.0,0.933221161365509
0,0,0.0,5.202514512347989e-05
0,1,1.0,0.899143397808075
0,0,0.0,2.274885082442779e-05
0,1,1.0,0.8798136115074158
0,1,1.0,0.9981542825698853
0,1,0.0,0.3223094344139099
0,0,0.0,0.0006308279116638005
0,0,0.0,5.675275679095648e-05
0,1,1.0,0.9989947080612183
0,0,0.0,1.3864873835700564e-05
0,1,1.0,0.9986398816108704
0,0,0.0,0.00115466327406466
0,0,0.0,1.5949117369018495e-05
0,0,0.0,0.00012207060353830457
0,1,1.0,0.8843925595283508
0,1,1.0,0.8739566206932068
0,1,0.0,0.117936871945858
0,0,0.0,2.2540030840900727e-05
0,0,0.0,0.00015608174726366997
0,1,1.0,0.9999586343765259
0,1,0.0,0.09595449268817902
0,0,0.0,6.292351463343948e-05
0,0,0.0,9.092318214243278e-05
0,0,0.0,8.342592627741396e-05
0,0,0.0,2.2234540665522218e-05
0,1,1.0,0.8301153182983398
0,1,1.0,0.8650089502334595
0,0,0.0,7.080814248183742e-05
0,1,1.0,0.8806902170181274
0,1,1.0,0.9327604174613953
0,0,0.0,2.1441839635372162e-05
0,0,0.0,2.0358953406685032e-05
0,1,1.0,0.9977222084999084
0,1,0.0,0.15758571028709412
0,0,0.0,5.25178256793879e-05
0,1,1.0,0.9989821314811707
0,0,0.0,1.637683089938946e-05
0,1,1.0,0.9811650514602661
0,0,0.0,4.79739646834787e-05
0,1,1.0,0.8819831609725952
0,1,1.0,0.8887187838554382
0,1,1.0,0.9999701976776123
0,0,0.0,2.118549309670925e-05
0,0,0.0,0.00010532686428632587
0,0,0.0,2.3862263333285227e-05
0,1,1.0,0.858254075050354
0,1,1.0,0.9259665608406067
0,1,1.0,0.9969857335090637
0,1,1.0,0.9552581310272217
0,1,0.0,0.2753857970237732
0,1,1.0,0.6555479168891907
0,1,1.0,0.9376304149627686
0,0,0.0,5.299197800923139e-05
0,1,1.0,0.9406863451004028
0,1,1.0,0.9999189972877502
0,1,1.0,0.9982660412788391
0,0,0.0,1.594975583429914e-05
0,0,0.0,5.410165249486454e-05
0,1,1.0,0.6387230157852173
0,1,1.0,0.9314594268798828
0,0,0.0,2.3080105165718123e-05
0,1,1.0,0.9962328672409058
0,0,0.0,6.095331991673447e-05
0,1,0.0,0.2900945246219635
0,1,1.0,0.9987545609474182
0,0,0.0,2.3455295377061702e-05
0,1,1.0,0.9302355051040649
0,1,0.0,0.19320741295814514
0,1,1.0,0.8193766474723816
0,1,0.0,0.3167162537574768
0,0,0.0,7.545644621131942e-05
0,0,0.0,1.603418422746472e-05
0,0,0.0,1.3679346011485904e-05
0,0,0.0,2.04041825782042e-05
0,1,1.0,0.9982794523239136
0,0,0.0,1.6535315808141604e-05
0,1,1.0,0.9244782328605652
0,0,0.0,8.981020073406398e-05
0,1,1.0,0.9915912747383118
0,0,0.0,7.740447472315282e-05
0,0,0.0,2.0426670744200237e-05
0,0,0.0,0.0004799155576620251
0,1,1.0,0.900041937828064
0,0,0.0,2.172984750359319e-05
0,1,1.0,0.9290667176246643
0,1,1.0,0.9995852112770081
0,0,0.0,2.3455944756278768e-05
0,1,0.0,0.16091226041316986
0,1,0.0,0.11131095141172409
0,1,0.0,0.42906662821769714
0,0,0.0,3.4744316508295015e-05
0,0,0.0,2.072636561933905e-05
0,1,1.0,0.9059486389160156
0,1,1.0,0.9983439445495605
0,1,0.0,0.14147810637950897
0,1,1.0,0.9116235971450806
0,1,0.0,0.10829969495534897
0,0,0.0,2.1473189917742275e-05
0,1,1.0,0.899010181427002
0,1,1.0,0.890399158000946
0,1,1.0,0.9981910586357117
0,0,0.0,0.00020347391546238214
0,0,0.0,2.2139642169349827e-05
0,1,1.0,0.9989403486251831
0,1,1.0,0.9987597465515137
0,1,1.0,0.9999604225158691
0,1,1.0,0.7602620124816895
0,1,0.0,0.15162676572799683
0,0,0.0,1.8940079826279543e-05
0,0,0.0,6.379299884429201e-05
0,0,0.0,1.8506634660298005e-05
0,0,0.0,1.9553410311345942e-05
0,1,1.0,0.9511860609054565
0,0,0.0,2.27323889703257e-05
0,1,0.0,0.306208997964859
0,0,0.0,2.1213312720647082e-05
0,0,0.0,0.0001225617597810924
0,1,1.0,0.9666430950164795
0,1,1.0,0.7334229946136475
0,1,0.0,0.10831645876169205
0,0,0.0,0.00023994228104129434
0,1,1.0,0.9618101119995117
0,1,1.0,0.9320285320281982
0,1,1.0,0.9999599456787109
0,0,0.0,6.975246651563793e-05
0,0,0.0,0.0001223687140736729
0,1,1.0,0.9620083570480347
0,1,0.0,0.1106012761592865
0,1,0.0,0.33143261075019836
0,0,0.0,6.973078416194767e-05
0,0,0.0,1.52815664478112e-05
0,0,0.0,1.3757712622464169e-05
0,0,0.0,6.958895392017439e-05
0,0,0.0,1.3404433957475703e-05
0,0,0.0,4.974407784175128e-05
0,0,0.0,2.343991036468651e-05
0,1,1.0,0.9998984336853027
0,0,0.0,2.4103876057779416e-05
0,1,0.0,0.14942266047000885
0,1,1.0,0.9838840365409851
0,0,0.0,2.179478542529978e-05
0,1,1.0,0.9995170831680298
0,1,1.0,0.9644883871078491
0,1,1.0,0.9852094054222107
0,0,0.0,0.00014443024701904505
0,0,0.0,8.04580413387157e-05
0,1,1.0,0.9836581945419312
0,0,0.0,6.399979611160234e-05
0,1,1.0,0.9672527313232422
0,0,0.0,2.2950827769818716e-05
0,0,0.0,2.0477789803408086e-05
0,0,0.0,1.4078294952923898e-05
0,0,0.0,1.9748775230254978e-05
0,0,0.0,0.01823214255273342
0,1,0.0,0.012041265144944191
0,1,1.0,0.8663792014122009
0,1,1.0,0.9915285110473633
0,1,1.0,0.9999622106552124
0,1,0.0,0.19378836452960968
0,1,1.0,0.9992465376853943
0,1,1.0,0.8937259912490845
0,1,1.0,0.9093731045722961
0,0,0.0,7.123855175450444e-05
0,0,0.0,6.879868305986747e-05
0,1,1.0,0.9050509333610535
0,1,1.0,0.8245150446891785
0,1,1.0,0.9426053166389465
0,1,1.0,0.8125276565551758
0,1,1.0,0.9330468773841858
0,1,1.0,0.9049339890480042
0,1,0.0,0.30353280901908875
0,1,1.0,0.7331581711769104
0,1,1.0,0.9988601803779602
0,0,0.0,0.0006830677157267928
0,0,0.0,0.00040546609670855105
0,1,1.0,0.960159420967102
0,0,0.0,1.909119418996852e-05
0,1,1.0,0.9999611377716064
0,1,1.0,0.9991504549980164
0,0,0.0,8.292053826153278e-05
0,1,0.0,0.15283335745334625
0,0,0.0,1.2956788850715384e-05
0,0,0.0,1.980226079467684e-05
0,0,0.0,2.317702274012845e-05
0,1,1.0,0.998932957649231
0,1,1.0,0.9983174800872803
0,0,0.0,1.411214361723978e-05
0,1,0.0,0.4064616560935974
0,1,0.0,0.06513772159814835
0,1,0.0,0.08118472248315811
0,1,1.0,0.999943196773529
0,1,0.0,0.06220642849802971
0,1,1.0,0.9885399341583252
0,0,0.0,0.00010710333299357444
0,1,1.0,0.9984388947486877
0,1,1.0,0.7809216976165771
0,0,0.0,4.919880666420795e-05
0,1,1.0,0.9418602585792542
0,0,0.0,0.00010528469283599406
0,1,1.0,0.9988518953323364
0,1,1.0,0.9167613983154297
0,0,0.0,0.0005423873662948608
0,0,0.0,2.4752511308179237e-05
0,0,0.0,4.630647163139656e-05
0,1,1.0,0.8731422424316406
0,0,0.0,6.771056359866634e-05
0,0,0.0,0.0007543643587268889
0,0,0.0,5.332396904123016e-05
0,0,0.0,1.919210444611963e-05
0,0,0.0,1.529255860077683e-05
0,0,0.0,1.862417957454454e-05
0,1,1.0,0.8337950110435486
0,0,0.0,1.9251699995948002e-05
0,0,0.0,2.4440545530524105e-05
0,1,1.0,0.8965896964073181
0,1,0.0,0.11117678135633469
0,1,1.0,0.87541663646698
0,0,0.0,2.1235131498542614e-05
0,0,0.0,2.3199268980533816e-05
0,0,0.0,2.9416212782962248e-05
0,1,1.0,0.5844804644584656
0,0,0.0,1.959670044016093e-05
0,0,0.0,2.7465039238450117e-05
0,1,0.0,0.2678140699863434
0,0,0.0,0.0010749209905043244
0,1,0.0,0.3804014027118683
0,1,1.0,0.5088267922401428
0,1,1.0,0.9991900324821472
0,0,0.0,1.3824286725139245e-05
0,1,0.0,0.17416736483573914
0,1,1.0,0.9986281991004944
0,0,0.0,2.3882252207840793e-05
0,1,0.0,0.16462822258472443
0,0,0.0,2.3466347556677647e-05
0,0,0.0,0.0006745848222635686
0,0,0.0,1.8351798644289374e-05
0,1,1.0,0.9363421201705933
0,1,1.0,0.9286358952522278
0,1,1.0,0.9984951019287109
0,1,1.0,0.7091119885444641
0,1,1.0,0.9408787488937378
0,1,0.0,0.11460614949464798
0,0,0.0,0.00022624252596870065
0,0,0.0,8.253517444245517e-05
0,0,0.0,1.555267590447329e-05
0,0,0.0,7.179006206570193e-05
0,0,0.0,5.936192610533908e-05
0,0,0.0,1.4767684660910163e-05
0,1,1.0,0.8231955766677856
0,0,0.0,4.407527012517676e-05
0,1,0.0,0.43073931336402893
0,0,0.0,2.3257927750819363e-05
0,0,0.0,8.895318751456216e-05
0,0,0.0,6.047427450539544e-05
0,0,0.0,1.5464438547496684e-05
0,0,0.0,0.0011543130967766047
0,0,0.0,4.2897750972770154e-05
0,1,1.0,0.9047507047653198
0,1,1.0,0.8969409465789795
0,1,0.0,0.10743585228919983
0,0,0.0,2.2319711206364445e-05
0,0,0.0,0.0006152920541353524
0,0,0.0,0.00018786854343488812
0,1,1.0,0.5587088465690613
0,0,0.0,2.113522896252107e-05
0,1,1.0,0.8934155702590942
0,1,0.0,0.1611427664756775
0,1,1.0,0.9239470362663269
0,1,0.0,0.2489599883556366
0,1,1.0,0.9984757304191589
0,1,1.0,0.8644957542419434
0,0,0.0,2.0835163013543934e-05
0,1,1.0,0.9600344300270081
0,1,1.0,0.9990078210830688
0,1,1.0,0.8479554653167725
0,0,0.0,2.0714805941679515e-05
0,0,0.0,1.543526741443202e-05
0,1,0.0,0.4764217138290405
0,1,1.0,0.9981859922409058
0,1,0.0,0.12795178592205048
0,0,0.0,0.00014004703552927822
0,1,1.0,0.9999995827674866
0,1,1.0,0.9243060350418091
0,1,1.0,0.6887067556381226
0,0,0.0,0.00010634608042892069
0,1,1.0,0.9992167353630066
0,0,0.0,5.1523711590562016e-05
0,1,1.0,0.8947120904922485
0,0,0.0,2.4536504497518763e-05
0,1,1.0,0.8738717436790466
0,1,1.0,0.9992924332618713
0,0,0.0,7.307295163627714e-05
0,1,1.0,0.8749604225158691
0,1,1.0,0.9109245538711548
0,1,1.0,0.9835453629493713
0,0,0.0,2.024893183261156e-05
0,0,0.0,0.0009353662026114762
0,1,0.0,0.09617447108030319
0,1,1.0,0.9765440821647644
0,0,0.0,2.2955053282203153e-05
0,0,0.0,9.9338692962192e-05
0,1,1.0,0.9994634985923767
0,1,0.0,0.15182137489318848
0,1,0.0,0.080446757376194
0,1,1.0,0.9985365271568298
0,1,1.0,0.9993163347244263
0,1,1.0,0.9588945508003235
0,1,1.0,0.9603300094604492
0,1,1.0,0.9635306596755981
0,0,0.0,1.5924191757221706e-05
0,1,0.0,0.25877657532691956
0,0,0.0,1.980787237698678e-05
0,0,0.0,1.4855939298286103e-05
0,1,1.0,0.9998313784599304
0,1,0.0,0.13415531814098358
0,1,1.0,0.9999597668647766
0,1,1.0,0.9972367882728577
0,0,0.0,0.001076908316463232
0,1,0.0,0.10483889281749725
0,1,1.0,0.9223296046257019
0,0,0.0,0.00016316043911501765
0,1,1.0,0.895111083984375
0,1,1.0,0.9999588131904602
0,0,0.0,2.115654388035182e-05
0,1,1.0,0.999936044216156
0,0,0.0,6.668503920082003e-05
0,0,0.0,1.8815266230376437e-05
0,0,0.0,2.131472501787357e-05
0,0,0.0,2.0462914108065888e-05
0,1,1.0,0.9994322061538696
0,1,1.0,0.9983566403388977
0,0,0.0,1.5005445675342344e-05
0,1,1.0,0.901557981967926
0,0,0.0,0.0022151002194732428
0,0,0.0,2.983692684210837e-05
0,1,1.0,0.9981690049171448
0,0,0.0,2.1164712961763144e-05
0,0,0.0,1.3134595974406693e-05
0,1,0.0,0.11654292792081833
0,1,1.0,0.9382355213165283
0,0,0.0,1.226032600243343e-05
0,1,1.0,0.9984524250030518
0,1,1.0,0.8660231828689575
0,0,0.0,1.9863256966345944e-05
0,1,1.0,0.9248149394989014
0,1,0.0,0.21107648313045502
0,1,0.0,0.17961934208869934
0,0,0.0,1.2825565136154182e-05
0,0,0.0,2.0451481759664603e-05
0,0,0.0,6.535005377372727e-05
0,1,1.0,0.944758415222168
0,1,1.0,0.8390633463859558
0,0,0.0,1.7236172425327823e-05
0,1,1.0,0.9542211890220642
0,1,0.0,0.19178582727909088
0,0,0.0,1.9663324565044604e-05
0,1,1.0,0.999953031539917
0,0,0.0,2.0007382772746496e-05
0,0,0.0,2.1700459910789505e-05
0,1,1.0,0.9590189456939697
0,1,1.0,0.9058652520179749
0,0,0.0,2.1491607185453176e-05
0,1,1.0,0.9760456085205078
0,0,0.0,5.4000473028281704e-05
0,0,0.0,0.00026977990637533367
0,0,0.0,7.130189624149352e-05
0,1,1.0,0.8833500742912292
0,0,0.0,0.001674313098192215
0,0,0.0,5.62800451007206e-05
0,1,0.0,0.31665748357772827
0,1,1.0,0.7640770077705383
0,0,0.0,4.8506626626476645e-05
0,0,0.0,4.042313958052546e-05
0,0,0.0,0.0007527819252572954
0,0,0.0,8.669312228448689e-05
0,0,0.0,1.9957380573032424e-05
0,0,0.0,1.4191986338119023e-05
0,0,0.0,8.872537728166208e-05
0,1,1.0,0.9811819791793823
0,0,0.0,1.9433373381616548e-05
0,0,0.0,1.3058869626547676e-05
0,0,0.0,0.0004916262696497142
0,1,1.0,0.9999805688858032
0,1,1.0,0.9986570477485657
0,0,0.0,1.524332765256986e-05
0,1,1.0,0.90892493724823
0,0,0.0,2.203577787440736e-05
0,0,0.0,2.1790358005091548e-05
0,1,1.0,0.9346261024475098
0,0,0.0,2.021297041210346e-05
0,0,0.0,3.265159830334596e-05
0,1,1.0,0.9994474053382874
0,0,0.0,5.7643734180601314e-05
0,0,0.0,0.00026449040160514414
0,0,0.0,2.5467688828939572e-05
0,0,0.0,5.947893805569038e-05
0,1,1.0,0.9983890056610107
0,0,0.0,9.061012679012492e-05
0,1,1.0,0.9891635775566101
0,0,0.0,4.7711673687445e-05
0,1,1.0,0.9986141324043274
0,0,0.0,2.5792818632908165e-05
0,1,1.0,0.9961990118026733
0,0,0.0,5.737364699598402e-05
0,1,1.0,0.9998469352722168
0,1,1.0,0.9989995956420898
0,1,1.0,0.9994272589683533
0,0,0.0,0.00022758932027500123
0,0,0.0,5.1984919991809875e-05
0,1,0.0,0.1057816818356514
0,1,0.0,0.2873254418373108
0,1,0.0,0.06394971162080765
0,1,1.0,0.9038592576980591
0,1,0.0,0.07963775098323822
0,0,0.0,0.0001347335200989619
0,0,0.0,5.3292449592845514e-05
0,1,1.0,0.9117719531059265
0,0,0.0,2.1070083676022477e-05
0,0,0.0,1.467404672439443e-05
0,0,0.0,2.005429814744275e-05
0,0,0.0,5.160878208698705e-05
0,1,1.0,0.9985891580581665
0,1,1.0,0.9998209476470947
0,0,0.0,1.5194925254036207e-05
0,0,0.0,1.906384750327561e-05
0,1,1.0,0.9957274794578552
0,0,0.0,0.00011488253221614286
0,0,0.0,2.4066479454631917e-05
0,1,0.0,0.29436349868774414
0,1,1.0,0.9985460042953491
0,0,0.0,0.003794535296037793
0,1,1.0,0.9695400595664978
0,1,1.0,0.8627792000770569
0,0,0.0,5.400948430178687e-05
0,1,1.0,0.9992878437042236
0,1,1.0,0.9997392892837524
0,0,0.0,0.0009306955034844577
0,0,0.0,2.9143746360205114e-05
0,0,0.0,1.464267734263558e-05
0,1,1.0,0.9991446733474731
0,0,0.0,2.109109118464403e-05
0,1,1.0,0.9023064374923706
0,0,0.0,2.2948353944229893e-05
0,0,0.0,2.316444988537114e-05
0,0,0.0,0.00010264987213304266
0,1,1.0,0.9998300075531006
0,1,1.0,0.8950321674346924
0,1,1.0,0.9914366006851196
0,1,0.0,0.1287931203842163
0,1,1.0,0.9567946195602417
0,1,0.0,0.10144013166427612
0,1,0.0,0.10221555829048157
0,1,1.0,0.9999861121177673
0,0,0.0,1.6527195839444175e-05
0,1,0.0,0.07086624950170517
0,0,0.0,5.895242065889761e-05
0,1,1.0,0.9987703561782837
0,1,1.0,0.8477931618690491
0,0,0.0,0.0009386685560457408
0,0,0.0,1.9500354028423317e-05
0,1,1.0,0.9993183016777039
0,1,0.0,0.38695740699768066
0,0,0.0,2.265150033053942e-05
0,0,0.0,2.2301244825939648e-05
0,0,0.0,2.5566559997969307e-05
0,1,1.0,0.8754727840423584
0,0,0.0,2.5548964913468808e-05
0,1,1.0,0.9985562562942505
0,0,0.0,1.2746842912747525e-05
0,0,0.0,0.00015498076390940696
0,1,1.0,0.9717122316360474
0,0,0.0,8.819083450362086e-05
0,1,0.0,0.3585108518600464
0,1,1.0,0.8194922804832458
0,1,1.0,0.8576512932777405
0,1,1.0,0.8848215341567993
0,1,1.0,0.9406594038009644
0,1,0.0,0.09364110231399536
0,1,1.0,0.8645486831665039
0,1,1.0,0.8806775808334351
0,0,0.0,0.0003003571182489395
0,1,1.0,0.92754065990448
0,1,1.0,0.9998167157173157
0,1,1.0,0.9110287427902222
0,0,0.0,1.3815035345032811e-05
0,1,1.0,0.8348591923713684
0,1,1.0,0.9237404465675354
0,0,0.0,0.0004423485370352864
0,1,0.0,0.09894447028636932
0,1,0.0,0.08258067816495895
0,1,1.0,0.5871060490608215
0,1,1.0,0.9377878904342651
0,1,1.0,0.999165952205658
0,0,0.0,2.1702964659198187e-05
0,0,0.0,2.6158068067161366e-05
0,0,0.0,1.8781956896418706e-05
0,1,1.0,0.8747631311416626
0,1,1.0,0.9491981267929077
0,0,0.0,6.561332702403888e-05
0,0,0.0,2.1912703232374042e-05
0,1,1.0,0.999094545841217
0,0,0.0,6.802574353059754e-05
0,0,0.0,2.9139966500224546e-05
0,0,0.0,5.047788727097213e-05
0,1,1.0,0.9967673420906067
0,1,1.0,0.5114709138870239
0,0,0.0,4.831836122320965e-05
0,0,0.0,1.9624994820333086e-05
0,0,0.0,2.6669596991268918e-05
0,1,1.0,0.9512000679969788
0,1,0.0,0.07141492515802383
0,1,0.0,0.1851239651441574
0,1,1.0,0.9318150877952576
0,1,0.0,0.19138476252555847
0,0,0.0,0.00034110737033188343
0,1,1.0,0.8780322074890137
0,0,0.0,1.5796247680555098e-05
0,0,0.0,6.56065676594153e-05
0,1,1.0,0.825979471206665
0,0,0.0,2.2377766072168015e-05
0,0,0.0,0.008035137318074703
0,1,1.0,0.9628829956054688
0,1,1.0,0.9415909647941589
0,1,1.0,0.9430443048477173
0,0,0.0,2.0579062038450502e-05
0,0,0.0,4.864643415203318e-05
0,1,1.0,0.9983246326446533
0,0,0.0,0.00010503380326554179
0,0,0.0,2.290438897034619e-05
0,1,1.0,0.9991127252578735
0,1,0.0,0.08945314586162567
0,0,0.0,2.4391320039285347e-05
0,0,0.0,0.0007957143825478852
0,0,0.0,2.2401511159841903e-05
0,0,0.0,1.5002498003013898e-05
0,0,0.0,7.38440576242283e-05
0,1,1.0,0.9988630414009094
0,1,1.0,0.8684332966804504
0,0,0.0,0.000218686560401693
0,0,0.0,5.538229379453696e-05
0,1,1.0,0.7513348460197449
0,0,0.0,2.2123285816633143e-05
0,0,0.0,1.8427261238684878e-05
0,1,0.0,0.2434508204460144
0,0,0.0,1.1419371730880812e-05
0,0,0.0,2.3373906515189447e-05
0,0,0.0,8.559933485230431e-05
0,1,1.0,0.870428204536438
0,1,1.0,0.8772279024124146
0,1,1.0,0.9992619752883911
0,1,0.0,0.3171515166759491
0,0,0.0,6.513839616673067e-05
0,0,0.0,2.262723137391731e-05
0,0,0.0,8.050425094552338e-05
0,1,1.0,0.9542822241783142
0,0,0.0,0.00011977959366049618
0,0,0.0,2.044643224508036e-05
0,0,0.0,1.4419118087971583e-05
0,1,1.0,0.9445479512214661
0,1,0.0,0.1514073610305786
0,0,0.0,2.24620944209164e-05
0,1,1.0,0.9016226530075073
0,1,1.0,0.9041992425918579
0,0,0.0,1.5527393770753406e-05
0,1,1.0,0.688917338848114
0,1,1.0,0.9967694282531738
0,1,1.0,0.999273955821991
0,0,0.0,2.187674726883415e-05
0,1,1.0,0.9935207962989807
0,1,1.0,0.8958249688148499
0,1,1.0,0.9320662617683411
0,1,1.0,0.9699264764785767
0,0,0.0,2.358221900067292e-05
0,0,0.0,9.455616964260116e-05
0,1,0.0,0.09137926995754242
0,1,1.0,0.9988673329353333
0,1,1.0,0.949320375919342
0,0,0.0,2.1929679860477336e-05
0,1,0.0,0.09494712948799133
0,0,0.0,5.896147558814846e-05
0,1,0.0,0.1888037919998169
0,0,0.0,1.3427155863610096e-05
0,1,0.0,0.42037442326545715
0,0,0.0,1.9559844076866284e-05
0,0,0.0,2.237140688521322e-05
0,0,0.0,3.2384377846028656e-05
0,0,0.0,4.070312206749804e-05
0,1,1.0,0.9954373836517334
0,1,1.0,0.9820322394371033
0,1,1.0,0.9989150166511536
0,0,0.0,2.1593648853013292e-05
0,0,0.0,1.2858203263022006e-05
0,0,0.0,0.00010325698531232774
0,1,1.0,0.9938435554504395
0,1,0.0,0.09939642250537872
0,1,1.0,0.9590528011322021
0,0,0.0,1.587857877893839e-05
0,0,0.0,2.411114110145718e-05
0,0,0.0,1.8871298379963264e-05
0,0,0.0,6.89818334649317e-05
0,1,1.0,0.8214465379714966
0,0,0.0,8.740842895349488e-05
0,1,1.0,0.9389839768409729
0,0,0.0,9.273595060221851e-05
0,0,0.0,1.574328234710265e-05
0,1,1.0,0.9988824129104614
0,1,1.0,0.8981533050537109
0,1,1.0,0.8883373737335205
0,1,1.0,0.9995540976524353
0,1,0.0,0.08050744235515594
0,1,1.0,0.8605895638465881
0,1,1.0,0.9999517798423767
0,1,1.0,0.8697261214256287
0,0,0.0,1.806961154215969e-05
0,1,1.0,0.8910459876060486
0,1,1.0,0.8983566164970398
0,0,0.0,1.4179350728227291e-05
0,0,0.0,6.441493314923719e-05
0,0,0.0,5.164196409168653e-05
0,1,1.0,0.9992122650146484
0,0,0.0,2.2760677893529646e-05
0,0,0.0,0.0010063032386824489
0,1,1.0,0.9992971420288086
0,1,1.0,0.9400954246520996
0,0,0.0,3.578303221729584e-05
0,1,1.0,0.9521718621253967
0,1,0.0,0.4913162291049957
0,1,1.0,0.8727328181266785
0,1,1.0,0.9713385701179504
0,0,0.0,8.908756717573851e-05
0,0,0.0,3.501600440358743e-05
0,1,1.0,0.9502837061882019
0,1,1.0,0.9992859363555908
0,1,1.0,0.9987172484397888
0,0,0.0,5.548305853153579e-05
0,0,0.0,2.4147495423676446e-05
0,0,0.0,2.4322869649040513e-05
0,0,0.0,2.124967795680277e-05
0,1,1.0,0.9576975107192993
0,1,1.0,0.8826380968093872
0,1,1.0,0.9983967542648315
0,1,1.0,0.8981436491012573
0,0,0.0,1.3149585356586613e-05
0,1,1.0,0.8876827955245972
0,1,1.0,0.9856501221656799
0,1,1.0,0.8694036602973938
0,0,0.0,2.269948527100496e-05
0,0,0.0,2.2242449631448835e-05
0,1,0.0,0.14203153550624847
0,1,1.0,0.983646035194397
0,1,1.0,0.927991509437561
0,0,0.0,2.199848495365586e-05
0,1,1.0,0.8971925973892212
0,1,1.0,0.9037489891052246
0,0,0.0,1.3267133908811957e-05
0,1,0.0,0.1905055046081543
0,1,1.0,0.9984853863716125
0,1,1.0,0.9536947011947632
0,0,0.0,1.2936440725752618e-05
0,0,0.0,1.0840061804628931e-05
0,1,1.0,0.6783562898635864
0,1,1.0,0.9999511241912842
0,0,0.0,1.7144173398264684e-05
0,1,0.0,0.24053411185741425
0,0,0.0,1.7027556168613955e-05
0,0,0.0,0.0006750163738615811
0,0,0.0,2.4659750124556012e-05
0,0,0.0,0.00013059171033091843
0,0,0.0,2.4144341296050698e-05
0,1,1.0,0.8761579990386963
0,1,1.0,0.9076679348945618
0,0,0.0,2.049574686679989e-05
0,1,1.0,0.8987276554107666
0,1,0.0,0.24082444608211517
0,1,1.0,0.9219641089439392
0,1,1.0,0.9111132025718689
0,1,1.0,0.9367884397506714
0,0,0.0,2.150901491404511e-05
0,1,1.0,0.9510142207145691
0,0,0.0,0.0012978733284398913
0,1,1.0,0.8899705410003662
0,1,1.0,0.9995328187942505
0,0,0.0,3.7729376344941556e-05
0,1,1.0,0.9374923706054688
0,1,1.0,0.9983272552490234
0,0,0.0,1.2657940715143923e-05
0,0,0.0,2.0888102881144732e-05
0,0,0.0,0.0007002748898230493
0,0,0.0,0.00010600882524158806
0,0,0.0,6.706357817165554e-05
0,1,1.0,0.9999859929084778
0,1,1.0,0.8842871785163879
0,1,1.0,0.9999535083770752
0,0,0.0,1.362383318337379e-05
0,0,0.0,9.964142373064533e-05
0,1,1.0,0.9130738973617554
0,0,0.0,6.265364936552942e-05
0,0,0.0,1.447368867957266e-05
0,1,1.0,0.9254222512245178
0,1,1.0,0.9983706474304199
0,0,0.0,6.837720138719305e-05
0,1,1.0,0.9971185326576233
0,0,0.0,4.340939631219953e-05
0,0,0.0,2.4520830265828408e-05
0,1,1.0,0.952886700630188
0,1,1.0,0.9488856196403503
0,1,1.0,0.8556671142578125
0,0,0.0,2.1974627088638954e-05
0,1,1.0,0.9258310794830322
0,1,1.0,0.9065136909484863
0,1,1.0,0.9394832849502563
0,1,1.0,0.8996495008468628
0,0,0.0,8.752335997996852e-05
0,1,1.0,0.9923343658447266
0,1,0.0,0.4212116599082947
0,1,1.0,0.9990122318267822
0,0,0.0,4.7699297283543274e-05
0,1,1.0,0.8726605176925659
0,0,0.0,6.616776227019727e-05
0,1,1.0,0.9179331064224243
0,0,0.0,1.4209076653060038e-05
0,0,0.0,1.4708471098856535e-05
0,0,0.0,0.0012632351135835052
0,0,0.0,1.3842215594195295e-05
0,0,0.0,7.612657645950094e-05
0,1,1.0,0.836305558681488
0,1,1.0,0.999957263469696
0,1,1.0,0.8798568844795227
0,1,1.0,0.9018337726593018
0,1,1.0,0.9862150549888611
0,0,0.0,8.938906103139743e-05
0,0,0.0,6.27615227131173e-05
0,1,1.0,0.9772188067436218
0,0,0.0,4.845050352741964e-05
0,1,1.0,0.9897781014442444
0,0,0.0,1.5122671356948558e-05
0,1,0.0,0.11140253394842148
0,1,1.0,0.9986764788627625
0,0,0.0,2.426462378934957e-05
0,1,0.0,0.10722578316926956
0,0,0.0,6.097412551753223e-05
0,0,0.0,2.601417691039387e-05
0,0,0.0,2.1625715817208402e-05
0,0,0.0,6.0019479860784486e-05
0,1,1.0,0.9474527835845947
0,1,1.0,0.9986532330513
0,1,1.0,0.9009699821472168
0,1,1.0,0.8840764164924622
0,0,0.0,8.298754983115941e-05
0,1,1.0,0.8854931592941284
0,0,0.0,0.003343624994158745
0,0,0.0,3.981604822911322e-05
0,0,0.0,5.7976496464107186e-05
